,Date,Open,High,Low,Close,Adj Close,Volume
0,1980-03-17,0.0,6.131806,5.846605,6.036739,2.07052,275900
1,1980-03-18,0.0,6.203106,5.989205999999999,6.203106,2.1275779999999997,95400
2,1980-03-19,0.0,6.274406,6.131806,6.131806,2.103125,34900
3,1980-03-20,0.0,6.108039,5.9416720000000005,5.9416720000000005,2.037912,43900
4,1980-03-21,0.0,5.965439,5.799072,5.894139,2.021608,23500
5,1980-03-24,0.0,5.894139,5.418805,5.585172,1.9156369999999998,138500
6,1980-03-25,0.0,5.608939,5.466339,5.561405000000001,1.907484,101700
7,1980-03-26,0.0,5.6327050000000005,5.490105000000001,5.490105000000001,1.88303,32900
8,1980-03-27,0.0,5.442572,4.895938,5.276205,1.809666,132800
9,1980-03-28,0.0,5.418805,5.276205,5.418805,1.858575,71700
10,1980-03-31,0.0,5.846605,5.513872,5.846605,2.005305,56600
11,1980-04-01,0.0,7.03494,6.3219389999999995,6.821039999999999,2.339522,910600
12,1980-04-02,0.0,6.9398729999999995,6.607139999999999,6.702205999999999,2.298766,359500
13,1980-04-03,0.0,6.6309059999999995,6.369473,6.440773,2.209095,127500
14,1980-04-07,0.0,6.440773,6.108039,6.108039,2.094973,122800
15,1980-04-08,0.0,6.3219389999999995,6.036739,6.274406,2.1520349999999997,50600
16,1980-04-09,0.0,6.369473,6.203106,6.369473,2.184641,124200
17,1980-04-10,0.0,6.46454,6.3219389999999995,6.440773,2.209095,103000
18,1980-04-11,0.0,6.6309059999999995,6.46454,6.583373,2.258006,177200
19,1980-04-14,0.0,6.559606,6.393239,6.440773,2.209095,29800
20,1980-04-15,0.0,6.440773,6.274406,6.3219389999999995,2.168339,49600
21,1980-04-16,0.0,6.369473,6.036739,6.036739,2.07052,146900
22,1980-04-17,0.0,6.060506,5.9179059999999994,5.9416720000000005,2.037912,54900
23,1980-04-18,0.0,5.989205999999999,5.9179059999999994,5.9179059999999994,2.02976,85400
24,1980-04-21,0.0,5.965439,5.846605,5.894139,2.021608,44900
25,1980-04-22,0.0,6.179339,5.9416720000000005,6.179339,2.1194290000000002,91100
26,1980-04-23,0.0,6.298172,6.131806,6.226872,2.135732,61300
27,1980-04-24,0.0,6.345706,6.203106,6.203106,2.1275779999999997,18800
28,1980-04-25,0.0,6.274406,6.108039,6.250639,2.143884,158600
29,1980-04-28,0.0,6.417006,6.298172,6.298172,2.160185,32900
30,1980-04-29,0.0,6.440773,6.274406,6.345706,2.1764900000000003,37200
31,1980-04-30,0.0,6.417006,6.274406,6.274406,2.1520349999999997,162900
32,1980-05-01,0.0,6.3219389999999995,6.226872,6.226872,2.135732,35900
33,1980-05-02,0.0,6.274406,6.203106,6.250639,2.143884,104400
34,1980-05-05,0.0,6.274406,6.179339,6.179339,2.1194290000000002,30200
35,1980-05-06,0.0,6.369473,6.203106,6.298172,2.160185,126500
36,1980-05-07,0.0,6.607139999999999,6.345706,6.559606,2.2498549999999997,123200
37,1980-05-08,0.0,6.583373,6.46454,6.559606,2.2498549999999997,24100
38,1980-05-09,0.0,6.559606,6.417006,6.53584,2.241704,44900
39,1980-05-12,0.0,6.46454,6.3219389999999995,6.417006,2.200945,78400
40,1980-05-13,0.0,6.369473,6.274406,6.345706,2.1764900000000003,58600
41,1980-05-14,0.0,6.53584,6.393239,6.488306,2.2254,122800
42,1980-05-15,0.0,6.559606,6.488306,6.53584,2.241704,65200
43,1980-05-16,0.0,6.559606,6.488306,6.512073,2.233552,26900
44,1980-05-19,0.0,6.512073,6.440773,6.46454,2.217248,37800
45,1980-05-20,0.0,6.512073,6.46454,6.512073,2.233552,32900
46,1980-05-21,0.0,6.512073,6.488306,6.512073,2.233552,80300
47,1980-05-22,0.0,6.559606,6.488306,6.53584,2.241704,115400
48,1980-05-23,0.0,6.821039999999999,6.559606,6.749739999999999,2.315067,210100
49,1980-05-27,0.0,6.892339999999999,6.797273,6.892339999999999,2.363978,58000
50,1980-05-28,0.0,7.03494,6.892339999999999,7.03494,2.412886,142600
51,1980-05-29,0.0,7.438974000000001,7.272607000000001,7.367673,2.527011,383200
52,1980-05-30,0.0,7.391439999999999,7.225072999999999,7.272607000000001,2.494405,70900
53,1980-06-02,0.0,7.2488399999999995,7.130007000000001,7.201307000000001,2.46995,75600
54,1980-06-03,0.0,7.201307000000001,7.130007000000001,7.130007000000001,2.445493,22200
55,1980-06-04,0.0,7.320139999999999,7.082472999999999,7.225072999999999,2.4780990000000003,72700
56,1980-06-05,0.0,7.391439999999999,7.272607000000001,7.320139999999999,2.510709,50600
57,1980-06-06,0.0,7.367673,7.272607000000001,7.272607000000001,2.494405,59000
58,1980-06-09,0.0,7.4152070000000005,7.367673,7.4152070000000005,2.543314,104800
59,1980-06-10,0.0,7.534039999999999,7.391439999999999,7.4865070000000005,2.5677689999999997,129500
60,1980-06-11,0.0,7.581574000000001,7.438974000000001,7.438974000000001,2.551466,81300
61,1980-06-12,0.0,7.557807,7.367673,7.4865070000000005,2.5677689999999997,75600
62,1980-06-13,0.0,7.4865070000000005,7.320139999999999,7.367673,2.527011,29200
63,1980-06-16,0.0,7.438974000000001,7.320139999999999,7.438974000000001,2.551466,100700
64,1980-06-17,0.0,7.438974000000001,7.391439999999999,7.4152070000000005,2.543314,32400
65,1980-06-18,0.0,7.4865070000000005,7.320139999999999,7.391439999999999,2.5351630000000003,106400
66,1980-06-19,0.0,7.438974000000001,7.17754,7.225072999999999,2.4780990000000003,59000
67,1980-06-20,0.0,7.17754,7.082472999999999,7.153772999999999,2.453646,45300
68,1980-06-23,0.0,7.343907000000001,7.130007000000001,7.201307000000001,2.46995,67000
69,1980-06-24,0.0,7.272607000000001,7.17754,7.17754,2.461798,93400
70,1980-06-25,0.0,7.296373,7.201307000000001,7.2488399999999995,2.486253,49600
71,1980-06-26,0.0,7.438974000000001,7.201307000000001,7.320139999999999,2.510709,103400
72,1980-06-27,0.0,7.438974000000001,7.272607000000001,7.296373,2.5025560000000002,104000
73,1980-06-30,0.0,7.296373,7.17754,7.201307000000001,2.46995,50600
74,1980-07-01,0.0,7.367673,7.17754,7.296373,2.5025560000000002,62300
75,1980-07-02,0.0,7.343907000000001,7.2488399999999995,7.320139999999999,2.510709,82700
76,1980-07-03,0.0,7.4152070000000005,7.296373,7.343907000000001,2.5188580000000003,45300
77,1980-07-07,0.0,7.4152070000000005,7.272607000000001,7.4152070000000005,2.543314,61900
78,1980-07-08,0.0,7.4152070000000005,7.272607000000001,7.391439999999999,2.5351630000000003,48200
79,1980-07-09,0.0,7.367673,7.17754,7.17754,2.461798,55300
80,1980-07-10,0.0,7.296373,7.082472999999999,7.10624,2.437343,103000
81,1980-07-11,0.0,7.201307000000001,6.987407000000001,7.130007000000001,2.445493,103400
82,1980-07-14,0.0,7.2488399999999995,7.058707000000001,7.225072999999999,2.4780990000000003,29200
83,1980-07-15,0.0,7.343907000000001,7.225072999999999,7.225072999999999,2.4780990000000003,48200
84,1980-07-16,0.0,7.225072999999999,7.130007000000001,7.153772999999999,2.453646,32400
85,1980-07-17,0.0,7.201307000000001,6.96364,7.153772999999999,2.453646,66600
86,1980-07-18,0.0,7.201307000000001,7.03494,7.17754,2.461798,84000
87,1980-07-21,0.0,7.225072999999999,7.011172999999999,7.058707000000001,2.42104,49600
88,1980-07-22,0.0,7.10624,6.987407000000001,7.011172999999999,2.404735,338800
89,1980-07-23,0.0,7.011172999999999,6.797273,6.916107000000001,2.372129,115400
90,1980-07-24,0.0,7.082472999999999,6.844807,7.058707000000001,2.42104,204100
91,1980-07-25,0.0,7.10624,6.96364,6.96364,2.388432,38600
92,1980-07-28,0.0,6.987407000000001,6.868573,6.892339999999999,2.363978,108700
93,1980-07-29,0.0,6.892339999999999,6.844807,6.868573,2.355825,67000
94,1980-07-30,0.0,6.96364,6.844807,6.892339999999999,2.363978,182900
95,1980-07-31,0.0,6.9398729999999995,6.749739999999999,6.844807,2.347674,284900
96,1980-08-01,0.0,6.96364,6.844807,6.96364,2.388432,27500
97,1980-08-04,0.0,6.916107000000001,6.797273,6.916107000000001,2.372129,49600
98,1980-08-05,0.0,6.916107000000001,6.773505999999999,6.844807,2.347674,44900
99,1980-08-06,0.0,6.892339999999999,6.797273,6.844807,2.347674,23500
100,1980-08-07,0.0,6.9398729999999995,6.844807,6.868573,2.355825,65200
101,1980-08-08,0.0,6.821039999999999,6.654673,6.654673,2.282461,52300
102,1980-08-11,0.0,6.844807,6.654673,6.844807,2.347674,52300
103,1980-08-12,0.0,6.844807,6.725973,6.773505999999999,2.323219,37200
104,1980-08-13,0.0,6.749739999999999,6.6309059999999995,6.702205999999999,2.298766,128100
105,1980-08-14,0.0,6.821039999999999,6.654673,6.821039999999999,2.339522,57200
106,1980-08-15,0.0,6.821039999999999,6.702205999999999,6.725973,2.306916,79300
107,1980-08-18,0.0,6.749739999999999,6.654673,6.725973,2.306916,38200
108,1980-08-19,0.0,6.773505999999999,6.654673,6.678439999999999,2.290613,47200
109,1980-08-20,0.0,6.773505999999999,6.678439999999999,6.749739999999999,2.315067,39200
110,1980-08-21,0.0,6.868573,6.702205999999999,6.821039999999999,2.339522,128500
111,1980-08-22,0.0,7.082472999999999,6.773505999999999,7.011172999999999,2.404735,96400
112,1980-08-25,0.0,7.201307000000001,7.011172999999999,7.17754,2.461798,85000
113,1980-08-26,0.0,7.438974000000001,7.225072999999999,7.367673,2.527011,121800
114,1980-08-27,0.0,7.462739999999999,7.272607000000001,7.272607000000001,2.494405,54900
115,1980-08-28,0.0,7.367673,7.082472999999999,7.17754,2.461798,42500
116,1980-08-29,0.0,7.153772999999999,6.987407000000001,7.058707000000001,2.42104,28800
117,1980-09-02,0.0,7.082472999999999,6.96364,7.03494,2.412886,17100
118,1980-09-03,0.0,7.462739999999999,7.082472999999999,7.438974000000001,2.551466,140200
119,1980-09-04,0.0,7.581574000000001,7.391439999999999,7.438974000000001,2.551466,127500
120,1980-09-05,0.0,7.462739999999999,7.343907000000001,7.367673,2.527011,48200
121,1980-09-08,0.0,7.438974000000001,7.343907000000001,7.343907000000001,2.5188580000000003,77400
122,1980-09-09,0.0,7.391439999999999,7.272607000000001,7.391439999999999,2.5351630000000003,45300
123,1980-09-10,0.0,7.4865070000000005,7.343907000000001,7.4865070000000005,2.5677689999999997,130800
124,1980-09-11,0.0,7.4865070000000005,7.391439999999999,7.391439999999999,2.5351630000000003,48200
125,1980-09-12,0.0,7.438974000000001,7.391439999999999,7.4152070000000005,2.543314,25900
126,1980-09-15,0.0,7.462739999999999,7.391439999999999,7.438974000000001,2.551466,143600
127,1980-09-16,0.0,7.534039999999999,7.462739999999999,7.534039999999999,2.584071,48600
128,1980-09-17,0.0,7.7241740000000005,7.557807,7.700407000000001,2.641135,405900
129,1980-09-18,0.0,7.938074,7.7241740000000005,7.7954740000000005,2.67374,203700
130,1980-09-19,0.0,7.7954740000000005,7.510274000000001,7.557807,2.592223,81700
131,1980-09-22,0.0,7.581574000000001,7.4152070000000005,7.557807,2.592223,94400
132,1980-09-23,0.0,7.629107,7.462739999999999,7.534039999999999,2.584071,80300
133,1980-09-24,0.0,7.510274000000001,7.272607000000001,7.462739999999999,2.559616,93400
134,1980-09-25,0.0,7.4865070000000005,7.2488399999999995,7.2488399999999995,2.486253,29800
135,1980-09-26,0.0,7.367673,7.2488399999999995,7.320139999999999,2.510709,29200
136,1980-09-29,0.0,7.296373,7.2488399999999995,7.2488399999999995,2.486253,22800
137,1980-09-30,0.0,7.367673,7.2488399999999995,7.2488399999999995,2.486253,47200
138,1980-10-01,0.0,7.320139999999999,7.225072999999999,7.225072999999999,2.4780990000000003,47600
139,1980-10-02,0.0,7.343907000000001,7.130007000000001,7.2488399999999995,2.486253,43500
140,1980-10-03,0.0,7.4152070000000005,7.201307000000001,7.4152070000000005,2.543314,66000
141,1980-10-06,0.0,7.676641,7.438974000000001,7.652874000000001,2.6248299999999998,239500
142,1980-10-07,0.0,7.676641,7.4865070000000005,7.4865070000000005,2.5677689999999997,117100
143,1980-10-08,0.0,7.4865070000000005,7.4152070000000005,7.462739999999999,2.559616,22800
144,1980-10-09,0.0,7.462739999999999,7.2488399999999995,7.367673,2.527011,68000
145,1980-10-10,0.0,7.462739999999999,7.296373,7.343907000000001,2.5188580000000003,32400
146,1980-10-13,0.0,7.605339999999999,7.320139999999999,7.605339999999999,2.608529,63300
147,1980-10-14,0.0,7.676641,7.510274000000001,7.557807,2.592223,96400
148,1980-10-15,0.0,7.652874000000001,7.557807,7.605339999999999,2.608529,85400
149,1980-10-16,0.0,7.819241000000001,7.534039999999999,7.534039999999999,2.584071,258900
150,1980-10-17,0.0,7.534039999999999,7.4152070000000005,7.438974000000001,2.551466,55300
151,1980-10-20,0.0,7.534039999999999,7.391439999999999,7.510274000000001,2.575921,121400
152,1980-10-21,0.0,7.581574000000001,7.4865070000000005,7.510274000000001,2.575921,87400
153,1980-10-22,0.0,7.4865070000000005,7.4152070000000005,7.4865070000000005,2.5677689999999997,41200
154,1980-10-23,0.0,7.4865070000000005,7.343907000000001,7.343907000000001,2.5188580000000003,48200
155,1980-10-24,0.0,7.343907000000001,7.2488399999999995,7.296373,2.5025560000000002,24900
156,1980-10-27,0.0,7.320139999999999,7.2488399999999995,7.2488399999999995,2.486253,21200
157,1980-10-28,0.0,7.296373,7.17754,7.2488399999999995,2.486253,48200
158,1980-10-29,0.0,7.391439999999999,7.272607000000001,7.296373,2.5025560000000002,44900
159,1980-10-30,0.0,7.343907000000001,7.17754,7.17754,2.461798,49600
160,1980-10-31,0.0,7.058707000000001,6.987407000000001,7.058707000000001,2.42104,48600
161,1980-11-03,0.0,7.058707000000001,6.916107000000001,6.916107000000001,2.372129,44900
162,1980-11-05,0.0,7.272607000000001,7.03494,7.03494,2.412886,119100
163,1980-11-06,0.0,7.082472999999999,6.9398729999999995,7.011172999999999,2.404735,33900
164,1980-11-07,0.0,7.082472999999999,6.987407000000001,7.058707000000001,2.42104,54900
165,1980-11-10,0.0,7.296373,6.987407000000001,7.225072999999999,2.4780990000000003,134200
166,1980-11-11,0.0,7.320139999999999,7.17754,7.2488399999999995,2.486253,96000
167,1980-11-12,0.0,7.4152070000000005,7.296373,7.391439999999999,2.5351630000000003,96400
168,1980-11-13,0.0,7.4865070000000005,7.391439999999999,7.4865070000000005,2.5677689999999997,112400
169,1980-11-14,0.0,7.557807,7.367673,7.510274000000001,2.575921,228700
170,1980-11-17,0.0,7.534039999999999,7.367673,7.510274000000001,2.575921,69000
171,1980-11-18,0.0,7.866774,7.652874000000001,7.866774,2.698194,350100
172,1980-11-19,0.0,8.151975,7.985608,8.080674,2.77156,341500
173,1980-11-20,0.0,8.556008,8.199508,8.437175,2.8938349999999997,418400
174,1980-11-21,0.0,8.579775,8.223274,8.247041000000001,2.8286189999999998,247500
175,1980-11-24,0.0,8.437175,8.247041000000001,8.389641000000001,2.877529,100700
176,1980-11-25,0.0,8.508474,8.318341,8.342108,2.861228,282000
177,1980-11-26,0.0,8.508474,8.389641000000001,8.460941,2.901985,233800
178,1980-11-28,0.0,8.698608,8.389641000000001,8.484708,2.910139,352900
179,1980-12-01,0.0,8.627308,8.389641000000001,8.437175,2.8938349999999997,342500
180,1980-12-02,0.0,8.460941,8.270808,8.460941,2.901985,186000
181,1980-12-03,0.0,8.460941,8.365874,8.365874,2.86938,77000
182,1980-12-04,0.0,8.342108,8.223274,8.294575,2.8449259999999996,250500
183,1980-12-05,0.0,8.033141,7.652874000000001,7.652874000000001,2.6248299999999998,228700
184,1980-12-08,0.0,7.391439999999999,7.082472999999999,7.130007000000001,2.445493,221500
185,1980-12-09,0.0,7.391439999999999,7.130007000000001,7.296373,2.5025560000000002,164900
186,1980-12-10,0.0,7.320139999999999,7.03494,7.03494,2.412886,140800
187,1980-12-11,0.0,7.201307000000001,6.987407000000001,7.201307000000001,2.46995,91100
188,1980-12-12,0.0,7.320139999999999,7.130007000000001,7.130007000000001,2.445493,49600
189,1980-12-15,0.0,7.225072999999999,7.153772999999999,7.17754,2.461798,149200
190,1980-12-16,0.0,7.272607000000001,7.201307000000001,7.225072999999999,2.4780990000000003,35500
191,1980-12-17,0.0,7.320139999999999,7.2488399999999995,7.320139999999999,2.510709,203700
192,1980-12-18,0.0,7.557807,7.343907000000001,7.343907000000001,2.5188580000000003,233400
193,1980-12-19,0.0,7.581574000000001,7.438974000000001,7.510274000000001,2.575921,75600
194,1980-12-22,0.0,7.843008,7.557807,7.843008,2.690042,98700
195,1980-12-23,0.0,8.056908,7.890541000000001,8.056908,2.763407,111100
196,1980-12-24,0.0,7.985608,7.914308,7.914308,2.714499,20800
197,1980-12-26,0.0,7.961841000000001,7.914308,7.914308,2.714499,6100
198,1980-12-29,0.0,7.938074,7.7241740000000005,7.7241740000000005,2.649285,125500
199,1980-12-30,0.0,7.7954740000000005,7.700407000000001,7.7241740000000005,2.649285,34500
200,1980-12-31,0.0,7.771708,7.7241740000000005,7.7241740000000005,2.649285,21800
201,1981-01-02,0.0,7.7241740000000005,7.510274000000001,7.557807,2.592223,53900
202,1981-01-05,0.0,7.629107,7.462739999999999,7.462739999999999,2.559616,100700
203,1981-01-06,0.0,7.510274000000001,7.296373,7.320139999999999,2.510709,60200
204,1981-01-07,0.0,7.10624,6.892339999999999,7.011172999999999,2.404735,192300
205,1981-01-08,0.0,7.082472999999999,6.749739999999999,6.821039999999999,2.339522,147900
206,1981-01-09,0.0,6.9398729999999995,6.797273,6.916107000000001,2.372129,60900
207,1981-01-12,0.0,7.011172999999999,6.868573,6.868573,2.355825,88700
208,1981-01-13,0.0,6.9398729999999995,6.868573,6.916107000000001,2.372129,36500
209,1981-01-14,0.0,6.916107000000001,6.797273,6.821039999999999,2.339522,142200
210,1981-01-15,0.0,6.773505999999999,6.678439999999999,6.773505999999999,2.323219,79300
211,1981-01-16,0.0,6.844807,6.702205999999999,6.749739999999999,2.315067,66000
212,1981-01-19,0.0,6.9398729999999995,6.797273,6.821039999999999,2.339522,458800
213,1981-01-20,0.0,6.868573,6.678439999999999,6.678439999999999,2.290613,67600
214,1981-01-21,0.0,6.725973,6.607139999999999,6.678439999999999,2.290613,43900
215,1981-01-22,0.0,6.654673,6.512073,6.583373,2.258006,117500
216,1981-01-23,0.0,6.488306,5.989205999999999,6.060506,2.0786700000000002,369900
217,1981-01-26,0.0,5.989205999999999,5.585172,5.704005,1.956395,189000
218,1981-01-27,0.0,5.965439,5.775305,5.799072,1.989002,121800
219,1981-01-28,0.0,6.084272,5.894139,5.989205999999999,2.054216,216800
220,1981-01-29,0.0,6.060506,6.012972,6.012972,2.062366,66600
221,1981-01-30,0.0,6.060506,5.9179059999999994,5.9416720000000005,2.037912,81700
222,1981-02-02,0.0,5.9179059999999994,5.799072,5.822839,1.997154,97700
223,1981-02-03,0.0,5.894139,5.751539,5.799072,1.989002,98300
224,1981-02-04,0.0,5.9416720000000005,5.822839,5.846605,2.005305,61300
225,1981-02-05,0.0,6.036739,5.9179059999999994,5.989205999999999,2.054216,65600
226,1981-02-06,0.0,6.084272,5.894139,6.036739,2.07052,57600
227,1981-02-09,0.0,6.203106,5.989205999999999,6.012972,2.062366,128500
228,1981-02-10,0.0,5.965439,5.799072,5.9179059999999994,2.02976,137900
229,1981-02-11,0.0,5.9179059999999994,5.870372,5.870372,2.013457,35500
230,1981-02-12,0.0,5.9179059999999994,5.799072,5.846605,2.005305,107100
231,1981-02-13,0.0,5.822839,5.727772,5.822839,1.997154,59600
232,1981-02-17,0.0,5.822839,5.751539,5.799072,1.989002,100700
233,1981-02-18,0.0,5.822839,5.727772,5.775305,1.98085,89300
234,1981-02-19,0.0,5.775305,5.656472,5.656472,1.940092,87400
235,1981-02-20,0.0,5.775305,5.608939,5.656472,1.940092,237500
236,1981-02-23,0.0,5.799072,5.656472,5.775305,1.98085,37800
237,1981-02-24,0.0,5.846605,5.751539,5.846605,2.005305,61900
238,1981-02-25,0.0,5.965439,5.775305,5.846605,2.005305,99700
239,1981-02-26,0.0,5.894139,5.608939,5.727772,1.964547,66000
240,1981-02-27,0.0,5.704005,5.5376389999999995,5.561405000000001,1.907484,66600
241,1981-03-02,0.0,5.656472,5.5376389999999995,5.6327050000000005,1.9319389999999999,44900
242,1981-03-03,0.0,5.680239,5.608939,5.6327050000000005,1.9319389999999999,63300
243,1981-03-04,0.0,5.846605,5.6327050000000005,5.799072,1.989002,256500
244,1981-03-05,0.0,6.084272,5.870372,5.965439,2.046064,287300
245,1981-03-06,0.0,6.012972,5.9179059999999994,6.012972,2.062366,106400
246,1981-03-09,0.0,6.226872,6.060506,6.131806,2.103125,124200
247,1981-03-10,0.0,6.440773,6.084272,6.417006,2.200945,436100
248,1981-03-11,0.0,7.652874000000001,6.844807,7.343907000000001,2.5188580000000003,2651000
249,1981-03-12,0.0,7.320139999999999,6.892339999999999,7.03494,2.412886,849600
250,1981-03-13,0.0,7.272607000000001,6.916107000000001,6.987407000000001,2.396583,566100
251,1981-03-16,0.0,6.892339999999999,6.678439999999999,6.821039999999999,2.339522,382200
252,1981-03-17,0.0,7.272607000000001,6.916107000000001,7.058707000000001,2.42104,610500
253,1981-03-18,0.0,7.676641,7.2488399999999995,7.4152070000000005,2.543314,1124200
254,1981-03-19,0.0,7.581574000000001,7.343907000000001,7.343907000000001,2.5188580000000003,447400
255,1981-03-20,0.0,7.938074,7.581574000000001,7.938074,2.722651,946500
256,1981-03-23,0.0,7.938074,7.7241740000000005,7.771708,2.6655900000000003,592500
257,1981-03-24,0.0,7.7954740000000005,7.391439999999999,7.391439999999999,2.5351630000000003,361500
258,1981-03-25,0.0,7.581574000000001,7.367673,7.581574000000001,2.600375,240900
259,1981-03-26,0.0,7.605339999999999,7.082472999999999,7.17754,2.461798,508300
260,1981-03-27,0.0,7.296373,6.96364,6.96364,2.388432,314100
261,1981-03-30,0.0,7.011172999999999,6.9398729999999995,6.9398729999999995,2.380282,156300
262,1981-03-31,0.0,7.17754,6.892339999999999,6.9398729999999995,2.380282,125500
263,1981-04-01,0.0,7.011172999999999,6.797273,6.844807,2.347674,177600
264,1981-04-02,0.0,6.987407000000001,6.725973,6.773505999999999,2.323219,154900
265,1981-04-03,0.0,6.844807,6.678439999999999,6.821039999999999,2.339522,131200
266,1981-04-06,0.0,6.725973,6.6309059999999995,6.654673,2.282461,120100
267,1981-04-07,0.0,6.797273,6.583373,6.702205999999999,2.298766,129100
268,1981-04-08,0.0,6.773505999999999,6.583373,6.654673,2.282461,113400
269,1981-04-09,0.0,6.797273,6.607139999999999,6.607139999999999,2.2661580000000003,178000
270,1981-04-10,0.0,6.6309059999999995,6.417006,6.512073,2.233552,153500
271,1981-04-13,0.0,6.440773,6.298172,6.369473,2.184641,335000
272,1981-04-14,0.0,6.3219389999999995,6.226872,6.250639,2.143884,193700
273,1981-04-15,0.0,6.417006,6.274406,6.417006,2.200945,220700
274,1981-04-16,0.0,6.417006,6.226872,6.298172,2.160185,180000
275,1981-04-20,0.0,6.345706,6.203106,6.274406,2.1520349999999997,191300
276,1981-04-21,0.0,6.250639,6.108039,6.179339,2.1194290000000002,143600
277,1981-04-22,0.0,6.084272,5.9416720000000005,5.989205999999999,2.054216,191300
278,1981-04-23,0.0,6.179339,5.989205999999999,6.060506,2.0786700000000002,84600
279,1981-04-24,0.0,6.084272,5.870372,6.084272,2.086822,146500
280,1981-04-27,0.0,6.084272,5.9416720000000005,5.989205999999999,2.054216,93000
281,1981-04-28,0.0,6.369473,5.894139,6.3219389999999995,2.168339,226400
282,1981-04-29,0.0,6.274406,6.131806,6.226872,2.135732,198000
283,1981-04-30,0.0,6.417006,6.226872,6.369473,2.184641,66000
284,1981-05-01,0.0,6.440773,6.084272,6.203106,2.1275779999999997,155500
285,1981-05-04,0.0,6.155572,5.989205999999999,6.060506,2.0786700000000002,128500
286,1981-05-05,0.0,6.131806,5.9179059999999994,5.965439,2.046064,104400
287,1981-05-06,0.0,6.179339,5.9416720000000005,6.060506,2.0786700000000002,113400
288,1981-05-07,0.0,6.3219389999999995,6.084272,6.274406,2.1520349999999997,70900
289,1981-05-08,0.0,6.345706,6.226872,6.226872,2.135732,72700
290,1981-05-11,0.0,6.155572,6.084272,6.108039,2.094973,101100
291,1981-05-12,0.0,5.9416720000000005,5.870372,5.9179059999999994,2.02976,109100
292,1981-05-13,0.0,6.012972,5.894139,5.894139,2.021608,135500
293,1981-05-14,0.0,6.036739,5.965439,6.036739,2.07052,41900
294,1981-05-15,0.0,6.203106,6.060506,6.155572,2.111277,121800
295,1981-05-18,0.0,6.155572,5.989205999999999,5.989205999999999,2.054216,90700
296,1981-05-19,0.0,6.084272,5.894139,5.989205999999999,2.054216,83100
297,1981-05-20,0.0,6.203106,6.012972,6.131806,2.103125,70300
298,1981-05-21,0.0,6.3219389999999995,6.108039,6.226872,2.135732,96000
299,1981-05-22,0.0,6.345706,6.226872,6.226872,2.135732,76600
300,1981-05-26,0.0,6.226872,6.012972,6.155572,2.111277,93000
301,1981-05-27,0.0,6.084272,6.012972,6.012972,2.062366,43900
302,1981-05-28,0.0,6.060506,5.9179059999999994,5.965439,2.046064,65600
303,1981-05-29,0.0,6.036739,5.894139,5.989205999999999,2.054216,182900
304,1981-06-01,0.0,5.989205999999999,5.822839,5.822839,1.997154,132200
305,1981-06-02,0.0,5.894139,5.751539,5.751539,1.972698,73700
306,1981-06-03,0.0,5.822839,5.608939,5.822839,1.997154,266900
307,1981-06-04,0.0,5.799072,5.704005,5.775305,1.98085,43900
308,1981-06-05,0.0,5.846605,5.680239,5.822839,1.997154,66000
309,1981-06-08,0.0,5.894139,5.822839,5.846605,2.005305,81300
310,1981-06-09,0.0,5.894139,5.680239,5.894139,2.021608,474000
311,1981-06-10,0.0,6.46454,6.036739,6.3219389999999995,2.168339,1013200
312,1981-06-11,0.0,6.298172,6.084272,6.203106,2.1275779999999997,562500
313,1981-06-12,0.0,6.298172,6.131806,6.131806,2.103125,146900
314,1981-06-15,0.0,6.203106,6.131806,6.131806,2.103125,113800
315,1981-06-16,0.0,6.654673,6.131806,6.654673,2.282461,869100
316,1981-06-17,0.0,6.9398729999999995,6.46454,6.607139999999999,2.2661580000000003,977000
317,1981-06-18,0.0,6.6309059999999995,6.369473,6.417006,2.200945,254600
318,1981-06-19,0.0,6.6309059999999995,6.440773,6.607139999999999,2.2661580000000003,112800
319,1981-06-22,0.0,6.749739999999999,6.607139999999999,6.654673,2.282461,430000
320,1981-06-23,0.0,6.725973,6.512073,6.678439999999999,2.290613,251800
321,1981-06-24,0.0,7.10624,6.654673,7.082472999999999,2.429191,688800
322,1981-06-25,0.0,7.10624,6.892339999999999,7.058707000000001,2.42104,575100
323,1981-06-26,0.0,7.03494,6.868573,7.011172999999999,2.404735,279600
324,1981-06-29,0.0,7.10624,6.892339999999999,7.011172999999999,2.404735,495200
325,1981-06-30,0.0,7.296373,7.10624,7.10624,2.437343,557100
326,1981-07-01,0.0,7.225072999999999,7.058707000000001,7.201307000000001,2.46995,604000
327,1981-07-02,0.0,7.510274000000001,7.296373,7.296373,2.5025560000000002,516300
328,1981-07-06,0.0,7.4865070000000005,7.296373,7.462739999999999,2.559616,469300
329,1981-07-07,0.0,7.438974000000001,7.153772999999999,7.2488399999999995,2.486253,365800
330,1981-07-08,0.0,7.272607000000001,6.9398729999999995,6.987407000000001,2.396583,1382500
331,1981-07-09,0.0,7.058707000000001,6.797273,7.058707000000001,2.42104,223800
332,1981-07-10,0.0,7.058707000000001,6.844807,6.916107000000001,2.372129,256500
333,1981-07-13,0.0,7.011172999999999,6.844807,7.011172999999999,2.404735,603300
334,1981-07-14,0.0,7.391439999999999,6.987407000000001,7.320139999999999,2.510709,793800
335,1981-07-15,0.0,7.391439999999999,7.130007000000001,7.153772999999999,2.453646,931800
336,1981-07-16,0.0,7.153772999999999,6.892339999999999,6.987407000000001,2.396583,310000
337,1981-07-17,0.0,7.082472999999999,6.9398729999999995,6.987407000000001,2.396583,421400
338,1981-07-20,0.0,6.916107000000001,6.702205999999999,6.702205999999999,2.298766,206400
339,1981-07-21,0.0,6.797273,6.53584,6.702205999999999,2.298766,175300
340,1981-07-22,0.0,6.844807,6.179339,6.654673,2.282461,644000
341,1981-07-23,0.0,6.559606,6.203106,6.559606,2.2498549999999997,457800
342,1981-07-24,0.0,6.654673,6.440773,6.46454,2.217248,85400
343,1981-07-27,0.0,6.6309059999999995,6.488306,6.607139999999999,2.2661580000000003,150600
344,1981-07-28,0.0,6.607139999999999,6.440773,6.488306,2.2254,281600
345,1981-07-29,0.0,6.559606,6.488306,6.559606,2.2498549999999997,98700
346,1981-07-30,0.0,6.821039999999999,6.583373,6.821039999999999,2.339522,211100
347,1981-07-31,0.0,6.916107000000001,6.821039999999999,6.844807,2.347674,220100
348,1981-08-03,0.0,6.844807,6.749739999999999,6.844807,2.347674,138500
349,1981-08-04,0.0,6.821039999999999,6.725973,6.797273,2.33137,225400
350,1981-08-05,0.0,6.987407000000001,6.797273,6.987407000000001,2.396583,749300
351,1981-08-06,0.0,7.225072999999999,6.987407000000001,7.225072999999999,2.4780990000000003,1167900
352,1981-08-07,0.0,7.320139999999999,7.225072999999999,7.225072999999999,2.4780990000000003,372800
353,1981-08-10,0.0,7.462739999999999,7.058707000000001,7.367673,2.527011,919100
354,1981-08-11,0.0,7.557807,7.296373,7.4152070000000005,2.543314,687600
355,1981-08-12,0.0,7.391439999999999,7.130007000000001,7.17754,2.461798,264600
356,1981-08-13,0.0,7.320139999999999,7.17754,7.225072999999999,2.4780990000000003,841100
357,1981-08-14,0.0,7.2488399999999995,7.03494,7.03494,2.412886,244800
358,1981-08-17,0.0,7.201307000000001,7.011172999999999,7.130007000000001,2.445493,239100
359,1981-08-18,0.0,7.201307000000001,6.96364,7.058707000000001,2.42104,355800
360,1981-08-19,0.0,7.17754,7.011172999999999,7.130007000000001,2.445493,275900
361,1981-08-20,0.0,7.343907000000001,7.130007000000001,7.153772999999999,2.453646,1212500
362,1981-08-21,0.0,7.296373,7.153772999999999,7.201307000000001,2.46995,321700
363,1981-08-24,0.0,7.201307000000001,6.892339999999999,6.916107000000001,2.372129,452700
364,1981-08-25,0.0,7.10624,6.892339999999999,7.10624,2.437343,333100
365,1981-08-26,0.0,7.2488399999999995,6.96364,7.201307000000001,2.46995,436100
366,1981-08-27,0.0,7.2488399999999995,7.10624,7.10624,2.437343,544300
367,1981-08-28,0.0,7.391439999999999,7.03494,7.391439999999999,2.5351630000000003,849600
368,1981-08-31,0.0,7.4865070000000005,7.367673,7.391439999999999,2.5351630000000003,1305000
369,1981-09-01,0.0,7.367673,7.17754,7.296373,2.5025560000000002,557100
370,1981-09-02,0.0,7.343907000000001,6.892339999999999,7.011172999999999,2.404735,1688500
371,1981-09-03,0.0,7.082472999999999,6.773505999999999,6.821039999999999,2.339522,1069400
372,1981-09-04,0.0,6.868573,6.773505999999999,6.797273,2.33137,197400
373,1981-09-08,0.0,6.916107000000001,6.749739999999999,6.749739999999999,2.315067,386500
374,1981-09-09,0.0,6.844807,6.678439999999999,6.797273,2.33137,176300
375,1981-09-10,0.0,7.011172999999999,6.844807,6.987407000000001,2.396583,472500
376,1981-09-11,0.0,7.557807,7.082472999999999,7.4865070000000005,2.5677689999999997,1036900
377,1981-09-14,0.0,7.4865070000000005,7.2488399999999995,7.320139999999999,2.510709,694100
378,1981-09-15,0.0,7.438974000000001,6.749739999999999,6.844807,2.347674,616600
379,1981-09-16,0.0,7.130007000000001,6.725973,7.130007000000001,2.445493,246500
380,1981-09-17,0.0,7.2488399999999995,6.749739999999999,6.868573,2.355825,484200
381,1981-09-18,0.0,6.654673,5.989205999999999,6.060506,2.0786700000000002,1228400
382,1981-09-21,0.0,6.012972,5.656472,5.846605,2.005305,782400
383,1981-09-22,0.0,5.822839,5.490105000000001,5.585172,1.9156369999999998,481900
384,1981-09-23,0.0,5.585172,5.133605,5.513872,1.8911830000000003,584900
385,1981-09-24,0.0,5.585172,5.181138,5.347505,1.834121,557600
386,1981-09-25,0.0,5.395039,5.1573720000000005,5.347505,1.834121,540000
387,1981-09-28,0.0,5.680239,5.204905,5.680239,1.9482439999999999,403000
388,1981-09-29,0.0,5.656472,5.466339,5.466339,1.8748799999999999,202700
389,1981-09-30,0.0,5.608939,5.323739,5.608939,1.923789,373200
390,1981-10-01,0.0,5.608939,5.442572,5.608939,1.923789,138900
391,1981-10-02,0.0,5.727772,5.585172,5.680239,1.9482439999999999,248500
392,1981-10-05,0.0,5.799072,5.656472,5.704005,1.956395,362800
393,1981-10-06,0.0,6.084272,5.6327050000000005,5.989205999999999,2.054216,648300
394,1981-10-07,0.0,6.131806,5.989205999999999,6.131806,2.103125,416300
395,1981-10-08,0.0,6.131806,5.9416720000000005,5.9416720000000005,2.037912,331100
396,1981-10-09,0.0,5.965439,5.727772,5.751539,1.972698,96400
397,1981-10-12,0.0,5.846605,5.727772,5.799072,1.989002,74600
398,1981-10-13,0.0,5.894139,5.751539,5.775305,1.98085,67000
399,1981-10-14,0.0,5.846605,5.680239,5.822839,1.997154,614200
400,1981-10-15,0.0,6.084272,5.846605,5.9179059999999994,2.02976,206400
401,1981-10-16,0.0,6.179339,5.894139,6.108039,2.094973,426100
402,1981-10-19,0.0,6.108039,5.989205999999999,6.012972,2.062366,137900
403,1981-10-20,0.0,6.179339,5.989205999999999,6.084272,2.086822,162900
404,1981-10-21,0.0,6.155572,6.084272,6.131806,2.103125,224800
405,1981-10-22,0.0,6.179339,6.084272,6.084272,2.086822,512200
406,1981-10-23,0.0,6.060506,5.894139,5.894139,2.021608,56600
407,1981-10-26,0.0,5.846605,5.751539,5.751539,1.972698,89300
408,1981-10-27,0.0,5.846605,5.751539,5.775305,1.98085,136100
409,1981-10-28,0.0,5.799072,5.680239,5.799072,1.989002,112400
410,1981-10-29,0.0,5.870372,5.704005,5.704005,1.956395,80700
411,1981-10-30,0.0,6.179339,5.704005,6.179339,2.1194290000000002,107100
412,1981-11-02,0.0,6.203106,5.894139,5.965439,2.046064,159200
413,1981-11-03,0.0,6.060506,5.9179059999999994,5.989205999999999,2.054216,62900
414,1981-11-04,0.0,6.036739,5.9179059999999994,5.989205999999999,2.054216,71300
415,1981-11-05,0.0,6.060506,5.894139,5.9179059999999994,2.02976,85400
416,1981-11-06,0.0,5.965439,5.870372,5.965439,2.046064,82300
417,1981-11-09,0.0,6.036739,5.870372,6.036739,2.07052,78400
418,1981-11-10,0.0,6.060506,5.9179059999999994,5.9179059999999994,2.02976,62900
419,1981-11-11,0.0,5.846605,5.704005,5.751539,1.972698,302300
420,1981-11-12,0.0,5.846605,5.727772,5.775305,1.98085,208000
421,1981-11-13,0.0,5.989205999999999,5.727772,5.9179059999999994,2.02976,229100
422,1981-11-16,0.0,6.179339,5.846605,6.179339,2.1194290000000002,268300
423,1981-11-17,0.0,6.654673,6.084272,6.583373,2.258006,956300
424,1981-11-18,0.0,6.9398729999999995,6.654673,6.702205999999999,2.298766,1490800
425,1981-11-19,0.0,6.702205999999999,6.345706,6.440773,2.209095,312700
426,1981-11-20,0.0,6.654673,6.46454,6.6309059999999995,2.274309,164300
427,1981-11-23,0.0,6.749739999999999,6.6309059999999995,6.678439999999999,2.290613,377900
428,1981-11-24,0.0,6.773505999999999,6.6309059999999995,6.678439999999999,2.290613,414700
429,1981-11-25,0.0,6.702205999999999,6.53584,6.53584,2.241704,131800
430,1981-11-27,0.0,6.654673,6.53584,6.654673,2.282461,51500
431,1981-11-30,0.0,6.654673,6.53584,6.607139999999999,2.2661580000000003,143200
432,1981-12-01,0.0,6.607139999999999,6.369473,6.46454,2.217248,151600
433,1981-12-02,0.0,6.417006,6.298172,6.298172,2.160185,134200
434,1981-12-03,0.0,6.512073,6.298172,6.488306,2.2254,226800
435,1981-12-04,0.0,6.797273,6.53584,6.749739999999999,2.315067,269300
436,1981-12-07,0.0,6.916107000000001,6.654673,6.892339999999999,2.363978,438400
437,1981-12-08,0.0,6.821039999999999,6.702205999999999,6.702205999999999,2.298766,209700
438,1981-12-09,0.0,6.773505999999999,6.678439999999999,6.702205999999999,2.298766,65600
439,1981-12-10,0.0,6.725973,6.607139999999999,6.607139999999999,2.2661580000000003,88000
440,1981-12-11,0.0,6.53584,6.298172,6.46454,2.217248,305700
441,1981-12-14,0.0,6.46454,6.3219389999999995,6.440773,2.209095,121800
442,1981-12-15,0.0,6.440773,6.369473,6.393239,2.192793,71700
443,1981-12-16,0.0,6.393239,6.298172,6.369473,2.184641,113800
444,1981-12-17,0.0,6.417006,6.345706,6.369473,2.184641,670000
445,1981-12-18,0.0,6.298172,6.179339,6.250639,2.143884,376300
446,1981-12-21,0.0,6.250639,6.036739,6.084272,2.086822,198000
447,1981-12-22,0.0,6.108039,5.989205999999999,6.012972,2.062366,531600
448,1981-12-23,0.0,6.012972,5.9179059999999994,5.989205999999999,2.054216,322100
449,1981-12-24,0.0,6.012972,5.9416720000000005,6.012972,2.062366,110100
450,1981-12-28,0.0,6.060506,6.012972,6.012972,2.062366,221100
451,1981-12-29,0.0,6.060506,5.989205999999999,6.060506,2.0786700000000002,45900
452,1981-12-30,0.0,6.060506,5.9416720000000005,6.036739,2.07052,112800
453,1981-12-31,0.0,6.012972,5.9179059999999994,5.9416720000000005,2.037912,222500
454,1982-01-04,0.0,5.9179059999999994,5.799072,5.9179059999999994,2.02976,99700
455,1982-01-05,0.0,5.9179059999999994,5.822839,5.870372,2.013457,154500
456,1982-01-06,0.0,5.822839,5.561405000000001,5.656472,1.940092,317400
457,1982-01-07,0.0,5.6327050000000005,5.5376389999999995,5.6327050000000005,1.9319389999999999,110500
458,1982-01-08,0.0,5.751539,5.561405000000001,5.680239,1.9482439999999999,183300
459,1982-01-11,0.0,5.727772,5.442572,5.466339,1.8748799999999999,224800
460,1982-01-12,0.0,5.561405000000001,5.442572,5.513872,1.8911830000000003,194700
461,1982-01-13,0.0,5.513872,5.418805,5.418805,1.858575,121800
462,1982-01-14,0.0,5.466339,5.323739,5.418805,1.858575,61900
463,1982-01-15,0.0,5.418805,5.252438,5.252438,1.8015130000000001,86000
464,1982-01-18,0.0,5.252438,5.133605,5.204905,1.785211,128100
465,1982-01-19,0.0,5.228672,5.062305,5.109838,1.752604,90700
466,1982-01-20,0.0,5.181138,5.014771,5.086071,1.7444529999999998,146500
467,1982-01-21,0.0,5.133605,4.943471,4.943471,1.6955419999999999,162000
468,1982-01-22,0.0,4.991005,4.872171,4.895938,1.679239,136900
469,1982-01-25,0.0,5.109838,4.872171,5.109838,1.752604,156300
470,1982-01-26,0.0,5.109838,4.967238,5.014771,1.719998,200300
471,1982-01-27,0.0,5.109838,4.967238,4.991005,1.711845,113800
472,1982-01-28,0.0,5.109838,5.014771,5.086071,1.7444529999999998,76600
473,1982-01-29,0.0,5.109838,4.563204,5.086071,1.7444529999999998,149800
474,1982-02-01,0.0,5.252438,4.991005,5.204905,1.785211,521600
475,1982-02-02,0.0,5.276205,5.204905,5.228672,1.793363,253200
476,1982-02-03,0.0,5.299972,5.181138,5.228672,1.793363,1044800
477,1982-02-04,0.0,5.323739,5.228672,5.323739,1.825968,189000
478,1982-02-05,0.0,5.299972,5.181138,5.299972,1.8178169999999998,164900
479,1982-02-08,0.0,5.252438,5.133605,5.181138,1.7770580000000002,98300
480,1982-02-09,0.0,5.181138,5.086071,5.133605,1.7607560000000002,97700
481,1982-02-10,0.0,5.204905,5.133605,5.1573720000000005,1.768909,175700
482,1982-02-11,0.0,5.204905,5.038538,5.204905,1.785211,90700
483,1982-02-12,0.0,5.204905,5.1573720000000005,5.204905,1.785211,78400
484,1982-02-16,0.0,5.133605,4.967238,4.967238,1.7036939999999998,44300
485,1982-02-17,0.0,5.038538,4.943471,4.943471,1.6955419999999999,36500
486,1982-02-18,0.0,5.014771,4.943471,4.967238,1.7036939999999998,73700
487,1982-02-19,0.0,5.038538,4.943471,4.967238,1.7036939999999998,1087400
488,1982-02-22,0.0,5.038538,4.7771040000000005,4.848404,1.662936,200300
489,1982-02-23,0.0,4.872171,4.729571,4.824637999999999,1.654784,94000
490,1982-02-24,0.0,4.943471,4.6820379999999995,4.800871,1.646634,128500
491,1982-02-25,0.0,4.872171,4.729571,4.753337999999999,1.6303290000000001,72300
492,1982-02-26,0.0,4.753337999999999,4.610738,4.658271,1.597723,186600
493,1982-03-01,0.0,4.800871,4.610738,4.705804,1.614026,122400
494,1982-03-02,0.0,4.7771040000000005,4.658271,4.658271,1.597723,105800
495,1982-03-03,0.0,4.610738,4.563204,4.563204,1.565116,133800
496,1982-03-04,0.0,4.539438,4.3730709999999995,4.3730709999999995,1.499903,150200
497,1982-03-05,0.0,4.491904,4.3730709999999995,4.468138,1.53251,85400
498,1982-03-08,0.0,4.563204,4.444371,4.515671,1.548813,133200
499,1982-03-09,0.0,4.515671,4.396838,4.515671,1.548813,127100
500,1982-03-10,0.0,4.539438,4.420604,4.444371,1.524359,87400
501,1982-03-11,0.0,4.515671,4.420604,4.444371,1.524359,122400
502,1982-03-12,0.0,4.468138,4.301771,4.349304,1.491752,104800
503,1982-03-15,0.0,4.420604,4.278004,4.3730709999999995,1.499903,147900
504,1982-03-16,0.0,4.468138,4.3730709999999995,4.3730709999999995,1.499903,194700
505,1982-03-17,0.0,4.444371,4.325537000000001,4.325537000000001,1.4836,73300
506,1982-03-18,0.0,4.3730709999999995,4.135404,4.159171,1.4265379999999999,252800
507,1982-03-19,0.0,4.159171,3.8977370000000002,3.969037,1.361326,416700
508,1982-03-22,0.0,4.087871,3.94527,3.992804,1.369477,606600
509,1982-03-23,0.0,4.087871,4.016571,4.016571,1.377629,110100
510,1982-03-24,0.0,4.111637,4.040337,4.064104,1.393932,106400
511,1982-03-25,0.0,4.159171,4.016571,4.064104,1.393932,94000
512,1982-03-26,0.0,4.111637,4.016571,4.016571,1.377629,50600
513,1982-03-29,0.0,4.040337,3.969037,4.040337,1.38578,103400
514,1982-03-30,0.0,4.087871,3.992804,4.040337,1.38578,160200
515,1982-03-31,0.0,4.064104,3.992804,4.016571,1.377629,50600
516,1982-04-01,0.0,4.087871,3.94527,4.064104,1.393932,197400
517,1982-04-02,0.0,4.111637,3.992804,4.016571,1.377629,276900
518,1982-04-05,0.0,4.111637,4.016571,4.064104,1.393932,112800
519,1982-04-06,0.0,4.159171,4.064104,4.159171,1.4265379999999999,105400
520,1982-04-07,0.0,4.325537000000001,4.135404,4.301771,1.475447,169200
521,1982-04-08,0.0,4.301771,4.230471,4.278004,1.4672969999999999,104000
522,1982-04-12,0.0,4.325537000000001,4.230471,4.278004,1.4672969999999999,386900
523,1982-04-13,0.0,4.349304,4.278004,4.278004,1.4672969999999999,214400
524,1982-04-14,0.0,4.278004,4.230471,4.278004,1.4672969999999999,138500
525,1982-04-15,0.0,4.278004,4.206704,4.230471,1.450993,239500
526,1982-04-16,0.0,4.230471,4.206704,4.206704,1.442842,83100
527,1982-04-19,0.0,4.230471,4.159171,4.159171,1.4265379999999999,813700
528,1982-04-20,0.0,4.230471,4.159171,4.206704,1.442842,149200
529,1982-04-21,0.0,4.254237,4.159171,4.182937,1.43469,84000
530,1982-04-22,0.0,4.230471,4.159171,4.159171,1.4265379999999999,117100
531,1982-04-23,0.0,4.278004,4.159171,4.206704,1.442842,147900
532,1982-04-26,0.0,4.278004,4.182937,4.230471,1.450993,177600
533,1982-04-27,0.0,4.325537000000001,4.230471,4.325537000000001,1.4836,65600
534,1982-04-28,0.0,4.420604,4.278004,4.278004,1.4672969999999999,111100
535,1982-04-29,0.0,4.278004,4.206704,4.206704,1.442842,142200
536,1982-04-30,0.0,4.278004,4.206704,4.278004,1.4672969999999999,96800
537,1982-05-03,0.0,4.278004,4.206704,4.206704,1.442842,47200
538,1982-05-04,0.0,4.278004,4.206704,4.230471,1.450993,134200
539,1982-05-05,0.0,4.254237,4.182937,4.230471,1.450993,127100
540,1982-05-06,0.0,4.230471,4.159171,4.159171,1.4265379999999999,182900
541,1982-05-07,0.0,4.468138,4.159171,4.420604,1.516206,356800
542,1982-05-10,0.0,4.515671,4.444371,4.515671,1.548813,170000
543,1982-05-11,0.0,4.6820379999999995,4.515671,4.6820379999999995,1.605874,534000
544,1982-05-12,0.0,4.753337999999999,4.563204,4.634504,1.5895709999999998,237500
545,1982-05-13,0.0,4.7771040000000005,4.6820379999999995,4.705804,1.614026,1473900
546,1982-05-14,0.0,4.824637999999999,4.705804,4.7771040000000005,1.638481,309000
547,1982-05-17,0.0,4.824637999999999,4.753337999999999,4.753337999999999,1.6303290000000001,276900
548,1982-05-18,0.0,4.6820379999999995,4.658271,4.658271,1.597723,76000
549,1982-05-19,0.0,4.705804,4.634504,4.658271,1.597723,76600
550,1982-05-20,0.0,4.6820379999999995,4.586971,4.634504,1.5895709999999998,65200
551,1982-05-21,0.0,4.6820379999999995,4.586971,4.658271,1.597723,88700
552,1982-05-24,0.0,4.634504,4.539438,4.586971,1.573268,100100
553,1982-05-25,0.0,4.610738,4.563204,4.563204,1.565116,65200
554,1982-05-26,0.0,4.610738,4.491904,4.539438,1.556964,103400
555,1982-05-27,0.0,4.610738,4.563204,4.610738,1.58142,57600
556,1982-05-28,0.0,4.658271,4.515671,4.586971,1.573268,133200
557,1982-06-01,0.0,4.586971,4.515671,4.539438,1.556964,42500
558,1982-06-02,0.0,4.586971,4.491904,4.586971,1.573268,41900
559,1982-06-03,0.0,4.610738,4.468138,4.491904,1.540661,1095300
560,1982-06-04,0.0,4.539438,4.468138,4.515671,1.548813,68600
561,1982-06-07,0.0,4.539438,4.396838,4.539438,1.556964,96800
562,1982-06-08,0.0,4.586971,4.444371,4.515671,1.548813,166900
563,1982-06-09,0.0,4.539438,4.468138,4.539438,1.556964,60900
564,1982-06-10,0.0,4.563204,4.491904,4.539438,1.556964,50000
565,1982-06-11,0.0,4.729571,4.563204,4.705804,1.614026,310400
566,1982-06-14,0.0,4.6820379999999995,4.634504,4.6820379999999995,1.605874,62900
567,1982-06-15,0.0,4.753337999999999,4.658271,4.753337999999999,1.6303290000000001,98300
568,1982-06-16,0.0,4.919704,4.729571,4.729571,1.6221780000000001,158600
569,1982-06-17,0.0,4.824637999999999,4.729571,4.800871,1.646634,72300
570,1982-06-18,0.0,4.848404,4.753337999999999,4.7771040000000005,1.638481,181300
571,1982-06-21,0.0,4.919704,4.800871,4.872171,1.6710880000000001,121400
572,1982-06-22,0.0,4.919704,4.800871,4.919704,1.6873919999999998,137500
573,1982-06-23,0.0,4.943471,4.872171,4.943471,1.6955419999999999,81300
574,1982-06-24,0.0,5.014771,4.943471,4.967238,1.7036939999999998,255200
575,1982-06-25,0.0,5.014771,4.919704,4.967238,1.7036939999999998,67000
576,1982-06-28,0.0,4.991005,4.895938,4.991005,1.711845,140800
577,1982-06-29,0.0,4.967238,4.943471,4.967238,1.7036939999999998,82700
578,1982-06-30,0.0,4.991005,4.919704,4.943471,1.6955419999999999,177600
579,1982-07-01,0.0,4.872171,4.824637999999999,4.824637999999999,1.654784,130400
580,1982-07-02,0.0,4.7771040000000005,4.729571,4.7771040000000005,1.638481,121400
581,1982-07-06,0.0,4.753337999999999,4.6820379999999995,4.729571,1.6221780000000001,257900
582,1982-07-07,0.0,4.824637999999999,4.729571,4.7771040000000005,1.638481,313700
583,1982-07-08,0.0,4.800871,4.705804,4.705804,1.614026,164300
584,1982-07-09,0.0,4.848404,4.705804,4.848404,1.662936,122400
585,1982-07-12,0.0,4.824637999999999,4.729571,4.753337999999999,1.6303290000000001,60200
586,1982-07-13,0.0,4.7771040000000005,4.705804,4.753337999999999,1.6303290000000001,174900
587,1982-07-14,0.0,4.753337999999999,4.658271,4.705804,1.614026,189000
588,1982-07-15,0.0,4.753337999999999,4.705804,4.753337999999999,1.6303290000000001,115800
589,1982-07-16,0.0,4.7771040000000005,4.705804,4.753337999999999,1.6303290000000001,374200
590,1982-07-19,0.0,4.753337999999999,4.6820379999999995,4.705804,1.614026,217800
591,1982-07-20,0.0,4.729571,4.6820379999999995,4.729571,1.6221780000000001,253800
592,1982-07-21,0.0,4.824637999999999,4.705804,4.753337999999999,1.6303290000000001,319400
593,1982-07-22,0.0,4.824637999999999,4.753337999999999,4.7771040000000005,1.638481,133800
594,1982-07-23,0.0,4.800871,4.753337999999999,4.800871,1.646634,53900
595,1982-07-26,0.0,4.800871,4.705804,4.753337999999999,1.6303290000000001,45900
596,1982-07-27,0.0,4.7771040000000005,4.705804,4.753337999999999,1.6303290000000001,155900
597,1982-07-28,0.0,4.753337999999999,4.610738,4.610738,1.58142,52300
598,1982-07-29,0.0,4.658271,4.468138,4.610738,1.58142,69000
599,1982-07-30,0.0,4.658271,4.563204,4.658271,1.597723,33500
600,1982-08-02,0.0,4.658271,4.563204,4.634504,1.5895709999999998,97700
601,1982-08-03,0.0,4.634504,4.515671,4.515671,1.548813,19200
602,1982-08-04,0.0,4.563204,4.444371,4.563204,1.565116,62300
603,1982-08-05,0.0,4.539438,4.468138,4.539438,1.556964,73700
604,1982-08-06,0.0,4.610738,4.396838,4.444371,1.524359,76600
605,1982-08-09,0.0,4.396838,4.325537000000001,4.3730709999999995,1.499903,64300
606,1982-08-10,0.0,4.396838,4.325537000000001,4.325537000000001,1.4836,68000
607,1982-08-11,0.0,4.3730709999999995,4.301771,4.349304,1.491752,104000
608,1982-08-12,0.0,4.396838,4.301771,4.325537000000001,1.4836,50000
609,1982-08-13,0.0,4.349304,4.301771,4.349304,1.491752,55300
610,1982-08-16,0.0,4.420604,4.349304,4.3730709999999995,1.499903,100700
611,1982-08-17,0.0,4.539438,4.3730709999999995,4.539438,1.556964,137500
612,1982-08-18,0.0,4.729571,4.539438,4.539438,1.556964,273200
613,1982-08-19,0.0,4.586971,4.491904,4.491904,1.540661,107700
614,1982-08-20,0.0,4.705804,4.515671,4.705804,1.614026,53900
615,1982-08-23,0.0,4.753337999999999,4.610738,4.753337999999999,1.6303290000000001,163900
616,1982-08-24,0.0,4.895938,4.753337999999999,4.848404,1.662936,401000
617,1982-08-25,0.0,5.038538,4.848404,4.967238,1.7036939999999998,294900
618,1982-08-26,0.0,5.276205,5.014771,5.062305,1.7363009999999999,569400
619,1982-08-27,0.0,5.109838,5.038538,5.062305,1.7363009999999999,78400
620,1982-08-30,0.0,5.062305,4.991005,5.038538,1.7281490000000002,57200
621,1982-08-31,0.0,5.133605,5.038538,5.086071,1.7444529999999998,249900
622,1982-09-01,0.0,5.109838,4.991005,4.991005,1.711845,79300
623,1982-09-02,0.0,5.133605,4.991005,5.133605,1.7607560000000002,94000
624,1982-09-03,0.0,5.323739,5.228672,5.252438,1.8015130000000001,453100
625,1982-09-07,0.0,5.276205,5.228672,5.276205,1.809666,131200
626,1982-09-08,0.0,5.371272,5.276205,5.347505,1.834121,136900
627,1982-09-09,0.0,5.395039,5.299972,5.299972,1.8178169999999998,90300
628,1982-09-10,0.0,5.299972,5.228672,5.276205,1.809666,149800
629,1982-09-13,0.0,5.347505,5.228672,5.299972,1.8178169999999998,140800
630,1982-09-14,0.0,5.371272,5.323739,5.371272,1.8422720000000001,68600
631,1982-09-15,0.0,5.395039,5.323739,5.323739,1.825968,243800
632,1982-09-16,0.0,5.418805,5.347505,5.347505,1.834121,194300
633,1982-09-17,0.0,5.371272,5.299972,5.371272,1.8422720000000001,48200
634,1982-09-20,0.0,5.347505,5.299972,5.347505,1.834121,56600
635,1982-09-21,0.0,5.513872,5.347505,5.513872,1.8911830000000003,454500
636,1982-09-22,0.0,5.6327050000000005,5.490105000000001,5.513872,1.8911830000000003,842500
637,1982-09-23,0.0,5.561405000000001,5.418805,5.513872,1.8911830000000003,94000
638,1982-09-24,0.0,5.561405000000001,5.466339,5.513872,1.8911830000000003,216800
639,1982-09-27,0.0,5.608939,5.490105000000001,5.585172,1.9156369999999998,192700
640,1982-09-28,0.0,5.989205999999999,5.585172,5.846605,2.005305,1851600
641,1982-09-29,0.0,5.989205999999999,5.846605,5.989205999999999,2.054216,609900
642,1982-09-30,0.0,6.084272,5.846605,5.9416720000000005,2.037912,529300
643,1982-10-01,0.0,5.9416720000000005,5.822839,5.894139,2.021608,125500
644,1982-10-04,0.0,5.9416720000000005,5.894139,5.9416720000000005,2.037912,459900
645,1982-10-05,0.0,6.226872,5.894139,6.226872,2.135732,1380700
646,1982-10-06,0.0,6.607139999999999,6.226872,6.46454,2.217248,567200
647,1982-10-07,0.0,6.512073,6.179339,6.179339,2.1194290000000002,341500
648,1982-10-08,0.0,6.298172,6.179339,6.298172,2.160185,414300
649,1982-10-11,0.0,6.345706,6.250639,6.298172,2.160185,887900
650,1982-10-12,0.0,6.440773,6.274406,6.369473,2.184641,383600
651,1982-10-13,0.0,6.440773,6.3219389999999995,6.369473,2.184641,203700
652,1982-10-14,0.0,6.512073,6.369473,6.440773,2.209095,552900
653,1982-10-15,0.0,6.46454,6.369473,6.393239,2.192793,192300
654,1982-10-18,0.0,6.440773,6.3219389999999995,6.417006,2.200945,151600
655,1982-10-19,0.0,6.46454,6.393239,6.417006,2.200945,195600
656,1982-10-20,0.0,6.559606,6.417006,6.512073,2.233552,171600
657,1982-10-21,0.0,6.6309059999999995,6.512073,6.583373,2.258006,322100
658,1982-10-22,0.0,6.654673,6.583373,6.583373,2.258006,314700
659,1982-10-25,0.0,6.583373,6.369473,6.369473,2.184641,195600
660,1982-10-26,0.0,6.274406,5.989205999999999,6.274406,2.1520349999999997,388300
661,1982-10-27,0.0,6.274406,6.012972,6.084272,2.086822,1824800
662,1982-10-28,0.0,5.989205999999999,5.894139,5.965439,2.046064,276900
663,1982-10-29,0.0,5.9179059999999994,5.846605,5.846605,2.005305,173900
664,1982-11-01,0.0,6.012972,5.799072,5.894139,2.021608,185300
665,1982-11-02,0.0,6.036739,5.9416720000000005,5.989205999999999,2.054216,178000
666,1982-11-03,0.0,6.131806,5.894139,6.108039,2.094973,220100
667,1982-11-04,0.0,6.3219389999999995,6.084272,6.084272,2.086822,494200
668,1982-11-05,0.0,6.203106,6.012972,6.203106,2.1275779999999997,102400
669,1982-11-08,0.0,6.036739,5.9179059999999994,5.9179059999999994,2.02976,126500
670,1982-11-09,0.0,5.989205999999999,5.822839,5.965439,2.046064,566500
671,1982-11-10,0.0,6.131806,5.9416720000000005,5.989205999999999,2.054216,248100
672,1982-11-11,0.0,5.9416720000000005,5.751539,5.751539,1.972698,295700
673,1982-11-12,0.0,5.775305,5.608939,5.656472,1.940092,271600
674,1982-11-15,0.0,5.751539,5.585172,5.727772,1.964547,223400
675,1982-11-16,0.0,5.822839,5.656472,5.704005,1.956395,170600
676,1982-11-17,0.0,5.751539,5.656472,5.704005,1.956395,222500
677,1982-11-18,0.0,5.704005,5.656472,5.704005,1.956395,74600
678,1982-11-19,0.0,5.751539,5.6327050000000005,5.704005,1.956395,336400
679,1982-11-22,0.0,5.704005,5.6327050000000005,5.680239,1.9482439999999999,132800
680,1982-11-23,0.0,5.6327050000000005,5.5376389999999995,5.5376389999999995,1.8993330000000002,556700
681,1982-11-24,0.0,5.585172,5.490105000000001,5.5376389999999995,1.8993330000000002,68000
682,1982-11-26,0.0,5.5376389999999995,5.442572,5.442572,1.866728,71300
683,1982-11-29,0.0,5.585172,5.442572,5.490105000000001,1.88303,231100
684,1982-11-30,0.0,5.561405000000001,5.466339,5.5376389999999995,1.8993330000000002,103000
685,1982-12-01,0.0,5.5376389999999995,5.442572,5.466339,1.8748799999999999,99700
686,1982-12-02,0.0,5.561405000000001,5.442572,5.466339,1.8748799999999999,73700
687,1982-12-03,0.0,5.513872,5.442572,5.466339,1.8748799999999999,389900
688,1982-12-06,0.0,5.5376389999999995,5.442572,5.513872,1.8911830000000003,97700
689,1982-12-07,0.0,5.656472,5.490105000000001,5.585172,1.9156369999999998,120100
690,1982-12-08,0.0,5.656472,5.466339,5.513872,1.8911830000000003,385700
691,1982-12-09,0.0,5.513872,5.442572,5.466339,1.8748799999999999,47200
692,1982-12-10,0.0,5.466339,5.323739,5.395039,1.850424,146900
693,1982-12-13,0.0,5.442572,5.395039,5.395039,1.850424,80300
694,1982-12-14,0.0,5.442572,5.228672,5.252438,1.8015130000000001,136900
695,1982-12-15,0.0,5.276205,5.1573720000000005,5.181138,1.7770580000000002,265900
696,1982-12-16,0.0,5.252438,5.181138,5.228672,1.793363,102400
697,1982-12-17,0.0,5.323739,5.1573720000000005,5.276205,1.809666,344800
698,1982-12-20,0.0,5.418805,5.252438,5.299972,1.8178169999999998,124800
699,1982-12-21,0.0,5.323739,5.252438,5.299972,1.8178169999999998,154500
700,1982-12-22,0.0,5.466339,5.347505,5.371272,1.8422720000000001,299600
701,1982-12-23,0.0,5.490105000000001,5.323739,5.418805,1.858575,161600
702,1982-12-27,0.0,5.608939,5.442572,5.561405000000001,1.907484,146500
703,1982-12-28,0.0,5.6327050000000005,5.442572,5.442572,1.866728,104400
704,1982-12-29,0.0,5.513872,5.442572,5.490105000000001,1.88303,34900
705,1982-12-30,0.0,5.490105000000001,5.371272,5.395039,1.850424,79700
706,1982-12-31,0.0,5.513872,5.299972,5.513872,1.8911830000000003,94400
707,1983-01-03,0.0,5.490105000000001,5.371272,5.371272,1.8422720000000001,19200
708,1983-01-04,0.0,5.466339,5.347505,5.466339,1.8748799999999999,173300
709,1983-01-05,0.0,5.680239,5.371272,5.656472,1.940092,234400
710,1983-01-06,0.0,5.846605,5.6327050000000005,5.727772,1.964547,546700
711,1983-01-07,0.0,5.870372,5.727772,5.799072,1.989002,249500
712,1983-01-10,0.0,5.9179059999999994,5.751539,5.870372,2.013457,236800
713,1983-01-11,0.0,5.870372,5.775305,5.799072,1.989002,199400
714,1983-01-12,0.0,6.012972,5.704005,5.9179059999999994,2.02976,598200
715,1983-01-13,0.0,5.9416720000000005,5.894139,5.9416720000000005,2.037912,254200
716,1983-01-14,0.0,5.965439,5.894139,5.9179059999999994,2.02976,32900
717,1983-01-17,0.0,6.036739,5.9179059999999994,5.965439,2.046064,186600
718,1983-01-18,0.0,5.9416720000000005,5.799072,5.870372,2.013457,654400
719,1983-01-19,0.0,5.870372,5.751539,5.870372,2.013457,286900
720,1983-01-20,0.0,5.9416720000000005,5.799072,5.846605,2.005305,423700
721,1983-01-21,0.0,5.846605,5.727772,5.775305,1.98085,358500
722,1983-01-24,0.0,5.727772,5.418805,5.466339,1.8748799999999999,935900
723,1983-01-25,0.0,5.418805,5.323739,5.371272,1.8422720000000001,500300
724,1983-01-26,0.0,5.442572,5.323739,5.442572,1.866728,442700
725,1983-01-27,0.0,5.418805,5.276205,5.418805,1.858575,233800
726,1983-01-28,0.0,5.513872,5.418805,5.466339,1.8748799999999999,455800
727,1983-01-31,0.0,5.466339,5.395039,5.442572,1.866728,75000
728,1983-02-01,0.0,5.561405000000001,5.466339,5.466339,1.8748799999999999,137500
729,1983-02-02,0.0,5.371272,5.252438,5.323739,1.825968,316400
730,1983-02-03,0.0,5.371272,5.228672,5.299972,1.8178169999999998,215000
731,1983-02-04,0.0,5.347505,5.252438,5.347505,1.834121,95400
732,1983-02-07,0.0,5.371272,5.252438,5.299972,1.8178169999999998,1412400
733,1983-02-08,0.0,5.252438,5.181138,5.228672,1.793363,128100
734,1983-02-09,0.0,5.228672,5.086071,5.204905,1.785211,244800
735,1983-02-10,0.0,5.252438,5.1573720000000005,5.252438,1.8015130000000001,447800
736,1983-02-11,0.0,5.371272,5.276205,5.323739,1.825968,398300
737,1983-02-14,0.0,5.323739,5.276205,5.323739,1.825968,41200
738,1983-02-15,0.0,5.418805,5.252438,5.418805,1.858575,136500
739,1983-02-16,0.0,5.395039,5.276205,5.371272,1.8422720000000001,219100
740,1983-02-17,0.0,5.371272,5.276205,5.371272,1.8422720000000001,32900
741,1983-02-18,0.0,5.347505,5.276205,5.299972,1.8178169999999998,50000
742,1983-02-22,0.0,5.371272,5.252438,5.276205,1.809666,149800
743,1983-02-23,0.0,5.371272,5.252438,5.371272,1.8422720000000001,155500
744,1983-02-24,0.0,5.466339,5.323739,5.395039,1.850424,183700
745,1983-02-25,0.0,5.585172,5.395039,5.490105000000001,1.88303,352500
746,1983-02-28,0.0,5.751539,5.513872,5.704005,1.956395,510300
747,1983-03-01,0.0,5.989205999999999,5.704005,5.846605,2.005305,305300
748,1983-03-02,0.0,5.989205999999999,5.846605,5.894139,2.021608,212100
749,1983-03-03,0.0,6.060506,5.965439,6.012972,2.062366,239100
750,1983-03-04,0.0,6.084272,6.012972,6.060506,2.0786700000000002,403600
751,1983-03-07,0.0,6.060506,5.9179059999999994,5.989205999999999,2.054216,81700
752,1983-03-08,0.0,6.012972,5.799072,5.894139,2.021608,750700
753,1983-03-09,0.0,5.9416720000000005,5.894139,5.9179059999999994,2.02976,168200
754,1983-03-10,0.0,6.036739,5.894139,5.9416720000000005,2.037912,104800
755,1983-03-11,0.0,5.9179059999999994,5.846605,5.870372,2.013457,167600
756,1983-03-14,0.0,5.894139,5.775305,5.799072,1.989002,120100
757,1983-03-15,0.0,5.9179059999999994,5.727772,5.894139,2.021608,137500
758,1983-03-16,0.0,5.9416720000000005,5.870372,5.870372,2.013457,214000
759,1983-03-17,0.0,5.9179059999999994,5.442572,5.513872,1.8911830000000003,326000
760,1983-03-18,0.0,5.466339,5.323739,5.442572,1.866728,721500
761,1983-03-21,0.0,5.513872,5.347505,5.490105000000001,1.88303,199400
762,1983-03-22,0.0,5.561405000000001,5.395039,5.395039,1.850424,324700
763,1983-03-23,0.0,5.5376389999999995,5.395039,5.490105000000001,1.88303,325200
764,1983-03-24,0.0,5.490105000000001,5.395039,5.395039,1.850424,382600
765,1983-03-25,0.0,5.442572,5.395039,5.395039,1.850424,54300
766,1983-03-28,0.0,5.418805,5.371272,5.395039,1.850424,281200
767,1983-03-29,0.0,5.442572,5.395039,5.418805,1.858575,63300
768,1983-03-30,0.0,5.466339,5.395039,5.442572,1.866728,33900
769,1983-03-31,0.0,5.799072,5.5376389999999995,5.608939,1.923789,223800
770,1983-04-04,0.0,5.608939,5.466339,5.490105000000001,1.88303,99700
771,1983-04-05,0.0,5.585172,5.513872,5.5376389999999995,1.8993330000000002,1184700
772,1983-04-06,5.608939,5.680239,5.5376389999999995,5.680239,1.9482439999999999,366600
773,1983-04-07,5.656472,5.704005,5.656472,5.680239,1.9482439999999999,256900
774,1983-04-08,5.727772,5.799072,5.680239,5.775305,1.98085,258900
775,1983-04-11,5.846605,5.9179059999999994,5.799072,5.822839,1.997154,477200
776,1983-04-12,5.870372,5.9179059999999994,5.822839,5.894139,2.021608,487600
777,1983-04-13,5.9179059999999994,5.9179059999999994,5.846605,5.9179059999999994,2.02976,433700
778,1983-04-14,5.870372,5.894139,5.822839,5.870372,2.013457,108100
779,1983-04-15,5.9416720000000005,5.9416720000000005,5.822839,5.870372,2.013457,348200
780,1983-04-18,5.894139,5.9179059999999994,5.870372,5.9179059999999994,2.02976,110500
781,1983-04-19,5.894139,5.9179059999999994,5.870372,5.870372,2.013457,80300
782,1983-04-20,5.894139,5.9416720000000005,5.846605,5.870372,2.013457,123800
783,1983-04-21,5.9179059999999994,5.9179059999999994,5.870372,5.894139,2.021608,199000
784,1983-04-22,5.894139,5.9416720000000005,5.870372,5.894139,2.021608,331700
785,1983-04-25,5.9179059999999994,5.965439,5.870372,5.870372,2.013457,227400
786,1983-04-26,5.894139,5.9416720000000005,5.846605,5.9179059999999994,2.02976,409600
787,1983-04-27,5.9416720000000005,6.084272,5.799072,5.965439,2.046064,318400
788,1983-04-28,6.012972,6.036739,5.965439,6.036739,2.07052,81300
789,1983-04-29,6.084272,6.108039,6.036739,6.084272,2.086822,1156900
790,1983-05-02,6.084272,6.131806,6.060506,6.084272,2.086822,104400
791,1983-05-03,6.084272,6.393239,6.084272,6.393239,2.192793,288600
792,1983-05-04,6.417006,6.46454,6.345706,6.369473,2.184641,329900
793,1983-05-05,6.298172,6.369473,6.226872,6.345706,2.1764900000000003,406700
794,1983-05-06,6.345706,6.440773,6.274406,6.440773,2.209095,652400
795,1983-05-09,6.440773,6.749739999999999,6.298172,6.749739999999999,2.315067,333500
796,1983-05-10,6.654673,6.797273,6.607139999999999,6.6309059999999995,2.274309,365800
797,1983-05-11,6.654673,6.797273,6.6309059999999995,6.773505999999999,2.323219,4377200
798,1983-05-12,6.725973,6.773505999999999,6.702205999999999,6.749739999999999,2.315067,360900
799,1983-05-13,6.844807,6.9398729999999995,6.797273,6.9398729999999995,2.380282,745600
800,1983-05-16,6.9398729999999995,6.96364,6.868573,6.9398729999999995,2.380282,547100
801,1983-05-17,6.797273,6.892339999999999,6.678439999999999,6.749739999999999,2.353759,1133600
802,1983-05-18,6.702205999999999,6.844807,6.702205999999999,6.797273,2.370336,1136800
803,1983-05-19,6.773505999999999,6.773505999999999,6.559606,6.559606,2.287457,173900
804,1983-05-20,6.46454,6.53584,6.417006,6.488306,2.262593,182900
805,1983-05-23,6.440773,6.702205999999999,6.393239,6.702205999999999,2.337185,908100
806,1983-05-24,6.607139999999999,6.702205999999999,6.583373,6.678439999999999,2.328897,127500
807,1983-05-25,6.6309059999999995,6.702205999999999,6.559606,6.559606,2.287457,170600
808,1983-05-26,6.512073,6.607139999999999,6.417006,6.559606,2.287457,780800
809,1983-05-27,6.488306,6.559606,6.46454,6.559606,2.287457,124800
810,1983-05-31,6.607139999999999,6.6309059999999995,6.46454,6.53584,2.279169,263200
811,1983-06-01,6.53584,6.559606,6.488306,6.559606,2.287457,263200
812,1983-06-02,6.512073,6.607139999999999,6.512073,6.607139999999999,2.304034,566100
813,1983-06-03,6.559606,6.725973,6.559606,6.725973,2.345472,222100
814,1983-06-06,6.678439999999999,6.702205999999999,6.6309059999999995,6.6309059999999995,2.31232,84000
815,1983-06-07,6.583373,6.654673,6.583373,6.6309059999999995,2.31232,63300
816,1983-06-08,6.583373,6.607139999999999,6.440773,6.46454,2.254305,283900
817,1983-06-09,6.417006,6.559606,6.417006,6.559606,2.287457,199400
818,1983-06-10,6.512073,6.6309059999999995,6.488306,6.512073,2.270881,50600
819,1983-06-13,6.488306,6.607139999999999,6.488306,6.607139999999999,2.304034,88000
820,1983-06-14,6.559606,6.6309059999999995,6.512073,6.6309059999999995,2.31232,67000
821,1983-06-15,6.583373,6.749739999999999,6.559606,6.749739999999999,2.353759,484800
822,1983-06-16,6.773505999999999,6.773505999999999,6.678439999999999,6.702205999999999,2.337185,484800
823,1983-06-17,6.725973,6.725973,6.654673,6.702205999999999,2.337185,706600
824,1983-06-20,6.654673,6.725973,6.583373,6.6309059999999995,2.31232,59000
825,1983-06-21,6.583373,6.749739999999999,6.559606,6.749739999999999,2.353759,155500
826,1983-06-22,6.749739999999999,6.797273,6.678439999999999,6.797273,2.370336,241800
827,1983-06-23,6.821039999999999,6.821039999999999,6.773505999999999,6.821039999999999,2.378623,189000
828,1983-06-24,6.844807,7.130007000000001,6.844807,7.10624,2.47808,617000
829,1983-06-27,7.03494,7.03494,6.892339999999999,6.9398729999999995,2.420064,70300
830,1983-06-28,6.9398729999999995,6.9398729999999995,6.654673,6.749739999999999,2.353759,292700
831,1983-06-29,6.702205999999999,6.725973,6.607139999999999,6.654673,2.320609,221500
832,1983-06-30,6.678439999999999,6.773505999999999,6.607139999999999,6.773505999999999,2.362047,234800
833,1983-07-01,6.797273,7.082472999999999,6.749739999999999,7.082472999999999,2.469789,447000
834,1983-07-05,7.011172999999999,7.03494,6.916107000000001,7.03494,2.4532130000000003,160200
835,1983-07-06,6.987407000000001,7.225072999999999,6.96364,7.225072999999999,2.519517,505000
836,1983-07-07,7.130007000000001,7.201307000000001,7.082472999999999,7.10624,2.47808,207000
837,1983-07-08,7.03494,7.130007000000001,6.987407000000001,6.987407000000001,2.4366380000000003,57200
838,1983-07-11,6.96364,7.03494,6.916107000000001,7.011172999999999,2.4449259999999997,88700
839,1983-07-12,7.058707000000001,7.058707000000001,6.892339999999999,6.916107000000001,2.411775,69000
840,1983-07-13,6.844807,6.868573,6.678439999999999,6.702205999999999,2.337185,122400
841,1983-07-14,6.702205999999999,6.797273,6.678439999999999,6.702205999999999,2.337185,132200
842,1983-07-15,6.702205999999999,6.725973,6.6309059999999995,6.6309059999999995,2.31232,237500
843,1983-07-18,6.654673,6.702205999999999,6.6309059999999995,6.678439999999999,2.328897,86000
844,1983-07-19,6.749739999999999,6.868573,6.725973,6.797273,2.370336,56600
845,1983-07-20,6.773505999999999,6.892339999999999,6.773505999999999,6.892339999999999,2.4034880000000003,49200
846,1983-07-21,6.868573,6.9398729999999995,6.46454,6.46454,2.254305,180000
847,1983-07-22,6.108039,6.274406,5.9416720000000005,5.989205999999999,2.088548,3225400
848,1983-07-25,5.9416720000000005,6.108039,5.9179059999999994,6.060506,2.113412,449400
849,1983-07-26,6.060506,6.108039,5.727772,5.799072,2.0222439999999997,1698700
850,1983-07-27,5.870372,5.870372,5.656472,5.727772,1.997381,584500
851,1983-07-28,5.656472,5.656472,5.5376389999999995,5.585172,1.947654,875000
852,1983-07-29,5.6327050000000005,5.656472,5.466339,5.490105000000001,1.9145009999999998,180600
853,1983-08-01,5.513872,5.5376389999999995,5.466339,5.513872,1.922791,329400
854,1983-08-02,5.513872,5.608939,5.490105000000001,5.5376389999999995,1.9310779999999999,496200
855,1983-08-03,5.5376389999999995,5.6327050000000005,5.513872,5.608939,1.9559419999999998,248500
856,1983-08-04,5.656472,5.680239,5.561405000000001,5.608939,1.9559419999999998,592500
857,1983-08-05,5.656472,5.656472,5.561405000000001,5.585172,1.947654,274500
858,1983-08-08,5.5376389999999995,5.608939,5.466339,5.513872,1.949332,253800
859,1983-08-09,5.5376389999999995,5.5376389999999995,5.395039,5.466339,1.9325279999999998,341500
860,1983-08-10,5.466339,5.704005,5.466339,5.680239,2.008147,673900
861,1983-08-11,5.704005,5.822839,5.680239,5.799072,2.05016,1295200
862,1983-08-12,5.9416720000000005,6.036739,5.9179059999999994,5.989205999999999,2.117378,255200
863,1983-08-15,6.131806,6.131806,6.036739,6.036739,2.134183,831200
864,1983-08-16,5.9416720000000005,5.989205999999999,5.727772,5.775305,2.041758,102400
865,1983-08-17,5.727772,5.9416720000000005,5.727772,5.9416720000000005,2.100573,281600
866,1983-08-18,5.989205999999999,6.012972,5.9179059999999994,5.965439,2.1089759999999997,336800
867,1983-08-19,5.9416720000000005,6.012972,5.9416720000000005,6.012972,2.125781,25900
868,1983-08-22,6.012972,6.131806,5.989205999999999,6.084272,2.1509869999999998,374200
869,1983-08-23,6.084272,6.226872,6.084272,6.179339,2.184597,392600
870,1983-08-24,6.036739,6.108039,6.036739,6.108039,2.159391,179600
871,1983-08-25,6.060506,6.108039,6.036739,6.060506,2.142587,81300
872,1983-08-26,6.036739,6.060506,6.036739,6.036739,2.134183,20200
873,1983-08-29,6.036739,6.084272,5.9416720000000005,5.989205999999999,2.117378,96400
874,1983-08-30,5.965439,5.989205999999999,5.894139,5.894139,2.0837689999999998,150200
875,1983-08-31,5.894139,5.9179059999999994,5.822839,5.846605,2.066964,590300
876,1983-09-01,5.799072,5.822839,5.680239,5.704005,2.01655,107700
877,1983-09-02,5.704005,5.894139,5.704005,5.894139,2.0837689999999998,84600
878,1983-09-06,5.846605,5.9416720000000005,5.846605,5.894139,2.0837689999999998,258500
879,1983-09-07,5.846605,5.9416720000000005,5.846605,5.846605,2.066964,273200
880,1983-09-08,5.846605,5.894139,5.846605,5.846605,2.066964,56200
881,1983-09-09,5.894139,5.965439,5.846605,5.846605,2.066964,553700
882,1983-09-12,5.846605,5.965439,5.799072,5.846605,2.066964,106400
883,1983-09-13,5.799072,5.822839,5.751539,5.751539,2.033355,52900
884,1983-09-14,5.727772,5.775305,5.680239,5.704005,2.01655,44900
885,1983-09-15,5.704005,5.775305,5.704005,5.704005,2.01655,68600
886,1983-09-16,5.704005,5.775305,5.704005,5.727772,2.024952,122800
887,1983-09-19,5.704005,5.846605,5.704005,5.846605,2.066964,162000
888,1983-09-20,5.799072,5.799072,5.704005,5.775305,2.041758,215800
889,1983-09-21,5.727772,5.822839,5.727772,5.799072,2.05016,131800
890,1983-09-22,5.751539,5.822839,5.751539,5.799072,2.05016,114800
891,1983-09-23,5.751539,5.822839,5.704005,5.751539,2.033355,150600
892,1983-09-26,5.751539,5.799072,5.727772,5.751539,2.033355,72700
893,1983-09-27,5.751539,5.799072,5.727772,5.775305,2.041758,164300
894,1983-09-28,5.751539,5.775305,5.751539,5.751539,2.033355,54300
895,1983-09-29,5.751539,5.799072,5.751539,5.799072,2.05016,178000
896,1983-09-30,5.751539,5.799072,5.751539,5.751539,2.033355,49600
897,1983-10-03,5.727772,5.727772,5.704005,5.727772,2.024952,377500
898,1983-10-04,5.680239,5.799072,5.680239,5.751539,2.033355,196000
899,1983-10-05,5.704005,5.751539,5.656472,5.680239,2.008147,636000
900,1983-10-06,5.680239,5.704005,5.608939,5.608939,1.9829419999999998,98700
901,1983-10-07,5.680239,5.751539,5.6327050000000005,5.704005,2.01655,456400
902,1983-10-10,5.656472,5.704005,5.656472,5.656472,1.9997470000000002,45900
903,1983-10-11,5.656472,5.680239,5.561405000000001,5.561405000000001,1.9661369999999998,50600
904,1983-10-12,5.561405000000001,5.656472,5.513872,5.561405000000001,1.9661369999999998,126500
905,1983-10-13,5.585172,5.585172,5.5376389999999995,5.585172,1.9745400000000002,35900
906,1983-10-14,5.5376389999999995,5.608939,5.513872,5.561405000000001,1.9661369999999998,63700
907,1983-10-17,5.561405000000001,5.608939,5.561405000000001,5.561405000000001,1.9661369999999998,32400
908,1983-10-18,5.561405000000001,5.608939,5.5376389999999995,5.5376389999999995,1.957734,61900
909,1983-10-19,5.5376389999999995,5.608939,5.418805,5.442572,1.9241259999999998,94400
910,1983-10-20,5.466339,5.561405000000001,5.466339,5.561405000000001,1.9661369999999998,75000
911,1983-10-21,5.561405000000001,5.585172,5.513872,5.5376389999999995,1.957734,56200
912,1983-10-24,5.5376389999999995,5.585172,5.466339,5.466339,1.9325279999999998,158200
913,1983-10-25,5.442572,5.5376389999999995,5.347505,5.513872,1.949332,292700
914,1983-10-26,5.5376389999999995,5.608939,5.513872,5.561405000000001,1.9661369999999998,458800
915,1983-10-27,5.561405000000001,5.561405000000001,5.442572,5.513872,1.949332,69900
916,1983-10-28,5.490105000000001,5.513872,5.490105000000001,5.513872,1.949332,71300
917,1983-10-31,5.513872,5.608939,5.513872,5.608939,1.9829419999999998,77000
918,1983-11-01,5.561405000000001,5.656472,5.561405000000001,5.608939,1.9829419999999998,290000
919,1983-11-02,5.608939,5.680239,5.608939,5.680239,2.008147,45900
920,1983-11-03,5.680239,5.680239,5.585172,5.680239,2.008147,61900
921,1983-11-04,5.585172,5.585172,5.490105000000001,5.513872,1.975785,48200
922,1983-11-07,5.513872,5.585172,5.490105000000001,5.513872,1.975785,33900
923,1983-11-08,5.5376389999999995,5.561405000000001,5.347505,5.513872,1.975785,25900
924,1983-11-09,5.513872,5.561405000000001,5.490105000000001,5.5376389999999995,1.9843009999999999,638700
925,1983-11-10,5.513872,5.585172,5.490105000000001,5.561405000000001,1.9928169999999998,117500
926,1983-11-11,5.513872,5.608939,5.466339,5.513872,1.975785,48600
927,1983-11-14,5.513872,5.608939,5.490105000000001,5.5376389999999995,1.9843009999999999,110500
928,1983-11-15,5.490105000000001,5.585172,5.466339,5.513872,1.975785,112800
929,1983-11-16,5.513872,5.704005,5.513872,5.704005,2.043916,185300
930,1983-11-17,5.656472,5.727772,5.656472,5.727772,2.052432,79300
931,1983-11-18,5.656472,5.704005,5.608939,5.608939,2.00985,107100
932,1983-11-21,5.561405000000001,5.727772,5.466339,5.466339,1.958754,77000
933,1983-11-22,5.490105000000001,5.490105000000001,5.323739,5.371272,1.9246869999999998,103000
934,1983-11-23,5.347505,5.513872,5.347505,5.418805,1.9417209999999998,346800
935,1983-11-25,5.418805,5.490105000000001,5.418805,5.442572,1.950235,78000
936,1983-11-28,5.466339,5.466339,5.347505,5.371272,1.9246869999999998,127500
937,1983-11-29,5.371272,5.466339,5.371272,5.442572,1.950235,92100
938,1983-11-30,5.490105000000001,5.513872,5.395039,5.442572,1.950235,65200
939,1983-12-01,5.418805,5.466339,5.371272,5.418805,1.9417209999999998,72700
940,1983-12-02,5.466339,5.466339,5.371272,5.418805,1.9417209999999998,48200
941,1983-12-05,5.347505,5.371272,5.228672,5.323739,1.9076549999999999,226400
942,1983-12-06,5.347505,5.418805,5.181138,5.228672,1.873589,161200
943,1983-12-07,4.943471,5.133605,4.705804,5.086071,1.8224919999999998,1141500
944,1983-12-08,5.133605,5.1573720000000005,4.967238,5.038538,1.805459,307000
945,1983-12-09,4.991005,5.109838,4.991005,5.086071,1.8224919999999998,143200
946,1983-12-12,5.062305,5.133605,5.014771,5.133605,1.839525,987400
947,1983-12-13,5.086071,5.1573720000000005,5.062305,5.133605,1.839525,216400
948,1983-12-14,5.133605,5.133605,5.062305,5.086071,1.8224919999999998,72700
949,1983-12-15,5.062305,5.086071,5.062305,5.062305,1.813975,129500
950,1983-12-16,5.062305,5.109838,5.062305,5.086071,1.8224919999999998,73700
951,1983-12-19,5.062305,5.109838,5.038538,5.086071,1.8224919999999998,87000
952,1983-12-20,5.062305,5.133605,5.062305,5.086071,1.8224919999999998,197000
953,1983-12-21,5.181138,5.204905,5.133605,5.1573720000000005,1.8480400000000001,180000
954,1983-12-22,5.1573720000000005,5.252438,5.133605,5.252438,1.882106,121400
955,1983-12-23,5.204905,5.228672,5.1573720000000005,5.181138,1.856556,248900
956,1983-12-27,5.299972,5.299972,5.276205,5.299972,1.899138,41200
957,1983-12-28,5.276205,5.418805,5.252438,5.323739,1.9076549999999999,123800
958,1983-12-29,5.323739,5.442572,5.323739,5.418805,1.9417209999999998,155900
959,1983-12-30,5.442572,5.442572,5.395039,5.418805,1.9417209999999998,132200
960,1984-01-03,5.466339,5.490105000000001,5.371272,5.466339,1.958754,288600
961,1984-01-04,5.442572,5.490105000000001,5.418805,5.442572,1.950235,41200
962,1984-01-05,5.395039,5.490105000000001,5.395039,5.442572,1.950235,71700
963,1984-01-06,5.395039,5.442572,5.371272,5.442572,1.950235,112400
964,1984-01-09,5.490105000000001,5.490105000000001,5.371272,5.395039,1.9332029999999998,123800
965,1984-01-10,5.395039,5.442572,5.252438,5.323739,1.9076549999999999,250500
966,1984-01-11,5.252438,5.323739,5.181138,5.252438,1.882106,45300
967,1984-01-12,5.276205,5.371272,5.276205,5.299972,1.899138,138900
968,1984-01-13,5.299972,5.371272,5.299972,5.323739,1.9076549999999999,162000
969,1984-01-16,5.371272,5.513872,5.323739,5.490105000000001,1.967269,98700
970,1984-01-17,5.466339,5.513872,5.442572,5.513872,1.975785,174300
971,1984-01-18,5.490105000000001,5.5376389999999995,5.395039,5.490105000000001,1.967269,143200
972,1984-01-19,5.466339,5.561405000000001,5.418805,5.513872,1.975785,320400
973,1984-01-20,5.490105000000001,5.585172,5.371272,5.466339,1.958754,173300
974,1984-01-23,5.513872,5.5376389999999995,5.371272,5.371272,1.9246869999999998,61900
975,1984-01-24,5.371272,5.5376389999999995,5.371272,5.513872,1.975785,140800
976,1984-01-25,5.513872,5.608939,5.466339,5.513872,1.975785,192300
977,1984-01-26,5.466339,5.513872,5.442572,5.466339,1.958754,123200
978,1984-01-27,5.418805,5.418805,5.299972,5.323739,1.9076549999999999,130800
979,1984-01-30,5.299972,5.371272,5.299972,5.323739,1.9076549999999999,193300
980,1984-01-31,5.299972,5.442572,5.276205,5.395039,1.9332029999999998,110500
981,1984-02-01,5.347505,5.418805,5.323739,5.395039,1.9332029999999998,160200
982,1984-02-02,5.347505,5.371272,5.299972,5.323739,1.9076549999999999,142200
983,1984-02-03,5.323739,5.371272,5.252438,5.252438,1.882106,248900
984,1984-02-06,5.228672,5.276205,5.133605,5.181138,1.856556,412000
985,1984-02-07,5.204905,5.299972,5.133605,5.299972,1.927429,64300
986,1984-02-08,5.299972,5.299972,5.252438,5.252438,1.910143,389300
987,1984-02-09,5.204905,5.228672,5.133605,5.228672,1.9015,117100
988,1984-02-10,5.204905,5.228672,5.133605,5.133605,1.866929,24500
989,1984-02-13,5.133605,5.228672,5.133605,5.228672,1.9015,118500
990,1984-02-14,5.181138,5.228672,5.1573720000000005,5.228672,1.9015,47600
991,1984-02-15,5.181138,5.252438,5.133605,5.133605,1.866929,159600
992,1984-02-16,5.109838,5.133605,5.038538,5.086071,1.8496400000000002,88000
993,1984-02-17,5.086071,5.133605,5.086071,5.133605,1.866929,90300
994,1984-02-21,5.181138,5.204905,5.133605,5.133605,1.866929,80700
995,1984-02-22,5.133605,5.133605,5.133605,5.133605,1.866929,50600
996,1984-02-23,5.133605,5.204905,5.038538,5.133605,1.866929,66600
997,1984-02-24,5.181138,5.276205,5.133605,5.276205,1.9187869999999998,109700
998,1984-02-27,5.1573720000000005,5.181138,5.038538,5.1573720000000005,1.8755709999999999,235800
999,1984-02-28,5.1573720000000005,5.204905,5.109838,5.109838,1.858284,443100
1000,1984-02-29,5.1573720000000005,5.228672,5.109838,5.133605,1.866929,95400
1001,1984-03-01,5.1573720000000005,5.418805,5.1573720000000005,5.418805,1.970646,523000
1002,1984-03-02,5.371272,5.418805,5.299972,5.323739,1.936073,533400
1003,1984-03-05,5.276205,5.323739,5.1573720000000005,5.181138,1.8842139999999998,39200
1004,1984-03-06,5.1573720000000005,5.228672,5.133605,5.1573720000000005,1.8755709999999999,115400
1005,1984-03-07,5.109838,5.1573720000000005,5.086071,5.133605,1.866929,194300
1006,1984-03-08,5.133605,5.1573720000000005,5.109838,5.133605,1.866929,44300
1007,1984-03-09,5.109838,5.181138,5.109838,5.1573720000000005,1.8755709999999999,21200
1008,1984-03-12,5.109838,5.1573720000000005,5.109838,5.133605,1.866929,30200
1009,1984-03-13,5.133605,5.1573720000000005,5.086071,5.133605,1.866929,57200
1010,1984-03-14,5.181138,5.228672,5.133605,5.1573720000000005,1.8755709999999999,84600
1011,1984-03-15,5.204905,5.204905,5.086071,5.109838,1.858284,27500
1012,1984-03-16,5.133605,5.181138,5.109838,5.181138,1.8842139999999998,15100
1013,1984-03-19,5.133605,5.1573720000000005,5.109838,5.133605,1.866929,38600
1014,1984-03-20,5.109838,5.1573720000000005,5.062305,5.062305,1.8409970000000002,42500
1015,1984-03-21,5.062305,5.109838,5.062305,5.086071,1.8496400000000002,30200
1016,1984-03-22,5.109838,5.133605,4.943471,5.014771,1.823712,243800
1017,1984-03-23,5.014771,5.038538,4.991005,5.014771,1.823712,49600
1018,1984-03-26,5.014771,5.086071,4.991005,5.086071,1.8496400000000002,31600
1019,1984-03-27,5.038538,5.086071,4.991005,5.062305,1.8409970000000002,49600
1020,1984-03-28,5.038538,5.133605,5.038538,5.133605,1.866929,78400
1021,1984-03-29,5.109838,5.109838,5.086071,5.086071,1.8496400000000002,23500
1022,1984-03-30,5.086071,5.109838,5.062305,5.109838,1.858284,96000
1023,1984-04-02,5.109838,5.228672,5.062305,5.181138,1.8842139999999998,484800
1024,1984-04-03,5.133605,5.181138,5.086071,5.086071,1.8496400000000002,98300
1025,1984-04-04,5.133605,5.228672,5.109838,5.133605,1.866929,232800
1026,1984-04-05,5.086071,5.181138,5.086071,5.133605,1.866929,144900
1027,1984-04-06,5.109838,5.133605,5.038538,5.086071,1.8496400000000002,83100
1028,1984-04-09,5.133605,5.181138,5.086071,5.181138,1.8842139999999998,561400
1029,1984-04-10,5.181138,5.252438,5.1573720000000005,5.181138,1.8842139999999998,121800
1030,1984-04-11,5.1573720000000005,5.228672,5.133605,5.204905,1.892857,63300
1031,1984-04-12,5.1573720000000005,5.204905,5.133605,5.181138,1.8842139999999998,381000
1032,1984-04-13,5.133605,5.1573720000000005,5.086071,5.086071,1.8496400000000002,129100
1033,1984-04-16,5.086071,5.133605,5.038538,5.109838,1.858284,91700
1034,1984-04-17,5.062305,5.1573720000000005,5.062305,5.109838,1.858284,84000
1035,1984-04-18,5.086071,5.1573720000000005,5.062305,5.086071,1.8496400000000002,125500
1036,1984-04-19,5.038538,5.086071,5.014771,5.038538,1.832356,134200
1037,1984-04-23,5.038538,5.109838,4.991005,5.014771,1.823712,70900
1038,1984-04-24,5.038538,5.181138,4.991005,5.133605,1.866929,94400
1039,1984-04-25,5.086071,5.252438,5.086071,5.204905,1.892857,89700
1040,1984-04-26,5.1573720000000005,5.228672,5.1573720000000005,5.181138,1.8842139999999998,114400
1041,1984-04-27,5.133605,5.181138,5.086071,5.133605,1.866929,57600
1042,1984-04-30,5.086071,5.1573720000000005,5.086071,5.133605,1.866929,38200
1043,1984-05-01,5.133605,5.204905,5.133605,5.181138,1.8842139999999998,54900
1044,1984-05-02,5.204905,5.276205,5.204905,5.252438,1.910143,55300
1045,1984-05-03,5.252438,5.323739,5.252438,5.276205,1.9187869999999998,598200
1046,1984-05-04,5.252438,5.276205,5.204905,5.228672,1.9015,72700
1047,1984-05-07,5.228672,5.276205,5.204905,5.204905,1.892857,103000
1048,1984-05-08,5.228672,5.276205,5.228672,5.252438,1.910143,54300
1049,1984-05-09,5.252438,5.299972,5.252438,5.252438,1.910143,491500
1050,1984-05-10,5.252438,5.299972,5.252438,5.276205,1.9187869999999998,24500
1051,1984-05-11,5.252438,5.299972,5.252438,5.276205,1.9187869999999998,231100
1052,1984-05-14,5.299972,5.299972,5.252438,5.299972,1.927429,372200
1053,1984-05-15,5.252438,5.276205,5.228672,5.276205,1.9187869999999998,79300
1054,1984-05-16,5.252438,5.395039,5.228672,5.323739,1.936073,734000
1055,1984-05-17,5.228672,5.299972,5.228672,5.276205,1.9187869999999998,173900
1056,1984-05-18,5.252438,5.299972,5.228672,5.299972,1.927429,69900
1057,1984-05-21,5.347505,5.347505,5.252438,5.299972,1.927429,76600
1058,1984-05-22,5.181138,5.276205,5.086071,5.1573720000000005,1.9028759999999998,774400
1059,1984-05-23,5.133605,5.228672,5.133605,5.181138,1.911644,28800
1060,1984-05-24,5.181138,5.276205,5.086071,5.086071,1.876568,123200
1061,1984-05-25,5.038538,5.038538,5.014771,5.014771,1.8502619999999999,65600
1062,1984-05-29,5.014771,5.014771,4.943471,4.943471,1.823954,54900
1063,1984-05-30,4.848404,4.895938,4.705804,4.848404,1.788877,107100
1064,1984-05-31,4.800871,4.848404,4.753337999999999,4.848404,1.788877,103000
1065,1984-06-01,4.848404,4.848404,4.753337999999999,4.800871,1.771339,164300
1066,1984-06-04,4.729571,4.7771040000000005,4.6820379999999995,4.7771040000000005,1.7625709999999999,383600
1067,1984-06-05,4.943471,5.252438,4.895938,5.038538,1.85903,549400
1068,1984-06-06,5.038538,5.181138,5.038538,5.181138,1.911644,289200
1069,1984-06-07,5.204905,5.252438,5.133605,5.204905,1.9204139999999998,215800
1070,1984-06-08,5.228672,5.228672,5.1573720000000005,5.204905,1.9204139999999998,62900
1071,1984-06-11,5.204905,5.204905,5.038538,5.086071,1.876568,142200
1072,1984-06-12,5.014771,5.086071,5.014771,5.038538,1.85903,84600
1073,1984-06-13,5.038538,5.086071,5.014771,5.086071,1.876568,15500
1074,1984-06-14,5.038538,5.109838,5.038538,5.038538,1.85903,91100
1075,1984-06-15,4.991005,5.014771,4.872171,4.919704,1.8151849999999998,149800
1076,1984-06-18,4.848404,4.895938,4.7771040000000005,4.7771040000000005,1.7625709999999999,207000
1077,1984-06-19,4.7771040000000005,4.848404,4.7771040000000005,4.800871,1.771339,146900
1078,1984-06-20,4.753337999999999,4.7771040000000005,4.6820379999999995,4.753337999999999,1.753802,175700
1079,1984-06-21,4.6820379999999995,4.729571,4.6820379999999995,4.705804,1.736264,102400
1080,1984-06-22,4.705804,4.753337999999999,4.705804,4.729571,1.7450330000000003,205000
1081,1984-06-25,4.6820379999999995,4.753337999999999,4.658271,4.6820379999999995,1.727495,78000
1082,1984-06-26,4.6820379999999995,4.729571,4.610738,4.610738,1.7011889999999998,181900
1083,1984-06-27,4.610738,4.634504,4.468138,4.491904,1.657343,497300
1084,1984-06-28,4.563204,4.563204,4.468138,4.491904,1.657343,264200
1085,1984-06-29,4.468138,4.491904,4.396838,4.396838,1.622267,164900
1086,1984-07-02,4.3730709999999995,4.396838,4.254237,4.325537000000001,1.59596,502600
1087,1984-07-03,4.349304,4.420604,4.301771,4.396838,1.622267,366600
1088,1984-07-05,4.396838,4.444371,4.3730709999999995,4.3730709999999995,1.6134979999999999,115400
1089,1984-07-06,4.3730709999999995,4.3730709999999995,4.325537000000001,4.3730709999999995,1.6134979999999999,168600
1090,1984-07-09,4.325537000000001,4.3730709999999995,4.325537000000001,4.3730709999999995,1.6134979999999999,138500
1091,1984-07-10,4.325537000000001,4.420604,4.325537000000001,4.3730709999999995,1.6134979999999999,503200
1092,1984-07-11,4.396838,4.396838,4.349304,4.349304,1.604729,55300
1093,1984-07-12,4.349304,4.420604,4.349304,4.3730709999999995,1.6134979999999999,73700
1094,1984-07-13,4.3730709999999995,4.563204,4.3730709999999995,4.539438,1.674882,396900
1095,1984-07-16,4.563204,4.658271,4.515671,4.539438,1.674882,535300
1096,1984-07-17,4.515671,4.539438,4.420604,4.468138,1.6485740000000002,67000
1097,1984-07-18,4.444371,4.468138,4.230471,4.301771,1.587191,180000
1098,1984-07-19,4.254237,4.254237,4.135404,4.182937,1.5433459999999999,203100
1099,1984-07-20,4.159171,4.159171,4.016571,4.040337,1.490732,68600
1100,1984-07-23,4.040337,4.064104,3.94527,4.040337,1.490732,458400
1101,1984-07-24,4.087871,4.182937,4.087871,4.087871,1.50827,80300
1102,1984-07-25,4.087871,4.087871,3.94527,4.040337,1.490732,194300
1103,1984-07-26,4.016571,4.135404,3.992804,4.087871,1.50827,181300
1104,1984-07-27,3.992804,4.135404,3.94527,4.135404,1.525807,113400
1105,1984-07-30,4.087871,4.135404,4.016571,4.040337,1.490732,66000
1106,1984-07-31,4.064104,4.087871,4.016571,4.016571,1.481962,94000
1107,1984-08-01,4.016571,4.087871,4.016571,4.064104,1.4995,227400
1108,1984-08-02,4.111637,4.159171,4.064104,4.111637,1.517039,373200
1109,1984-08-03,4.159171,4.444371,4.159171,4.396838,1.622267,503600
1110,1984-08-06,4.3730709999999995,4.468138,4.325537000000001,4.349304,1.604729,765400
1111,1984-08-07,4.301771,4.349304,4.254237,4.254237,1.597587,356200
1112,1984-08-08,4.301771,4.301771,4.206704,4.230471,1.588662,452100
1113,1984-08-09,4.206704,4.325537000000001,4.182937,4.254237,1.597587,394000
1114,1984-08-10,4.301771,4.396838,4.278004,4.3730709999999995,1.642212,259500
1115,1984-08-13,4.396838,4.396838,4.325537000000001,4.349304,1.6332879999999999,95000
1116,1984-08-14,4.3730709999999995,4.444371,4.3730709999999995,4.3730709999999995,1.642212,403600
1117,1984-08-15,4.3730709999999995,4.468138,4.3730709999999995,4.444371,1.6689880000000001,295300
1118,1984-08-16,4.468138,4.586971,4.468138,4.563204,1.713613,304700
1119,1984-08-17,4.563204,4.610738,4.468138,4.515671,1.6957630000000001,431800
1120,1984-08-20,4.539438,4.586971,4.491904,4.539438,1.7046880000000002,154500
1121,1984-08-21,4.515671,4.658271,4.515671,4.610738,1.7314650000000003,167600
1122,1984-08-22,4.658271,4.753337999999999,4.610738,4.705804,1.767163,384600
1123,1984-08-23,4.705804,4.753337999999999,4.658271,4.729571,1.7760880000000001,224800
1124,1984-08-24,4.705804,4.800871,4.705804,4.800871,1.802863,365200
1125,1984-08-27,4.753337999999999,4.824637999999999,4.705804,4.705804,1.767163,43900
1126,1984-08-28,4.729571,4.824637999999999,4.729571,4.753337999999999,1.7850139999999999,49600
1127,1984-08-29,4.705804,4.7771040000000005,4.705804,4.729571,1.7760880000000001,204100
1128,1984-08-30,4.729571,4.753337999999999,4.705804,4.705804,1.767163,75600
1129,1984-08-31,4.729571,4.753337999999999,4.658271,4.705804,1.767163,47200
1130,1984-09-04,4.705804,4.753337999999999,4.705804,4.753337999999999,1.7850139999999999,150200
1131,1984-09-05,4.753337999999999,4.753337999999999,4.6820379999999995,4.6820379999999995,1.7582380000000002,68600
1132,1984-09-06,4.6820379999999995,4.753337999999999,4.6820379999999995,4.705804,1.767163,151200
1133,1984-09-07,4.6820379999999995,4.729571,4.6820379999999995,4.729571,1.7760880000000001,57600
1134,1984-09-10,4.6820379999999995,4.7771040000000005,4.6820379999999995,4.753337999999999,1.7850139999999999,205400
1135,1984-09-11,4.729571,4.800871,4.729571,4.7771040000000005,1.793939,135500
1136,1984-09-12,4.705804,4.7771040000000005,4.610738,4.658271,1.749314,177600
1137,1984-09-13,4.658271,4.753337999999999,4.658271,4.729571,1.7760880000000001,36500
1138,1984-09-14,4.705804,4.919704,4.658271,4.919704,1.84749,202700
1139,1984-09-17,4.895938,4.943471,4.848404,4.919704,1.84749,194300
1140,1984-09-18,4.872171,4.967238,4.872171,4.967238,1.8653400000000002,133800
1141,1984-09-19,4.919704,5.014771,4.895938,4.991005,1.874265,181900
1142,1984-09-20,4.848404,4.967238,4.800871,4.967238,1.8653400000000002,509300
1143,1984-09-21,4.872171,4.967238,4.7771040000000005,4.919704,1.84749,457400
1144,1984-09-24,4.872171,4.919704,4.848404,4.872171,1.829639,130400
1145,1984-09-25,4.848404,4.895938,4.824637999999999,4.824637999999999,1.8117889999999999,144500
1146,1984-09-26,4.800871,4.919704,4.800871,4.872171,1.829639,206000
1147,1984-09-27,4.872171,5.014771,4.872171,4.967238,1.8653400000000002,439000
1148,1984-09-28,4.967238,5.086071,4.967238,5.038538,1.8921150000000002,203700
1149,1984-10-01,4.991005,5.086071,4.991005,5.086071,1.909964,168600
1150,1984-10-02,5.062305,5.1573720000000005,5.062305,5.086071,1.909964,386500
1151,1984-10-03,5.109838,5.204905,5.062305,5.204905,1.954591,185300
1152,1984-10-04,5.181138,5.323739,5.181138,5.323739,1.9992150000000002,303700
1153,1984-10-05,5.299972,5.513872,5.299972,5.513872,2.070616,694100
1154,1984-10-08,5.466339,5.513872,5.466339,5.513872,2.070616,198000
1155,1984-10-09,5.513872,5.513872,5.347505,5.490105000000001,2.061691,374200
1156,1984-10-10,5.466339,5.490105000000001,5.371272,5.466339,2.052768,499900
1157,1984-10-11,5.395039,5.466339,5.395039,5.466339,2.052768,244800
1158,1984-10-12,5.442572,5.513872,5.442572,5.513872,2.070616,642600
1159,1984-10-15,5.490105000000001,5.513872,5.323739,5.323739,1.9992150000000002,490500
1160,1984-10-16,5.371272,5.418805,5.204905,5.252438,1.9724400000000002,320000
1161,1984-10-17,5.204905,5.276205,5.133605,5.1573720000000005,1.936741,604800
1162,1984-10-18,5.133605,5.276205,5.133605,5.133605,1.927816,190700
1163,1984-10-19,5.299972,5.323739,5.181138,5.181138,1.945666,354400
1164,1984-10-22,5.204905,5.228672,5.181138,5.204905,1.954591,222100
1165,1984-10-23,5.109838,5.276205,5.086071,5.276205,1.981366,416300
1166,1984-10-24,5.204905,5.323739,5.181138,5.299972,1.990291,192700
1167,1984-10-25,5.276205,5.371272,5.228672,5.228672,1.963514,639300
1168,1984-10-26,5.181138,5.299972,5.181138,5.276205,1.981366,48200
1169,1984-10-29,5.228672,5.347505,5.228672,5.252438,1.9724400000000002,413500
1170,1984-10-30,5.276205,5.323739,5.204905,5.204905,1.954591,1180400
1171,1984-10-31,5.1573720000000005,5.252438,5.133605,5.204905,1.954591,238100
1172,1984-11-01,5.181138,5.252438,5.181138,5.252438,1.9724400000000002,188600
1173,1984-11-02,5.204905,5.252438,5.204905,5.228672,1.963514,69000
1174,1984-11-05,5.204905,5.252438,5.181138,5.228672,1.963514,48200
1175,1984-11-06,5.181138,5.276205,5.181138,5.204905,1.954591,322700
1176,1984-11-07,5.204905,5.252438,5.204905,5.228672,1.963514,104800
1177,1984-11-08,5.276205,5.490105000000001,5.252438,5.371272,2.017066,1151900
1178,1984-11-09,5.418805,5.466339,5.323739,5.371272,2.017066,124200
1179,1984-11-12,5.347505,5.418805,5.347505,5.347505,2.008142,252800
1180,1984-11-13,5.299972,5.323739,5.299972,5.323739,2.028058,398300
1181,1984-11-14,5.299972,5.371272,5.299972,5.371272,2.0461650000000002,138900
1182,1984-11-15,5.276205,5.371272,5.276205,5.347505,2.037112,442100
1183,1984-11-16,5.299972,5.323739,5.181138,5.181138,1.9737349999999998,96000
1184,1984-11-19,5.181138,5.181138,4.991005,4.991005,1.901305,110500
1185,1984-11-20,4.991005,5.038538,4.967238,5.038538,1.919413,36500
1186,1984-11-21,5.038538,5.133605,5.014771,5.109838,1.9465729999999999,1064700
1187,1984-11-23,5.109838,5.109838,5.062305,5.086071,1.9375189999999998,24500
1188,1984-11-26,5.086071,5.133605,5.014771,5.038538,1.919413,192700
1189,1984-11-27,5.014771,5.062305,5.014771,5.038538,1.919413,87000
1190,1984-11-28,5.014771,5.109838,5.014771,5.038538,1.919413,159600
1191,1984-11-29,5.014771,5.086071,5.014771,5.062305,1.928466,141200
1192,1984-11-30,5.062305,5.086071,5.062305,5.086071,1.9375189999999998,58000
1193,1984-12-03,5.038538,5.062305,5.038538,5.062305,1.928466,69000
1194,1984-12-04,5.014771,5.086071,4.991005,5.038538,1.919413,79300
1195,1984-12-05,5.038538,5.109838,5.014771,5.038538,1.919413,45900
1196,1984-12-06,5.038538,5.109838,5.038538,5.062305,1.928466,90300
1197,1984-12-07,5.062305,5.109838,4.991005,5.062305,1.928466,98700
1198,1984-12-10,5.038538,5.038538,4.967238,4.991005,1.901305,113400
1199,1984-12-11,4.967238,5.062305,4.967238,4.991005,1.901305,49600
1200,1984-12-12,4.967238,5.038538,4.967238,5.038538,1.919413,88700
1201,1984-12-13,4.991005,5.038538,4.967238,4.967238,1.892251,127500
1202,1984-12-14,4.943471,4.943471,4.872171,4.895938,1.8650900000000001,192300
1203,1984-12-17,4.895938,4.895938,4.705804,4.824637999999999,1.8379279999999998,81700
1204,1984-12-18,4.7771040000000005,4.800871,4.658271,4.753337999999999,1.8107659999999999,109100
1205,1984-12-19,4.705804,4.7771040000000005,4.705804,4.729571,1.801712,104400
1206,1984-12-20,4.705804,4.729571,4.634504,4.658271,1.7745509999999998,133200
1207,1984-12-21,4.610738,4.658271,4.586971,4.658271,1.7745509999999998,266900
1208,1984-12-24,4.634504,4.634504,4.515671,4.586971,1.7473900000000002,44900
1209,1984-12-26,4.539438,4.586971,4.539438,4.563204,1.738335,66000
1210,1984-12-27,4.515671,4.658271,4.515671,4.563204,1.738335,144900
1211,1984-12-28,4.539438,4.586971,4.539438,4.563204,1.738335,98700
1212,1984-12-31,4.539438,4.610738,4.539438,4.563204,1.738335,78000
1213,1985-01-02,4.563204,4.6820379999999995,4.563204,4.658271,1.7745509999999998,112400
1214,1985-01-03,4.658271,4.824637999999999,4.658271,4.7771040000000005,1.8198189999999999,138900
1215,1985-01-04,4.824637999999999,4.824637999999999,4.729571,4.729571,1.801712,107700
1216,1985-01-07,4.753337999999999,4.800871,4.6820379999999995,4.6820379999999995,1.7836040000000002,231100
1217,1985-01-08,4.6820379999999995,4.753337999999999,4.6820379999999995,4.729571,1.801712,98300
1218,1985-01-09,4.753337999999999,4.824637999999999,4.753337999999999,4.824637999999999,1.8379279999999998,87400
1219,1985-01-10,4.7771040000000005,4.872171,4.7771040000000005,4.872171,1.8560349999999999,97700
1220,1985-01-11,4.848404,4.848404,4.6820379999999995,4.800871,1.828873,100100
1221,1985-01-14,4.800871,4.848404,4.753337999999999,4.848404,1.8469810000000002,154900
1222,1985-01-15,4.848404,5.109838,4.848404,5.062305,1.928466,542000
1223,1985-01-16,5.109838,5.204905,5.086071,5.1573720000000005,1.964682,285300
1224,1985-01-17,5.228672,5.299972,5.228672,5.252438,2.000896,181300
1225,1985-01-18,5.228672,5.252438,5.1573720000000005,5.181138,1.9737349999999998,79300
1226,1985-01-21,5.181138,5.276205,5.1573720000000005,5.276205,2.00995,317400
1227,1985-01-22,5.276205,5.276205,5.086071,5.133605,1.955628,286900
1228,1985-01-23,5.1573720000000005,5.775305,5.109838,5.276205,2.00995,2392900
1229,1985-01-24,5.252438,5.323739,5.228672,5.252438,2.000896,240100
1230,1985-01-25,5.228672,5.323739,5.228672,5.228672,1.991842,571200
1231,1985-01-28,5.228672,5.299972,5.181138,5.276205,2.00995,61300
1232,1985-01-29,5.252438,5.371272,5.252438,5.371272,2.0461650000000002,268300
1233,1985-01-30,5.323739,5.371272,5.252438,5.371272,2.0461650000000002,292000
1234,1985-01-31,5.395039,5.442572,5.347505,5.442572,2.073326,460700
1235,1985-02-01,5.395039,5.442572,5.371272,5.418805,2.064274,217800
1236,1985-02-04,5.395039,5.561405000000001,5.395039,5.5376389999999995,2.109543,327400
1237,1985-02-05,5.490105000000001,5.561405000000001,5.442572,5.466339,2.082382,440400
1238,1985-02-06,5.418805,5.561405000000001,5.395039,5.513872,2.1301229999999998,203100
1239,1985-02-07,5.490105000000001,5.513872,5.442572,5.466339,2.1117619999999997,183300
1240,1985-02-08,5.466339,5.513872,5.442572,5.442572,2.102578,52300
1241,1985-02-11,5.442572,5.490105000000001,5.442572,5.466339,2.1117619999999997,226800
1242,1985-02-12,5.418805,5.490105000000001,5.418805,5.490105000000001,2.120942,104800
1243,1985-02-13,5.466339,5.513872,5.442572,5.513872,2.1301229999999998,461100
1244,1985-02-14,5.513872,5.585172,5.513872,5.561405000000001,2.148487,135500
1245,1985-02-15,5.513872,5.585172,5.466339,5.513872,2.1301229999999998,117100
1246,1985-02-19,5.466339,5.513872,5.466339,5.513872,2.1301229999999998,60200
1247,1985-02-20,5.513872,5.561405000000001,5.442572,5.561405000000001,2.148487,139800
1248,1985-02-21,5.513872,5.5376389999999995,5.418805,5.513872,2.1301229999999998,64300
1249,1985-02-22,5.513872,5.585172,5.513872,5.561405000000001,2.148487,147900
1250,1985-02-25,5.585172,5.608939,5.5376389999999995,5.585172,2.157669,372800
1251,1985-02-26,5.513872,5.561405000000001,5.513872,5.513872,2.1301229999999998,768700
1252,1985-02-27,5.513872,5.561405000000001,5.442572,5.442572,2.102578,638300
1253,1985-02-28,5.442572,5.490105000000001,5.418805,5.418805,2.093398,89300
1254,1985-03-01,5.418805,5.561405000000001,5.418805,5.513872,2.1301229999999998,435100
1255,1985-03-04,5.561405000000001,5.608939,5.513872,5.608939,2.166851,449800
1256,1985-03-05,5.608939,5.608939,5.513872,5.608939,2.166851,149800
1257,1985-03-06,5.656472,5.727772,5.513872,5.513872,2.1301229999999998,206400
1258,1985-03-07,5.561405000000001,5.704005,5.5376389999999995,5.656472,2.1852139999999998,577400
1259,1985-03-08,5.656472,5.751539,5.6327050000000005,5.727772,2.212758,474800
1260,1985-03-11,5.656472,5.775305,5.608939,5.775305,2.231121,354800
1261,1985-03-12,5.704005,5.846605,5.680239,5.799072,2.240303,752800
1262,1985-03-13,5.751539,5.894139,5.751539,5.870372,2.267848,184300
1263,1985-03-14,5.846605,5.870372,5.775305,5.822839,2.249485,178600
1264,1985-03-15,5.846605,5.870372,5.822839,5.846605,2.258666,201700
1265,1985-03-18,5.799072,5.894139,5.799072,5.894139,2.277029,661000
1266,1985-03-19,5.870372,6.036739,5.870372,5.9179059999999994,2.28621,183300
1267,1985-03-20,5.894139,5.9416720000000005,5.870372,5.894139,2.277029,159600
1268,1985-03-21,5.846605,5.894139,5.822839,5.894139,2.277029,57600
1269,1985-03-22,5.846605,5.846605,5.775305,5.775305,2.231121,272600
1270,1985-03-25,5.775305,5.799072,5.727772,5.751539,2.22194,129100
1271,1985-03-26,5.799072,5.799072,5.608939,5.608939,2.166851,188600
1272,1985-03-27,5.608939,5.6327050000000005,5.561405000000001,5.585172,2.157669,62300
1273,1985-03-28,5.5376389999999995,5.561405000000001,5.513872,5.561405000000001,2.148487,49600
1274,1985-03-29,5.585172,5.608939,5.5376389999999995,5.608939,2.166851,178000
1275,1985-04-01,5.561405000000001,5.608939,5.513872,5.513872,2.1301229999999998,687100
1276,1985-04-02,5.513872,5.5376389999999995,5.490105000000001,5.513872,2.1301229999999998,172300
1277,1985-04-03,5.490105000000001,5.608939,5.490105000000001,5.561405000000001,2.148487,323700
1278,1985-04-04,5.585172,5.6327050000000005,5.561405000000001,5.561405000000001,2.148487,82300
1279,1985-04-08,5.608939,5.656472,5.585172,5.585172,2.157669,62300
1280,1985-04-09,5.585172,5.6327050000000005,5.585172,5.6327050000000005,2.176032,35900
1281,1985-04-10,5.608939,5.751539,5.608939,5.680239,2.194394,540000
1282,1985-04-11,5.656472,5.727772,5.608939,5.656472,2.1852139999999998,68000
1283,1985-04-12,5.608939,5.751539,5.608939,5.704005,2.203577,224400
1284,1985-04-15,5.751539,5.775305,5.727772,5.775305,2.231121,121800
1285,1985-04-16,5.751539,5.775305,5.704005,5.704005,2.203577,51900
1286,1985-04-17,5.704005,5.727772,5.656472,5.704005,2.203577,39600
1287,1985-04-18,5.704005,5.751539,5.680239,5.704005,2.203577,262600
1288,1985-04-19,5.704005,5.775305,5.704005,5.775305,2.231121,398300
1289,1985-04-22,5.799072,5.846605,5.775305,5.799072,2.240303,466800
1290,1985-04-23,5.870372,5.9416720000000005,5.822839,5.9179059999999994,2.28621,240900
1291,1985-04-24,5.894139,6.012972,5.870372,5.965439,2.304573,444700
1292,1985-04-25,5.9179059999999994,6.060506,5.9179059999999994,6.060506,2.3413009999999996,263600
1293,1985-04-26,6.060506,6.060506,5.9416720000000005,5.965439,2.304573,71700
1294,1985-04-29,5.989205999999999,6.012972,5.9179059999999994,5.989205999999999,2.313755,101100
1295,1985-04-30,5.846605,5.9416720000000005,5.846605,5.846605,2.258666,48200
1296,1985-05-01,5.846605,5.965439,5.846605,5.846605,2.258666,229500
1297,1985-05-02,5.822839,5.9416720000000005,5.822839,5.9416720000000005,2.2953930000000002,76000
1298,1985-05-03,5.894139,5.894139,5.870372,5.894139,2.277029,86000
1299,1985-05-06,5.9416720000000005,5.9416720000000005,5.846605,5.870372,2.267848,521000
1300,1985-05-07,5.846605,5.9179059999999994,5.822839,5.894139,2.277029,58000
1301,1985-05-08,5.9179059999999994,5.9179059999999994,5.775305,5.822839,2.249485,49200
1302,1985-05-09,5.799072,5.799072,5.727772,5.727772,2.212758,131800
1303,1985-05-10,5.727772,5.775305,5.656472,5.704005,2.203577,141200
1304,1985-05-13,5.704005,5.727772,5.6327050000000005,5.656472,2.1852139999999998,88000
1305,1985-05-14,5.680239,5.727772,5.680239,5.680239,2.194394,132200
1306,1985-05-15,5.680239,5.751539,5.680239,5.751539,2.22194,232100
1307,1985-05-16,5.727772,5.775305,5.704005,5.704005,2.203577,63700
1308,1985-05-17,5.656472,5.751539,5.656472,5.680239,2.194394,164300
1309,1985-05-20,5.704005,5.775305,5.6327050000000005,5.656472,2.1852139999999998,91700
1310,1985-05-21,5.656472,5.656472,5.608939,5.656472,2.1852139999999998,54300
1311,1985-05-22,5.6327050000000005,5.656472,5.608939,5.6327050000000005,2.176032,162900
1312,1985-05-23,5.442572,5.513872,5.442572,5.442572,2.1313560000000003,224400
1313,1985-05-24,5.466339,5.585172,5.466339,5.561405000000001,2.177892,107100
1314,1985-05-28,5.585172,5.680239,5.5376389999999995,5.680239,2.224427,118500
1315,1985-05-29,5.585172,5.656472,5.585172,5.6327050000000005,2.205813,325200
1316,1985-05-30,5.680239,5.727772,5.6327050000000005,5.704005,2.233736,305700
1317,1985-05-31,5.704005,5.846605,5.6327050000000005,5.846605,2.2895790000000003,455800
1318,1985-06-03,5.799072,6.060506,5.799072,6.060506,2.373345,386900
1319,1985-06-04,5.989205999999999,6.084272,5.965439,6.084272,2.3826509999999996,363200
1320,1985-06-05,6.036739,6.417006,6.012972,6.179339,2.419879,308000
1321,1985-06-06,6.155572,6.417006,6.036739,6.345706,2.48503,491500
1322,1985-06-07,6.298172,6.298172,6.203106,6.250639,2.4478020000000003,121800
1323,1985-06-10,6.226872,6.250639,6.203106,6.203106,2.429188,226800
1324,1985-06-11,6.131806,6.203106,6.108039,6.155572,2.410575,550400
1325,1985-06-12,6.226872,6.226872,6.084272,6.179339,2.419879,259900
1326,1985-06-13,6.131806,6.155572,6.084272,6.131806,2.401266,84600
1327,1985-06-14,6.131806,6.155572,6.084272,6.108039,2.391959,64300
1328,1985-06-17,6.108039,6.250639,6.108039,6.250639,2.4478020000000003,110500
1329,1985-06-18,6.203106,6.226872,6.131806,6.203106,2.429188,335400
1330,1985-06-19,6.274406,6.274406,6.203106,6.226872,2.438495,127100
1331,1985-06-20,6.274406,6.345706,6.274406,6.3219389999999995,2.475724,233400
1332,1985-06-21,6.298172,6.3219389999999995,6.274406,6.298172,2.466417,252200
1333,1985-06-24,6.250639,6.298172,6.203106,6.203106,2.429188,179600
1334,1985-06-25,6.203106,6.274406,6.203106,6.226872,2.438495,240900
1335,1985-06-26,6.203106,6.274406,6.203106,6.250639,2.4478020000000003,49600
1336,1985-06-27,6.274406,6.369473,6.250639,6.369473,2.494339,120800
1337,1985-06-28,6.345706,6.488306,6.179339,6.417006,2.512953,287700
1338,1985-07-01,6.369473,6.393239,6.3219389999999995,6.3219389999999995,2.475724,156300
1339,1985-07-02,6.345706,6.369473,6.274406,6.3219389999999995,2.475724,570400
1340,1985-07-03,6.369473,6.393239,6.3219389999999995,6.3219389999999995,2.475724,107100
1341,1985-07-05,6.345706,6.488306,6.345706,6.417006,2.512953,233400
1342,1985-07-08,6.369473,6.393239,6.298172,6.369473,2.494339,119100
1343,1985-07-09,6.369473,6.369473,6.274406,6.274406,2.4571099999999997,266500
1344,1985-07-10,6.226872,6.3219389999999995,6.179339,6.274406,2.4571099999999997,356200
1345,1985-07-11,6.369473,6.654673,6.369473,6.654673,2.606025,621300
1346,1985-07-12,6.844807,7.03494,6.797273,6.987407000000001,2.736326,2101400
1347,1985-07-15,6.9398729999999995,7.011172999999999,6.749739999999999,6.987407000000001,2.736326,618100
1348,1985-07-16,6.96364,7.03494,6.9398729999999995,6.987407000000001,2.736326,769700
1349,1985-07-17,6.987407000000001,7.03494,6.916107000000001,6.96364,2.727018,334100
1350,1985-07-18,6.96364,6.987407000000001,6.844807,6.844807,2.680483,746000
1351,1985-07-19,6.844807,6.892339999999999,6.797273,6.844807,2.680483,370500
1352,1985-07-22,6.9398729999999995,6.96364,6.702205999999999,6.702205999999999,2.624638,189000
1353,1985-07-23,6.654673,6.702205999999999,6.512073,6.559606,2.568794,316400
1354,1985-07-24,6.583373,6.702205999999999,6.53584,6.702205999999999,2.624638,245200
1355,1985-07-25,6.844807,6.868573,6.749739999999999,6.773505999999999,2.652561,316400
1356,1985-07-26,6.725973,6.725973,6.654673,6.654673,2.606025,132200
1357,1985-07-29,6.607139999999999,6.607139999999999,6.417006,6.440773,2.5222580000000003,954300
1358,1985-07-30,6.46454,6.46454,6.393239,6.417006,2.512953,224800
1359,1985-07-31,6.46454,6.46454,6.417006,6.417006,2.512953,81300
1360,1985-08-01,6.46454,6.46454,6.369473,6.369473,2.494339,324100
1361,1985-08-02,6.393239,6.417006,6.345706,6.369473,2.494339,502000
1362,1985-08-05,6.417006,6.417006,6.369473,6.417006,2.512953,178600
1363,1985-08-06,6.226872,6.345706,6.179339,6.226872,2.467741,926500
1364,1985-08-07,6.203106,6.226872,6.131806,6.179339,2.448902,110100
1365,1985-08-08,6.203106,6.274406,6.179339,6.226872,2.467741,235200
1366,1985-08-09,6.226872,6.250639,6.203106,6.203106,2.458323,68600
1367,1985-08-12,6.155572,6.179339,6.131806,6.155572,2.439485,111100
1368,1985-08-13,6.131806,6.155572,6.084272,6.084272,2.4112270000000002,45900
1369,1985-08-14,6.131806,6.131806,5.989205999999999,6.036739,2.3923900000000002,268900
1370,1985-08-15,6.060506,6.060506,5.989205999999999,6.060506,2.401809,62300
1371,1985-08-16,6.060506,6.084272,6.012972,6.036739,2.3923900000000002,146500
1372,1985-08-19,6.036739,6.131806,6.012972,6.131806,2.4300650000000004,107700
1373,1985-08-20,6.108039,6.155572,6.084272,6.084272,2.4112270000000002,56600
1374,1985-08-21,6.084272,6.226872,6.084272,6.179339,2.448902,766000
1375,1985-08-22,6.226872,6.226872,6.084272,6.203106,2.458323,137500
1376,1985-08-23,6.108039,6.131806,6.084272,6.131806,2.4300650000000004,74600
1377,1985-08-26,6.131806,6.131806,6.084272,6.084272,2.4112270000000002,103400
1378,1985-08-27,6.108039,6.131806,6.084272,6.084272,2.4112270000000002,88000
1379,1985-08-28,6.084272,6.512073,6.084272,6.512073,2.580767,1106800
1380,1985-08-29,6.488306,6.6309059999999995,6.46454,6.6309059999999995,2.6278599999999996,192700
1381,1985-08-30,6.607139999999999,6.607139999999999,6.46454,6.46454,2.561929,182300
1382,1985-09-03,6.46454,6.512073,6.417006,6.488306,2.571349,138900
1383,1985-09-04,6.488306,6.53584,6.46454,6.512073,2.580767,128500
1384,1985-09-05,6.46454,6.53584,6.46454,6.46454,2.561929,154900
1385,1985-09-06,6.512073,6.559606,6.417006,6.417006,2.543091,104000
1386,1985-09-09,6.369473,6.46454,6.369473,6.417006,2.543091,130400
1387,1985-09-10,6.417006,6.440773,6.345706,6.393239,2.533672,93000
1388,1985-09-11,6.369473,6.417006,6.3219389999999995,6.3219389999999995,2.505416,159200
1389,1985-09-12,6.274406,6.3219389999999995,6.203106,6.3219389999999995,2.505416,45300
1390,1985-09-13,6.369473,6.440773,6.3219389999999995,6.345706,2.5148349999999997,179000
1391,1985-09-16,6.345706,6.393239,6.345706,6.369473,2.524255,17100
1392,1985-09-17,6.393239,6.417006,6.369473,6.417006,2.543091,375200
1393,1985-09-18,6.369473,6.393239,6.298172,6.298172,2.495997,102400
1394,1985-09-19,6.369473,6.393239,6.298172,6.369473,2.524255,261200
1395,1985-09-20,6.369473,6.417006,6.3219389999999995,6.369473,2.524255,128500
1396,1985-09-23,6.369473,6.417006,6.3219389999999995,6.369473,2.524255,51500
1397,1985-09-24,6.345706,6.369473,6.298172,6.3219389999999995,2.505416,81300
1398,1985-09-25,6.298172,6.3219389999999995,6.226872,6.274406,2.486579,432700
1399,1985-09-26,6.298172,6.345706,6.226872,6.345706,2.5148349999999997,53300
1400,1985-09-30,6.274406,6.369473,6.274406,6.345706,2.5148349999999997,499900
1401,1985-10-01,6.369473,6.46454,6.345706,6.417006,2.543091,298600
1402,1985-10-02,6.46454,6.512073,6.440773,6.46454,2.561929,197400
1403,1985-10-03,6.393239,6.46454,6.369473,6.393239,2.533672,109100
1404,1985-10-04,6.369473,6.393239,6.3219389999999995,6.369473,2.524255,56600
1405,1985-10-07,6.345706,6.369473,6.3219389999999995,6.3219389999999995,2.505416,70900
1406,1985-10-08,6.298172,6.3219389999999995,6.274406,6.3219389999999995,2.505416,96800
1407,1985-10-09,6.274406,6.3219389999999995,6.274406,6.274406,2.486579,430000
1408,1985-10-10,6.203106,6.369473,6.203106,6.345706,2.5148349999999997,113400
1409,1985-10-11,6.274406,6.345706,6.274406,6.3219389999999995,2.505416,198000
1410,1985-10-14,6.250639,6.3219389999999995,6.226872,6.226872,2.467741,94400
1411,1985-10-15,6.131806,6.226872,6.131806,6.155572,2.439485,57600
1412,1985-10-16,6.108039,6.345706,6.084272,6.345706,2.5148349999999997,525900
1413,1985-10-17,6.274406,6.654673,6.274406,6.607139999999999,2.618442,515700
1414,1985-10-18,6.559606,6.821039999999999,6.559606,6.702205999999999,2.656118,679400
1415,1985-10-21,6.654673,6.749739999999999,6.607139999999999,6.678439999999999,2.6466979999999998,140800
1416,1985-10-22,6.583373,6.607139999999999,6.488306,6.559606,2.5996029999999997,310400
1417,1985-10-23,6.53584,6.583373,6.53584,6.583373,2.609022,90300
1418,1985-10-24,6.53584,6.559606,6.512073,6.512073,2.580767,59600
1419,1985-10-25,6.559606,6.583373,6.440773,6.512073,2.580767,725000
1420,1985-10-28,6.512073,6.6309059999999995,6.488306,6.6309059999999995,2.6278599999999996,189000
1421,1985-10-29,6.678439999999999,6.844807,6.654673,6.725973,2.6655349999999998,503200
1422,1985-10-30,6.773505999999999,6.821039999999999,6.725973,6.749739999999999,2.674954,91100
1423,1985-10-31,6.797273,6.821039999999999,6.749739999999999,6.773505999999999,2.684374,176300
1424,1985-11-01,6.797273,6.892339999999999,6.773505999999999,6.844807,2.712631,539200
1425,1985-11-04,6.844807,6.916107000000001,6.844807,6.844807,2.712631,99700
1426,1985-11-05,6.844807,6.916107000000001,6.797273,6.844807,2.712631,162000
1427,1985-11-06,6.821039999999999,6.892339999999999,6.797273,6.797273,2.693793,970000
1428,1985-11-07,6.844807,6.844807,6.797273,6.844807,2.712631,43900
1429,1985-11-08,6.821039999999999,6.916107000000001,6.821039999999999,6.868573,2.722049,187000
1430,1985-11-11,6.868573,6.987407000000001,6.844807,6.96364,2.7597240000000003,185300
1431,1985-11-12,6.987407000000001,6.987407000000001,6.892339999999999,6.916107000000001,2.740886,488500
1432,1985-11-13,6.821039999999999,6.821039999999999,6.773505999999999,6.821039999999999,2.733266,41200
1433,1985-11-14,6.797273,6.844807,6.773505999999999,6.821039999999999,2.733266,221100
1434,1985-11-15,6.797273,6.96364,6.797273,6.916107000000001,2.771361,340100
1435,1985-11-18,6.868573,6.916107000000001,6.821039999999999,6.892339999999999,2.761837,152200
1436,1985-11-19,6.868573,6.892339999999999,6.844807,6.844807,2.742791,249900
1437,1985-11-20,6.797273,6.916107000000001,6.773505999999999,6.892339999999999,2.761837,517900
1438,1985-11-21,6.844807,6.868573,6.773505999999999,6.844807,2.742791,491500
1439,1985-11-22,6.821039999999999,6.916107000000001,6.821039999999999,6.892339999999999,2.761837,114800
1440,1985-11-25,6.868573,6.892339999999999,6.749739999999999,6.773505999999999,2.71422,618900
1441,1985-11-26,6.797273,6.987407000000001,6.797273,6.987407000000001,2.799932,439000
1442,1985-11-27,7.03494,7.130007000000001,7.011172999999999,7.058707000000001,2.828503,620900
1443,1985-11-29,7.011172999999999,7.10624,6.987407000000001,7.10624,2.8475479999999997,211100
1444,1985-12-02,7.10624,7.130007000000001,7.011172999999999,7.03494,2.818979,138900
1445,1985-12-03,7.082472999999999,7.10624,6.987407000000001,7.058707000000001,2.828503,85400
1446,1985-12-04,7.03494,7.10624,7.03494,7.082472999999999,2.838025,128500
1447,1985-12-05,7.10624,7.225072999999999,7.03494,7.201307000000001,2.885643,361500
1448,1985-12-06,7.225072999999999,7.225072999999999,7.130007000000001,7.153772999999999,2.866596,312300
1449,1985-12-09,7.130007000000001,7.201307000000001,7.130007000000001,7.153772999999999,2.866596,584100
1450,1985-12-10,7.153772999999999,7.391439999999999,7.130007000000001,7.367673,2.9523099999999998,930000
1451,1985-12-11,7.4152070000000005,7.4865070000000005,7.153772999999999,7.4865070000000005,2.999927,971100
1452,1985-12-12,7.4865070000000005,7.4865070000000005,7.296373,7.367673,2.9523099999999998,1106200
1453,1985-12-13,7.391439999999999,7.438974000000001,7.296373,7.438974000000001,2.9808790000000003,420400
1454,1985-12-16,7.462739999999999,7.462739999999999,7.272607000000001,7.343907000000001,2.942786,586200
1455,1985-12-17,7.320139999999999,7.367673,7.225072999999999,7.367673,2.9523099999999998,489900
1456,1985-12-18,7.367673,7.367673,7.2488399999999995,7.296373,2.923737,215000
1457,1985-12-19,7.296373,7.343907000000001,7.296373,7.343907000000001,2.942786,264200
1458,1985-12-20,7.391439999999999,7.4152070000000005,7.201307000000001,7.320139999999999,2.933262,754000
1459,1985-12-23,7.272607000000001,7.320139999999999,7.130007000000001,7.17754,2.876121,453500
1460,1985-12-24,7.130007000000001,7.17754,6.987407000000001,7.058707000000001,2.828503,214000
1461,1985-12-26,7.082472999999999,7.153772999999999,6.987407000000001,7.03494,2.818979,436800
1462,1985-12-27,7.03494,7.130007000000001,7.03494,7.130007000000001,2.857072,248900
1463,1985-12-30,7.082472999999999,7.130007000000001,7.011172999999999,7.058707000000001,2.828503,147500
1464,1985-12-31,7.130007000000001,7.272607000000001,7.058707000000001,7.10624,2.8475479999999997,515000
1465,1986-01-02,7.082472999999999,7.17754,7.082472999999999,7.153772999999999,2.866596,175300
1466,1986-01-03,7.10624,7.367673,7.10624,7.367673,2.9523099999999998,272600
1467,1986-01-06,7.320139999999999,7.4865070000000005,7.320139999999999,7.4865070000000005,2.999927,662000
1468,1986-01-07,7.4865070000000005,7.557807,7.438974000000001,7.510274000000001,3.00945,393200
1469,1986-01-08,7.510274000000001,7.605339999999999,7.462739999999999,7.462739999999999,2.9904040000000003,1002100
1470,1986-01-09,7.438974000000001,7.438974000000001,7.4152070000000005,7.438974000000001,2.9808790000000003,444700
1471,1986-01-10,7.438974000000001,7.4865070000000005,7.438974000000001,7.438974000000001,2.9808790000000003,536300
1472,1986-01-13,7.438974000000001,7.510274000000001,7.391439999999999,7.510274000000001,3.00945,138900
1473,1986-01-14,7.557807,7.629107,7.557807,7.605339999999999,3.047543,567800
1474,1986-01-15,7.652874000000001,8.223274,7.629107,8.009375,3.209446,1185700
1475,1986-01-16,7.985608,8.033141,7.7241740000000005,7.7241740000000005,3.0951619999999997,688200
1476,1986-01-17,7.7954740000000005,7.843008,7.747941,7.819241000000001,3.133257,293900
1477,1986-01-20,7.819241000000001,8.009375,7.747941,7.938074,3.180875,433300
1478,1986-01-21,7.7954740000000005,7.7954740000000005,7.557807,7.676641,3.076117,908500
1479,1986-01-22,7.581574000000001,7.581574000000001,7.320139999999999,7.391439999999999,2.961834,1137800
1480,1986-01-23,7.438974000000001,7.438974000000001,7.225072999999999,7.272607000000001,2.914215,924200
1481,1986-01-24,7.320139999999999,7.343907000000001,7.153772999999999,7.2488399999999995,2.904692,1150100
1482,1986-01-27,7.2488399999999995,7.2488399999999995,6.749739999999999,6.987407000000001,2.799932,2099300
1483,1986-01-28,6.96364,7.058707000000001,6.9398729999999995,6.96364,2.790409,678100
1484,1986-01-29,6.96364,7.17754,6.96364,7.153772999999999,2.866596,335000
1485,1986-01-30,7.201307000000001,7.225072999999999,6.916107000000001,6.916107000000001,2.771361,481900
1486,1986-01-31,6.96364,7.201307000000001,6.9398729999999995,7.130007000000001,2.857072,793800
1487,1986-02-03,7.153772999999999,7.296373,7.10624,7.225072999999999,2.8951689999999997,485200
1488,1986-02-04,7.17754,7.272607000000001,7.082472999999999,7.225072999999999,2.8951689999999997,1082000
1489,1986-02-05,7.17754,7.201307000000001,7.10624,7.10624,2.8475479999999997,491900
1490,1986-02-06,7.153772999999999,7.17754,7.10624,7.153772999999999,2.866596,470500
1491,1986-02-07,7.011172999999999,7.10624,6.892339999999999,7.011172999999999,2.839642,477800
1492,1986-02-10,7.011172999999999,7.201307000000001,7.011172999999999,7.17754,2.907025,403600
1493,1986-02-11,7.17754,7.391439999999999,7.130007000000001,7.367673,2.984033,1570800
1494,1986-02-12,7.391439999999999,7.652874000000001,7.320139999999999,7.652874000000001,3.099543,1702800
1495,1986-02-13,7.652874000000001,7.843008,7.605339999999999,7.843008,3.176549,1447300
1496,1986-02-14,7.961841000000001,8.056908,7.843008,8.033141,3.253556,1726500
1497,1986-02-18,8.009375,8.009375,7.866774,7.938074,3.2150529999999997,640300
1498,1986-02-19,7.914308,8.009375,7.890541000000001,7.985608,3.234305,728200
1499,1986-02-20,7.938074,8.080674,7.914308,8.056908,3.263182,537700
1500,1986-02-21,8.175741,8.270808,8.128207000000002,8.247041000000001,3.34019,885000
1501,1986-02-24,8.413408,8.674842,8.365874,8.556008,3.465326,2613600
1502,1986-02-25,8.556008,8.627308,8.460941,8.556008,3.465326,2701900
1503,1986-02-26,8.603541,8.603541,8.460941,8.484708,3.43645,1237800
1504,1986-02-27,8.532242,8.532242,8.247041000000001,8.294575,3.3594410000000003,608700
1505,1986-02-28,8.247041000000001,8.247041000000001,8.151975,8.223274,3.330564,287700
1506,1986-03-03,8.175741,8.247041000000001,8.151975,8.223274,3.330564,542000
1507,1986-03-04,8.223274,8.270808,8.175741,8.199508,3.320938,937500
1508,1986-03-05,8.175741,8.199508,8.128207000000002,8.151975,3.3016870000000003,900100
1509,1986-03-06,8.128207000000002,8.175741,7.938074,8.033141,3.253556,1130700
1510,1986-03-07,7.985608,8.033141,7.985608,8.033141,3.253556,555700
1511,1986-03-10,8.033141,8.056908,7.985608,8.056908,3.263182,391200
1512,1986-03-11,8.009375,8.318341,7.985608,8.247041000000001,3.34019,1022200
1513,1986-03-12,8.270808,8.460941,8.223274,8.413408,3.4075699999999998,884000
1514,1986-03-13,8.365874,8.460941,8.318341,8.389641000000001,3.3979470000000003,731900
1515,1986-03-14,8.460941,8.722375,8.413408,8.603541,3.484579,1119900
1516,1986-03-17,8.579775,8.698608,8.579775,8.627308,3.4942050000000004,335400
1517,1986-03-18,8.603541,8.888741,8.579775,8.817442,3.571212,390400
1518,1986-03-19,8.793675,8.793675,8.674842,8.722375,3.5327089999999997,1331400
1519,1986-03-20,8.722375,8.841208,8.722375,8.722375,3.5327089999999997,516300
1520,1986-03-21,8.698608,8.936275,8.674842,8.912508,3.609715,1186900
1521,1986-03-24,8.912508,9.221476,8.888741,9.173942,3.7156010000000004,2545300
1522,1986-03-25,10.12461,10.172143,9.482909,9.886942999999999,4.004379,3171200
1523,1986-03-26,10.077076,10.647477,10.077076,10.386044,4.206523000000001,7715400
1524,1986-03-27,10.40981,10.62371,10.362276,10.504876,4.254652,8467600
1525,1986-03-31,10.314743,10.433577,9.768108999999999,9.791876,3.965874,5202300
1526,1986-04-01,9.126408999999999,9.482909,8.841208,9.459143,3.8311089999999997,8520200
1527,1986-04-02,9.221476,9.506675999999999,9.221476,9.364075999999999,3.792608,4841600
1528,1986-04-03,9.411609,9.459143,9.221476,9.411609,3.81186,2957000
1529,1986-04-04,9.316542,9.387842,9.197709,9.292775,3.763731,2719900
1530,1986-04-07,9.245242,9.292775,9.078876,9.197709,3.725226,844900
1531,1986-04-08,9.173942,9.340309,9.150175,9.292775,3.763731,1352500
1532,1986-04-09,9.340309,9.411609,9.292775,9.316542,3.773357,1011100
1533,1986-04-10,9.364075999999999,9.482909,9.364075999999999,9.482909,3.840736,803200
1534,1986-04-11,9.482909,9.577975,9.435375,9.577975,3.8792410000000004,706600
1535,1986-04-14,9.577975,9.577975,9.530441999999999,9.577975,3.8792410000000004,2373900
1536,1986-04-15,9.554209,9.554209,9.482909,9.530441999999999,3.8599919999999996,712500
1537,1986-04-16,9.577975,9.601742999999999,9.506675999999999,9.554209,3.869619,586800
1538,1986-04-17,9.577975,9.601742999999999,9.530441999999999,9.577975,3.8792410000000004,568800
1539,1986-04-18,9.530441999999999,9.577975,9.482909,9.554209,3.869619,840200
1540,1986-04-21,9.554209,9.649275999999999,9.506675999999999,9.601742999999999,3.888867,1245600
1541,1986-04-22,9.601742999999999,9.673042,9.601742999999999,9.625509,3.8984919999999996,667100
1542,1986-04-23,9.625509,9.649275999999999,9.577975,9.649275999999999,3.908118,532000
1543,1986-04-24,9.673042,9.696809,9.601742999999999,9.696809,3.92737,689800
1544,1986-04-25,9.649275999999999,9.815642,9.649275999999999,9.791876,3.965874,1174600
1545,1986-04-28,9.863176,9.958242,9.839409,9.958242,4.033257,1897200
1546,1986-04-29,9.958242,10.029542999999999,9.958242,10.029542999999999,4.0621339999999995,1064300
1547,1986-04-30,10.005776,10.077076,9.958242,9.98201,4.0428809999999995,1039100
1548,1986-05-01,9.98201,10.005776,9.886942999999999,9.98201,4.0428809999999995,717200
1549,1986-05-02,10.005776,10.433577,10.005776,10.40981,4.216146,1991000
1550,1986-05-05,10.433577,10.62371,10.40981,10.62371,4.3027809999999995,1203500
1551,1986-05-06,10.647477,10.885143,10.647477,10.76631,4.360538,1062200
1552,1986-05-07,10.790077,11.027743,10.742543,10.980210000000001,4.4471680000000005,888700
1553,1986-05-08,10.932677,11.265410000000001,10.932677,11.146577,4.5145480000000004,1274800
1554,1986-05-09,11.170342999999999,11.360477000000001,11.051511,11.312944,4.581931,1364100
1555,1986-05-12,11.336711,11.360477000000001,10.62371,10.932677,4.427919,1333500
1556,1986-05-13,10.861377000000001,10.932677,10.69501,10.813844,4.379789,585600
1557,1986-05-14,10.813844,10.83761,10.55241,10.671244,4.322032,1216300
1558,1986-05-15,10.62371,10.813844,10.599943,10.742543,4.3509139999999995,2012500
1559,1986-05-16,10.718777000000001,10.813844,10.718777000000001,10.742543,4.3509139999999995,471500
1560,1986-05-19,10.742543,10.861377000000001,10.718777000000001,10.861377000000001,4.399041,505600
1561,1986-05-20,10.885143,10.932677,10.813844,10.885143,4.44367,597600
1562,1986-05-21,10.932677,10.980210000000001,10.83761,10.980210000000001,4.482479,471100
1563,1986-05-22,10.980210000000001,11.075277,10.956444,11.027743,4.5018839999999996,245200
1564,1986-05-23,11.051511,11.075277,10.932677,10.956444,4.472779,968000
1565,1986-05-27,11.003977,11.027743,10.908911,10.908911,4.453372,1054700
1566,1986-05-28,10.861377000000001,10.908911,10.599943,10.76631,4.39516,683300
1567,1986-05-29,10.742543,10.76631,10.647477,10.69501,4.366053,1075300
1568,1986-05-30,10.647477,10.671244,10.504876,10.55241,4.3078389999999995,208000
1569,1986-06-02,10.599943,10.599943,10.504876,10.599943,4.327242,375600
1570,1986-06-03,10.576177000000001,10.576177000000001,10.504876,10.576177000000001,4.31754,154900
1571,1986-06-04,10.576177000000001,10.576177000000001,10.338510000000001,10.40981,4.249623000000001,271600
1572,1986-06-05,10.338510000000001,10.386044,10.26721,10.314743,4.210816,1669100
1573,1986-06-06,10.314743,10.386044,10.290977,10.314743,4.210816,1166300
1574,1986-06-09,10.338510000000001,10.457343,10.338510000000001,10.386044,4.239923,710200
1575,1986-06-10,10.433577,10.433577,10.314743,10.386044,4.239923,588200
1576,1986-06-11,10.386044,10.576177000000001,10.386044,10.576177000000001,4.31754,627700
1577,1986-06-12,10.576177000000001,10.576177000000001,10.481110000000001,10.528644,4.298133999999999,248900
1578,1986-06-13,10.576177000000001,10.576177000000001,10.40981,10.433577,4.259327,1131100
1579,1986-06-16,10.457343,10.504876,10.386044,10.40981,4.249623000000001,356800
1580,1986-06-17,10.40981,10.504876,10.40981,10.457343,4.2690269999999995,481500
1581,1986-06-18,10.457343,10.504876,10.338510000000001,10.386044,4.239923,1437100
1582,1986-06-19,10.314743,10.338510000000001,10.26721,10.314743,4.210816,867600
1583,1986-06-20,10.290977,10.362276,10.26721,10.290977,4.201112,982700
1584,1986-06-23,10.26721,10.362276,10.26721,10.290977,4.201112,1058500
1585,1986-06-24,10.338510000000001,10.386044,10.290977,10.338510000000001,4.220515,811200
1586,1986-06-25,10.386044,10.457343,10.362276,10.40981,4.249623000000001,949200
1587,1986-06-26,10.433577,10.433577,10.314743,10.314743,4.210816,729700
1588,1986-06-27,10.314743,10.338510000000001,10.219676,10.26721,4.191411,265500
1589,1986-06-30,10.290977,10.314743,10.219676,10.290977,4.201112,499300
1590,1986-07-01,10.338510000000001,10.528644,10.314743,10.504876,4.288434,524000
1591,1986-07-02,10.528644,10.742543,10.338510000000001,10.742543,4.385459,880300
1592,1986-07-03,10.76631,10.76631,10.62371,10.718777000000001,4.375756,444700
1593,1986-07-07,10.69501,10.718777000000001,10.55241,10.599943,4.327242,682400
1594,1986-07-08,10.504876,10.55241,10.362276,10.457343,4.2690269999999995,1657600
1595,1986-07-09,10.433577,10.457343,10.40981,10.457343,4.2690269999999995,294300
1596,1986-07-10,10.504876,10.504876,10.40981,10.40981,4.249623000000001,318400
1597,1986-07-11,10.40981,10.599943,10.40981,10.55241,4.3078389999999995,529300
1598,1986-07-14,10.599943,10.647477,10.40981,10.433577,4.259327,327400
1599,1986-07-15,10.40981,10.481110000000001,10.386044,10.386044,4.239923,489500
1600,1986-07-16,10.433577,10.55241,10.40981,10.457343,4.2690269999999995,322100
1601,1986-07-17,10.504876,10.576177000000001,10.481110000000001,10.504876,4.288434,302300
1602,1986-07-18,10.457343,10.528644,10.40981,10.457343,4.2690269999999995,100700
1603,1986-07-21,10.40981,10.504876,10.40981,10.457343,4.2690269999999995,208000
1604,1986-07-22,10.504876,10.671244,10.504876,10.528644,4.298133999999999,615600
1605,1986-07-23,10.528644,10.62371,10.528644,10.576177000000001,4.31754,267900
1606,1986-07-24,10.62371,10.647477,10.528644,10.576177000000001,4.31754,229500
1607,1986-07-25,10.481110000000001,10.55241,10.362276,10.40981,4.249623000000001,215000
1608,1986-07-28,10.481110000000001,10.504876,10.314743,10.338510000000001,4.220515,300600
1609,1986-07-29,10.314743,10.362276,10.290977,10.338510000000001,4.220515,2898800
1610,1986-07-30,10.362276,10.457343,10.26721,10.386044,4.239923,732900
1611,1986-07-31,10.457343,10.599943,10.457343,10.55241,4.3078389999999995,778700
1612,1986-08-01,10.504876,10.576177000000001,10.504876,10.528644,4.298133999999999,56600
1613,1986-08-04,10.528644,10.528644,10.314743,10.362276,4.23022,945900
1614,1986-08-05,10.40981,10.504876,10.362276,10.386044,4.239923,2445400
1615,1986-08-06,10.314743,10.386044,10.314743,10.386044,4.239923,1413000
1616,1986-08-07,10.290977,10.362276,10.26721,10.290977,4.236008999999999,482900
1617,1986-08-08,10.26721,10.338510000000001,10.26721,10.290977,4.236008999999999,385200
1618,1986-08-11,10.386044,10.481110000000001,10.338510000000001,10.40981,4.284924,188600
1619,1986-08-12,10.481110000000001,10.481110000000001,10.290977,10.481110000000001,4.314271,207000
1620,1986-08-13,10.457343,10.481110000000001,10.40981,10.433577,4.294708,321700
1621,1986-08-14,10.433577,10.528644,10.40981,10.528644,4.333839,712900
1622,1986-08-15,10.528644,10.55241,10.457343,10.481110000000001,4.314271,442700
1623,1986-08-18,10.504876,10.504876,10.40981,10.504876,4.324054,179000
1624,1986-08-19,10.528644,10.55241,10.457343,10.504876,4.324054,355200
1625,1986-08-20,10.457343,10.504876,10.40981,10.504876,4.324054,366200
1626,1986-08-21,10.504876,10.504876,10.40981,10.504876,4.324054,469300
1627,1986-08-22,10.457343,10.671244,10.457343,10.647477,4.382753,878100
1628,1986-08-25,10.671244,10.83761,10.647477,10.790077,4.441452,294300
1629,1986-08-26,10.790077,11.075277,10.742543,10.980210000000001,4.519715,1217200
1630,1986-08-27,11.122810000000001,11.360477000000001,10.980210000000001,11.217877,4.6175440000000005,807500
1631,1986-08-28,11.170342999999999,11.312944,11.122810000000001,11.170342999999999,4.597976,559000
1632,1986-08-29,11.170342999999999,11.40801,11.146577,11.289177,4.646893,498500
1633,1986-09-02,11.289177,11.384244,11.265410000000001,11.336711,4.666458,392600
1634,1986-09-03,11.289177,11.503078,11.289177,11.40801,4.695807,857000
1635,1986-09-04,11.479311000000001,12.216078,11.431777,11.978411999999999,4.930599,1341400
1636,1986-09-05,11.930878,12.025945,11.550611,11.550611,4.754502,1374900
1637,1986-09-08,11.40801,11.455544,11.360477000000001,11.455544,4.715371,1639000
1638,1986-09-09,11.384244,11.835811999999999,11.384244,11.621911,4.7838519999999995,524400
1639,1986-09-10,11.598145,11.788278,11.598145,11.693211,4.813201,335000
1640,1986-09-11,11.598145,11.621911,11.170342999999999,11.384244,4.6860230000000005,835300
1641,1986-09-12,11.289177,11.40801,11.194111,11.217877,4.6175440000000005,454100
1642,1986-09-15,11.194111,11.241644,11.146577,11.170342999999999,4.597976,324100
1643,1986-09-16,11.170342999999999,11.455544,11.170342999999999,11.40801,4.695807,478700
1644,1986-09-17,11.336711,11.455544,11.289177,11.455544,4.715371,238500
1645,1986-09-18,11.526844,11.526844,11.40801,11.431777,4.705587,279600
1646,1986-09-19,11.431777,11.503078,11.384244,11.431777,4.705587,447000
1647,1986-09-22,11.455544,11.598145,11.40801,11.455544,4.715371,442700
1648,1986-09-23,11.431777,11.550611,11.40801,11.479311000000001,4.725154,743400
1649,1986-09-24,11.479311000000001,11.574378,11.455544,11.574378,4.764288,355800
1650,1986-09-25,11.574378,11.598145,11.455544,11.503078,4.734936,1574900
1651,1986-09-26,11.550611,11.669444,11.503078,11.503078,4.734936,476800
1652,1986-09-29,11.455544,11.455544,11.40801,11.431777,4.705587,307600
1653,1986-09-30,11.479311000000001,11.598145,11.431777,11.526844,4.744719,645400
1654,1986-10-01,11.550611,11.550611,11.455544,11.479311000000001,4.725154,259500
1655,1986-10-02,11.526844,11.550611,11.40801,11.503078,4.734936,179000
1656,1986-10-03,11.550611,11.574378,11.360477000000001,11.40801,4.695807,277900
1657,1986-10-06,11.479311000000001,11.526844,11.40801,11.479311000000001,4.725154,163500
1658,1986-10-07,11.503078,11.574378,11.479311000000001,11.550611,4.754502,863700
1659,1986-10-08,11.503078,11.550611,11.479311000000001,11.526844,4.744719,981700
1660,1986-10-09,11.574378,11.574378,11.455544,11.455544,4.715371,1610800
1661,1986-10-10,11.40801,11.479311000000001,11.360477000000001,11.479311000000001,4.725154,599300
1662,1986-10-13,11.503078,11.526844,11.455544,11.503078,4.734936,146500
1663,1986-10-14,11.455544,11.455544,11.289177,11.360477000000001,4.67624,675700
1664,1986-10-15,11.336711,11.40801,11.336711,11.40801,4.695807,759300
1665,1986-10-16,11.360477000000001,11.40801,11.336711,11.360477000000001,4.67624,185300
1666,1986-10-17,11.384244,11.40801,11.336711,11.40801,4.695807,165900
1667,1986-10-20,11.360477000000001,11.384244,11.336711,11.384244,4.6860230000000005,245800
1668,1986-10-21,11.384244,11.384244,11.312944,11.360477000000001,4.67624,204100
1669,1986-10-22,11.360477000000001,11.360477000000001,10.980210000000001,11.003977,4.529494000000001,2373400
1670,1986-10-23,11.027743,11.075277,10.83761,10.885143,4.480580000000001,1407700
1671,1986-10-24,10.83761,11.003977,10.83761,10.932677,4.500148,421400
1672,1986-10-27,10.932677,11.051511,10.908911,11.051511,4.5490639999999996,310400
1673,1986-10-28,11.027743,11.146577,10.956444,10.956444,4.5099290000000005,570800
1674,1986-10-29,10.932677,11.027743,10.908911,11.027743,4.5392790000000005,292000
1675,1986-10-30,11.027743,11.027743,10.83761,10.885143,4.480580000000001,405300
1676,1986-10-31,10.83761,10.980210000000001,10.83761,10.932677,4.500148,434100
1677,1986-11-03,10.980210000000001,11.003977,10.932677,10.980210000000001,4.519715,1236200
1678,1986-11-04,11.003977,11.003977,10.932677,11.003977,4.529494000000001,275900
1679,1986-11-05,11.003977,11.003977,10.932677,10.956444,4.5099290000000005,166900
1680,1986-11-06,10.76631,10.76631,10.457343,10.647477,4.382753,1161600
1681,1986-11-07,10.576177000000001,10.718777000000001,10.55241,10.69501,4.402318,812800
1682,1986-11-10,10.69501,10.790077,10.647477,10.76631,4.4316699999999996,428000
1683,1986-11-11,10.718777000000001,10.83761,10.647477,10.83761,4.461018,286300
1684,1986-11-12,10.813844,10.908911,10.790077,10.861377000000001,4.4707989999999995,154900
1685,1986-11-13,10.813844,10.83761,10.76631,10.83761,4.461018,340100
1686,1986-11-14,10.83761,10.83761,10.576177000000001,10.83761,4.496516000000001,439400
1687,1986-11-17,10.790077,10.885143,10.671244,10.69501,4.437352,1123700
1688,1986-11-18,10.671244,10.69501,10.599943,10.647477,4.41763,450400
1689,1986-11-19,10.55241,10.599943,10.504876,10.599943,4.397907,1371900
1690,1986-11-20,10.55241,10.69501,10.528644,10.647477,4.41763,240100
1691,1986-11-21,10.69501,10.813844,10.599943,10.742543,4.457071,368900
1692,1986-11-24,10.69501,10.83761,10.647477,10.647477,4.41763,307600
1693,1986-11-25,10.671244,10.76631,10.671244,10.69501,4.437352,394000
1694,1986-11-26,10.742543,10.932677,10.69501,10.932677,4.535956,905400
1695,1986-11-28,10.956444,10.956444,10.885143,10.932677,4.535956,103000
1696,1986-12-01,10.885143,10.956444,10.83761,10.885143,4.516236,495200
1697,1986-12-02,10.932677,10.980210000000001,10.861377000000001,10.932677,4.535956,967600
1698,1986-12-03,10.932677,10.956444,10.885143,10.885143,4.516236,362800
1699,1986-12-04,10.885143,10.980210000000001,10.885143,10.885143,4.516236,373800
1700,1986-12-05,10.861377000000001,10.956444,10.83761,10.908911,4.526097,236800
1701,1986-12-08,10.932677,10.932677,10.885143,10.885143,4.516236,275900
1702,1986-12-09,10.885143,10.932677,10.885143,10.908911,4.526097,244200
1703,1986-12-10,10.932677,11.027743,10.885143,10.980210000000001,4.5556779999999995,402000
1704,1986-12-11,10.956444,11.027743,10.932677,10.956444,4.545819,403600
1705,1986-12-12,10.956444,11.003977,10.932677,10.956444,4.545819,507300
1706,1986-12-15,10.956444,11.003977,10.956444,10.980210000000001,4.5556779999999995,486200
1707,1986-12-16,11.003977,11.194111,11.003977,11.027743,4.575401,845300
1708,1986-12-17,11.027743,11.075277,10.956444,11.027743,4.575401,278300
1709,1986-12-18,11.075277,11.075277,10.956444,11.027743,4.575401,309000
1710,1986-12-19,11.003977,11.075277,10.885143,11.075277,4.595122,1050600
1711,1986-12-22,11.027743,11.051511,10.861377000000001,10.908911,4.526097,1893100
1712,1986-12-23,10.908911,10.908911,10.647477,10.69501,4.437352,843300
1713,1986-12-24,10.69501,10.69501,10.647477,10.647477,4.41763,145900
1714,1986-12-26,10.671244,10.69501,10.647477,10.647477,4.41763,331700
1715,1986-12-29,10.647477,10.76631,10.599943,10.718777000000001,4.44721,626000
1716,1986-12-30,10.718777000000001,10.742543,10.647477,10.671244,4.427489,322700
1717,1986-12-31,10.671244,10.69501,10.599943,10.647477,4.41763,531600
1718,1987-01-02,10.647477,10.742543,10.647477,10.647477,4.41763,312700
1719,1987-01-05,10.647477,10.932677,10.647477,10.885143,4.516236,731300
1720,1987-01-06,10.908911,11.075277,10.885143,10.980210000000001,4.5556779999999995,317000
1721,1987-01-07,10.956444,11.003977,10.83761,10.908911,4.526097,412400
1722,1987-01-08,10.885143,10.885143,10.742543,10.790077,4.476796,268900
1723,1987-01-09,10.790077,10.790077,10.599943,10.671244,4.427489,423700
1724,1987-01-12,10.647477,11.027743,10.647477,11.003977,4.56554,871700
1725,1987-01-13,10.980210000000001,11.122810000000001,10.956444,11.122810000000001,4.614845,904400
1726,1987-01-14,11.170342999999999,11.170342999999999,11.051511,11.099044000000001,4.604987,863300
1727,1987-01-15,11.051511,11.265410000000001,11.051511,11.194111,4.644424,652400
1728,1987-01-16,11.241644,11.265410000000001,11.122810000000001,11.122810000000001,4.614845,539200
1729,1987-01-19,11.051511,11.075277,10.980210000000001,11.027743,4.575401,208400
1730,1987-01-20,11.027743,11.075277,10.885143,10.908911,4.526097,264200
1731,1987-01-21,10.813844,10.932677,10.813844,10.932677,4.535956,284300
1732,1987-01-22,10.885143,10.885143,10.76631,10.76631,4.466934999999999,359500
1733,1987-01-23,10.813844,11.003977,10.718777000000001,10.956444,4.545819,1062600
1734,1987-01-26,10.861377000000001,10.861377000000001,10.576177000000001,10.671244,4.427489,798500
1735,1987-01-27,10.742543,10.980210000000001,10.69501,10.980210000000001,4.5556779999999995,1044200
1736,1987-01-28,11.027743,11.122810000000001,10.956444,11.075277,4.595122,605200
1737,1987-01-29,11.170342999999999,11.194111,11.099044000000001,11.122810000000001,4.614845,427100
1738,1987-01-30,11.122810000000001,11.194111,11.075277,11.099044000000001,4.604987,240500
1739,1987-02-02,11.122810000000001,11.265410000000001,11.075277,11.241644,4.664148,631300
1740,1987-02-03,11.241644,11.336711,11.217877,11.241644,4.664148,375200
1741,1987-02-04,11.241644,11.598145,11.217877,11.598145,4.81206,710600
1742,1987-02-05,11.883345,11.883345,11.455544,11.883345,4.967032,1639000
1743,1987-02-06,11.835811999999999,11.859577999999999,11.693211,11.812044,4.937228,129100
1744,1987-02-09,11.693211,11.859577999999999,11.645678,11.812044,4.937228,281200
1745,1987-02-10,11.764511,11.883345,11.740745,11.835811999999999,4.947164,161600
1746,1987-02-11,11.812044,11.954644,11.788278,11.883345,4.967032,195600
1747,1987-02-12,11.835811999999999,11.907111,11.812044,11.859577999999999,4.957098,101700
1748,1987-02-13,11.812044,12.121012,11.812044,12.002178,5.016701,188600
1749,1987-02-17,11.883345,12.073478,11.835811999999999,12.002178,5.016701,194700
1750,1987-02-18,12.168545,12.263612,12.168545,12.216078,5.106107,725600
1751,1987-02-19,12.192311,12.311145,12.121012,12.311145,5.145846,239500
1752,1987-02-20,12.239844999999999,12.287378,12.192311,12.216078,5.106107,278300
1753,1987-02-23,12.168545,12.168545,11.978411999999999,12.097245,5.056438,368100
1754,1987-02-24,12.097245,12.097245,11.930878,11.930878,4.986898,407700
1755,1987-02-25,11.883345,11.954644,11.835811999999999,11.835811999999999,4.947164,357900
1756,1987-02-26,11.835811999999999,11.883345,11.788278,11.812044,4.937228,227400
1757,1987-02-27,11.859577999999999,11.978411999999999,11.859577999999999,11.883345,4.967032,263600
1758,1987-03-02,11.954644,12.121012,11.930878,12.097245,5.056438,384200
1759,1987-03-03,12.097245,12.239844999999999,12.097245,12.239844999999999,5.116045,258500
1760,1987-03-04,12.073478,12.334911,12.073478,12.287378,5.13591,290600
1761,1987-03-05,12.358678,12.358678,12.287378,12.311145,5.145846,541400
1762,1987-03-06,12.311145,12.691412,12.311145,12.334911,5.155779,182300
1763,1987-03-09,12.287378,12.382445,12.263612,12.382445,5.175648000000001,171000
1764,1987-03-10,12.429978,12.501278999999998,12.429978,12.453745,5.205447,71300
1765,1987-03-11,12.453745,12.525045,12.406212,12.477511,5.215383999999999,105400
1766,1987-03-12,12.477511,12.643879,12.477511,12.643879,5.284922,310400
1767,1987-03-13,12.596345,12.643879,12.548812,12.620111,5.274985,231500
1768,1987-03-16,12.596345,12.643879,12.548812,12.596345,5.265053,184700
1769,1987-03-17,12.358678,12.358678,11.859577999999999,12.168545,5.086237000000001,2060300
1770,1987-03-18,12.168545,12.263612,11.978411999999999,12.002178,5.016701,2001000
1771,1987-03-19,12.097245,12.168545,12.073478,12.121012,5.066374,930000
1772,1987-03-20,12.168545,12.358678,12.144778,12.358678,5.165712,451700
1773,1987-03-23,12.311145,12.311145,12.121012,12.121012,5.066374,375200
1774,1987-03-24,12.097245,12.216078,12.097245,12.121012,5.066374,801400
1775,1987-03-25,12.121012,12.121012,11.978411999999999,12.025945,5.026634,985800
1776,1987-03-26,12.073478,12.073478,11.883345,11.883345,4.967032,331100
1777,1987-03-27,11.788278,11.835811999999999,11.598145,11.621911,4.857756,2129800
1778,1987-03-30,11.312944,11.550611,11.265410000000001,11.360477000000001,4.748482,999500
1779,1987-03-31,11.312944,11.40801,11.265410000000001,11.360477000000001,4.748482,599700
1780,1987-04-01,11.312944,11.40801,11.241644,11.40801,4.768351,160600
1781,1987-04-02,11.455544,11.503078,11.40801,11.431777,4.778283,266500
1782,1987-04-03,11.479311000000001,11.503078,11.40801,11.40801,4.768351,1005400
1783,1987-04-06,11.455544,11.479311000000001,11.360477000000001,11.40801,4.768351,512600
1784,1987-04-07,11.455544,11.669444,11.40801,11.550611,4.827953,454500
1785,1987-04-08,11.574378,11.740745,11.550611,11.645678,4.867689,186000
1786,1987-04-09,11.693211,11.693211,11.431777,11.503078,4.808088,606200
1787,1987-04-10,11.431777,11.479311000000001,11.40801,11.40801,4.768351,368500
1788,1987-04-13,11.360477000000001,11.431777,11.336711,11.360477000000001,4.748482,271200
1789,1987-04-14,11.312944,11.312944,11.217877,11.265410000000001,4.7087449999999995,391600
1790,1987-04-15,11.312944,11.360477000000001,11.241644,11.265410000000001,4.7087449999999995,387900
1791,1987-04-16,11.312944,11.574378,11.312944,11.503078,4.808088,665700
1792,1987-04-20,11.503078,11.693211,11.431777,11.550611,4.827953,780100
1793,1987-04-21,11.550611,11.645678,11.503078,11.645678,4.867689,221500
1794,1987-04-22,11.669444,11.693211,11.503078,11.574378,4.837887,291000
1795,1987-04-23,11.526844,11.526844,11.312944,11.384244,4.758415,327400
1796,1987-04-24,11.336711,11.360477000000001,11.217877,11.241644,4.698812,428000
1797,1987-04-27,11.194111,11.194111,10.956444,11.027743,4.609405000000001,121400
1798,1987-04-28,10.980210000000001,11.122810000000001,10.83761,10.980210000000001,4.589537,1871600
1799,1987-04-29,11.027743,11.099044000000001,10.980210000000001,11.027743,4.609405000000001,302300
1800,1987-04-30,11.075277,11.122810000000001,10.956444,10.980210000000001,4.589537,834500
1801,1987-05-01,11.170342999999999,11.170342999999999,11.027743,11.075277,4.629274,626000
1802,1987-05-04,11.027743,11.075277,10.980210000000001,10.980210000000001,4.589537,607600
1803,1987-05-05,11.003977,11.003977,10.861377000000001,10.980210000000001,4.589537,1122700
1804,1987-05-06,11.075277,11.265410000000001,11.075277,11.265410000000001,4.7087449999999995,729700
1805,1987-05-07,11.289177,11.883345,11.265410000000001,11.740745,4.907426,486200
1806,1987-05-08,11.812044,11.930878,11.693211,11.764511,4.917361,526300
1807,1987-05-11,11.716978,11.930878,11.716978,11.812044,4.937228,544300
1808,1987-05-12,11.788278,11.930878,11.788278,11.835811999999999,4.947164,482900
1809,1987-05-13,11.930878,12.144778,11.883345,11.978411999999999,5.006766000000001,678100
1810,1987-05-14,12.049711,12.358678,12.049711,12.263612,5.1259760000000005,882100
1811,1987-05-15,12.216078,12.216078,12.049711,12.121012,5.066374,597600
1812,1987-05-18,12.049711,12.168545,12.025945,12.144778,5.076303,340700
1813,1987-05-19,12.144778,12.144778,12.049711,12.144778,5.076303,132800
1814,1987-05-20,12.073478,12.073478,11.788278,11.812044,4.937228,411600
1815,1987-05-21,11.788278,11.930878,11.788278,11.883345,4.967032,580200
1816,1987-05-22,11.883345,12.144778,11.883345,12.144778,5.076303,290000
1817,1987-05-26,12.121012,12.192311,12.049711,12.121012,5.102318,232800
1818,1987-05-27,12.073478,12.121012,11.978411999999999,12.073478,5.082307,1074100
1819,1987-05-28,12.073478,12.073478,11.930878,11.954644,5.032287999999999,926500
1820,1987-05-29,11.978411999999999,12.002178,11.907111,11.907111,5.012274,1048900
1821,1987-06-01,11.907111,11.907111,11.835811999999999,11.883345,5.002271,888700
1822,1987-06-02,11.835811999999999,12.002178,11.788278,11.907111,5.012274,946900
1823,1987-06-03,11.954644,11.978411999999999,11.835811999999999,11.883345,5.002271,597600
1824,1987-06-04,11.954644,11.978411999999999,11.883345,11.930878,5.022282,190000
1825,1987-06-05,11.978411999999999,12.025945,11.930878,11.954644,5.032287999999999,630300
1826,1987-06-08,11.883345,12.002178,11.835811999999999,11.930878,5.022282,182900
1827,1987-06-09,11.930878,12.049711,11.930878,11.978411999999999,5.0422910000000005,155500
1828,1987-06-10,11.978411999999999,12.168545,11.930878,12.168545,5.122323000000001,496600
1829,1987-06-11,12.216078,12.358678,12.168545,12.287378,5.172349,397300
1830,1987-06-12,12.382445,12.453745,12.263612,12.287378,5.172349,452700
1831,1987-06-15,12.263612,12.311145,12.025945,12.073478,5.082307,389300
1832,1987-06-16,12.073478,12.073478,11.978411999999999,12.049711,5.072304,197000
1833,1987-06-17,12.025945,12.121012,12.002178,12.049711,5.072304,196000
1834,1987-06-18,12.002178,12.025945,11.954644,11.954644,5.032287999999999,535300
1835,1987-06-19,12.025945,12.121012,12.002178,12.121012,5.102318,144500
1836,1987-06-22,12.121012,12.168545,12.049711,12.073478,5.082307,216800
1837,1987-06-23,12.121012,12.144778,11.740745,11.764511,4.952248,998000
1838,1987-06-24,11.812044,11.978411999999999,11.740745,11.978411999999999,5.0422910000000005,301000
1839,1987-06-25,12.025945,12.073478,11.978411999999999,12.025945,5.062297,167600
1840,1987-06-26,11.978411999999999,12.049711,11.930878,12.049711,5.072304,356800
1841,1987-06-29,12.073478,12.121012,11.978411999999999,12.121012,5.102318,952200
1842,1987-06-30,12.073478,12.144778,12.025945,12.049711,5.072304,90300
1843,1987-07-01,12.025945,12.144778,11.978411999999999,12.121012,5.102318,167600
1844,1987-07-02,12.168545,12.192311,12.049711,12.121012,5.102318,235800
1845,1987-07-06,12.168545,12.192311,12.073478,12.168545,5.122323000000001,123800
1846,1987-07-07,12.192311,12.216078,12.144778,12.216078,5.142336,154900
1847,1987-07-08,12.263612,12.358678,12.216078,12.358678,5.202364,190700
1848,1987-07-09,12.358678,12.453745,12.263612,12.406212,5.222373,251200
1849,1987-07-10,12.406212,12.691412,12.382445,12.691412,5.342425,674700
1850,1987-07-13,12.691412,12.834012,12.596345,12.738945,5.362436,986600
1851,1987-07-14,12.762711999999999,12.762711999999999,12.501278999999998,12.738945,5.362436,466800
1852,1987-07-15,12.691412,12.691412,12.620111,12.643879,5.322418,347800
1853,1987-07-16,12.691412,12.738945,12.643879,12.667645,5.332421,284300
1854,1987-07-17,12.715178,13.119212,12.715178,13.119212,5.522508,567800
1855,1987-07-20,13.071679,13.095446,12.834012,12.834012,5.402455000000001,314700
1856,1987-07-21,12.881545,13.024146,12.786479,12.834012,5.402455000000001,315100
1857,1987-07-22,12.834012,12.857778999999999,12.762711999999999,12.786479,5.382443,294900
1858,1987-07-23,12.762711999999999,12.786479,12.596345,12.786479,5.382443,324100
1859,1987-07-24,12.834012,12.929079,12.834012,12.929079,5.442469,253200
1860,1987-07-27,12.929079,12.929079,12.762711999999999,12.810246000000001,5.39245,332100
1861,1987-07-28,12.834012,12.881545,12.786479,12.786479,5.382443,143200
1862,1987-07-29,12.834012,13.000378999999999,12.810246000000001,12.929079,5.442469,546100
1863,1987-07-30,12.929079,13.071679,12.881545,13.071679,5.502498,262200
1864,1987-07-31,13.024146,13.214279000000001,13.024146,13.119212,5.522508,336800
1865,1987-08-03,13.071679,13.119212,13.024146,13.095446,5.512503,324100
1866,1987-08-04,13.142979,13.166746,13.047913000000001,13.071679,5.502498,280600
1867,1987-08-05,13.000378999999999,13.142979,13.000378999999999,13.071679,5.502498,236800
1868,1987-08-06,13.119212,13.119212,13.047913000000001,13.047913000000001,5.492495,769700
1869,1987-08-07,12.929079,13.000378999999999,12.929079,12.929079,5.478393,203700
1870,1987-08-10,13.000378999999999,13.000378999999999,12.881545,12.929079,5.478393,174900
1871,1987-08-11,12.976612,13.047913000000001,12.881545,12.929079,5.478393,121400
1872,1987-08-12,12.905313,13.000378999999999,12.881545,12.929079,5.478393,400200
1873,1987-08-13,12.929079,12.929079,12.786479,12.786479,5.417972,213100
1874,1987-08-14,12.691412,12.786479,12.691412,12.738945,5.397831,1127800
1875,1987-08-17,12.738945,12.881545,12.738945,12.881545,5.458254,340100
1876,1987-08-18,12.881545,12.976612,12.738945,12.905313,5.468325,1094300
1877,1987-08-19,12.762711999999999,12.881545,12.738945,12.786479,5.417972,440400
1878,1987-08-20,12.786479,12.976612,12.738945,12.929079,5.478393,423700
1879,1987-08-21,12.976612,13.214279000000001,12.929079,13.071679,5.538818,1780500
1880,1987-08-24,13.404411999999999,13.547011999999999,13.356879000000001,13.404411999999999,5.679807,1774300
1881,1987-08-25,13.499479000000001,13.547011999999999,13.42818,13.475713,5.710021,518300
1882,1987-08-26,13.547011999999999,13.642079,13.451946,13.475713,5.710021,829600
1883,1987-08-27,13.404411999999999,13.475713,13.309346,13.380645999999999,5.669736,341100
1884,1987-08-28,13.333113,13.356879000000001,13.285579,13.285579,5.629455999999999,291600
1885,1987-08-31,13.238045999999999,13.333113,13.238045999999999,13.333113,5.649596,192300
1886,1987-09-01,13.404411999999999,13.404411999999999,13.214279000000001,13.214279000000001,5.5992440000000006,282000
1887,1987-09-02,13.119212,13.119212,12.881545,12.881545,5.458254,312700
1888,1987-09-03,12.929079,13.047913000000001,12.857778999999999,12.905313,5.468325,240100
1889,1987-09-04,12.952846000000001,12.952846000000001,12.810246000000001,12.834012,5.438114,211700
1890,1987-09-08,12.738945,12.881545,12.453745,12.501278999999998,5.297123,532000
1891,1987-09-09,12.501278999999998,12.667645,12.477511,12.643879,5.35755,317400
1892,1987-09-10,12.834012,12.834012,12.667645,12.834012,5.438114,164300
1893,1987-09-11,12.881545,13.024146,12.857778999999999,12.905313,5.468325,100100
1894,1987-09-14,12.857778999999999,12.929079,12.857778999999999,12.857778999999999,5.448182,69900
1895,1987-09-15,12.905313,12.929079,12.857778999999999,12.929079,5.478393,88700
1896,1987-09-16,12.881545,12.881545,12.834012,12.834012,5.438114,71300
1897,1987-09-17,12.786479,12.834012,12.643879,12.691412,5.37769,202300
1898,1987-09-18,12.691412,12.738945,12.643879,12.643879,5.35755,174900
1899,1987-09-21,12.643879,12.738945,12.643879,12.643879,5.35755,188000
1900,1987-09-22,12.548812,12.620111,12.501278999999998,12.525045,5.307196,179000
1901,1987-09-23,12.572578,12.643879,12.572578,12.620111,5.347477,414300
1902,1987-09-24,12.572578,12.643879,12.548812,12.620111,5.347477,35500
1903,1987-09-25,12.620111,12.620111,12.501278999999998,12.501278999999998,5.297123,110100
1904,1987-09-28,12.572578,12.620111,12.548812,12.620111,5.347477,239100
1905,1987-09-29,12.620111,12.620111,12.453745,12.453745,5.276981,215000
1906,1987-09-30,12.453745,12.596345,12.406212,12.548812,5.317268,194700
1907,1987-10-01,12.667645,12.667645,12.572578,12.643879,5.35755,154500
1908,1987-10-02,12.643879,12.929079,12.643879,12.857778999999999,5.448182,720700
1909,1987-10-05,12.810246000000001,12.857778999999999,12.738945,12.762711999999999,5.407902,275900
1910,1987-10-06,12.834012,12.834012,12.620111,12.643879,5.35755,123200
1911,1987-10-07,12.596345,12.667645,12.572578,12.667645,5.367619,220100
1912,1987-10-08,12.715178,12.715178,12.453745,12.548812,5.317268,643600
1913,1987-10-09,12.501278999999998,12.501278999999998,12.358678,12.429978,5.266913,245200
1914,1987-10-12,12.311145,12.406212,12.311145,12.334911,5.226632,329900
1915,1987-10-13,12.358678,12.453745,12.358678,12.382445,5.246775,104000
1916,1987-10-14,12.382445,12.453745,12.358678,12.358678,5.236702999999999,97700
1917,1987-10-15,12.287378,12.287378,12.025945,12.168545,5.156134,203700
1918,1987-10-16,12.121012,12.287378,11.954644,11.954644,5.065503,1343500
1919,1987-10-19,11.835811999999999,11.859577999999999,10.790077,11.312944,4.793596,775000
1920,1987-10-20,10.790077,10.885143,8.841208,9.601742999999999,4.068516000000001,2053600
1921,1987-10-21,9.554209,10.647477,9.554209,10.504876,4.4511959999999995,2090300
1922,1987-10-22,10.26721,10.55241,10.172143,10.314743,4.370633,2543100
1923,1987-10-23,10.314743,10.314743,9.886942999999999,10.172143,4.310208,1117400
1924,1987-10-26,9.886942999999999,9.886942999999999,9.411609,9.530441999999999,4.038303,909500
1925,1987-10-27,9.530441999999999,9.863176,9.530441999999999,9.601742999999999,4.068516000000001,820200
1926,1987-10-28,9.482909,9.601742999999999,9.221476,9.316542,3.947668,712900
1927,1987-10-29,9.316542,9.482909,9.221476,9.435375,3.998019,1234700
1928,1987-10-30,9.554209,9.98201,9.506675999999999,9.696809,4.108795,1066300
1929,1987-11-02,9.720576,9.744342999999999,9.673042,9.720576,4.118867,312700
1930,1987-11-03,9.768108999999999,9.791876,9.530441999999999,9.673042,4.098726999999999,559400
1931,1987-11-04,9.554209,9.696809,9.530441999999999,9.601742999999999,4.068516000000001,346400
1932,1987-11-05,9.601742999999999,9.910708999999999,9.601742999999999,9.886942999999999,4.18936,396900
1933,1987-11-06,9.98201,10.029542999999999,9.696809,9.744342999999999,4.128936,238500
1934,1987-11-09,9.506675999999999,9.744342999999999,9.411609,9.649275999999999,4.088655999999999,413000
1935,1987-11-10,9.696809,9.886942999999999,9.506675999999999,9.744342999999999,4.128936,1030100
1936,1987-11-11,9.791876,9.958242,9.791876,9.839409,4.169221,340700
1937,1987-11-12,9.98201,10.172143,9.98201,10.172143,4.310208,433300
1938,1987-11-13,10.077076,10.148375999999999,10.029542999999999,10.077076,4.306148,643000
1939,1987-11-16,10.029542999999999,10.12461,10.005776,10.029542999999999,4.2858339999999995,324100
1940,1987-11-17,10.029542999999999,10.053309,9.886942999999999,9.886942999999999,4.2248980000000005,520400
1941,1987-11-18,9.886942999999999,9.98201,9.815642,9.934476,4.245211,103400
1942,1987-11-19,9.886942999999999,9.958242,9.625509,9.720576,4.153807,152200
1943,1987-11-20,9.649275999999999,10.029542999999999,9.554209,9.863176,4.214741,431800
1944,1987-11-23,9.910708999999999,10.053309,9.910708999999999,10.029542999999999,4.2858339999999995,244800
1945,1987-11-24,10.077076,10.26721,10.029542999999999,10.243443,4.377236,734000
1946,1987-11-25,10.314743,10.433577,10.219676,10.290977,4.39755,405300
1947,1987-11-27,10.314743,10.362276,10.26721,10.362276,4.428016,126100
1948,1987-11-30,10.362276,10.362276,10.029542999999999,10.053309,4.29599,352100
1949,1987-12-01,10.172143,10.219676,10.029542999999999,10.053309,4.29599,607600
1950,1987-12-02,10.100842,10.195910000000001,10.053309,10.148375999999999,4.336614,279200
1951,1987-12-03,10.100842,10.172143,10.077076,10.12461,4.326458000000001,61900
1952,1987-12-04,10.077076,10.172143,10.077076,10.12461,4.326458000000001,303300
1953,1987-12-07,10.077076,10.314743,10.077076,10.26721,4.387397,207400
1954,1987-12-08,10.362276,10.481110000000001,10.314743,10.481110000000001,4.478798,351500
1955,1987-12-09,10.528644,10.576177000000001,10.362276,10.504876,4.488954,255200
1956,1987-12-10,10.362276,10.576177000000001,10.290977,10.386044,4.438175,217800
1957,1987-12-11,10.481110000000001,10.671244,10.457343,10.55241,4.5092669999999995,203700
1958,1987-12-14,10.457343,10.813844,10.457343,10.718777000000001,4.580357,745600
1959,1987-12-15,10.83761,11.170342999999999,10.83761,11.170342999999999,4.773321,719200
1960,1987-12-16,11.051511,11.384244,11.027743,11.312944,4.834258,324100
1961,1987-12-17,11.40801,11.40801,11.075277,11.194111,4.7834769999999995,581500
1962,1987-12-18,11.051511,11.289177,11.051511,11.265410000000001,4.813948,201700
1963,1987-12-21,11.217877,11.336711,11.194111,11.289177,4.824103,199400
1964,1987-12-22,11.170342999999999,11.40801,11.027743,11.360477000000001,4.8545739999999995,506000
1965,1987-12-23,11.40801,11.526844,11.217877,11.384244,4.864725,445500
1966,1987-12-24,11.336711,11.360477000000001,11.265410000000001,11.265410000000001,4.813948,41200
1967,1987-12-28,11.217877,11.289177,11.027743,11.027743,4.712386,174900
1968,1987-12-29,11.027743,11.194111,11.027743,11.075277,4.732698,162900
1969,1987-12-30,11.122810000000001,11.122810000000001,10.956444,10.956444,4.681919000000001,172900
1970,1987-12-31,10.885143,11.027743,10.885143,10.980210000000001,4.692075,86400
1971,1988-01-04,10.647477,10.932677,10.647477,10.908911,4.661605000000001,1014800
1972,1988-01-05,10.861377000000001,10.861377000000001,10.647477,10.742543,4.590515,2161900
1973,1988-01-06,10.457343,10.457343,10.029542999999999,10.386044,4.438175,6303000
1974,1988-01-07,10.362276,10.647477,10.26721,10.62371,4.539732,2241200
1975,1988-01-08,10.62371,10.62371,10.362276,10.433577,4.458485,1056900
1976,1988-01-11,10.386044,10.433577,10.100842,10.40981,4.448331,624600
1977,1988-01-12,10.290977,10.40981,10.26721,10.40981,4.448331,281600
1978,1988-01-13,10.290977,10.386044,10.26721,10.26721,4.387397,268900
1979,1988-01-14,10.219676,10.338510000000001,10.219676,10.338510000000001,4.417862,459200
1980,1988-01-15,10.338510000000001,10.55241,10.338510000000001,10.40981,4.448331,442100
1981,1988-01-18,10.40981,10.504876,10.362276,10.457343,4.4686449999999995,155500
1982,1988-01-19,10.457343,10.599943,10.457343,10.599943,4.529578,96400
1983,1988-01-20,10.504876,10.647477,10.504876,10.647477,4.549892,170600
1984,1988-01-21,10.647477,10.647477,10.504876,10.599943,4.529578,162000
1985,1988-01-22,10.504876,10.62371,10.457343,10.504876,4.488954,139800
1986,1988-01-25,10.457343,10.528644,10.219676,10.314743,4.407706,537700
1987,1988-01-26,10.362276,10.576177000000001,10.362276,10.528644,4.499111,439800
1988,1988-01-27,10.576177000000001,10.62371,10.528644,10.55241,4.5092669999999995,206000
1989,1988-01-28,10.62371,10.647477,10.55241,10.62371,4.539732,76600
1990,1988-01-29,10.576177000000001,10.647477,10.55241,10.599943,4.529578,142200
1991,1988-02-01,10.69501,10.980210000000001,10.69501,10.956444,4.681919000000001,344400
1992,1988-02-02,10.83761,10.932677,10.76631,10.76631,4.600668,133800
1993,1988-02-03,10.69501,10.790077,10.647477,10.742543,4.590515,103400
1994,1988-02-04,10.647477,10.83761,10.647477,10.76631,4.600668,356200
1995,1988-02-05,10.671244,10.742543,10.671244,10.742543,4.627288,55300
1996,1988-02-08,10.671244,10.742543,10.671244,10.742543,4.627288,101700
1997,1988-02-09,10.69501,10.742543,10.69501,10.742543,4.627288,263600
1998,1988-02-10,10.69501,10.861377000000001,10.69501,10.861377000000001,4.678475,318000
1999,1988-02-11,10.83761,10.956444,10.83761,10.885143,4.688712000000001,494600
2000,1988-02-12,11.003977,11.003977,10.908911,10.932677,4.709187,169600
2001,1988-02-16,10.885143,11.051511,10.885143,11.051511,4.760374,299600
2002,1988-02-17,11.170342999999999,11.241644,11.122810000000001,11.170342999999999,4.811559,335400
2003,1988-02-18,11.122810000000001,11.336711,11.122810000000001,11.265410000000001,4.852512,305300
2004,1988-02-19,11.312944,11.384244,11.265410000000001,11.360477000000001,4.893461,377900
2005,1988-02-22,11.360477000000001,11.40801,11.265410000000001,11.384244,4.903695,200300
2006,1988-02-23,11.384244,11.384244,11.265410000000001,11.312944,4.8729830000000005,487200
2007,1988-02-24,11.312944,11.312944,11.170342999999999,11.194111,4.821795,313300
2008,1988-02-25,11.265410000000001,11.265410000000001,11.170342999999999,11.217877,4.832034999999999,283900
2009,1988-02-26,11.194111,11.360477000000001,11.194111,11.312944,4.8729830000000005,530600
2010,1988-02-29,11.241644,11.384244,11.241644,11.312944,4.8729830000000005,462100
2011,1988-03-01,11.360477000000001,11.40801,11.265410000000001,11.312944,4.8729830000000005,1126800
2012,1988-03-02,11.312944,11.336711,11.265410000000001,11.289177,4.862747,254200
2013,1988-03-03,11.598145,12.049711,11.550611,11.978411999999999,5.159629,1434400
2014,1988-03-04,11.978411999999999,12.049711,11.835811999999999,11.954644,5.14939,560800
2015,1988-03-07,11.930878,12.025945,11.930878,11.930878,5.139156,695900
2016,1988-03-08,11.930878,12.097245,11.788278,12.097245,5.210816,1308300
2017,1988-03-09,12.121012,12.453745,12.121012,12.358678,5.323429,590300
2018,1988-03-10,12.453745,12.715178,12.382445,12.548812,5.40533,433300
2019,1988-03-11,12.501278999999998,12.501278999999998,12.121012,12.263612,5.2824800000000005,510300
2020,1988-03-14,12.287378,12.429978,12.287378,12.358678,5.323429,338400
2021,1988-03-15,12.287378,12.358678,12.216078,12.311145,5.302954,329400
2022,1988-03-16,12.311145,12.311145,12.121012,12.311145,5.302954,201700
2023,1988-03-17,12.382445,12.525045,12.358678,12.453745,5.364375,1080000
2024,1988-03-18,12.501278999999998,12.501278999999998,12.311145,12.358678,5.323429,223800
2025,1988-03-21,12.216078,12.287378,12.168545,12.192311,5.251766,221500
2026,1988-03-22,12.263612,12.406212,12.216078,12.311145,5.302954,453500
2027,1988-03-23,12.406212,12.596345,12.311145,12.525045,5.395091000000001,691200
2028,1988-03-24,12.501278999999998,12.548812,12.477511,12.501278999999998,5.38485,995400
2029,1988-03-25,12.453745,12.477511,12.287378,12.406212,5.343902,497900
2030,1988-03-28,12.311145,12.311145,12.216078,12.216078,5.262005,280600
2031,1988-03-29,12.216078,12.239844999999999,12.025945,12.025945,5.180105999999999,56600
2032,1988-03-30,12.002178,12.168545,12.002178,12.049711,5.190341,683300
2033,1988-03-31,12.002178,12.168545,12.002178,12.121012,5.2210529999999995,404900
2034,1988-04-04,12.049711,12.097245,12.025945,12.073478,5.200577,422000
2035,1988-04-05,12.025945,12.168545,12.025945,12.168545,5.241529,182900
2036,1988-04-06,12.216078,12.453745,12.216078,12.406212,5.343902,312300
2037,1988-04-07,12.406212,12.881545,12.358678,12.881545,5.548648,3143800
2038,1988-04-08,12.881545,12.929079,12.834012,12.905313,5.558886,352100
2039,1988-04-11,12.976612,13.119212,12.097245,13.119212,5.651023,515700
2040,1988-04-12,13.190513000000001,13.404411999999999,13.190513000000001,13.333113,5.7431589999999995,602900
2041,1988-04-13,13.404411999999999,13.451946,13.333113,13.451946,5.7943430000000005,869500
2042,1988-04-14,13.261811999999999,13.523245999999999,13.142979,13.142979,5.661261,825500
2043,1988-04-15,13.119212,13.119212,12.976612,13.071679,5.6305510000000005,546100
2044,1988-04-18,13.071679,13.119212,12.976612,13.024146,5.610075,182300
2045,1988-04-19,13.024146,13.119212,13.024146,13.095446,5.640786,463500
2046,1988-04-20,13.047913000000001,13.261811999999999,13.047913000000001,13.238045999999999,5.702212,691800
2047,1988-04-21,13.285579,13.309346,13.119212,13.309346,5.732923,676700
2048,1988-04-22,13.285579,13.285579,13.095446,13.142979,5.661261,948400
2049,1988-04-25,13.119212,13.142979,13.000378999999999,13.047913000000001,5.620312,230500
2050,1988-04-26,13.047913000000001,13.404411999999999,12.976612,13.404411999999999,5.773873,1016800
2051,1988-04-27,13.404411999999999,13.475713,13.333113,13.380645999999999,5.763637,184700
2052,1988-04-28,13.42818,13.451946,13.356879000000001,13.356879000000001,5.7533959999999995,372200
2053,1988-04-29,13.309346,13.499479000000001,13.261811999999999,13.499479000000001,5.8148230000000005,301000
2054,1988-05-02,13.499479000000001,13.784679,13.356879000000001,13.784679,5.93767,311700
2055,1988-05-03,13.784679,13.784679,13.594546,13.642079,5.876245,315100
2056,1988-05-04,13.594546,13.618313,13.42818,13.547011999999999,5.835297,459200
2057,1988-05-05,13.547011999999999,13.547011999999999,13.475713,13.499479000000001,5.8148230000000005,474000
2058,1988-05-06,13.451946,13.499479000000001,13.404411999999999,13.499479000000001,5.8148230000000005,83100
2059,1988-05-09,13.547011999999999,13.547011999999999,13.356879000000001,13.42818,5.784111,407300
2060,1988-05-10,13.380645999999999,13.404411999999999,13.261811999999999,13.261811999999999,5.712445,172300
2061,1988-05-11,13.166746,13.214279000000001,13.071679,13.119212,5.651023,464100
2062,1988-05-12,13.142979,13.190513000000001,13.095446,13.119212,5.651023,198000
2063,1988-05-13,13.261811999999999,13.356879000000001,13.190513000000001,13.333113,5.7431589999999995,1171000
2064,1988-05-16,13.333113,13.404411999999999,13.309346,13.404411999999999,5.773873,1304000
2065,1988-05-17,13.404411999999999,13.404411999999999,13.261811999999999,13.261811999999999,5.712445,635000
2066,1988-05-18,13.261811999999999,13.285579,13.024146,13.166746,5.671501,1095300
2067,1988-05-19,13.095446,13.095446,12.929079,13.024146,5.610075,989000
2068,1988-05-20,12.976612,13.166746,12.976612,13.024146,5.610075,166300
2069,1988-05-23,13.047913000000001,13.047913000000001,12.929079,12.976612,5.589597,150200
2070,1988-05-24,12.881545,13.024146,12.881545,12.976612,5.6308489999999995,551800
2071,1988-05-25,13.071679,13.071679,13.000378999999999,13.047913000000001,5.66179,354800
2072,1988-05-26,13.000378999999999,13.024146,12.786479,12.810246000000001,5.558662,472500
2073,1988-05-27,12.738945,12.738945,12.596345,12.738945,5.527724,154500
2074,1988-05-31,12.715178,12.952846000000001,12.715178,12.952846000000001,5.620539,169200
2075,1988-06-01,12.857778999999999,13.000378999999999,12.834012,13.000378999999999,5.641168,212700
2076,1988-06-02,12.929079,13.000378999999999,12.905313,12.905313,5.599913,145500
2077,1988-06-03,12.952846000000001,13.024146,12.905313,13.024146,5.6514809999999995,462100
2078,1988-06-06,12.976612,13.190513000000001,12.976612,13.142979,5.703042,500300
2079,1988-06-07,13.190513000000001,13.214279000000001,13.119212,13.214279000000001,5.733982,112800
2080,1988-06-08,13.214279000000001,13.238045999999999,13.142979,13.214279000000001,5.733982,118100
2081,1988-06-09,13.238045999999999,13.475713,13.190513000000001,13.380645999999999,5.806173,280600
2082,1988-06-10,13.404411999999999,13.404411999999999,13.309346,13.404411999999999,5.816484,77400
2083,1988-06-13,13.380645999999999,13.404411999999999,13.166746,13.404411999999999,5.816484,442100
2084,1988-06-14,13.404411999999999,13.42818,13.309346,13.309346,5.775233999999999,346800
2085,1988-06-15,13.261811999999999,13.261811999999999,13.071679,13.214279000000001,5.733982,169600
2086,1988-06-16,13.238045999999999,13.261811999999999,13.047913000000001,13.071679,5.672105999999999,375200
2087,1988-06-17,13.166746,13.190513000000001,13.119212,13.142979,5.703042,77400
2088,1988-06-20,13.142979,13.142979,12.976612,13.095446,5.682417,160200
2089,1988-06-21,13.047913000000001,13.047913000000001,12.929079,13.000378999999999,5.641168,165300
2090,1988-06-22,13.000378999999999,13.285579,13.000378999999999,13.285579,5.7649230000000005,584900
2091,1988-06-23,13.285579,13.499479000000001,13.261811999999999,13.475713,5.847424,1216700
2092,1988-06-24,13.404411999999999,13.451946,13.356879000000001,13.42818,5.826798999999999,475800
2093,1988-06-27,13.380645999999999,13.451946,13.309346,13.309346,5.775233999999999,484200
2094,1988-06-28,13.261811999999999,13.356879000000001,13.261811999999999,13.356879000000001,5.795859,318400
2095,1988-06-29,13.404411999999999,13.594546,13.404411999999999,13.547011999999999,5.87836,368100
2096,1988-06-30,13.547011999999999,13.974813000000001,13.547011999999999,13.784679,5.981492,958600
2097,1988-07-01,13.927279,13.927279,13.737146,13.737146,5.960866,310000
2098,1988-07-05,13.689613,13.689613,13.594546,13.618313,5.909299,88000
2099,1988-07-06,13.594546,13.713379999999999,13.547011999999999,13.547011999999999,5.87836,243800
2100,1988-07-07,13.451946,13.784679,13.404411999999999,13.737146,5.960866,1078800
2101,1988-07-08,13.689613,13.832213000000001,13.689613,13.784679,5.981492,576200
2102,1988-07-11,13.713379999999999,13.832213000000001,13.713379999999999,13.808446,5.9918059999999995,78400
2103,1988-07-12,13.832213000000001,14.212481,13.784679,14.188713,6.156811,1031100
2104,1988-07-13,14.022345999999999,14.402614000000002,14.022345999999999,14.260014000000002,6.187749,1185100
2105,1988-07-14,14.141179999999999,14.331313,14.141179999999999,14.236247,6.177439,596200
2106,1988-07-15,14.283779999999998,14.497681,14.260014000000002,14.450147,6.270257,673900
2107,1988-07-18,14.450147,14.450147,14.212481,14.212481,6.167123,249900
2108,1988-07-19,14.212481,14.212481,13.998579999999999,13.998579999999999,6.0743089999999995,271200
2109,1988-07-20,13.951047,13.998579999999999,13.855979999999999,13.879745999999999,6.022743,291600
2110,1988-07-21,13.879745999999999,13.879745999999999,13.784679,13.879745999999999,6.022743,287700
2111,1988-07-22,13.855979999999999,13.903513,13.760913,13.879745999999999,6.022743,175700
2112,1988-07-25,13.832213000000001,13.951047,13.832213000000001,13.879745999999999,6.022743,265500
2113,1988-07-26,13.903513,13.927279,13.737146,13.832213000000001,6.002119,359500
2114,1988-07-27,13.808446,13.951047,13.808446,13.903513,6.033057,352900
2115,1988-07-28,13.927279,14.022345999999999,13.903513,13.951047,6.05368,280200
2116,1988-07-29,14.06988,14.307547,14.06988,14.117414000000002,6.125873,225200
2117,1988-08-01,14.260014000000002,14.307547,14.06988,14.260014000000002,6.187749,201300
2118,1988-08-02,14.260014000000002,14.355081,14.260014000000002,14.355081,6.228997,161600
2119,1988-08-03,14.402614000000002,14.402614000000002,14.164947,14.164947,6.146503,174500
2120,1988-08-04,14.117414000000002,14.260014000000002,13.879745999999999,14.212481,6.167123,438600
2121,1988-08-05,14.117414000000002,14.117414000000002,13.974813000000001,14.022345999999999,6.084622,196600
2122,1988-08-08,13.927279,14.06988,13.879745999999999,13.879745999999999,6.063854,239100
2123,1988-08-09,13.784679,13.784679,13.261811999999999,13.309346,5.814655999999999,190000
2124,1988-08-10,13.356879000000001,13.356879000000001,12.168545,12.406212,5.420091,1324500
2125,1988-08-11,12.501278999999998,12.738945,12.311145,12.738945,5.565459,538700
2126,1988-08-12,12.643879,12.738945,12.548812,12.643879,5.523924,143200
2127,1988-08-15,12.358678,12.643879,12.311145,12.548812,5.4823900000000005,192100
2128,1988-08-16,12.453745,12.501278999999998,12.311145,12.453745,5.440855,196200
2129,1988-08-17,12.453745,12.643879,12.358678,12.548812,5.4823900000000005,175500
2130,1988-08-18,12.548812,12.834012,12.548812,12.643879,5.523924,150600
2131,1988-08-19,12.691412,12.834012,12.596345,12.738945,5.565459,91100
2132,1988-08-22,12.738945,13.024146,12.643879,12.786479,5.586226,147100
2133,1988-08-23,12.691412,13.309346,12.643879,13.309346,5.814655999999999,334100
2134,1988-08-24,13.214279000000001,13.309346,13.119212,13.309346,5.814655999999999,411000
2135,1988-08-25,13.214279000000001,13.214279000000001,12.929079,13.166746,5.752357,238900
2136,1988-08-26,13.214279000000001,13.261811999999999,13.024146,13.166746,5.752357,349100
2137,1988-08-29,13.214279000000001,13.689613,13.119212,13.689613,5.98079,415100
2138,1988-08-30,13.547011999999999,13.737146,13.499479000000001,13.689613,5.98079,368300
2139,1988-08-31,13.594546,13.689613,13.499479000000001,13.547011999999999,5.918489,327600
2140,1988-09-01,13.499479000000001,13.594546,13.071679,13.594546,5.939257,171600
2141,1988-09-02,13.499479000000001,13.594546,13.309346,13.451946,5.876956,81500
2142,1988-09-06,13.499479000000001,13.689613,13.356879000000001,13.547011999999999,5.918489,643200
2143,1988-09-07,13.689613,13.737146,13.404411999999999,13.594546,5.939257,447400
2144,1988-09-08,13.547011999999999,13.784679,13.404411999999999,13.499479000000001,5.897721,147100
2145,1988-09-09,13.594546,13.689613,13.499479000000001,13.547011999999999,5.918489,224200
2146,1988-09-12,13.594546,13.689613,13.499479000000001,13.594546,5.939257,80300
2147,1988-09-13,13.689613,13.689613,13.547011999999999,13.689613,5.98079,122400
2148,1988-09-14,13.594546,13.594546,13.309346,13.451946,5.876956,231300
2149,1988-09-15,13.547011999999999,13.594546,13.404411999999999,13.547011999999999,5.918489,247500
2150,1988-09-16,13.642079,13.642079,13.404411999999999,13.404411999999999,5.8561879999999995,176300
2151,1988-09-19,13.499479000000001,13.499479000000001,13.166746,13.261811999999999,5.793888,233400
2152,1988-09-20,13.166746,13.261811999999999,12.976612,12.976612,5.669288,189800
2153,1988-09-21,12.976612,13.024146,12.834012,12.834012,5.606990000000001,169600
2154,1988-09-22,12.738945,12.881545,12.548812,12.691412,5.544688,241800
2155,1988-09-23,12.643879,12.691412,12.358678,12.596345,5.503158999999999,264200
2156,1988-09-26,12.548812,12.596345,12.501278999999998,12.548812,5.4823900000000005,108900
2157,1988-09-27,12.548812,12.643879,12.501278999999998,12.643879,5.523924,59800
2158,1988-09-28,12.596345,12.834012,12.596345,12.834012,5.606990000000001,89500
2159,1988-09-29,12.691412,12.786479,12.596345,12.596345,5.503158999999999,183700
2160,1988-09-30,12.596345,12.929079,12.548812,12.691412,5.544688,315500
2161,1988-10-03,12.548812,12.596345,12.358678,12.358678,5.399326,212300
2162,1988-10-04,12.358678,12.453745,12.263612,12.358678,5.399326,76000
2163,1988-10-05,12.358678,12.358678,12.216078,12.358678,5.399326,273200
2164,1988-10-06,12.406212,12.834012,12.406212,12.738945,5.565459,392800
2165,1988-10-07,12.834012,13.166746,12.738945,13.119212,5.73159,566100
2166,1988-10-10,13.024146,13.071679,12.881545,13.071679,5.710824,26900
2167,1988-10-11,13.071679,13.071679,12.834012,12.881545,5.6277550000000005,220300
2168,1988-10-12,12.881545,12.881545,12.643879,12.643879,5.523924,154100
2169,1988-10-13,12.738945,12.786479,12.453745,12.643879,5.523924,51500
2170,1988-10-14,12.643879,12.929079,12.643879,12.834012,5.606990000000001,362400
2171,1988-10-17,12.738945,12.929079,12.406212,12.834012,5.606990000000001,491900
2172,1988-10-18,12.834012,12.929079,12.786479,12.929079,5.6485199999999995,156100
2173,1988-10-19,12.834012,13.024146,12.786479,12.976612,5.669288,1200400
2174,1988-10-20,12.929079,13.261811999999999,12.929079,13.261811999999999,5.793888,222100
2175,1988-10-21,13.261811999999999,13.404411999999999,13.071679,13.404411999999999,5.8561879999999995,228900
2176,1988-10-24,13.309346,13.974813000000001,13.214279000000001,13.879745999999999,6.063854,194900
2177,1988-10-25,13.784679,13.879745999999999,13.594546,13.642079,5.960021,162900
2178,1988-10-26,13.642079,13.689613,13.547011999999999,13.594546,5.939257,155500
2179,1988-10-27,13.594546,13.642079,13.499479000000001,13.499479000000001,5.897721,293900
2180,1988-10-28,13.594546,13.689613,13.547011999999999,13.642079,5.960021,276100
2181,1988-10-31,13.594546,13.642079,13.547011999999999,13.642079,5.960021,103200
2182,1988-11-01,13.594546,13.689613,13.547011999999999,13.594546,5.939257,175100
2183,1988-11-02,13.594546,13.642079,13.547011999999999,13.547011999999999,5.918489,72300
2184,1988-11-03,13.547011999999999,13.594546,13.499479000000001,13.499479000000001,5.897721,526700
2185,1988-11-04,13.451946,13.499479000000001,13.404411999999999,13.404411999999999,5.8561879999999995,210900
2186,1988-11-07,13.404411999999999,13.499479000000001,13.356879000000001,13.404411999999999,5.8561879999999995,156300
2187,1988-11-08,13.309346,13.547011999999999,13.119212,13.119212,5.73159,84200
2188,1988-11-09,13.024146,13.119212,12.929079,13.024146,5.690055,173300
2189,1988-11-10,12.929079,12.976612,12.834012,12.834012,5.606990000000001,161600
2190,1988-11-11,12.881545,12.881545,12.453745,12.548812,5.4823900000000005,303100
2191,1988-11-14,12.548812,12.548812,12.358678,12.406212,5.420091,103400
2192,1988-11-15,12.453745,12.548812,12.263612,12.501278999999998,5.461626,805300
2193,1988-11-16,12.311145,12.358678,12.025945,12.216078,5.37792,155700
2194,1988-11-17,12.263612,12.548812,12.216078,12.406212,5.461626,123000
2195,1988-11-18,12.501278999999998,12.596345,12.453745,12.501278999999998,5.5034790000000005,90900
2196,1988-11-21,12.453745,12.548812,12.406212,12.548812,5.524401,73900
2197,1988-11-22,12.453745,12.596345,12.358678,12.406212,5.461626,164900
2198,1988-11-23,12.501278999999998,12.548812,12.358678,12.548812,5.524401,305700
2199,1988-11-25,12.548812,12.738945,12.453745,12.596345,5.54533,209700
2200,1988-11-28,12.596345,12.738945,12.453745,12.453745,5.482549,409800
2201,1988-11-29,12.548812,12.596345,12.501278999999998,12.596345,5.54533,162400
2202,1988-11-30,12.834012,12.929079,12.596345,12.596345,5.54533,504200
2203,1988-12-01,12.596345,12.643879,12.548812,12.548812,5.524401,84800
2204,1988-12-02,12.453745,12.548812,12.406212,12.501278999999998,5.5034790000000005,97200
2205,1988-12-05,12.406212,12.501278999999998,12.406212,12.406212,5.461626,39200
2206,1988-12-06,12.501278999999998,12.501278999999998,12.453745,12.501278999999998,5.5034790000000005,228700
2207,1988-12-07,12.501278999999998,12.786479,12.501278999999998,12.738945,5.608105999999999,691600
2208,1988-12-08,12.691412,12.691412,12.548812,12.643879,5.566256,382400
2209,1988-12-09,12.643879,12.643879,12.548812,12.548812,5.524401,290400
2210,1988-12-12,12.548812,12.691412,12.453745,12.548812,5.524401,89900
2211,1988-12-13,12.501278999999998,12.738945,12.453745,12.738945,5.608105999999999,111600
2212,1988-12-14,12.738945,12.929079,12.738945,12.834012,5.649957,139800
2213,1988-12-15,12.786479,12.929079,12.738945,12.834012,5.649957,234600
2214,1988-12-16,12.881545,12.881545,12.738945,12.834012,5.649957,161400
2215,1988-12-19,12.738945,12.834012,12.738945,12.834012,5.649957,85000
2216,1988-12-20,12.929079,12.929079,12.738945,12.738945,5.608105999999999,58400
2217,1988-12-21,12.834012,12.881545,12.738945,12.881545,5.67088,208600
2218,1988-12-22,12.834012,12.881545,12.501278999999998,12.786479,5.629033,301400
2219,1988-12-23,12.834012,12.834012,12.548812,12.643879,5.566256,388900
2220,1988-12-27,12.691412,12.881545,12.643879,12.834012,5.649957,314500
2221,1988-12-28,12.881545,13.071679,12.881545,12.976612,5.712733,310200
2222,1988-12-29,12.881545,13.024146,12.881545,12.881545,5.67088,187200
2223,1988-12-30,12.834012,12.929079,12.738945,12.738945,5.608105999999999,117100
2224,1989-01-03,12.643879,12.738945,12.596345,12.596345,5.54533,30400
2225,1989-01-04,12.691412,12.786479,12.643879,12.738945,5.608105999999999,110300
2226,1989-01-05,12.691412,12.929079,12.691412,12.881545,5.67088,133000
2227,1989-01-06,12.976612,13.309346,12.929079,13.214279000000001,5.817362999999999,537900
2228,1989-01-09,13.214279000000001,13.356879000000001,13.214279000000001,13.261811999999999,5.838287,291800
2229,1989-01-10,13.261811999999999,13.261811999999999,13.119212,13.214279000000001,5.817362999999999,104000
2230,1989-01-11,13.166746,13.309346,13.166746,13.214279000000001,5.817362999999999,138700
2231,1989-01-12,13.166746,13.261811999999999,13.119212,13.214279000000001,5.817362999999999,210500
2232,1989-01-13,13.166746,13.214279000000001,13.119212,13.214279000000001,5.817362999999999,154500
2233,1989-01-16,12.929079,13.309346,12.929079,13.261811999999999,5.838287,41400
2234,1989-01-17,13.261811999999999,13.309346,13.166746,13.214279000000001,5.817362999999999,74600
2235,1989-01-18,13.166746,13.214279000000001,12.929079,13.119212,5.775514,305900
2236,1989-01-19,13.214279000000001,13.451946,13.024146,13.214279000000001,5.817362999999999,820800
2237,1989-01-20,13.499479000000001,13.499479000000001,13.166746,13.166746,5.796439,155900
2238,1989-01-23,13.356879000000001,13.404411999999999,12.976612,13.024146,5.733661,146700
2239,1989-01-24,12.976612,13.261811999999999,12.976612,13.166746,5.796439,451700
2240,1989-01-25,13.214279000000001,13.404411999999999,13.166746,13.356879000000001,5.880141,333100
2241,1989-01-26,13.356879000000001,13.356879000000001,13.309346,13.356879000000001,5.880141,311000
2242,1989-01-27,13.404411999999999,13.404411999999999,13.356879000000001,13.404411999999999,5.901065,163100
2243,1989-01-30,13.309346,13.499479000000001,13.214279000000001,13.404411999999999,5.901065,616200
2244,1989-01-31,13.451946,13.451946,13.309346,13.404411999999999,5.901065,690200
2245,1989-02-01,13.451946,13.451946,13.214279000000001,13.309346,5.859215,281800
2246,1989-02-02,13.214279000000001,13.261811999999999,12.929079,12.976612,5.712733,592900
2247,1989-02-03,13.024146,13.071679,12.929079,12.929079,5.691807,340900
2248,1989-02-06,13.024146,13.024146,12.881545,12.881545,5.67088,708200
2249,1989-02-07,12.834012,13.309346,12.834012,13.119212,5.775514,296100
2250,1989-02-08,13.119212,13.261811999999999,13.024146,13.071679,5.796588,210900
2251,1989-02-09,12.929079,13.071679,12.881545,12.976612,5.754433000000001,251200
2252,1989-02-10,12.976612,13.024146,12.929079,12.976612,5.754433000000001,384400
2253,1989-02-13,12.976612,13.071679,12.976612,13.071679,5.796588,225200
2254,1989-02-14,13.071679,13.261811999999999,13.071679,13.166746,5.838744,280600
2255,1989-02-15,13.071679,13.119212,12.929079,13.119212,5.817672,913400
2256,1989-02-16,13.119212,13.166746,13.024146,13.119212,5.817672,325200
2257,1989-02-17,13.071679,13.214279000000001,13.071679,13.119212,5.817672,136500
2258,1989-02-21,13.119212,13.166746,13.024146,13.024146,5.7755160000000005,172100
2259,1989-02-22,13.119212,13.119212,12.929079,13.024146,5.7755160000000005,428000
2260,1989-02-23,12.929079,13.119212,12.929079,13.071679,5.796588,472500
2261,1989-02-24,13.166746,13.166746,12.929079,13.024146,5.7755160000000005,172700
2262,1989-02-27,12.929079,13.024146,12.834012,12.834012,5.691198,184900
2263,1989-02-28,12.929079,13.166746,12.929079,13.071679,5.796588,253800
2264,1989-03-01,13.119212,13.499479000000001,13.119212,13.261811999999999,5.880905,385400
2265,1989-03-02,13.261811999999999,13.832213000000001,13.166746,13.832213000000001,6.133848,683100
2266,1989-03-03,13.879745999999999,14.925481,13.879745999999999,14.830414000000001,6.5764949999999995,989500
2267,1989-03-06,14.640281,14.687814000000001,14.355081,14.497681,6.428944,745600
2268,1989-03-07,14.450147,14.640281,14.402614000000002,14.545214000000001,6.450025,568600
2269,1989-03-08,14.592747,14.925481,14.545214000000001,14.830414000000001,6.5764949999999995,351500
2270,1989-03-09,14.735347,14.782881,14.640281,14.782881,6.555421000000001,323900
2271,1989-03-10,14.640281,14.877948000000002,14.545214000000001,14.735347,6.534336,342500
2272,1989-03-13,14.782881,14.925481,14.782881,14.925481,6.61865,270400
2273,1989-03-14,14.973014000000001,15.068081,14.830414000000001,15.020548000000002,6.6608089999999995,322500
2274,1989-03-15,15.400814000000002,15.590948000000001,15.400814000000002,15.543415,6.892677000000001,1078200
2275,1989-03-16,15.590948000000001,15.686015,15.495880999999999,15.495880999999999,6.871598,1079600
2276,1989-03-17,15.495880999999999,15.495880999999999,15.115614,15.258214,6.766199,489700
2277,1989-03-20,15.353280999999999,15.400814000000002,15.210681,15.258214,6.766199,170600
2278,1989-03-21,15.258214,15.353280999999999,15.068081,15.115614,6.702969,694100
2279,1989-03-22,14.973014000000001,14.973014000000001,14.402614000000002,14.450147,6.407868,1194100
2280,1989-03-23,14.592747,14.782881,14.497681,14.735347,6.534336,775900
2281,1989-03-27,14.830414000000001,15.020548000000002,14.830414000000001,14.973014000000001,6.639730999999999,191100
2282,1989-03-28,15.068081,15.305748000000001,14.877948000000002,15.258214,6.766199,376300
2283,1989-03-29,15.353280999999999,15.353280999999999,15.115614,15.305748000000001,6.78728,401800
2284,1989-03-30,15.353280999999999,15.400814000000002,15.210681,15.353280999999999,6.808358,180600
2285,1989-03-31,15.258214,15.448348000000001,15.163148000000001,15.353280999999999,6.808358,183500
2286,1989-04-03,15.400814000000002,15.495880999999999,15.210681,15.305748000000001,6.78728,283000
2287,1989-04-04,15.210681,15.448348000000001,15.163148000000001,15.448348000000001,6.850519,283200
2288,1989-04-05,15.400814000000002,15.876148,15.400814000000002,15.781081,6.9980649999999995,981100
2289,1989-04-06,15.733548,15.781081,15.590948000000001,15.590948000000001,6.913753999999999,300800
2290,1989-04-07,15.733548,15.733548,15.590948000000001,15.686015,6.955912,98700
2291,1989-04-10,15.733548,15.971214999999999,15.638481,15.638481,6.934827,169800
2292,1989-04-11,15.590948000000001,15.733548,15.590948000000001,15.686015,6.955912,289200
2293,1989-04-12,15.781081,15.923681,15.686015,15.876148,7.040221000000001,450000
2294,1989-04-13,15.971214999999999,16.066282,15.781081,15.828615,7.019144,288800
2295,1989-04-14,15.876148,16.161348,15.876148,16.066282,7.124536,453100
2296,1989-04-17,16.066282,16.113815,15.733548,15.828615,7.019144,300600
2297,1989-04-18,15.923681,16.066282,15.876148,15.971214999999999,7.082381,331100
2298,1989-04-19,15.876148,16.066282,15.828615,16.018749,7.103460000000001,416900
2299,1989-04-20,16.351482,16.351482,15.971214999999999,16.161348,7.166697999999999,1710400
2300,1989-04-21,16.256414000000003,16.351482,15.971214999999999,16.066282,7.124536,245800
2301,1989-04-24,16.066282,16.256414000000003,16.066282,16.256414000000003,7.20885,88000
2302,1989-04-25,16.113815,16.208880999999998,16.113815,16.113815,7.145617999999999,142000
2303,1989-04-26,16.066282,16.256414000000003,15.971214999999999,16.066282,7.124536,338600
2304,1989-04-27,16.066282,16.113815,15.781081,16.113815,7.145617999999999,328400
2305,1989-04-28,16.018749,16.208880999999998,15.876148,15.876148,7.040221000000001,350100
2306,1989-05-01,15.876148,16.018749,15.781081,16.018749,7.103460000000001,177600
2307,1989-05-02,16.018749,16.018749,15.781081,15.781081,6.9980649999999995,482100
2308,1989-05-03,15.781081,15.828615,15.781081,15.828615,7.019144,286900
2309,1989-05-04,15.923681,16.018749,15.828615,16.018749,7.103460000000001,276900
2310,1989-05-05,15.971214999999999,16.303949,15.923681,16.161348,7.166697999999999,149200
2311,1989-05-08,15.781081,16.018749,15.781081,15.971214999999999,7.082381,292700
2312,1989-05-09,15.781081,15.876148,15.686015,15.828615,7.019144,526500
2313,1989-05-10,15.923681,16.018749,15.828615,15.876148,7.040221000000001,220100
2314,1989-05-11,15.733548,15.876148,15.495880999999999,15.876148,7.040221000000001,202500
2315,1989-05-12,15.828615,15.876148,15.590948000000001,15.686015,6.955912,360700
2316,1989-05-15,15.543415,15.686015,15.495880999999999,15.590948000000001,6.913753999999999,189800
2317,1989-05-16,15.638481,15.733548,15.448348000000001,15.733548,6.976986999999999,370700
2318,1989-05-17,15.733548,15.733548,15.448348000000001,15.448348000000001,6.850519,546500
2319,1989-05-18,15.495880999999999,15.638481,15.448348000000001,15.495880999999999,6.871598,169800
2320,1989-05-19,15.590948000000001,15.590948000000001,15.495880999999999,15.543415,6.892677000000001,243600
2321,1989-05-22,15.686015,15.686015,15.353280999999999,15.686015,6.955912,215000
2322,1989-05-23,15.638481,15.781081,15.638481,15.733548,6.976986999999999,232800
2323,1989-05-24,15.686015,15.686015,15.495880999999999,15.495880999999999,6.913367,312500
2324,1989-05-25,15.448348000000001,15.971214999999999,15.448348000000001,15.971214999999999,7.125435,794200
2325,1989-05-26,15.876148,15.923681,15.733548,15.923681,7.104228,591100
2326,1989-05-30,15.923681,15.923681,15.686015,15.923681,7.104228,821000
2327,1989-05-31,15.971214999999999,15.971214999999999,15.876148,15.971214999999999,7.125435,320200
2328,1989-06-01,15.923681,15.971214999999999,15.923681,15.923681,7.104228,284300
2329,1989-06-02,15.971214999999999,16.066282,15.876148,15.971214999999999,7.125435,131800
2330,1989-06-05,16.066282,16.208880999999998,16.018749,16.066282,7.167852000000001,71300
2331,1989-06-06,16.066282,16.113815,15.781081,15.876148,7.083025,132800
2332,1989-06-07,15.590948000000001,16.113815,15.590948000000001,15.923681,7.104228,236600
2333,1989-06-08,15.971214999999999,16.113815,15.971214999999999,16.018749,7.146641000000001,110900
2334,1989-06-09,15.923681,15.923681,15.733548,15.781081,7.0406130000000005,143400
2335,1989-06-12,15.638481,15.828615,15.638481,15.733548,7.019402,31200
2336,1989-06-13,15.638481,15.733548,15.543415,15.590948000000001,6.955782000000001,229100
2337,1989-06-14,15.495880999999999,15.733548,15.495880999999999,15.638481,6.976988,221900
2338,1989-06-15,15.733548,15.781081,15.590948000000001,15.638481,6.976988,426500
2339,1989-06-16,15.590948000000001,15.590948000000001,14.925481,15.115614,6.743717999999999,2172500
2340,1989-06-19,15.020548000000002,15.020548000000002,14.735347,15.020548000000002,6.7013050000000005,931000
2341,1989-06-20,14.973014000000001,15.115614,14.973014000000001,15.068081,6.722511,387900
2342,1989-06-21,14.973014000000001,15.020548000000002,14.735347,14.925481,6.658889,647300
2343,1989-06-22,14.925481,14.925481,14.640281,14.687814000000001,6.552855,540200
2344,1989-06-23,14.687814000000001,14.735347,14.545214000000001,14.735347,6.574064,429000
2345,1989-06-26,14.735347,14.830414000000001,14.735347,14.782881,6.595269999999999,118500
2346,1989-06-27,14.830414000000001,15.020548000000002,14.687814000000001,15.020548000000002,6.7013050000000005,949600
2347,1989-06-28,15.068081,15.068081,14.830414000000001,14.830414000000001,6.616478,265500
2348,1989-06-29,14.877948000000002,14.877948000000002,14.735347,14.735347,6.574064,281200
2349,1989-06-30,14.640281,14.735347,14.640281,14.687814000000001,6.552855,458800
2350,1989-07-03,14.735347,14.735347,14.592747,14.640281,6.531649,128300
2351,1989-07-05,14.592747,14.592747,14.450147,14.497681,6.4680279999999994,435500
2352,1989-07-06,14.497681,14.497681,14.307547,14.307547,6.3832059999999995,490500
2353,1989-07-07,14.402614000000002,14.450147,14.307547,14.450147,6.446823999999999,1213100
2354,1989-07-10,14.402614000000002,14.450147,14.355081,14.402614000000002,6.425616000000001,239100
2355,1989-07-11,14.402614000000002,14.687814000000001,14.355081,14.402614000000002,6.425616000000001,1416400
2356,1989-07-12,14.450147,14.592747,14.402614000000002,14.545214000000001,6.489235,194700
2357,1989-07-13,14.497681,14.640281,14.355081,14.402614000000002,6.425616000000001,210900
2358,1989-07-14,14.402614000000002,14.545214000000001,14.307547,14.545214000000001,6.489235,161400
2359,1989-07-17,14.497681,14.592747,14.402614000000002,14.497681,6.4680279999999994,151200
2360,1989-07-18,14.450147,14.497681,14.307547,14.450147,6.446823999999999,185300
2361,1989-07-19,14.402614000000002,14.402614000000002,14.06988,14.212481,6.340788,376900
2362,1989-07-20,14.164947,14.260014000000002,14.117414000000002,14.164947,6.319583000000001,544900
2363,1989-07-21,14.117414000000002,14.164947,13.974813000000001,14.022345999999999,6.255961,826500
2364,1989-07-24,13.974813000000001,14.022345999999999,13.879745999999999,13.927279,6.213552,284300
2365,1989-07-25,13.927279,13.974813000000001,13.784679,13.784679,6.149928,481700
2366,1989-07-26,13.737146,13.832213000000001,13.689613,13.784679,6.149928,270400
2367,1989-07-27,13.737146,14.164947,13.689613,14.117414000000002,6.2983769999999994,332300
2368,1989-07-28,14.212481,14.212481,14.06988,14.164947,6.319583000000001,1031600
2369,1989-07-31,14.117414000000002,14.164947,14.06988,14.06988,6.277174,143400
2370,1989-08-01,14.164947,14.402614000000002,14.06988,14.355081,6.404408999999999,572900
2371,1989-08-02,14.355081,14.355081,14.212481,14.260014000000002,6.361998000000001,751700
2372,1989-08-03,14.782881,14.782881,14.450147,14.687814000000001,6.552855,3982300
2373,1989-08-04,14.497681,14.735347,14.450147,14.592747,6.5528580000000005,742700
2374,1989-08-07,14.545214000000001,14.782881,14.545214000000001,14.782881,6.638236999999999,1028300
2375,1989-08-08,14.830414000000001,14.830414000000001,14.735347,14.830414000000001,6.659582,755600
2376,1989-08-09,14.877948000000002,14.877948000000002,14.735347,14.735347,6.6168949999999995,497700
2377,1989-08-10,14.782881,14.830414000000001,14.592747,14.687814000000001,6.595548,550400
2378,1989-08-11,14.782881,14.830414000000001,14.260014000000002,14.355081,6.446130999999999,770500
2379,1989-08-14,14.450147,14.450147,14.260014000000002,14.307547,6.4247879999999995,801800
2380,1989-08-15,14.260014000000002,14.355081,14.260014000000002,14.355081,6.446130999999999,235000
2381,1989-08-16,14.355081,14.640281,14.307547,14.592747,6.5528580000000005,254000
2382,1989-08-17,14.497681,14.592747,14.402614000000002,14.450147,6.48882,130800
2383,1989-08-18,14.545214000000001,14.592747,14.450147,14.545214000000001,6.531511,182500
2384,1989-08-21,14.640281,14.640281,14.260014000000002,14.260014000000002,6.403447,368700
2385,1989-08-22,14.212481,14.355081,14.164947,14.212481,6.3821,433700
2386,1989-08-23,14.355081,14.355081,14.164947,14.212481,6.3821,176100
2387,1989-08-24,14.212481,14.307547,14.164947,14.212481,6.3821,362400
2388,1989-08-25,14.212481,14.402614000000002,14.212481,14.260014000000002,6.403447,284900
2389,1989-08-28,14.260014000000002,14.735347,14.260014000000002,14.735347,6.6168949999999995,284700
2390,1989-08-29,14.592747,14.640281,14.402614000000002,14.497681,6.510166000000001,451700
2391,1989-08-30,14.497681,14.640281,14.450147,14.450147,6.48882,313700
2392,1989-08-31,14.545214000000001,14.735347,14.450147,14.735347,6.6168949999999995,267500
2393,1989-09-01,14.830414000000001,14.830414000000001,14.687814000000001,14.735347,6.6168949999999995,249500
2394,1989-09-05,14.640281,14.735347,14.640281,14.640281,6.574203,85200
2395,1989-09-06,14.640281,14.640281,14.545214000000001,14.592747,6.5528580000000005,214600
2396,1989-09-07,14.735347,15.448348000000001,14.687814000000001,15.305748000000001,6.873028999999999,755600
2397,1989-09-08,15.210681,15.400814000000002,15.210681,15.353280999999999,6.894375999999999,398900
2398,1989-09-11,15.210681,15.353280999999999,15.210681,15.353280999999999,6.894375999999999,116700
2399,1989-09-12,15.353280999999999,15.543415,15.305748000000001,15.400814000000002,6.915715,175500
2400,1989-09-13,15.305748000000001,15.543415,15.305748000000001,15.353280999999999,6.894375999999999,114800
2401,1989-09-14,15.353280999999999,15.448348000000001,15.305748000000001,15.353280999999999,6.894375999999999,176100
2402,1989-09-15,15.400814000000002,15.495880999999999,15.353280999999999,15.495880999999999,6.958410000000001,708800
2403,1989-09-18,15.400814000000002,15.543415,15.353280999999999,15.495880999999999,6.958410000000001,239700
2404,1989-09-19,15.543415,15.971214999999999,15.543415,15.876148,7.129174000000001,301200
2405,1989-09-20,15.733548,15.781081,15.543415,15.590948000000001,7.0011,331100
2406,1989-09-21,15.638481,15.781081,15.543415,15.590948000000001,7.0011,426500
2407,1989-09-22,15.686015,15.733548,15.448348000000001,15.543415,6.979753,223000
2408,1989-09-25,15.400814000000002,15.400814000000002,15.353280999999999,15.400814000000002,6.915715,103600
2409,1989-09-26,15.400814000000002,15.495880999999999,15.353280999999999,15.353280999999999,6.894375999999999,152400
2410,1989-09-27,15.448348000000001,15.543415,15.353280999999999,15.400814000000002,6.915715,99900
2411,1989-09-28,15.400814000000002,15.495880999999999,15.353280999999999,15.495880999999999,6.958410000000001,144300
2412,1989-09-29,15.400814000000002,15.495880999999999,15.353280999999999,15.353280999999999,6.894375999999999,365000
2413,1989-10-02,15.353280999999999,15.400814000000002,15.258214,15.305748000000001,6.873028999999999,226600
2414,1989-10-03,15.400814000000002,15.448348000000001,15.353280999999999,15.353280999999999,6.894375999999999,666100
2415,1989-10-04,15.353280999999999,15.400814000000002,15.305748000000001,15.400814000000002,6.915715,324300
2416,1989-10-05,15.400814000000002,15.638481,15.353280999999999,15.638481,7.022442,266700
2417,1989-10-06,15.638481,15.686015,15.400814000000002,15.448348000000001,6.937065,71100
2418,1989-10-09,15.448348000000001,15.448348000000001,15.258214,15.258214,6.851685000000001,355000
2419,1989-10-10,15.163148000000001,15.258214,15.163148000000001,15.258214,6.851685000000001,249300
2420,1989-10-11,15.115614,15.258214,15.115614,15.210681,6.830338,103400
2421,1989-10-12,15.210681,15.210681,15.068081,15.115614,6.787650999999999,275500
2422,1989-10-13,15.115614,15.163148000000001,14.06988,14.782881,6.638236999999999,612700
2423,1989-10-16,13.974813000000001,14.640281,13.879745999999999,14.592747,6.5528580000000005,361300
2424,1989-10-17,14.687814000000001,14.687814000000001,14.402614000000002,14.450147,6.48882,283200
2425,1989-10-18,14.355081,14.640281,14.355081,14.450147,6.48882,174100
2426,1989-10-19,14.450147,14.545214000000001,14.260014000000002,14.497681,6.510166000000001,197000
2427,1989-10-20,14.497681,14.497681,14.307547,14.497681,6.510166000000001,187200
2428,1989-10-23,14.450147,14.497681,14.212481,14.307547,6.4247879999999995,271400
2429,1989-10-24,14.212481,14.307547,13.832213000000001,14.06988,6.318066,637300
2430,1989-10-25,14.164947,14.307547,14.164947,14.260014000000002,6.403447,57600
2431,1989-10-26,14.164947,14.164947,13.879745999999999,13.974813000000001,6.275375,98500
2432,1989-10-27,14.022345999999999,14.06988,13.832213000000001,13.974813000000001,6.275375,159000
2433,1989-10-30,14.022345999999999,14.06988,13.594546,13.642079,6.125962,115800
2434,1989-10-31,13.689613,13.737146,13.594546,13.642079,6.125962,311700
2435,1989-11-01,13.642079,13.642079,13.309346,13.404411999999999,6.019238,625400
2436,1989-11-02,13.309346,13.309346,12.976612,13.214279000000001,5.933859,208200
2437,1989-11-03,13.071679,13.119212,13.024146,13.024146,5.848479,391400
2438,1989-11-06,13.024146,13.119212,12.929079,12.929079,5.8057870000000005,527100
2439,1989-11-07,13.071679,13.404411999999999,13.024146,13.309346,5.976547,1491900
2440,1989-11-08,13.356879000000001,13.356879000000001,13.261811999999999,13.356879000000001,5.9978940000000005,286300
2441,1989-11-09,13.404411999999999,13.404411999999999,13.214279000000001,13.214279000000001,5.933859,168200
2442,1989-11-10,13.214279000000001,13.309346,13.214279000000001,13.309346,5.976547,133000
2443,1989-11-13,13.309346,13.356879000000001,13.166746,13.309346,5.976547,122400
2444,1989-11-14,13.261811999999999,13.404411999999999,13.214279000000001,13.214279000000001,5.933859,157700
2445,1989-11-15,13.119212,13.261811999999999,13.119212,13.261811999999999,5.998353,87200
2446,1989-11-16,13.261811999999999,13.261811999999999,13.166746,13.166746,5.955359,192700
2447,1989-11-17,13.166746,13.261811999999999,13.119212,13.166746,5.955359,228700
2448,1989-11-20,13.166746,13.309346,13.119212,13.261811999999999,5.998353,212700
2449,1989-11-21,13.166746,13.309346,13.071679,13.309346,6.019858,233200
2450,1989-11-22,13.309346,13.309346,13.166746,13.309346,6.019858,349500
2451,1989-11-24,13.309346,13.404411999999999,13.214279000000001,13.214279000000001,5.976861,344800
2452,1989-11-27,13.214279000000001,13.737146,13.214279000000001,13.689613,6.191854,1455500
2453,1989-11-28,13.689613,13.689613,13.451946,13.451946,6.084359,289800
2454,1989-11-29,13.594546,13.784679,13.499479000000001,13.689613,6.191854,489500
2455,1989-11-30,13.689613,14.164947,13.689613,14.117414000000002,6.385351,677300
2456,1989-12-01,14.402614000000002,14.497681,14.164947,14.307547,6.47135,955100
2457,1989-12-04,14.212481,14.545214000000001,14.212481,14.497681,6.557345,281200
2458,1989-12-05,14.545214000000001,14.687814000000001,14.545214000000001,14.592747,6.600346000000001,564100
2459,1989-12-06,14.687814000000001,14.735347,14.450147,14.497681,6.557345,234600
2460,1989-12-07,14.592747,14.640281,14.355081,14.355081,6.492846,226400
2461,1989-12-08,14.450147,14.592747,14.450147,14.545214000000001,6.578848,132200
2462,1989-12-11,14.640281,14.640281,14.402614000000002,14.497681,6.557345,425500
2463,1989-12-12,14.497681,14.925481,14.450147,14.925481,6.750842,249900
2464,1989-12-13,14.925481,14.973014000000001,14.640281,14.830414000000001,6.707841999999999,375800
2465,1989-12-14,14.830414000000001,14.830414000000001,14.640281,14.735347,6.664842999999999,222100
2466,1989-12-15,14.687814000000001,14.735347,14.450147,14.545214000000001,6.578848,438200
2467,1989-12-18,14.592747,14.640281,14.164947,14.307547,6.47135,289200
2468,1989-12-19,14.402614000000002,14.450147,14.212481,14.307547,6.47135,160000
2469,1989-12-20,14.307547,14.355081,14.212481,14.355081,6.492846,170400
2470,1989-12-21,14.402614000000002,14.402614000000002,14.212481,14.402614000000002,6.514347,400800
2471,1989-12-22,14.497681,14.687814000000001,14.355081,14.687814000000001,6.643339999999999,173300
2472,1989-12-26,14.592747,15.020548000000002,14.497681,14.925481,6.750842,198200
2473,1989-12-27,14.877948000000002,15.163148000000001,14.877948000000002,15.115614,6.836836999999999,89700
2474,1989-12-28,15.020548000000002,15.115614,14.735347,14.830414000000001,6.707841999999999,248300
2475,1989-12-29,14.782881,15.210681,14.735347,15.210681,6.879836999999999,284300
2476,1990-01-02,15.068081,15.115614,14.830414000000001,14.925481,6.750842,471500
2477,1990-01-03,15.068081,15.115614,14.877948000000002,14.925481,6.750842,219500
2478,1990-01-04,14.973014000000001,15.020548000000002,14.497681,14.830414000000001,6.707841999999999,270600
2479,1990-01-05,14.640281,14.782881,14.450147,14.450147,6.535842,464800
2480,1990-01-08,14.497681,14.735347,14.450147,14.640281,6.621842999999999,86600
2481,1990-01-09,14.640281,14.830414000000001,14.640281,14.640281,6.621842999999999,297400
2482,1990-01-10,14.640281,14.830414000000001,14.592747,14.592747,6.600346000000001,506000
2483,1990-01-11,14.782881,14.973014000000001,14.735347,14.782881,6.6863399999999995,675700
2484,1990-01-12,14.877948000000002,14.925481,14.640281,14.735347,6.664842999999999,376300
2485,1990-01-15,14.735347,14.830414000000001,14.497681,14.830414000000001,6.707841999999999,155500
2486,1990-01-16,14.735347,14.925481,14.640281,14.877948000000002,6.729342,114800
2487,1990-01-17,14.735347,14.877948000000002,14.640281,14.687814000000001,6.643339999999999,312700
2488,1990-01-18,14.592747,14.735347,14.450147,14.735347,6.664842999999999,199400
2489,1990-01-19,14.735347,14.830414000000001,14.640281,14.640281,6.621842999999999,339700
2490,1990-01-22,14.735347,14.782881,14.164947,14.260014000000002,6.449846,259700
2491,1990-01-23,14.260014000000002,14.355081,14.164947,14.212481,6.4283470000000005,600300
2492,1990-01-24,13.879745999999999,13.927279,13.594546,13.927279,6.299354,313700
2493,1990-01-25,13.927279,13.927279,13.547011999999999,13.594546,6.148855999999999,437400
2494,1990-01-26,13.594546,13.689613,13.499479000000001,13.689613,6.191854,259700
2495,1990-01-29,13.689613,13.737146,13.499479000000001,13.594546,6.148855999999999,153500
2496,1990-01-30,13.547011999999999,13.737146,13.451946,13.642079,6.170354,277100
2497,1990-01-31,13.642079,14.06988,13.594546,14.06988,6.363849,276900
2498,1990-02-01,14.06988,14.06988,13.784679,13.974813000000001,6.320849,124200
2499,1990-02-02,14.06988,14.164947,13.974813000000001,14.164947,6.406848,63100
2500,1990-02-05,14.06988,14.117414000000002,13.832213000000001,13.974813000000001,6.320849,76200
2501,1990-02-06,14.06988,14.06988,13.832213000000001,14.022345999999999,6.34235,193900
2502,1990-02-07,13.879745999999999,14.022345999999999,13.784679,13.927279,6.299354,85000
2503,1990-02-08,14.06988,14.117414000000002,13.927279,13.927279,6.299354,301000
2504,1990-02-09,14.022345999999999,14.117414000000002,13.832213000000001,14.06988,6.363849,872900
2505,1990-02-12,14.06988,14.06988,13.879745999999999,13.927279,6.299354,122600
2506,1990-02-13,13.879745999999999,14.022345999999999,13.784679,13.974813000000001,6.320849,240100
2507,1990-02-14,14.022345999999999,14.022345999999999,13.737146,13.927279,6.299354,71700
2508,1990-02-15,13.927279,14.022345999999999,13.832213000000001,13.927279,6.299354,230300
2509,1990-02-16,14.022345999999999,14.022345999999999,13.784679,13.879745999999999,6.277851,222300
2510,1990-02-20,13.689613,13.689613,13.547011999999999,13.594546,6.148855999999999,188200
2511,1990-02-21,13.451946,13.832213000000001,13.451946,13.737146,6.257114,184900
2512,1990-02-22,13.784679,13.784679,13.404411999999999,13.499479000000001,6.148858000000001,263600
2513,1990-02-23,13.451946,13.547011999999999,13.356879000000001,13.499479000000001,6.148858000000001,181300
2514,1990-02-26,13.499479000000001,13.737146,13.499479000000001,13.547011999999999,6.170506,203100
2515,1990-02-27,13.689613,13.737146,13.642079,13.689613,6.235462,389300
2516,1990-02-28,13.689613,13.927279,13.689613,13.832213000000001,6.300414,360900
2517,1990-03-01,13.737146,13.879745999999999,13.689613,13.737146,6.257114,247500
2518,1990-03-02,13.642079,13.642079,13.309346,13.499479000000001,6.148858000000001,188800
2519,1990-03-05,13.499479000000001,13.642079,13.356879000000001,13.404411999999999,6.105556,162900
2520,1990-03-06,13.356879000000001,13.689613,13.309346,13.689613,6.235462,103400
2521,1990-03-07,13.689613,13.737146,13.594546,13.642079,6.2138089999999995,95200
2522,1990-03-08,13.737146,13.737146,13.499479000000001,13.547011999999999,6.170506,166300
2523,1990-03-09,13.594546,13.594546,13.356879000000001,13.404411999999999,6.105556,342100
2524,1990-03-12,13.404411999999999,13.404411999999999,13.261811999999999,13.309346,6.062253,221300
2525,1990-03-13,13.214279000000001,13.214279000000001,13.119212,13.119212,5.97565,266700
2526,1990-03-14,13.119212,13.356879000000001,12.929079,13.261811999999999,6.040597,781200
2527,1990-03-15,13.261811999999999,13.689613,13.261811999999999,13.594546,6.192159999999999,460700
2528,1990-03-16,13.974813000000001,13.974813000000001,13.784679,13.879745999999999,6.322061,341300
2529,1990-03-19,13.784679,13.832213000000001,13.594546,13.737146,6.257114,164300
2530,1990-03-20,13.737146,13.737146,13.547011999999999,13.547011999999999,6.170506,254400
2531,1990-03-21,13.594546,13.737146,13.451946,13.451946,6.127208,773000
2532,1990-03-22,13.451946,13.499479000000001,13.356879000000001,13.451946,6.127208,524400
2533,1990-03-23,13.404411999999999,13.689613,13.404411999999999,13.499479000000001,6.148858000000001,216600
2534,1990-03-26,13.689613,13.689613,13.547011999999999,13.689613,6.235462,271400
2535,1990-03-27,13.784679,13.879745999999999,13.689613,13.832213000000001,6.300414,196600
2536,1990-03-28,14.06988,14.212481,13.879745999999999,14.022345999999999,6.387016,360100
2537,1990-03-29,14.117414000000002,14.212481,14.022345999999999,14.06988,6.4086669999999994,300000
2538,1990-03-30,14.06988,14.117414000000002,13.974813000000001,14.06988,6.4086669999999994,107500
2539,1990-04-02,13.879745999999999,13.974813000000001,13.784679,13.974813000000001,6.365362999999999,183300
2540,1990-04-03,13.879745999999999,14.022345999999999,13.784679,13.927279,6.343717,230300
2541,1990-04-04,13.927279,13.927279,13.689613,13.689613,6.235462,384800
2542,1990-04-05,13.737146,13.879745999999999,13.594546,13.642079,6.2138089999999995,232100
2543,1990-04-06,13.689613,13.737146,13.451946,13.547011999999999,6.170506,297400
2544,1990-04-09,13.547011999999999,13.642079,13.499479000000001,13.499479000000001,6.148858000000001,230500
2545,1990-04-10,13.594546,13.689613,13.547011999999999,13.594546,6.192159999999999,124200
2546,1990-04-11,13.594546,13.927279,13.594546,13.927279,6.343717,553700
2547,1990-04-12,14.022345999999999,14.117414000000002,13.927279,14.06988,6.4086669999999994,244000
2548,1990-04-16,14.117414000000002,14.117414000000002,13.879745999999999,13.879745999999999,6.322061,136100
2549,1990-04-17,13.832213000000001,13.974813000000001,13.689613,13.974813000000001,6.365362999999999,181500
2550,1990-04-18,14.022345999999999,14.06988,13.879745999999999,13.879745999999999,6.322061,403800
2551,1990-04-19,13.784679,13.927279,13.689613,13.927279,6.343717,280200
2552,1990-04-20,13.927279,13.927279,13.689613,13.689613,6.235462,378700
2553,1990-04-23,13.689613,13.737146,13.499479000000001,13.499479000000001,6.148858000000001,225600
2554,1990-04-24,13.547011999999999,13.594546,13.451946,13.451946,6.127208,155900
2555,1990-04-25,13.547011999999999,13.642079,13.451946,13.451946,6.127208,494200
2556,1990-04-26,13.499479000000001,13.547011999999999,13.214279000000001,13.356879000000001,6.083903,183100
2557,1990-04-27,13.309346,13.499479000000001,13.166746,13.166746,5.9973,253800
2558,1990-04-30,13.166746,13.166746,12.881545,12.929079,5.889044999999999,569400
2559,1990-05-01,13.024146,13.309346,12.929079,13.261811999999999,6.040597,147900
2560,1990-05-02,13.309346,13.309346,13.119212,13.309346,6.062253,103400
2561,1990-05-03,13.356879000000001,13.356879000000001,13.166746,13.166746,5.9973,124600
2562,1990-05-04,13.071679,13.261811999999999,13.071679,13.261811999999999,6.040597,327600
2563,1990-05-07,13.356879000000001,13.451946,13.309346,13.309346,6.062253,347800
2564,1990-05-08,13.404411999999999,13.404411999999999,13.214279000000001,13.356879000000001,6.083903,300000
2565,1990-05-09,13.451946,13.689613,13.356879000000001,13.689613,6.235462,326200
2566,1990-05-10,13.737146,14.022345999999999,13.737146,14.022345999999999,6.387016,145900
2567,1990-05-11,13.974813000000001,14.212481,13.737146,14.117414000000002,6.43032,136300
2568,1990-05-14,14.022345999999999,14.212481,13.927279,13.974813000000001,6.365362999999999,220900
2569,1990-05-15,13.974813000000001,14.164947,13.974813000000001,14.117414000000002,6.43032,179200
2570,1990-05-16,14.022345999999999,14.212481,14.022345999999999,14.212481,6.473617,312700
2571,1990-05-17,14.164947,14.355081,14.164947,14.212481,6.473617,194500
2572,1990-05-18,14.164947,14.212481,13.927279,14.164947,6.451969,126900
2573,1990-05-21,14.06988,14.497681,14.022345999999999,14.497681,6.603526,108300
2574,1990-05-22,14.592747,14.782881,14.450147,14.592747,6.646828,112400
2575,1990-05-23,14.640281,14.735347,14.497681,14.735347,6.755794,407300
2576,1990-05-24,14.735347,14.973014000000001,14.735347,14.925481,6.8429649999999995,389900
2577,1990-05-25,14.830414000000001,15.115614,14.830414000000001,14.925481,6.8429649999999995,433700
2578,1990-05-29,14.973014000000001,15.163148000000001,14.973014000000001,15.163148000000001,6.951928,205800
2579,1990-05-30,15.210681,15.258214,15.068081,15.068081,6.908342,329400
2580,1990-05-31,14.640281,14.782881,14.355081,14.592747,6.690415,1377000
2581,1990-06-01,14.545214000000001,14.592747,14.260014000000002,14.307547,6.559660000000001,578400
2582,1990-06-04,14.260014000000002,14.260014000000002,13.879745999999999,13.879745999999999,6.363519,660800
2583,1990-06-05,13.879745999999999,13.879745999999999,13.784679,13.784679,6.319936,671000
2584,1990-06-06,13.784679,13.784679,13.594546,13.689613,6.276351,597200
2585,1990-06-07,13.737146,13.784679,13.689613,13.689613,6.276351,687100
2586,1990-06-08,13.689613,13.784679,13.594546,13.689613,6.276351,286500
2587,1990-06-11,13.689613,13.879745999999999,13.689613,13.879745999999999,6.363519,491900
2588,1990-06-12,13.927279,14.06988,13.879745999999999,14.06988,6.450692,209500
2589,1990-06-13,14.06988,14.06988,13.879745999999999,13.927279,6.385317,64500
2590,1990-06-14,13.879745999999999,14.022345999999999,13.832213000000001,13.974813000000001,6.4071050000000005,193700
2591,1990-06-15,13.879745999999999,14.06988,13.879745999999999,13.927279,6.385317,263200
2592,1990-06-18,13.927279,13.974813000000001,13.689613,13.737146,6.298146,136900
2593,1990-06-19,13.737146,13.974813000000001,13.737146,13.974813000000001,6.4071050000000005,352700
2594,1990-06-20,13.974813000000001,14.022345999999999,13.879745999999999,13.927279,6.385317,123200
2595,1990-06-21,14.164947,14.355081,14.022345999999999,14.022345999999999,6.4288989999999995,319000
2596,1990-06-22,14.117414000000002,14.117414000000002,13.974813000000001,13.974813000000001,6.4071050000000005,294900
2597,1990-06-25,13.974813000000001,14.022345999999999,13.642079,13.689613,6.276351,375800
2598,1990-06-26,13.737146,13.784679,13.499479000000001,13.499479000000001,6.189179,495200
2599,1990-06-27,13.499479000000001,13.499479000000001,13.261811999999999,13.356879000000001,6.1238,428000
2600,1990-06-28,13.309346,13.356879000000001,13.166746,13.214279000000001,6.058422,417900
2601,1990-06-29,13.166746,13.309346,13.119212,13.309346,6.1020080000000005,122600
2602,1990-07-02,13.309346,13.547011999999999,13.309346,13.499479000000001,6.189179,179800
2603,1990-07-03,13.404411999999999,13.547011999999999,13.356879000000001,13.404411999999999,6.145594,90900
2604,1990-07-05,13.404411999999999,13.404411999999999,13.261811999999999,13.261811999999999,6.080209,201900
2605,1990-07-06,13.309346,13.547011999999999,13.309346,13.309346,6.1020080000000005,195800
2606,1990-07-09,13.404411999999999,13.451946,13.356879000000001,13.451946,6.167388,87600
2607,1990-07-10,13.404411999999999,13.594546,13.404411999999999,13.547011999999999,6.21097,167800
2608,1990-07-11,13.499479000000001,13.784679,13.451946,13.737146,6.298146,151400
2609,1990-07-12,13.927279,14.06988,13.879745999999999,14.06988,6.450692,222500
2610,1990-07-13,14.117414000000002,14.307547,14.117414000000002,14.260014000000002,6.537863,385400
2611,1990-07-16,14.307547,14.450147,14.260014000000002,14.307547,6.559660000000001,603700
2612,1990-07-17,14.212481,14.355081,14.117414000000002,14.355081,6.581448,971700
2613,1990-07-18,14.307547,14.355081,13.689613,13.832213000000001,6.341726,626400
2614,1990-07-19,13.879745999999999,14.022345999999999,13.784679,13.974813000000001,6.4071050000000005,150400
2615,1990-07-20,14.06988,14.212481,14.022345999999999,14.022345999999999,6.4288989999999995,491500
2616,1990-07-23,14.06988,14.06988,13.642079,13.689613,6.276351,497900
2617,1990-07-24,13.689613,13.689613,13.547011999999999,13.642079,6.254558,430000
2618,1990-07-25,13.642079,13.642079,13.261811999999999,13.499479000000001,6.189179,671800
2619,1990-07-26,13.547011999999999,13.642079,13.404411999999999,13.499479000000001,6.189179,474800
2620,1990-07-27,13.594546,13.594546,13.166746,13.214279000000001,6.058422,415100
2621,1990-07-30,13.166746,13.214279000000001,12.548812,12.786479,5.862285,1729800
2622,1990-07-31,12.786479,12.834012,12.643879,12.738945,5.840491,698800
2623,1990-08-01,12.738945,12.929079,12.738945,12.881545,5.905869999999999,700400
2624,1990-08-02,12.929079,12.929079,12.263612,12.263612,5.6225629999999995,1290700
2625,1990-08-03,12.263612,12.263612,11.598145,11.835811999999999,5.4264269999999994,1740400
2626,1990-08-06,11.740745,11.835811999999999,11.645678,11.693211,5.3610489999999995,507300
2627,1990-08-07,11.740745,11.835811999999999,11.550611,11.835811999999999,5.4264269999999994,642800
2628,1990-08-08,11.788278,12.358678,11.788278,12.263612,5.6225629999999995,1466700
2629,1990-08-09,12.216078,12.311145,12.216078,12.263612,5.6225629999999995,692500
2630,1990-08-10,12.263612,12.263612,12.073478,12.216078,5.60077,431200
2631,1990-08-13,12.073478,12.358678,12.025945,12.311145,5.644354,519700
2632,1990-08-14,12.311145,12.738945,12.216078,12.643879,5.796907,292000
2633,1990-08-15,12.786479,12.834012,12.548812,12.596345,5.775113,435500
2634,1990-08-16,12.548812,12.548812,12.406212,12.501278999999998,5.731525,285100
2635,1990-08-17,12.216078,12.311145,12.025945,12.073478,5.577808999999999,368500
2636,1990-08-20,12.073478,12.073478,11.930878,12.025945,5.5558510000000005,554900
2637,1990-08-21,12.168545,12.216078,11.978411999999999,12.121012,5.599769,794200
2638,1990-08-22,12.263612,12.311145,12.025945,12.073478,5.577808999999999,304300
2639,1990-08-23,12.168545,12.263612,11.788278,11.883345,5.489973,2026000
2640,1990-08-24,11.978411999999999,12.121012,11.930878,11.978411999999999,5.533891000000001,451900
2641,1990-08-27,12.168545,12.311145,12.025945,12.121012,5.599769,300600
2642,1990-08-28,12.121012,12.216078,12.025945,12.121012,5.599769,241800
2643,1990-08-29,12.073478,12.263612,12.025945,12.168545,5.621729,134400
2644,1990-08-30,12.263612,12.453745,12.168545,12.358678,5.709568,426500
2645,1990-08-31,12.358678,12.548812,12.358678,12.548812,5.79741,221900
2646,1990-09-04,12.643879,12.691412,12.406212,12.501278999999998,5.775448,268700
2647,1990-09-05,12.501278999999998,12.691412,12.501278999999998,12.643879,5.841329,290600
2648,1990-09-06,12.643879,12.834012,12.643879,12.738945,5.885247,272400
2649,1990-09-07,12.691412,12.738945,12.643879,12.691412,5.86329,168400
2650,1990-09-10,12.786479,12.834012,12.691412,12.786479,5.907207,155900
2651,1990-09-11,12.691412,12.738945,12.548812,12.691412,5.86329,168800
2652,1990-09-12,12.738945,12.738945,12.548812,12.691412,5.86329,326000
2653,1990-09-13,12.691412,12.929079,12.643879,12.929079,5.973085,341900
2654,1990-09-14,12.929079,12.929079,12.691412,12.786479,5.907207,255000
2655,1990-09-17,12.738945,12.738945,12.501278999999998,12.501278999999998,5.775448,245000
2656,1990-09-18,12.406212,12.406212,12.263612,12.358678,5.709568,194700
2657,1990-09-19,12.358678,12.501278999999998,12.025945,12.025945,5.5558510000000005,275700
2658,1990-09-20,12.025945,12.025945,11.693211,11.693211,5.4021300000000005,145700
2659,1990-09-21,11.788278,11.788278,11.503078,11.693211,5.4021300000000005,321900
2660,1990-09-24,11.788278,11.835811999999999,11.645678,11.740745,5.424087999999999,44100
2661,1990-09-25,11.598145,11.835811999999999,11.550611,11.835811999999999,5.46801,44700
2662,1990-09-26,11.835811999999999,11.835811999999999,11.598145,11.693211,5.4021300000000005,32400
2663,1990-09-27,11.740745,11.835811999999999,11.40801,11.40801,5.270373,248500
2664,1990-09-28,11.40801,11.693211,11.265410000000001,11.693211,5.4021300000000005,309800
2665,1990-10-01,11.788278,12.121012,11.598145,12.121012,5.599769,372400
2666,1990-10-02,12.263612,12.263612,12.073478,12.073478,5.577808999999999,258300
2667,1990-10-03,12.073478,12.073478,11.883345,11.883345,5.489973,151400
2668,1990-10-04,11.883345,11.930878,11.693211,11.883345,5.489973,126500
2669,1990-10-05,11.740745,12.073478,11.645678,11.930878,5.511932,169800
2670,1990-10-08,12.025945,12.073478,11.930878,11.930878,5.511932,67800
2671,1990-10-09,11.930878,11.930878,11.598145,11.598145,5.358211,133000
2672,1990-10-10,11.598145,11.598145,11.360477000000001,11.40801,5.270373,87600
2673,1990-10-11,11.217877,11.217877,10.885143,10.885143,5.028815,185500
2674,1990-10-12,10.932677,11.503078,10.885143,11.40801,5.270373,100900
2675,1990-10-15,11.503078,11.598145,11.122810000000001,11.217877,5.182535,289400
2676,1990-10-16,11.122810000000001,11.265410000000001,10.980210000000001,11.027743,5.0946940000000005,94200
2677,1990-10-17,10.980210000000001,11.217877,10.932677,11.027743,5.0946940000000005,98900
2678,1990-10-18,11.075277,11.122810000000001,10.932677,11.122810000000001,5.138612,403200
2679,1990-10-19,11.170342999999999,11.455544,11.170342999999999,11.312944,5.226453,335400
2680,1990-10-22,11.170342999999999,11.312944,10.980210000000001,11.217877,5.182535,368900
2681,1990-10-23,11.075277,11.075277,10.885143,10.980210000000001,5.072734,120300
2682,1990-10-24,11.075277,11.075277,10.83761,10.83761,5.006851,349900
2683,1990-10-25,10.69501,10.790077,10.647477,10.647477,4.919014,96800
2684,1990-10-26,10.647477,10.647477,10.26721,10.26721,4.743336,123200
2685,1990-10-29,10.362276,10.504876,10.029542999999999,10.029542999999999,4.633535,279200
2686,1990-10-30,10.029542999999999,10.457343,10.029542999999999,10.457343,4.831176,200500
2687,1990-10-31,10.55241,10.647477,10.504876,10.55241,4.875095,226600
2688,1990-11-01,10.647477,10.980210000000001,10.647477,10.980210000000001,5.072734,398900
2689,1990-11-02,10.980210000000001,11.027743,10.932677,10.980210000000001,5.072734,214400
2690,1990-11-05,10.885143,11.075277,10.885143,11.075277,5.116651,319600
2691,1990-11-06,11.075277,11.312944,11.075277,11.122810000000001,5.138612,198200
2692,1990-11-07,11.122810000000001,11.170342999999999,11.027743,11.027743,5.0946940000000005,1282400
2693,1990-11-08,11.027743,11.122810000000001,10.932677,11.075277,5.116651,257700
2694,1990-11-09,11.170342999999999,11.217877,11.027743,11.122810000000001,5.138612,52700
2695,1990-11-12,11.075277,11.170342999999999,11.027743,11.027743,5.0946940000000005,267900
2696,1990-11-13,11.075277,11.075277,10.980210000000001,11.027743,5.0946940000000005,857000
2697,1990-11-14,10.83761,11.075277,10.83761,11.027743,5.138997,369700
2698,1990-11-15,10.932677,10.932677,10.885143,10.885143,5.072544000000001,326000
2699,1990-11-16,10.885143,10.980210000000001,10.885143,10.932677,5.094697,338600
2700,1990-11-19,10.932677,10.980210000000001,10.83761,10.885143,5.072544000000001,420000
2701,1990-11-20,10.885143,10.885143,10.742543,10.742543,5.0060910000000005,272200
2702,1990-11-21,10.742543,10.790077,10.457343,10.647477,4.961792,252800
2703,1990-11-23,10.742543,10.742543,10.55241,10.599943,4.939637,16100
2704,1990-11-26,10.40981,10.742543,10.362276,10.742543,5.0060910000000005,208000
2705,1990-11-27,10.647477,10.980210000000001,10.647477,10.980210000000001,5.116847,166300
2706,1990-11-28,11.027743,11.075277,10.83761,10.83761,5.0503919999999995,40600
2707,1990-11-29,10.742543,11.122810000000001,10.742543,11.027743,5.138997,145300
2708,1990-11-30,11.122810000000001,11.40801,11.075277,11.360477000000001,5.294054,156100
2709,1990-12-03,11.455544,11.550611,11.40801,11.455544,5.3383519999999995,228300
2710,1990-12-04,11.455544,11.455544,11.027743,11.170342999999999,5.205445,335000
2711,1990-12-05,11.075277,11.170342999999999,10.980210000000001,11.170342999999999,5.205445,119700
2712,1990-12-06,11.217877,11.217877,11.027743,11.122810000000001,5.183299,152200
2713,1990-12-07,11.122810000000001,11.312944,11.027743,11.122810000000001,5.183299,95600
2714,1990-12-10,11.075277,11.170342999999999,11.027743,11.170342999999999,5.205445,177200
2715,1990-12-11,11.075277,11.170342999999999,11.027743,11.027743,5.138997,65800
2716,1990-12-12,11.027743,11.312944,11.027743,11.217877,5.227601,487900
2717,1990-12-13,11.217877,11.360477000000001,11.217877,11.217877,5.227601,110100
2718,1990-12-14,11.170342999999999,11.217877,11.075277,11.217877,5.227601,56600
2719,1990-12-17,11.122810000000001,11.217877,11.122810000000001,11.170342999999999,5.205445,136900
2720,1990-12-18,11.075277,11.217877,11.027743,11.075277,5.161146,75600
2721,1990-12-19,11.075277,11.122810000000001,10.55241,10.647477,4.961792,343500
2722,1990-12-20,10.55241,10.83761,10.504876,10.83761,5.0503919999999995,115400
2723,1990-12-21,10.83761,10.83761,10.599943,10.69501,4.9839400000000005,278500
2724,1990-12-24,10.647477,10.647477,10.457343,10.599943,4.939637,271000
2725,1990-12-26,10.55241,10.647477,10.504876,10.504876,4.8953370000000005,44700
2726,1990-12-27,10.55241,10.55241,10.314743,10.314743,4.806734,101300
2727,1990-12-28,10.314743,10.314743,10.219676,10.314743,4.806734,144700
2728,1990-12-31,10.457343,10.55241,10.314743,10.362276,4.828883,155700
2729,1991-01-02,10.504876,10.504876,10.077076,10.077076,4.695977,385400
2730,1991-01-03,10.077076,10.172143,9.934476,10.12461,4.71813,127700
2731,1991-01-04,10.12461,10.55241,10.12461,10.362276,4.828883,190700
2732,1991-01-07,10.26721,10.40981,10.172143,10.26721,4.7845830000000005,207000
2733,1991-01-08,10.219676,10.504876,10.219676,10.40981,4.8510349999999995,95200
2734,1991-01-09,10.599943,10.932677,10.457343,10.457343,4.8731860000000005,296700
2735,1991-01-10,10.599943,10.599943,10.40981,10.55241,4.917488,54100
2736,1991-01-11,10.504876,10.69501,10.504876,10.69501,4.9839400000000005,164900
2737,1991-01-14,10.599943,10.647477,10.504876,10.647477,4.961792,187000
2738,1991-01-15,10.69501,11.027743,10.647477,11.027743,5.138997,285300
2739,1991-01-16,10.932677,10.980210000000001,10.742543,10.790077,5.028241,94400
2740,1991-01-17,10.932677,11.265410000000001,10.932677,11.265410000000001,5.249747,243200
2741,1991-01-18,11.265410000000001,11.788278,11.265410000000001,11.693211,5.449106,312500
2742,1991-01-21,11.598145,11.693211,11.455544,11.598145,5.404808,149800
2743,1991-01-22,11.503078,11.598145,11.455544,11.550611,5.3826540000000005,68600
2744,1991-01-23,11.217877,11.598145,11.170342999999999,11.598145,5.404808,357000
2745,1991-01-24,11.503078,11.550611,11.360477000000001,11.40801,5.316203,197200
2746,1991-01-25,11.360477000000001,11.360477000000001,11.122810000000001,11.217877,5.227601,313300
2747,1991-01-28,11.170342999999999,11.170342999999999,11.027743,11.027743,5.138997,179800
2748,1991-01-29,10.885143,11.027743,10.790077,11.027743,5.138997,227400
2749,1991-01-30,10.932677,11.40801,10.932677,11.312944,5.271902,331500
2750,1991-01-31,11.312944,11.40801,11.265410000000001,11.40801,5.316203,561600
2751,1991-02-01,11.360477000000001,11.360477000000001,11.122810000000001,11.217877,5.227601,511000
2752,1991-02-04,11.170342999999999,11.360477000000001,11.122810000000001,11.360477000000001,5.294054,417700
2753,1991-02-05,11.360477000000001,11.40801,11.217877,11.40801,5.316203,128700
2754,1991-02-06,11.40801,11.883345,11.312944,11.883345,5.537712,357000
2755,1991-02-07,11.978411999999999,12.311145,11.788278,11.883345,5.537712,249700
2756,1991-02-08,11.788278,11.930878,11.788278,11.930878,5.559864,79700
2757,1991-02-11,11.978411999999999,12.216078,11.978411999999999,12.121012,5.648465,431200
2758,1991-02-12,12.025945,12.168545,11.503078,11.503078,5.360504,337200
2759,1991-02-13,11.550611,11.598145,11.312944,11.598145,5.404808,535300
2760,1991-02-14,11.598145,11.645678,10.932677,11.027743,5.181469,320200
2761,1991-02-15,10.885143,11.217877,10.885143,11.217877,5.270805999999999,193700
2762,1991-02-19,11.170342999999999,11.40801,11.075277,11.40801,5.36014,386500
2763,1991-02-20,11.503078,11.883345,11.360477000000001,11.740745,5.516475,193500
2764,1991-02-21,11.740745,11.835811999999999,11.645678,11.835811999999999,5.561145,191300
2765,1991-02-22,11.835811999999999,12.073478,11.788278,11.835811999999999,5.561145,143000
2766,1991-02-25,12.025945,12.025945,11.788278,11.883345,5.583480000000001,156100
2767,1991-02-26,11.788278,11.835811999999999,11.693211,11.740745,5.516475,378700
2768,1991-02-27,11.835811999999999,12.073478,11.788278,12.025945,5.650482,304700
2769,1991-02-28,12.073478,12.929079,12.073478,12.786479,6.007823,856800
2770,1991-03-01,12.834012,12.881545,12.643879,12.834012,6.0301540000000005,496800
2771,1991-03-04,12.929079,13.024146,12.834012,12.976612,6.097155,433900
2772,1991-03-05,12.976612,13.119212,12.786479,13.024146,6.119493,758700
2773,1991-03-06,13.071679,13.071679,12.786479,13.024146,6.119493,585800
2774,1991-03-07,12.929079,12.976612,12.738945,12.786479,6.007823,1132900
2775,1991-03-08,12.834012,12.834012,12.596345,12.596345,5.918483999999999,261800
2776,1991-03-11,12.548812,12.643879,12.216078,12.311145,5.784485,553900
2777,1991-03-12,12.358678,12.406212,12.168545,12.168545,5.717482,304700
2778,1991-03-13,12.168545,12.501278999999998,12.168545,12.453745,5.8514870000000005,72300
2779,1991-03-14,12.453745,12.453745,12.263612,12.311145,5.784485,184300
2780,1991-03-15,12.216078,12.406212,12.216078,12.406212,5.829154,416500
2781,1991-03-18,12.311145,12.358678,12.263612,12.311145,5.784485,57800
2782,1991-03-19,12.216078,12.311145,12.025945,12.073478,5.672816,163700
2783,1991-03-20,12.073478,12.216078,12.025945,12.025945,5.650482,211900
2784,1991-03-21,12.073478,12.216078,12.025945,12.025945,5.650482,105800
2785,1991-03-22,12.073478,12.168545,11.978411999999999,12.025945,5.650482,124200
2786,1991-03-25,12.168545,12.168545,11.978411999999999,12.025945,5.650482,70300
2787,1991-03-26,12.025945,12.025945,11.930878,11.978411999999999,5.628147,118900
2788,1991-03-27,11.978411999999999,12.025945,11.740745,11.788278,5.538812,399300
2789,1991-03-28,11.883345,11.930878,11.740745,11.740745,5.516475,134000
2790,1991-04-01,11.740745,11.788278,11.360477000000001,11.40801,5.36014,361300
2791,1991-04-02,11.455544,11.455544,11.170342999999999,11.360477000000001,5.337808,299000
2792,1991-04-03,11.455544,11.645678,11.40801,11.550611,5.427141000000001,512400
2793,1991-04-04,11.645678,11.978411999999999,11.503078,11.978411999999999,5.628147,424900
2794,1991-04-05,12.121012,12.168545,11.835811999999999,12.025945,5.650482,311700
2795,1991-04-08,12.025945,12.025945,11.598145,11.930878,5.605814,310600
2796,1991-04-09,12.025945,12.168545,11.978411999999999,12.025945,5.650482,196200
2797,1991-04-10,12.073478,12.216078,11.930878,12.073478,5.672816,321300
2798,1991-04-11,12.073478,12.358678,12.073478,12.263612,5.76215,223000
2799,1991-04-12,12.358678,12.406212,12.168545,12.263612,5.76215,177400
2800,1991-04-15,12.406212,12.501278999999998,12.168545,12.406212,5.829154,121600
2801,1991-04-16,12.453745,12.738945,12.406212,12.738945,5.985488,350700
2802,1991-04-17,12.834012,12.929079,12.738945,12.738945,5.985488,382600
2803,1991-04-18,12.596345,12.643879,12.311145,12.453745,5.8514870000000005,285300
2804,1991-04-19,12.548812,12.643879,12.453745,12.501278999999998,5.873819,182500
2805,1991-04-22,12.548812,13.119212,12.548812,13.119212,6.164162,570400
2806,1991-04-23,13.261811999999999,13.404411999999999,12.881545,12.976612,6.097155,532400
2807,1991-04-24,13.024146,13.024146,12.834012,12.929079,6.074821,403000
2808,1991-04-25,12.976612,12.976612,12.786479,12.834012,6.0301540000000005,325200
2809,1991-04-26,12.881545,12.976612,12.786479,12.929079,6.074821,540800
2810,1991-04-29,12.881545,12.976612,12.691412,12.738945,5.985488,554900
2811,1991-04-30,12.834012,12.929079,12.643879,12.738945,5.985488,528700
2812,1991-05-01,12.691412,12.881545,12.643879,12.881545,6.052489,358300
2813,1991-05-02,12.929079,12.929079,12.834012,12.881545,6.052489,369300
2814,1991-05-03,12.976612,12.976612,12.738945,12.834012,6.0301540000000005,45700
2815,1991-05-06,12.929079,12.929079,12.738945,12.834012,6.0301540000000005,137700
2816,1991-05-07,12.881545,12.881545,12.691412,12.738945,5.985488,274700
2817,1991-05-08,12.786479,12.881545,12.691412,12.834012,6.0301540000000005,107100
2818,1991-05-09,12.881545,12.929079,12.786479,12.929079,6.074821,259500
2819,1991-05-10,12.834012,12.881545,12.358678,12.453745,5.8514870000000005,104000
2820,1991-05-13,12.501278999999998,12.643879,12.453745,12.643879,5.940822,93000
2821,1991-05-14,12.738945,12.738945,12.168545,12.168545,5.717482,216200
2822,1991-05-15,12.216078,12.358678,12.073478,12.311145,5.784485,305300
2823,1991-05-16,12.406212,12.406212,12.263612,12.263612,5.76215,275700
2824,1991-05-17,12.311145,12.311145,12.073478,12.216078,5.739814,108100
2825,1991-05-20,12.216078,12.263612,11.930878,11.930878,5.605814,251200
2826,1991-05-21,11.930878,12.025945,11.788278,11.883345,5.583480000000001,101100
2827,1991-05-22,11.835811999999999,11.835811999999999,11.598145,11.598145,5.493425,224800
2828,1991-05-23,11.598145,11.788278,11.550611,11.788278,5.583482,355800
2829,1991-05-24,11.835811999999999,12.121012,11.788278,12.025945,5.696052,250500
2830,1991-05-28,12.025945,12.263612,11.978411999999999,12.263612,5.8086199999999995,205400
2831,1991-05-29,12.168545,12.406212,12.168545,12.358678,5.8536470000000005,263200
2832,1991-05-30,12.358678,12.358678,12.121012,12.263612,5.8086199999999995,264600
2833,1991-05-31,12.358678,12.358678,12.216078,12.358678,5.8536470000000005,127100
2834,1991-06-03,12.358678,12.406212,12.358678,12.406212,5.8761660000000004,151200
2835,1991-06-04,12.311145,12.358678,12.311145,12.358678,5.8536470000000005,93000
2836,1991-06-05,12.358678,12.358678,12.311145,12.358678,5.8536470000000005,97200
2837,1991-06-06,12.358678,12.358678,12.168545,12.168545,5.763592,98700
2838,1991-06-07,12.025945,12.168545,11.788278,11.788278,5.583482,388100
2839,1991-06-10,11.788278,11.978411999999999,11.693211,11.835811999999999,5.605994,299200
2840,1991-06-11,11.930878,12.121012,11.930878,11.978411999999999,5.6735370000000005,201500
2841,1991-06-12,11.978411999999999,11.978411999999999,11.740745,11.835811999999999,5.605994,333100
2842,1991-06-13,11.835811999999999,12.025945,11.835811999999999,12.025945,5.696052,114800
2843,1991-06-14,12.025945,12.263612,11.930878,12.263612,5.8086199999999995,230900
2844,1991-06-17,12.406212,12.501278999999998,12.311145,12.311145,5.831136,296100
2845,1991-06-18,12.358678,12.358678,11.788278,11.930878,5.651024,316800
2846,1991-06-19,11.693211,11.883345,11.693211,11.835811999999999,5.605994,361300
2847,1991-06-20,11.930878,11.930878,11.740745,11.835811999999999,5.605994,489700
2848,1991-06-21,11.883345,11.978411999999999,11.788278,11.883345,5.6285099999999995,249300
2849,1991-06-24,11.930878,11.930878,11.645678,11.693211,5.538451,100700
2850,1991-06-25,11.693211,11.835811999999999,11.693211,11.835811999999999,5.605994,79100
2851,1991-06-26,11.835811999999999,11.930878,11.740745,11.835811999999999,5.605994,359700
2852,1991-06-27,11.930878,11.930878,11.835811999999999,11.883345,5.6285099999999995,460100
2853,1991-06-28,11.788278,11.835811999999999,11.40801,11.550611,5.470909,215600
2854,1991-07-01,11.598145,11.788278,11.598145,11.645678,5.515939,458800
2855,1991-07-02,11.645678,11.978411999999999,11.598145,11.883345,5.6285099999999995,210900
2856,1991-07-03,11.883345,11.883345,11.645678,11.788278,5.583482,248900
2857,1991-07-05,11.788278,11.883345,11.693211,11.740745,5.560964,93800
2858,1991-07-08,11.740745,11.788278,11.693211,11.788278,5.583482,304900
2859,1991-07-09,11.740745,11.788278,11.645678,11.645678,5.515939,488500
2860,1991-07-10,11.645678,11.788278,11.598145,11.598145,5.493425,144500
2861,1991-07-11,11.598145,11.693211,11.550611,11.645678,5.515939,133400
2862,1991-07-12,11.740745,11.740745,11.598145,11.693211,5.538451,274700
2863,1991-07-15,11.645678,11.788278,11.360477000000001,11.360477000000001,5.380856,143400
2864,1991-07-16,11.40801,11.40801,11.217877,11.265410000000001,5.335824,179600
2865,1991-07-17,11.265410000000001,11.598145,11.265410000000001,11.598145,5.493425,288400
2866,1991-07-18,11.598145,11.740745,11.550611,11.550611,5.470909,221900
2867,1991-07-19,11.598145,11.788278,11.598145,11.645678,5.515939,405100
2868,1991-07-22,11.693211,11.788278,11.598145,11.740745,5.560964,137900
2869,1991-07-23,11.788278,11.788278,11.598145,11.693211,5.538451,199400
2870,1991-07-24,11.740745,11.740745,11.40801,11.598145,5.493425,124800
2871,1991-07-25,11.693211,11.788278,11.503078,11.788278,5.583482,124200
2872,1991-07-26,11.693211,11.693211,11.40801,11.40801,5.403368,111800
2873,1991-07-29,11.40801,11.40801,11.170342999999999,11.265410000000001,5.335824,97900
2874,1991-07-30,11.217877,11.360477000000001,11.122810000000001,11.360477000000001,5.380856,448200
2875,1991-07-31,11.503078,11.693211,11.312944,11.693211,5.538451,217600
2876,1991-08-01,11.788278,11.788278,11.550611,11.740745,5.560964,450900
2877,1991-08-02,11.693211,11.740745,11.598145,11.693211,5.538451,171600
2878,1991-08-05,11.693211,11.693211,11.455544,11.550611,5.470909,315100
2879,1991-08-06,11.550611,11.740745,11.550611,11.693211,5.538451,229100
2880,1991-08-07,11.693211,11.740745,11.693211,11.740745,5.560964,79100
2881,1991-08-08,11.693211,11.788278,11.645678,11.740745,5.560964,117900
2882,1991-08-09,11.645678,11.788278,11.645678,11.693211,5.538451,123600
2883,1991-08-12,11.740745,11.788278,11.693211,11.693211,5.538451,61500
2884,1991-08-13,11.788278,11.788278,11.550611,11.645678,5.515939,283200
2885,1991-08-14,11.598145,11.645678,11.40801,11.550611,5.470909,288600
2886,1991-08-15,11.645678,11.645678,11.312944,11.598145,5.493425,117900
2887,1991-08-16,11.598145,11.598145,11.027743,11.170342999999999,5.334526,344600
2888,1991-08-19,10.980210000000001,11.217877,10.83761,10.83761,5.175622,329400
2889,1991-08-20,10.980210000000001,11.027743,10.83761,10.980210000000001,5.243722,98500
2890,1991-08-21,11.122810000000001,11.265410000000001,10.980210000000001,11.170342999999999,5.334526,453500
2891,1991-08-22,11.312944,11.455544,11.312944,11.40801,5.448024,260400
2892,1991-08-23,11.312944,11.503078,11.312944,11.455544,5.470726,103000
2893,1991-08-26,11.550611,11.550611,11.40801,11.40801,5.448024,64100
2894,1991-08-27,11.455544,11.503078,11.312944,11.360477000000001,5.425326,176800
2895,1991-08-28,11.360477000000001,11.598145,11.312944,11.598145,5.538824,124800
2896,1991-08-29,11.503078,11.645678,11.455544,11.645678,5.561526000000001,238500
2897,1991-08-30,11.740745,11.740745,11.645678,11.693211,5.5842279999999995,59600
2898,1991-09-03,11.503078,11.788278,11.503078,11.788278,5.629626999999999,205800
2899,1991-09-04,11.835811999999999,11.930878,11.788278,11.788278,5.629626999999999,317000
2900,1991-09-05,11.788278,11.930878,11.693211,11.693211,5.5842279999999995,213300
2901,1991-09-06,11.693211,11.788278,11.598145,11.645678,5.561526000000001,87200
2902,1991-09-09,11.645678,11.693211,11.598145,11.645678,5.561526000000001,102600
2903,1991-09-10,11.740745,11.740745,11.503078,11.598145,5.538824,264600
2904,1991-09-11,11.455544,11.930878,11.455544,11.788278,5.629626999999999,667900
2905,1991-09-12,11.740745,11.740745,11.598145,11.645678,5.561526000000001,63700
2906,1991-09-13,11.550611,11.598145,11.455544,11.598145,5.538824,207000
2907,1991-09-16,11.645678,11.740745,11.550611,11.693211,5.5842279999999995,221100
2908,1991-09-17,11.693211,11.740745,11.645678,11.693211,5.5842279999999995,236600
2909,1991-09-18,11.645678,11.740745,11.550611,11.693211,5.5842279999999995,94400
2910,1991-09-19,11.740745,11.740745,11.550611,11.598145,5.538824,74600
2911,1991-09-20,11.693211,11.693211,11.40801,11.598145,5.538824,227400
2912,1991-09-23,11.503078,11.645678,11.503078,11.550611,5.516124,49200
2913,1991-09-24,11.550611,11.645678,11.550611,11.598145,5.538824,44300
2914,1991-09-25,11.645678,11.645678,11.217877,11.360477000000001,5.425326,122000
2915,1991-09-26,11.217877,11.40801,11.170342999999999,11.40801,5.448024,113200
2916,1991-09-27,11.550611,11.550611,11.217877,11.312944,5.402627,187800
2917,1991-09-30,11.40801,11.550611,11.265410000000001,11.550611,5.516124,211700
2918,1991-10-01,11.550611,11.550611,11.455544,11.503078,5.493426,145300
2919,1991-10-02,11.503078,11.503078,11.170342999999999,11.312944,5.402627,216800
2920,1991-10-03,11.217877,11.312944,11.217877,11.312944,5.402627,124200
2921,1991-10-04,11.312944,11.455544,11.265410000000001,11.265410000000001,5.3799269999999995,101700
2922,1991-10-07,11.217877,11.312944,10.647477,10.69501,5.107525,358700
2923,1991-10-08,10.83761,10.932677,10.742543,10.83761,5.175622,179000
2924,1991-10-09,10.932677,10.932677,10.457343,10.599943,5.062126999999999,177800
2925,1991-10-10,10.504876,10.742543,10.504876,10.742543,5.130224,117100
2926,1991-10-11,10.742543,10.885143,10.647477,10.69501,5.107525,209700
2927,1991-10-14,10.599943,10.83761,10.599943,10.69501,5.107525,37400
2928,1991-10-15,10.742543,10.885143,10.69501,10.742543,5.130224,177600
2929,1991-10-16,10.742543,10.790077,10.69501,10.790077,5.152918,111800
2930,1991-10-17,10.69501,10.83761,10.647477,10.83761,5.175622,373400
2931,1991-10-18,10.885143,10.885143,10.69501,10.69501,5.107525,127700
2932,1991-10-21,10.742543,10.932677,10.69501,10.932677,5.221023000000001,428400
2933,1991-10-22,10.932677,11.217877,10.69501,10.69501,5.107525,270400
2934,1991-10-23,10.647477,10.83761,10.647477,10.83761,5.175622,454300
2935,1991-10-24,10.83761,10.83761,10.647477,10.83761,5.175622,338600
2936,1991-10-25,10.885143,10.885143,10.599943,10.599943,5.062126999999999,336800
2937,1991-10-28,10.599943,11.122810000000001,10.599943,10.932677,5.221023000000001,276900
2938,1991-10-29,10.885143,11.027743,10.742543,10.83761,5.175622,149200
2939,1991-10-30,10.83761,11.122810000000001,10.83761,10.980210000000001,5.243722,584900
2940,1991-10-31,10.980210000000001,11.075277,10.932677,11.027743,5.266424,605000
2941,1991-11-01,10.980210000000001,11.027743,10.885143,10.885143,5.198326,500700
2942,1991-11-04,10.885143,10.885143,10.742543,10.83761,5.175622,750100
2943,1991-11-05,10.83761,10.885143,10.742543,10.83761,5.175622,450900
2944,1991-11-06,10.980210000000001,11.027743,10.885143,11.027743,5.266424,1294600
2945,1991-11-07,11.122810000000001,11.360477000000001,10.980210000000001,11.027743,5.266424,658100
2946,1991-11-08,11.122810000000001,11.170342999999999,11.027743,11.170342999999999,5.334526,473300
2947,1991-11-11,11.265410000000001,11.312944,11.170342999999999,11.312944,5.402627,200100
2948,1991-11-12,11.312944,11.550611,11.312944,11.550611,5.516124,358500
2949,1991-11-13,11.550611,11.550611,11.360477000000001,11.455544,5.470726,850300
2950,1991-11-14,11.40801,11.40801,11.312944,11.360477000000001,5.470727,417300
2951,1991-11-15,11.40801,11.455544,11.312944,11.360477000000001,5.470727,268300
2952,1991-11-18,11.360477000000001,11.40801,11.122810000000001,11.170342999999999,5.379167,458400
2953,1991-11-19,11.075277,11.075277,10.885143,10.980210000000001,5.287607,290000
2954,1991-11-20,11.122810000000001,11.122810000000001,10.980210000000001,11.027743,5.310496,364000
2955,1991-11-21,11.027743,11.122810000000001,10.932677,11.027743,5.310496,102400
2956,1991-11-22,11.027743,11.027743,10.885143,11.027743,5.310496,90500
2957,1991-11-25,11.122810000000001,11.122810000000001,10.742543,10.83761,5.218934,272400
2958,1991-11-26,10.932677,11.027743,10.790077,11.027743,5.310496,219900
2959,1991-11-27,10.932677,11.027743,10.647477,10.647477,5.127377,187000
2960,1991-11-29,10.55241,10.647477,10.55241,10.647477,5.127377,105800
2961,1991-12-02,10.504876,10.742543,10.457343,10.647477,5.127377,263600
2962,1991-12-03,10.742543,10.742543,10.55241,10.647477,5.127377,383400
2963,1991-12-04,10.55241,10.647477,10.457343,10.55241,5.081595,308400
2964,1991-12-05,10.55241,10.599943,10.362276,10.457343,5.035817,183300
2965,1991-12-06,10.362276,10.362276,10.26721,10.26721,4.944257,386500
2966,1991-12-09,10.362276,10.362276,10.172143,10.172143,4.898474,318000
2967,1991-12-10,10.362276,10.40981,10.12461,10.12461,4.875586,472100
2968,1991-12-11,10.26721,10.26721,10.029542999999999,10.077076,4.852695,303100
2969,1991-12-12,10.219676,10.26721,10.12461,10.172143,4.898474,322900
2970,1991-12-13,10.26721,10.314743,10.12461,10.172143,4.898474,322100
2971,1991-12-16,10.12461,10.219676,10.12461,10.172143,4.898474,238500
2972,1991-12-17,10.314743,10.362276,10.12461,10.12461,4.875586,253400
2973,1991-12-18,10.077076,10.314743,9.98201,10.219676,4.921362,321900
2974,1991-12-19,10.314743,10.362276,10.172143,10.314743,4.9671449999999995,76000
2975,1991-12-20,10.647477,10.647477,10.362276,10.504876,5.058706,1220400
2976,1991-12-23,10.504876,10.790077,10.40981,10.742543,5.173157,998400
2977,1991-12-24,10.742543,10.790077,10.647477,10.69501,5.1502669999999995,157300
2978,1991-12-26,10.790077,10.932677,10.69501,10.790077,5.196043,154700
2979,1991-12-27,10.790077,10.790077,10.69501,10.790077,5.196043,145700
2980,1991-12-30,10.83761,11.360477000000001,10.83761,11.312944,5.447839,314700
2981,1991-12-31,11.217877,11.40801,11.217877,11.360477000000001,5.470727,455400
2982,1992-01-02,11.312944,11.503078,11.217877,11.40801,5.493618,617400
2983,1992-01-03,11.503078,11.788278,11.40801,11.645678,5.608069,517300
2984,1992-01-06,11.503078,11.550611,11.312944,11.360477000000001,5.470727,373200
2985,1992-01-07,11.265410000000001,11.550611,11.265410000000001,11.503078,5.539398,768900
2986,1992-01-08,11.550611,11.598145,11.360477000000001,11.598145,5.585175,518500
2987,1992-01-09,11.550611,11.645678,11.503078,11.503078,5.539398,715800
2988,1992-01-10,11.503078,11.835811999999999,11.40801,11.835811999999999,5.6996269999999996,1829300
2989,1992-01-13,11.883345,12.216078,11.740745,11.740745,5.65385,1057900
2990,1992-01-14,11.645678,11.978411999999999,11.645678,11.978411999999999,5.768298000000001,811800
2991,1992-01-15,12.025945,12.025945,11.693211,11.788278,5.676737999999999,360100
2992,1992-01-16,11.788278,11.978411999999999,11.693211,11.978411999999999,5.768298000000001,956500
2993,1992-01-17,11.978411999999999,12.168545,11.930878,12.121012,5.836967,603300
2994,1992-01-20,12.168545,12.453745,12.121012,12.358678,5.951418,466000
2995,1992-01-21,12.358678,12.406212,12.073478,12.263612,5.9056370000000005,358500
2996,1992-01-22,12.216078,12.311145,12.168545,12.263612,5.9056370000000005,377700
2997,1992-01-23,12.358678,12.406212,11.740745,11.740745,5.65385,167600
2998,1992-01-24,12.121012,12.121012,11.930878,12.025945,5.791193,120300
2999,1992-01-27,11.978411999999999,11.978411999999999,11.883345,11.930878,5.745408,200300
3000,1992-01-28,11.930878,12.025945,11.740745,11.883345,5.722516000000001,127100
3001,1992-01-29,11.883345,11.883345,11.550611,11.693211,5.630959,166100
3002,1992-01-30,11.788278,12.073478,11.740745,12.025945,5.791193,75600
3003,1992-01-31,12.073478,12.073478,11.788278,11.788278,5.676737999999999,212100
3004,1992-02-03,11.788278,12.025945,11.598145,12.025945,5.791193,197800
3005,1992-02-04,12.073478,12.216078,12.025945,12.121012,5.836967,691200
3006,1992-02-05,12.121012,12.263612,12.121012,12.168545,5.85986,294100
3007,1992-02-06,12.168545,12.548812,12.168545,12.501278999999998,6.020087999999999,360500
3008,1992-02-07,12.548812,12.643879,12.501278999999998,12.548812,6.042984,312900
3009,1992-02-10,12.643879,12.786479,12.548812,12.643879,6.088759,426900
3010,1992-02-11,12.548812,12.738945,12.548812,12.691412,6.111648000000001,383000
3011,1992-02-12,12.596345,12.929079,12.596345,12.881545,6.203208999999999,554100
3012,1992-02-13,12.786479,12.929079,12.596345,12.643879,6.13403,1977700
3013,1992-02-14,12.643879,12.643879,12.548812,12.548812,6.087915,416100
3014,1992-02-18,12.548812,12.596345,12.263612,12.311145,5.972607,304100
3015,1992-02-19,12.311145,12.501278999999998,12.263612,12.358678,5.995667,406500
3016,1992-02-20,12.311145,12.548812,12.216078,12.548812,6.087915,412000
3017,1992-02-21,12.501278999999998,12.548812,12.311145,12.358678,5.995667,375000
3018,1992-02-24,12.358678,12.501278999999998,12.358678,12.358678,5.995667,146500
3019,1992-02-25,12.358678,12.358678,11.835811999999999,11.978411999999999,5.811188,255500
3020,1992-02-26,12.025945,12.025945,11.645678,11.788278,5.718946,179000
3021,1992-02-27,11.788278,11.883345,11.693211,11.788278,5.718946,322900
3022,1992-02-28,11.883345,11.978411999999999,11.835811999999999,11.835811999999999,5.742005000000001,358700
3023,1992-03-02,11.835811999999999,11.835811999999999,11.740745,11.788278,5.718946,342500
3024,1992-03-03,11.883345,12.168545,11.693211,12.121012,5.880365,392400
3025,1992-03-04,12.025945,12.025945,11.740745,11.740745,5.695886,193300
3026,1992-03-05,11.788278,11.930878,11.740745,11.788278,5.718946,138300
3027,1992-03-06,11.693211,11.835811999999999,11.645678,11.740745,5.695886,62900
3028,1992-03-09,11.598145,11.645678,11.40801,11.550611,5.603643,166100
3029,1992-03-10,11.598145,11.788278,11.40801,11.503078,5.580585,387900
3030,1992-03-11,11.455544,11.693211,11.360477000000001,11.693211,5.672827,138500
3031,1992-03-12,11.645678,11.930878,11.598145,11.930878,5.788124,223400
3032,1992-03-13,12.025945,12.073478,11.883345,11.883345,5.765063,292200
3033,1992-03-16,11.883345,11.978411999999999,11.598145,11.788278,5.718946,795100
3034,1992-03-17,11.693211,11.788278,11.312944,11.312944,5.488345,220300
3035,1992-03-18,11.455544,11.550611,11.40801,11.550611,5.603643,157700
3036,1992-03-19,11.550611,11.788278,11.40801,11.693211,5.672827,160000
3037,1992-03-20,11.788278,12.263612,11.788278,12.263612,5.949546,550200
3038,1992-03-23,12.168545,12.311145,11.978411999999999,12.311145,5.972607,298400
3039,1992-03-24,12.216078,12.358678,12.073478,12.263612,5.949546,390100
3040,1992-03-25,12.216078,12.216078,12.121012,12.121012,5.880365,155900
3041,1992-03-26,12.216078,12.263612,12.121012,12.263612,5.949546,65200
3042,1992-03-27,12.216078,12.263612,12.121012,12.168545,5.90343,109300
3043,1992-03-30,12.121012,12.263612,12.121012,12.216078,5.926488,169200
3044,1992-03-31,12.311145,12.501278999999998,12.263612,12.311145,5.972607,180600
3045,1992-04-01,12.216078,12.311145,12.073478,12.263612,5.949546,251200
3046,1992-04-02,12.263612,12.691412,12.216078,12.263612,5.949546,196600
3047,1992-04-03,12.216078,12.691412,12.216078,12.691412,6.157089,573900
3048,1992-04-06,12.738945,12.881545,12.738945,12.738945,6.180148,619700
3049,1992-04-07,12.643879,12.643879,12.311145,12.406212,6.018730000000001,134000
3050,1992-04-08,12.263612,12.406212,12.216078,12.263612,5.949546,138900
3051,1992-04-09,12.121012,12.311145,12.073478,12.311145,5.972607,222100
3052,1992-04-10,12.358678,12.501278999999998,12.311145,12.358678,5.995667,69000
3053,1992-04-13,12.358678,12.406212,12.216078,12.311145,5.972607,271800
3054,1992-04-14,12.263612,12.358678,12.168545,12.263612,5.949546,158200
3055,1992-04-15,12.453745,12.453745,12.263612,12.406212,6.018730000000001,480700
3056,1992-04-16,12.406212,12.453745,12.216078,12.358678,5.995667,184700
3057,1992-04-20,12.311145,12.358678,12.216078,12.358678,5.995667,55100
3058,1992-04-21,12.216078,12.548812,12.216078,12.548812,6.087915,248300
3059,1992-04-22,12.453745,12.453745,12.216078,12.406212,6.018730000000001,78200
3060,1992-04-23,12.263612,12.358678,12.025945,12.311145,5.972607,138900
3061,1992-04-24,12.216078,12.311145,12.073478,12.216078,5.926488,211700
3062,1992-04-27,12.121012,12.168545,12.025945,12.025945,5.834249,114400
3063,1992-04-28,11.978411999999999,11.978411999999999,11.883345,11.930878,5.788124,255500
3064,1992-04-29,11.930878,11.930878,11.788278,11.835811999999999,5.742005000000001,203900
3065,1992-04-30,11.930878,11.930878,11.740745,11.883345,5.765063,425700
3066,1992-05-01,11.978411999999999,12.025945,11.883345,11.978411999999999,5.811188,123800
3067,1992-05-04,12.025945,12.168545,11.978411999999999,12.168545,5.90343,221100
3068,1992-05-05,12.073478,12.073478,11.788278,11.788278,5.718946,268900
3069,1992-05-06,11.835811999999999,11.835811999999999,11.598145,11.598145,5.626702,205800
3070,1992-05-07,11.598145,11.835811999999999,11.550611,11.835811999999999,5.742005000000001,235200
3071,1992-05-08,11.788278,11.788278,11.645678,11.645678,5.649765,80900
3072,1992-05-11,11.740745,11.740745,11.598145,11.645678,5.649765,49600
3073,1992-05-12,11.645678,11.693211,11.598145,11.645678,5.649765,166300
3074,1992-05-13,11.645678,11.883345,11.645678,11.835811999999999,5.742005000000001,241800
3075,1992-05-14,11.930878,11.930878,11.693211,11.693211,5.672827,163500
3076,1992-05-15,11.740745,11.788278,11.598145,11.598145,5.626702,145900
3077,1992-05-18,11.693211,11.883345,11.693211,11.883345,5.765063,217200
3078,1992-05-19,11.788278,12.025945,11.550611,12.025945,5.834249,523800
3079,1992-05-20,12.025945,12.025945,11.883345,11.883345,5.765063,122400
3080,1992-05-21,11.883345,11.930878,11.835811999999999,11.835811999999999,5.742005000000001,154500
3081,1992-05-22,11.883345,11.978411999999999,11.883345,11.930878,5.788124,210700
3082,1992-05-26,11.930878,11.978411999999999,11.788278,11.930878,5.788124,328200
3083,1992-05-27,11.835811999999999,11.978411999999999,11.835811999999999,11.883345,5.811373000000001,240700
3084,1992-05-28,11.978411999999999,12.216078,11.930878,12.216078,5.9740910000000005,294300
3085,1992-05-29,12.358678,12.358678,12.073478,12.121012,5.927599,283200
3086,1992-06-01,12.263612,12.263612,12.073478,12.073478,5.904356,159600
3087,1992-06-02,12.073478,12.121012,11.835811999999999,11.835811999999999,5.788126999999999,366200
3088,1992-06-03,11.883345,11.883345,11.693211,11.740745,5.741635,152800
3089,1992-06-04,11.835811999999999,11.835811999999999,11.455544,11.455544,5.602164,524400
3090,1992-06-05,11.455544,11.455544,11.312944,11.360477000000001,5.555674,146900
3091,1992-06-08,11.360477000000001,11.645678,11.360477000000001,11.598145,5.6719,183700
3092,1992-06-09,11.598145,11.645678,11.550611,11.550611,5.648651,154700
3093,1992-06-10,11.598145,11.645678,11.598145,11.598145,5.6719,296300
3094,1992-06-11,11.598145,11.645678,11.550611,11.645678,5.695145,248700
3095,1992-06-12,11.645678,11.645678,11.455544,11.455544,5.602164,162000
3096,1992-06-15,11.455544,11.503078,11.40801,11.455544,5.602164,271600
3097,1992-06-16,11.40801,11.455544,11.40801,11.40801,5.57892,201500
3098,1992-06-17,11.265410000000001,11.265410000000001,10.885143,10.885143,5.323219,253200
3099,1992-06-18,10.647477,10.83761,10.40981,10.40981,5.090763,721700
3100,1992-06-19,10.40981,10.40981,10.077076,10.172143,4.974537000000001,372400
3101,1992-06-22,10.12461,10.12461,9.744342999999999,9.839409,4.811817,211900
3102,1992-06-23,9.839409,9.98201,9.839409,9.934476,4.858307,543700
3103,1992-06-24,9.934476,10.029542999999999,9.886942999999999,9.98201,4.8815550000000005,262000
3104,1992-06-25,10.029542999999999,10.077076,9.839409,9.886942999999999,4.835065,208400
3105,1992-06-26,9.791876,9.98201,9.791876,9.934476,4.858307,408100
3106,1992-06-29,10.029542999999999,10.40981,9.98201,10.362276,5.067519,148100
3107,1992-06-30,10.26721,10.314743,9.98201,10.12461,4.95129,289200
3108,1992-07-01,9.934476,10.219676,9.934476,10.219676,4.997783,596400
3109,1992-07-02,10.172143,10.314743,10.172143,10.219676,4.997783,238300
3110,1992-07-06,10.362276,10.362276,10.029542999999999,10.26721,5.021028,173300
3111,1992-07-07,10.26721,10.26721,10.12461,10.12461,4.95129,221900
3112,1992-07-08,9.98201,10.26721,9.98201,10.26721,5.021028,244800
3113,1992-07-09,10.12461,10.219676,9.791876,9.839409,4.811817,487200
3114,1992-07-10,9.839409,9.886942999999999,9.649275999999999,9.839409,4.811817,431400
3115,1992-07-13,9.696809,9.744342999999999,9.649275999999999,9.696809,4.7420800000000005,302700
3116,1992-07-14,9.696809,9.696809,9.269009,9.316542,4.556118,308000
3117,1992-07-15,9.459143,9.506675999999999,9.269009,9.506675999999999,4.649098,424900
3118,1992-07-16,9.506675999999999,9.506675999999999,9.316542,9.364075999999999,4.579363,517100
3119,1992-07-17,9.506675999999999,9.506675999999999,9.364075999999999,9.459143,4.6258550000000005,338000
3120,1992-07-20,9.316542,9.364075999999999,9.316542,9.316542,4.556118,150600
3121,1992-07-21,9.269009,9.316542,9.078876,9.126408999999999,4.463133999999999,277900
3122,1992-07-22,9.221476,9.316542,8.841208,9.078876,4.43989,271600
3123,1992-07-23,9.031342,9.411609,9.031342,9.411609,4.602606,249300
3124,1992-07-24,9.411609,9.601742999999999,9.364075999999999,9.459143,4.6258550000000005,341300
3125,1992-07-27,9.411609,9.459143,9.269009,9.364075999999999,4.579363,289200
3126,1992-07-28,9.269009,9.459143,9.269009,9.364075999999999,4.579363,203700
3127,1992-07-29,9.459143,9.649275999999999,9.459143,9.506675999999999,4.649098,196200
3128,1992-07-30,9.601742999999999,9.649275999999999,9.554209,9.601742999999999,4.695589,364400
3129,1992-07-31,9.506675999999999,9.886942999999999,9.506675999999999,9.839409,4.811817,339000
3130,1992-08-03,9.791876,10.029542999999999,9.791876,9.886942999999999,4.835065,260400
3131,1992-08-04,9.839409,10.029542999999999,9.839409,9.886942999999999,4.835065,258700
3132,1992-08-05,9.791876,9.934476,9.791876,9.886942999999999,4.835065,222100
3133,1992-08-06,9.886942999999999,9.98201,9.839409,9.839409,4.811817,101300
3134,1992-08-07,9.886942999999999,9.934476,9.791876,9.839409,4.811817,619700
3135,1992-08-10,9.934476,9.934476,9.649275999999999,9.696809,4.7420800000000005,298600
3136,1992-08-11,9.791876,9.791876,9.506675999999999,9.601742999999999,4.695589,153900
3137,1992-08-12,9.696809,9.696809,9.459143,9.506675999999999,4.649098,213100
3138,1992-08-13,9.554209,9.601742999999999,9.506675999999999,9.506675999999999,4.649098,292700
3139,1992-08-14,9.506675999999999,9.506675999999999,9.126408999999999,9.364075999999999,4.625621,509500
3140,1992-08-17,9.364075999999999,9.364075999999999,9.269009,9.316542,4.602139,216200
3141,1992-08-18,9.364075999999999,9.364075999999999,9.126408999999999,9.173942,4.531696,500100
3142,1992-08-19,9.173942,9.173942,9.078876,9.078876,4.48474,444900
3143,1992-08-20,9.031342,9.078876,8.983808999999999,9.031342,4.461256,216200
3144,1992-08-21,9.078876,9.078876,8.841208,8.936275,4.414297,495800
3145,1992-08-24,8.841208,8.841208,8.651074000000001,8.793675,4.343856,421000
3146,1992-08-25,8.746141,8.793675,8.651074000000001,8.698608,4.296895,459000
3147,1992-08-26,8.651074000000001,8.698608,8.651074000000001,8.698608,4.296895,229100
3148,1992-08-27,8.651074000000001,9.031342,8.651074000000001,8.983808999999999,4.437777,685100
3149,1992-08-28,8.936275,8.983808999999999,8.841208,8.841208,4.367338,345000
3150,1992-08-31,8.888741,8.888741,8.746141,8.841208,4.367338,300200
3151,1992-09-01,8.746141,8.746141,8.698608,8.746141,4.320375,304100
3152,1992-09-02,8.841208,9.126408999999999,8.841208,9.031342,4.461256,275500
3153,1992-09-03,9.126408999999999,9.173942,8.841208,8.841208,4.367338,163900
3154,1992-09-04,8.793675,8.888741,8.651074000000001,8.698608,4.296895,183500
3155,1992-09-08,8.698608,8.793675,8.698608,8.698608,4.296895,261400
3156,1992-09-09,8.556008,8.983808999999999,8.556008,8.936275,4.414297,489900
3157,1992-09-10,9.031342,9.173942,8.983808999999999,9.173942,4.531696,276300
3158,1992-09-11,9.221476,9.316542,9.221476,9.269009,4.578661,308800
3159,1992-09-14,9.316542,9.364075999999999,9.078876,9.126408999999999,4.508218,297400
3160,1992-09-15,9.269009,9.316542,9.031342,9.078876,4.48474,402800
3161,1992-09-16,9.078876,9.126408999999999,8.936275,9.126408999999999,4.508218,254400
3162,1992-09-17,9.078876,9.126408999999999,8.841208,8.841208,4.367338,412400
3163,1992-09-18,8.651074000000001,8.793675,8.651074000000001,8.698608,4.296895,376500
3164,1992-09-21,8.746141,9.126408999999999,8.746141,9.078876,4.48474,294300
3165,1992-09-22,9.078876,9.173942,9.031342,9.031342,4.461256,919800
3166,1992-09-23,9.031342,9.221476,8.983808999999999,9.078876,4.48474,314700
3167,1992-09-24,9.078876,9.459143,9.078876,9.459143,4.672581,407300
3168,1992-09-25,9.459143,9.459143,9.221476,9.316542,4.602139,479300
3169,1992-09-28,9.316542,9.411609,9.269009,9.411609,4.649098,409600
3170,1992-09-29,9.411609,9.506675999999999,9.364075999999999,9.459143,4.672581,236200
3171,1992-09-30,9.316542,9.459143,9.269009,9.459143,4.672581,252400
3172,1992-10-01,9.411609,9.554209,9.364075999999999,9.554209,4.719542,175500
3173,1992-10-02,9.459143,9.506675999999999,9.411609,9.506675999999999,4.696061,188000
3174,1992-10-05,9.411609,9.459143,8.983808999999999,9.316542,4.602139,266100
3175,1992-10-06,9.316542,9.459143,9.316542,9.459143,4.672581,341500
3176,1992-10-07,9.601742999999999,9.791876,9.601742999999999,9.696809,4.78998,983300
3177,1992-10-08,9.744342999999999,9.98201,9.744342999999999,9.934476,4.907383,452100
3178,1992-10-09,9.934476,9.934476,9.696809,9.886942999999999,4.883903,163900
3179,1992-10-12,9.791876,10.029542999999999,9.791876,9.886942999999999,4.883903,69900
3180,1992-10-13,9.839409,9.886942999999999,9.696809,9.744342999999999,4.813462,77000
3181,1992-10-14,9.744342999999999,9.934476,9.696809,9.791876,4.836944,180200
3182,1992-10-15,9.791876,10.219676,9.791876,10.12461,5.001304,527500
3183,1992-10-16,10.029542999999999,10.26721,10.029542999999999,10.26721,5.071746,279800
3184,1992-10-19,10.26721,10.40981,10.172143,10.26721,5.071746,150600
3185,1992-10-20,10.26721,10.362276,10.077076,10.077076,4.977821,303500
3186,1992-10-21,10.077076,10.172143,9.886942999999999,9.886942999999999,4.883903,625000
3187,1992-10-22,9.506675999999999,9.696809,9.364075999999999,9.696809,4.78998,654000
3188,1992-10-23,9.791876,9.98201,9.791876,9.934476,4.907383,191100
3189,1992-10-26,10.029542999999999,10.26721,10.029542999999999,10.12461,5.001304,222100
3190,1992-10-27,10.12461,10.12461,9.791876,9.839409,4.860425,384800
3191,1992-10-28,9.791876,9.886942999999999,9.744342999999999,9.886942999999999,4.883903,207000
3192,1992-10-29,9.744342999999999,9.886942999999999,9.744342999999999,9.839409,4.860425,324700
3193,1992-10-30,9.839409,9.98201,9.791876,9.934476,4.907383,180800
3194,1992-11-02,9.886942999999999,10.029542999999999,9.791876,9.839409,4.860425,248900
3195,1992-11-03,9.886942999999999,9.886942999999999,9.411609,9.411609,4.649098,530800
3196,1992-11-04,9.554209,9.696809,9.459143,9.459143,4.672581,216600
3197,1992-11-05,9.459143,9.554209,9.364075999999999,9.364075999999999,4.625621,97700
3198,1992-11-06,9.506675999999999,9.506675999999999,9.269009,9.269009,4.578661,155100
3199,1992-11-09,9.316542,9.554209,9.316542,9.554209,4.719542,178600
3200,1992-11-10,9.506675999999999,9.649275999999999,9.411609,9.459143,4.672581,431600
3201,1992-11-11,9.459143,9.601742999999999,9.221476,9.554209,4.719542,807700
3202,1992-11-12,9.506675999999999,9.554209,9.411609,9.459143,4.672581,157700
3203,1992-11-13,9.506675999999999,9.506675999999999,9.364075999999999,9.506675999999999,4.743739,72500
3204,1992-11-16,9.554209,9.554209,9.316542,9.506675999999999,4.743739,247700
3205,1992-11-17,9.459143,9.506675999999999,9.078876,9.126408999999999,4.5539879999999995,344400
3206,1992-11-18,9.221476,9.221476,9.126408999999999,9.173942,4.577709,354000
3207,1992-11-19,9.269009,9.269009,9.173942,9.221476,4.601426999999999,282400
3208,1992-11-20,9.364075999999999,9.506675999999999,9.269009,9.506675999999999,4.743739,133200
3209,1992-11-23,9.411609,9.459143,9.173942,9.221476,4.601426999999999,98700
3210,1992-11-24,9.269009,9.459143,9.173942,9.364075999999999,4.672582,339700
3211,1992-11-25,9.364075999999999,9.554209,9.364075999999999,9.506675999999999,4.743739,299600
3212,1992-11-27,9.506675999999999,9.506675999999999,9.411609,9.411609,4.6962980000000005,28200
3213,1992-11-30,9.506675999999999,9.506675999999999,9.364075999999999,9.506675999999999,4.743739,169400
3214,1992-12-01,9.411609,9.554209,9.411609,9.554209,4.767457,192500
3215,1992-12-02,9.601742999999999,9.601742999999999,9.506675999999999,9.601742999999999,4.791176,187800
3216,1992-12-03,9.601742999999999,9.649275999999999,9.506675999999999,9.506675999999999,4.743739,295700
3217,1992-12-04,9.554209,9.554209,9.411609,9.459143,4.72002,380300
3218,1992-12-07,9.316542,9.554209,9.316542,9.506675999999999,4.743739,254600
3219,1992-12-08,9.554209,9.601742999999999,9.459143,9.601742999999999,4.791176,369300
3220,1992-12-09,9.601742999999999,9.744342999999999,9.554209,9.601742999999999,4.791176,710600
3221,1992-12-10,9.554209,9.601742999999999,9.506675999999999,9.554209,4.767457,1316500
3222,1992-12-11,9.506675999999999,9.791876,9.459143,9.791876,4.886051,286100
3223,1992-12-14,9.696809,9.839409,9.696809,9.744342999999999,4.8623330000000005,257700
3224,1992-12-15,9.696809,9.839409,9.696809,9.791876,4.886051,389500
3225,1992-12-16,9.839409,9.98201,9.839409,9.934476,4.957209,221300
3226,1992-12-17,9.886942999999999,9.98201,9.886942999999999,9.886942999999999,4.933489,280400
3227,1992-12-18,10.077076,10.219676,9.98201,10.219676,5.09952,440400
3228,1992-12-21,10.314743,10.314743,10.172143,10.26721,5.123239,433900
3229,1992-12-22,10.314743,10.314743,9.839409,9.839409,4.909766,327200
3230,1992-12-23,9.886942999999999,9.934476,9.744342999999999,9.934476,4.957209,420000
3231,1992-12-24,9.98201,10.219676,9.98201,10.219676,5.09952,148100
3232,1992-12-28,10.12461,10.219676,9.98201,10.12461,5.0520830000000005,70900
3233,1992-12-29,10.029542999999999,10.029542999999999,9.886942999999999,9.934476,4.957209,111800
3234,1992-12-30,9.934476,9.934476,9.696809,9.791876,4.886051,246000
3235,1992-12-31,9.886942999999999,10.077076,9.791876,10.029542999999999,5.004643,326000
3236,1993-01-04,9.98201,10.077076,9.839409,10.029542999999999,5.004643,132200
3237,1993-01-05,10.077076,10.077076,9.839409,9.839409,4.909766,112200
3238,1993-01-06,9.791876,9.934476,9.791876,9.934476,4.957209,404900
3239,1993-01-07,10.029542999999999,10.12461,9.98201,10.12461,5.0520830000000005,449400
3240,1993-01-08,10.077076,10.12461,10.077076,10.12461,5.0520830000000005,226000
3241,1993-01-11,10.12461,10.40981,10.077076,10.40981,5.194393,601700
3242,1993-01-12,10.26721,10.504876,10.219676,10.362276,5.170675,283900
3243,1993-01-13,10.314743,10.504876,10.26721,10.362276,5.170675,212100
3244,1993-01-14,10.457343,10.457343,10.029542999999999,10.077076,5.028362,223400
3245,1993-01-15,10.12461,10.219676,10.077076,10.219676,5.09952,455800
3246,1993-01-18,10.172143,10.362276,10.172143,10.26721,5.123239,157300
3247,1993-01-19,10.172143,10.26721,10.172143,10.26721,5.123239,221900
3248,1993-01-20,10.314743,10.314743,10.172143,10.172143,5.075797000000001,53900
3249,1993-01-21,10.172143,10.172143,9.98201,10.029542999999999,5.004643,89500
3250,1993-01-22,10.029542999999999,10.029542999999999,9.934476,9.98201,4.980926999999999,60900
3251,1993-01-25,10.077076,10.362276,10.077076,10.362276,5.170675,156900
3252,1993-01-26,10.362276,10.457343,10.26721,10.40981,5.194393,222500
3253,1993-01-27,10.362276,10.362276,10.26721,10.362276,5.170675,143200
3254,1993-01-28,10.314743,10.55241,10.314743,10.504876,5.24183,112800
3255,1993-01-29,10.55241,10.742543,10.26721,10.26721,5.123239,172700
3256,1993-02-01,10.40981,10.504876,10.172143,10.172143,5.075797000000001,192100
3257,1993-02-02,10.219676,10.40981,10.172143,10.362276,5.170675,325800
3258,1993-02-03,10.40981,10.504876,10.40981,10.457343,5.218113,245200
3259,1993-02-04,10.55241,10.55241,10.504876,10.504876,5.24183,274500
3260,1993-02-05,10.55241,10.69501,10.504876,10.69501,5.3367059999999995,236600
3261,1993-02-08,10.55241,10.69501,10.55241,10.55241,5.265551,270600
3262,1993-02-09,10.599943,10.599943,10.55241,10.599943,5.289267,168800
3263,1993-02-10,10.599943,10.599943,10.504876,10.599943,5.289267,138500
3264,1993-02-11,10.599943,10.599943,10.457343,10.457343,5.265338,113800
3265,1993-02-12,10.504876,10.55241,10.26721,10.26721,5.169605000000001,181500
3266,1993-02-16,10.172143,10.172143,9.839409,10.029542999999999,5.049935,242800
3267,1993-02-17,9.98201,10.077076,9.886942999999999,10.029542999999999,5.049935,147900
3268,1993-02-18,10.077076,10.077076,9.744342999999999,9.934476,5.002071,218700
3269,1993-02-19,9.98201,10.172143,9.934476,10.12461,5.097803,238900
3270,1993-02-22,10.172143,10.599943,10.172143,10.599943,5.337134,198200
3271,1993-02-23,10.647477,10.647477,10.457343,10.457343,5.265338,211700
3272,1993-02-24,10.55241,10.599943,10.55241,10.599943,5.337134,274500
3273,1993-02-25,10.599943,10.599943,10.314743,10.362276,5.21747,98300
3274,1993-02-26,10.314743,10.362276,10.219676,10.26721,5.169605000000001,62900
3275,1993-03-01,10.362276,10.362276,10.172143,10.314743,5.193537999999999,122000
3276,1993-03-02,10.26721,10.599943,10.172143,10.55241,5.313204,423700
3277,1993-03-03,10.599943,10.742543,10.457343,10.457343,5.265338,342100
3278,1993-03-04,10.55241,10.69501,10.504876,10.647477,5.361072,181500
3279,1993-03-05,10.790077,10.790077,10.647477,10.647477,5.361072,296500
3280,1993-03-08,10.69501,10.885143,10.69501,10.885143,5.480738,203700
3281,1993-03-09,11.027743,11.075277,10.932677,11.027743,5.552536,545300
3282,1993-03-10,11.027743,11.122810000000001,10.885143,10.932677,5.50467,282000
3283,1993-03-11,10.885143,10.980210000000001,10.83761,10.885143,5.480738,197400
3284,1993-03-12,10.932677,10.932677,10.83761,10.885143,5.480738,186000
3285,1993-03-15,10.980210000000001,11.027743,10.980210000000001,11.027743,5.552536,178000
3286,1993-03-16,10.980210000000001,11.027743,10.980210000000001,11.027743,5.552536,89700
3287,1993-03-17,10.932677,11.027743,10.83761,10.980210000000001,5.528605000000001,608200
3288,1993-03-18,10.885143,10.932677,10.742543,10.790077,5.432869999999999,358300
3289,1993-03-19,10.790077,10.790077,10.599943,10.599943,5.337134,473300
3290,1993-03-22,10.647477,10.647477,10.504876,10.647477,5.361072,140800
3291,1993-03-23,10.790077,10.790077,10.69501,10.69501,5.3850050000000005,315700
3292,1993-03-24,10.647477,10.742543,10.647477,10.69501,5.3850050000000005,759100
3293,1993-03-25,10.69501,10.790077,10.69501,10.790077,5.432869999999999,149800
3294,1993-03-26,10.790077,10.932677,10.26721,10.504876,5.28927,777700
3295,1993-03-29,10.599943,10.647477,10.55241,10.647477,5.361072,223400
3296,1993-03-30,10.599943,10.647477,10.55241,10.599943,5.337134,186800
3297,1993-03-31,10.55241,10.55241,10.172143,10.219676,5.14567,596000
3298,1993-04-01,10.26721,10.314743,10.172143,10.26721,5.169605000000001,196200
3299,1993-04-02,10.26721,10.26721,10.077076,10.172143,5.121736,192100
3300,1993-04-05,10.26721,10.26721,10.12461,10.219676,5.14567,212700
3301,1993-04-06,10.26721,10.26721,10.12461,10.172143,5.121736,151600
3302,1993-04-07,10.219676,10.26721,10.029542999999999,10.172143,5.121736,236200
3303,1993-04-08,10.219676,10.219676,10.077076,10.172143,5.121736,192300
3304,1993-04-12,10.12461,10.504876,10.12461,10.362276,5.21747,251800
3305,1993-04-13,10.314743,10.457343,10.314743,10.362276,5.21747,237300
3306,1993-04-14,10.40981,10.55241,10.362276,10.40981,5.241403,139600
3307,1993-04-15,10.314743,10.362276,10.26721,10.26721,5.169605000000001,266100
3308,1993-04-16,10.314743,10.40981,10.219676,10.40981,5.241403,141200
3309,1993-04-19,10.362276,10.40981,10.029542999999999,10.029542999999999,5.049935,80900
3310,1993-04-20,10.077076,10.219676,10.029542999999999,10.172143,5.121736,131200
3311,1993-04-21,10.219676,10.219676,10.029542999999999,10.029542999999999,5.049935,140600
3312,1993-04-22,10.029542999999999,10.12461,9.934476,9.934476,5.002071,255500
3313,1993-04-23,9.886942999999999,9.98201,9.506675999999999,9.506675999999999,4.786671,208200
3314,1993-04-26,9.554209,9.744342999999999,9.554209,9.601742999999999,4.834534,96400
3315,1993-04-27,9.744342999999999,9.886942999999999,9.696809,9.696809,4.882401,122400
3316,1993-04-28,9.696809,9.744342999999999,9.554209,9.554209,4.810601,181500
3317,1993-04-29,9.554209,9.886942999999999,9.554209,9.839409,4.9542019999999996,133200
3318,1993-04-30,9.98201,10.172143,9.886942999999999,9.934476,5.002071,238900
3319,1993-05-03,10.029542999999999,10.029542999999999,9.696809,9.696809,4.882401,124800
3320,1993-05-04,9.696809,9.791876,9.554209,9.696809,4.882401,244800
3321,1993-05-05,9.649275999999999,9.649275999999999,9.554209,9.601742999999999,4.834534,439200
3322,1993-05-06,9.601742999999999,9.791876,9.601742999999999,9.649275999999999,4.858469,266500
3323,1993-05-07,9.696809,9.696809,9.601742999999999,9.601742999999999,4.834534,352100
3324,1993-05-10,9.696809,9.886942999999999,9.696809,9.791876,4.930269,279400
3325,1993-05-11,9.791876,9.839409,9.791876,9.791876,4.930269,161400
3326,1993-05-12,9.791876,10.029542999999999,9.791876,9.934476,5.002071,652000
3327,1993-05-13,9.886942999999999,9.98201,9.649275999999999,9.839409,4.9542019999999996,1286000
3328,1993-05-14,9.791876,9.839409,9.649275999999999,9.744342999999999,4.906337000000001,1156000
3329,1993-05-17,9.696809,9.696809,9.601742999999999,9.649275999999999,4.858469,447000
3330,1993-05-18,9.601742999999999,9.601742999999999,9.411609,9.459143,4.762736,439400
3331,1993-05-19,9.411609,9.696809,9.221476,9.696809,4.882401,1149500
3332,1993-05-20,9.649275999999999,9.696809,9.601742999999999,9.601742999999999,4.834534,241300
3333,1993-05-21,9.649275999999999,9.791876,9.601742999999999,9.696809,4.882401,569400
3334,1993-05-24,9.649275999999999,9.839409,9.649275999999999,9.839409,4.9542019999999996,601500
3335,1993-05-25,9.839409,9.934476,9.839409,9.934476,5.002071,559600
3336,1993-05-26,9.934476,9.98201,9.791876,9.839409,5.002071,175700
3337,1993-05-27,9.934476,10.077076,9.886942999999999,10.029542999999999,5.0987290000000005,1614900
3338,1993-05-28,10.029542999999999,10.12461,10.029542999999999,10.077076,5.1228940000000005,307000
3339,1993-06-01,10.12461,10.26721,10.029542999999999,10.219676,5.195392,590100
3340,1993-06-02,10.172143,10.172143,10.077076,10.172143,5.171221,1079400
3341,1993-06-03,10.12461,10.12461,10.029542999999999,10.077076,5.1228940000000005,455800
3342,1993-06-04,10.077076,10.12461,9.98201,10.029542999999999,5.0987290000000005,473700
3343,1993-06-07,10.12461,10.172143,10.077076,10.12461,5.147062,55800
3344,1993-06-08,10.12461,10.219676,9.98201,9.98201,5.074564,663600
3345,1993-06-09,9.98201,10.029542999999999,9.886942999999999,10.029542999999999,5.0987290000000005,354000
3346,1993-06-10,9.934476,9.98201,9.791876,9.886942999999999,5.026237,352900
3347,1993-06-11,9.98201,10.077076,9.934476,10.077076,5.1228940000000005,191100
3348,1993-06-14,10.077076,10.077076,9.886942999999999,9.98201,5.074564,152600
3349,1993-06-15,9.934476,9.98201,9.886942999999999,9.886942999999999,5.026237,119300
3350,1993-06-16,9.791876,9.839409,9.696809,9.839409,5.002071,232100
3351,1993-06-17,9.886942999999999,9.934476,9.839409,9.886942999999999,5.026237,300200
3352,1993-06-18,9.886942999999999,9.934476,9.601742999999999,9.696809,4.929574,387500
3353,1993-06-21,9.696809,9.791876,9.649275999999999,9.696809,4.929574,301200
3354,1993-06-22,9.601742999999999,9.649275999999999,9.459143,9.506675999999999,4.832921,845300
3355,1993-06-23,9.649275999999999,9.744342999999999,9.554209,9.554209,4.857086,321500
3356,1993-06-24,9.554209,9.696809,9.506675999999999,9.696809,4.929574,355200
3357,1993-06-25,9.791876,9.839409,9.744342999999999,9.744342999999999,4.953742,181500
3358,1993-06-28,9.791876,9.934476,9.791876,9.934476,5.050401,205200
3359,1993-06-29,9.934476,9.934476,9.601742999999999,9.696809,4.929574,607800
3360,1993-06-30,9.696809,9.744342999999999,9.649275999999999,9.696809,4.929574,283200
3361,1993-07-01,9.744342999999999,9.791876,9.696809,9.791876,4.977907,296100
3362,1993-07-02,9.744342999999999,9.839409,9.696809,9.696809,4.929574,213100
3363,1993-07-06,9.696809,9.744342999999999,9.649275999999999,9.649275999999999,4.905412,300000
3364,1993-07-07,9.744342999999999,9.886942999999999,9.744342999999999,9.886942999999999,5.026237,360900
3365,1993-07-08,9.886942999999999,10.077076,9.791876,9.791876,4.977907,406500
3366,1993-07-09,9.791876,10.077076,9.791876,10.029542999999999,5.0987290000000005,328600
3367,1993-07-12,9.934476,9.98201,9.839409,9.98201,5.074564,215200
3368,1993-07-13,9.886942999999999,9.98201,9.791876,9.934476,5.050401,232100
3369,1993-07-14,9.934476,10.029542999999999,9.886942999999999,9.886942999999999,5.026237,257500
3370,1993-07-15,9.934476,10.219676,9.934476,10.219676,5.195392,407100
3371,1993-07-16,10.219676,10.219676,10.12461,10.172143,5.171221,360300
3372,1993-07-19,10.12461,10.219676,10.12461,10.219676,5.195392,227400
3373,1993-07-20,10.172143,10.457343,10.077076,10.457343,5.316212,936300
3374,1993-07-21,10.457343,10.457343,10.314743,10.457343,5.316212,163100
3375,1993-07-22,10.599943,10.69501,10.55241,10.69501,5.437036,640300
3376,1993-07-23,10.69501,10.742543,10.647477,10.742543,5.461198,370100
3377,1993-07-26,10.69501,10.790077,10.599943,10.790077,5.4853629999999995,400400
3378,1993-07-27,10.790077,10.885143,10.742543,10.790077,5.4853629999999995,131000
3379,1993-07-28,10.83761,11.075277,10.790077,11.027743,5.6061879999999995,361700
3380,1993-07-29,10.980210000000001,11.027743,10.932677,10.932677,5.557856,161600
3381,1993-07-30,10.980210000000001,11.027743,10.885143,11.027743,5.6061879999999995,336600
3382,1993-08-02,11.027743,11.265410000000001,10.980210000000001,11.265410000000001,5.7270129999999995,469000
3383,1993-08-03,11.265410000000001,11.265410000000001,11.075277,11.075277,5.630348000000001,554700
3384,1993-08-04,11.075277,11.075277,10.932677,11.027743,5.6061879999999995,167800
3385,1993-08-05,11.217877,11.360477000000001,11.170342999999999,11.217877,5.702848,277300
3386,1993-08-06,11.217877,11.312944,11.170342999999999,11.170342999999999,5.67868,75600
3387,1993-08-09,11.170342999999999,11.503078,11.170342999999999,11.503078,5.847832,447400
3388,1993-08-10,11.503078,11.693211,11.455544,11.645678,5.9203220000000005,794000
3389,1993-08-11,11.693211,12.168545,11.645678,12.121012,6.161971,479700
3390,1993-08-12,12.121012,12.168545,11.930878,11.930878,6.065314,560600
3391,1993-08-13,11.930878,11.930878,11.740745,11.788278,5.99282,383800
3392,1993-08-16,11.788278,11.835811999999999,11.598145,11.835811999999999,6.016985,412000
3393,1993-08-17,11.883345,11.978411999999999,11.883345,11.930878,6.065314,389900
3394,1993-08-18,11.930878,11.930878,11.835811999999999,11.883345,6.089675,342300
3395,1993-08-19,11.883345,11.883345,11.740745,11.740745,6.016595,520400
3396,1993-08-20,11.788278,11.788278,11.693211,11.740745,6.016595,347600
3397,1993-08-23,11.788278,11.835811999999999,11.645678,11.788278,6.040958,307800
3398,1993-08-24,11.788278,11.930878,11.788278,11.883345,6.089675,2963100
3399,1993-08-25,11.883345,12.263612,11.883345,12.263612,6.284547,991300
3400,1993-08-26,12.453745,12.596345,12.406212,12.453745,6.381979,802200
3401,1993-08-27,12.358678,12.453745,12.358678,12.358678,6.33326,502000
3402,1993-08-30,12.358678,12.548812,12.311145,12.548812,6.4307,656700
3403,1993-08-31,12.501278999999998,12.881545,12.501278999999998,12.881545,6.6012070000000005,1568100
3404,1993-09-01,12.929079,13.071679,12.929079,13.024146,6.674287,1759000
3405,1993-09-02,13.024146,13.071679,12.929079,12.976612,6.649922999999999,688800
3406,1993-09-03,12.976612,12.976612,12.834012,12.834012,6.57685,274700
3407,1993-09-07,12.834012,12.834012,12.786479,12.834012,6.57685,405500
3408,1993-09-08,12.834012,12.834012,12.453745,12.453745,6.381979,648500
3409,1993-09-09,12.453745,12.548812,12.453745,12.548812,6.4307,652000
3410,1993-09-10,12.501278999999998,12.596345,12.453745,12.596345,6.4550529999999995,770100
3411,1993-09-13,12.548812,12.643879,12.501278999999998,12.643879,6.479414,670600
3412,1993-09-14,12.596345,12.691412,12.501278999999998,12.691412,6.503775,289800
3413,1993-09-15,12.691412,12.691412,12.548812,12.691412,6.503775,160000
3414,1993-09-16,12.643879,12.643879,12.501278999999998,12.596345,6.4550529999999995,368900
3415,1993-09-17,12.548812,12.643879,12.548812,12.596345,6.4550529999999995,814700
3416,1993-09-20,12.548812,12.596345,12.501278999999998,12.548812,6.4307,406700
3417,1993-09-21,12.501278999999998,12.548812,12.168545,12.263612,6.284547,594100
3418,1993-09-22,12.358678,12.643879,12.311145,12.643879,6.479414,826700
3419,1993-09-23,12.643879,12.738945,12.643879,12.643879,6.479414,747000
3420,1993-09-24,12.596345,12.691412,12.596345,12.596345,6.4550529999999995,477200
3421,1993-09-27,12.691412,12.691412,12.596345,12.643879,6.479414,348900
3422,1993-09-28,12.643879,12.834012,12.548812,12.786479,6.552489,523200
3423,1993-09-29,12.691412,12.929079,12.691412,12.738945,6.528131,903400
3424,1993-09-30,12.834012,12.976612,12.786479,12.881545,6.6012070000000005,1128000
3425,1993-10-01,12.881545,12.929079,12.738945,12.834012,6.57685,793800
3426,1993-10-04,12.881545,12.976612,12.834012,12.976612,6.649922999999999,678400
3427,1993-10-05,13.024146,13.119212,13.024146,13.119212,6.723002,926300
3428,1993-10-06,13.214279000000001,13.499479000000001,13.214279000000001,13.356879000000001,6.8447949999999995,1360600
3429,1993-10-07,13.356879000000001,13.404411999999999,13.119212,13.214279000000001,6.7717160000000005,674900
3430,1993-10-08,13.214279000000001,13.261811999999999,13.024146,13.071679,6.698641,641400
3431,1993-10-11,13.166746,13.166746,13.119212,13.119212,6.723002,170600
3432,1993-10-12,13.166746,13.214279000000001,13.071679,13.071679,6.698641,234600
3433,1993-10-13,13.071679,13.119212,13.024146,13.119212,6.723002,204100
3434,1993-10-14,13.119212,13.166746,13.071679,13.119212,6.723002,191700
3435,1993-10-15,13.214279000000001,13.261811999999999,13.071679,13.119212,6.723002,162900
3436,1993-10-18,13.261811999999999,13.451946,13.261811999999999,13.451946,6.893508,344600
3437,1993-10-19,13.356879000000001,13.356879000000001,13.166746,13.309346,6.820435000000001,620700
3438,1993-10-20,13.309346,13.309346,13.119212,13.166746,6.747358,343300
3439,1993-10-21,13.166746,13.309346,13.166746,13.214279000000001,6.7717160000000005,367700
3440,1993-10-22,13.261811999999999,13.451946,13.261811999999999,13.404411999999999,6.869153999999999,328200
3441,1993-10-25,13.404411999999999,13.404411999999999,13.214279000000001,13.261811999999999,6.796073,357400
3442,1993-10-26,13.261811999999999,13.261811999999999,13.214279000000001,13.261811999999999,6.796073,458600
3443,1993-10-27,13.261811999999999,13.261811999999999,13.119212,13.166746,6.747358,291000
3444,1993-10-28,13.166746,13.214279000000001,13.119212,13.214279000000001,6.7717160000000005,272400
3445,1993-10-29,13.214279000000001,13.214279000000001,13.071679,13.119212,6.723002,286300
3446,1993-11-01,13.166746,13.309346,13.166746,13.309346,6.820435000000001,157700
3447,1993-11-02,13.309346,13.451946,13.214279000000001,13.404411999999999,6.869153999999999,1326300
3448,1993-11-03,13.404411999999999,13.547011999999999,13.309346,13.356879000000001,6.8447949999999995,950400
3449,1993-11-04,13.451946,13.451946,13.071679,13.119212,6.723002,401800
3450,1993-11-05,13.071679,13.166746,13.071679,13.119212,6.723002,249500
3451,1993-11-08,13.214279000000001,13.214279000000001,13.071679,13.071679,6.698641,384400
3452,1993-11-09,13.119212,13.166746,13.071679,13.119212,6.723002,549200
3453,1993-11-10,13.119212,13.214279000000001,13.119212,13.166746,6.747358,673700
3454,1993-11-11,13.166746,13.214279000000001,13.119212,13.166746,6.747358,915000
3455,1993-11-12,13.071679,13.166746,13.071679,13.166746,6.796432000000001,623600
3456,1993-11-15,13.166746,13.166746,13.071679,13.119212,6.771899,868200
3457,1993-11-16,13.071679,13.071679,13.024146,13.071679,6.7473600000000005,810200
3458,1993-11-17,13.071679,13.119212,13.024146,13.071679,6.7473600000000005,539800
3459,1993-11-18,13.024146,13.024146,12.976612,13.024146,6.7228270000000006,702100
3460,1993-11-19,13.024146,13.024146,12.976612,12.976612,6.698287,644400
3461,1993-11-22,12.929079,12.929079,12.786479,12.881545,6.649216,590700
3462,1993-11-23,12.881545,12.881545,12.738945,12.786479,6.6001460000000005,277500
3463,1993-11-24,12.786479,12.786479,12.596345,12.691412,6.551076,138700
3464,1993-11-26,12.738945,12.738945,12.691412,12.691412,6.551076,100900
3465,1993-11-29,12.738945,12.976612,12.738945,12.929079,6.67375,618900
3466,1993-11-30,13.024146,13.024146,12.548812,12.596345,6.501999,643200
3467,1993-12-01,12.691412,12.834012,12.691412,12.738945,6.57561,1919500
3468,1993-12-02,12.738945,12.881545,12.738945,12.786479,6.6001460000000005,450700
3469,1993-12-03,12.834012,12.881545,12.691412,12.834012,6.624683,414500
3470,1993-12-06,12.786479,12.881545,12.548812,12.548812,6.477469999999999,449400
3471,1993-12-07,12.548812,12.548812,12.216078,12.311145,6.3547839999999995,372200
3472,1993-12-08,12.311145,12.311145,11.788278,12.263612,6.330253,1253500
3473,1993-12-09,12.263612,12.501278999999998,12.263612,12.406212,6.40386,298800
3474,1993-12-10,12.548812,12.596345,12.453745,12.596345,6.501999,276300
3475,1993-12-13,12.453745,12.501278999999998,12.311145,12.406212,6.40386,275100
3476,1993-12-14,12.406212,12.406212,12.168545,12.311145,6.3547839999999995,245000
3477,1993-12-15,12.358678,12.501278999999998,12.216078,12.216078,6.305712000000001,413500
3478,1993-12-16,12.263612,12.311145,11.883345,12.025945,6.20757,371500
3479,1993-12-17,12.121012,12.358678,12.073478,12.168545,6.281181,647100
3480,1993-12-20,12.311145,12.311145,12.168545,12.216078,6.305712000000001,189000
3481,1993-12-21,12.216078,12.263612,12.121012,12.216078,6.305712000000001,459000
3482,1993-12-22,12.263612,12.453745,12.216078,12.311145,6.3547839999999995,832900
3483,1993-12-23,12.358678,12.643879,12.358678,12.643879,6.526539,272400
3484,1993-12-27,12.596345,12.976612,12.548812,12.976612,6.698287,404300
3485,1993-12-28,12.976612,12.976612,12.834012,12.929079,6.67375,268700
3486,1993-12-29,12.929079,12.929079,12.881545,12.929079,6.67375,195800
3487,1993-12-30,12.929079,13.024146,12.881545,12.976612,6.698287,192900
3488,1993-12-31,13.024146,13.071679,12.976612,12.976612,6.698287,216800
3489,1994-01-03,12.929079,13.214279000000001,12.929079,13.214279000000001,6.820966,304300
3490,1994-01-04,13.261811999999999,13.499479000000001,13.261811999999999,13.451946,6.943646,447600
3491,1994-01-05,13.499479000000001,13.689613,13.499479000000001,13.689613,7.066329,495800
3492,1994-01-06,13.689613,13.784679,13.689613,13.737146,7.09086,451900
3493,1994-01-07,13.689613,13.784679,13.642079,13.689613,7.066329,357000
3494,1994-01-10,13.737146,14.212481,13.689613,14.212481,7.3362229999999995,697400
3495,1994-01-11,14.307547,14.450147,14.212481,14.212481,7.3362229999999995,798700
3496,1994-01-12,14.117414000000002,14.402614000000002,14.022345999999999,14.402614000000002,7.434360000000001,875400
3497,1994-01-13,14.450147,14.687814000000001,14.355081,14.402614000000002,7.434360000000001,1177900
3498,1994-01-14,14.402614000000002,14.877948000000002,14.402614000000002,14.735347,7.606109,1567900
3499,1994-01-17,14.592747,14.640281,14.497681,14.640281,7.557044,563100
3500,1994-01-18,14.592747,14.640281,14.355081,14.450147,7.458896000000001,1433800
3501,1994-01-19,14.402614000000002,14.450147,14.307547,14.402614000000002,7.434360000000001,335000
3502,1994-01-20,14.402614000000002,14.402614000000002,14.307547,14.355081,7.409826,348900
3503,1994-01-21,14.355081,14.355081,14.212481,14.212481,7.3362229999999995,461900
3504,1994-01-24,14.355081,14.355081,14.260014000000002,14.260014000000002,7.360757,626400
3505,1994-01-25,14.260014000000002,14.355081,14.260014000000002,14.307547,7.385292999999999,394000
3506,1994-01-26,14.307547,14.307547,14.260014000000002,14.307547,7.385292999999999,320200
3507,1994-01-27,14.212481,14.355081,14.212481,14.355081,7.409826,588800
3508,1994-01-28,14.307547,14.355081,14.164947,14.260014000000002,7.360757,566100
3509,1994-01-31,14.260014000000002,14.260014000000002,14.117414000000002,14.260014000000002,7.360757,676900
3510,1994-02-01,14.307547,14.355081,14.260014000000002,14.355081,7.409826,693300
3511,1994-02-02,14.355081,14.355081,14.260014000000002,14.355081,7.409826,233400
3512,1994-02-03,14.307547,14.355081,14.260014000000002,14.355081,7.409826,382400
3513,1994-02-04,14.355081,14.355081,14.260014000000002,14.307547,7.385292999999999,522600
3514,1994-02-07,14.212481,14.355081,13.974813000000001,14.355081,7.409826,528700
3515,1994-02-08,14.307547,14.402614000000002,14.307547,14.355081,7.409826,708800
3516,1994-02-09,14.402614000000002,14.735347,14.355081,14.592747,7.532506,700400
3517,1994-02-10,14.545214000000001,14.925481,14.545214000000001,14.830414000000001,7.655182000000001,1067700
3518,1994-02-11,14.735347,15.020548000000002,14.687814000000001,14.877948000000002,7.679726,472100
3519,1994-02-14,14.877948000000002,15.020548000000002,14.877948000000002,15.020548000000002,7.753332,915900
3520,1994-02-15,15.020548000000002,15.305748000000001,15.020548000000002,15.258214,7.876007,1769800
3521,1994-02-16,15.258214,15.543415,15.115614,15.495880999999999,7.9986880000000005,1025000
3522,1994-02-17,15.686015,16.018749,15.686015,15.781081,8.196189,2469700
3523,1994-02-18,15.686015,15.686015,15.543415,15.590948000000001,8.097439999999999,832900
3524,1994-02-22,15.590948000000001,15.733548,15.590948000000001,15.686015,8.146815,383600
3525,1994-02-23,15.686015,15.733548,15.448348000000001,15.638481,8.122124000000001,746200
3526,1994-02-24,15.590948000000001,15.590948000000001,15.305748000000001,15.353280999999999,7.9740020000000005,813100
3527,1994-02-25,15.353280999999999,15.448348000000001,15.305748000000001,15.353280999999999,7.9740020000000005,585600
3528,1994-02-28,15.400814000000002,15.781081,15.353280999999999,15.590948000000001,8.097439999999999,807100
3529,1994-03-01,15.638481,15.781081,15.590948000000001,15.781081,8.196189,581100
3530,1994-03-02,15.686015,15.686015,15.400814000000002,15.590948000000001,8.097439999999999,534300
3531,1994-03-03,15.733548,15.971214999999999,15.733548,15.971214999999999,8.294938,592900
3532,1994-03-04,15.971214999999999,16.113815,15.923681,16.066282,8.344313,493600
3533,1994-03-07,16.066282,16.399015,16.066282,16.303949,8.467747,946500
3534,1994-03-08,16.351482,16.351482,16.066282,16.161348,8.393682,1779300
3535,1994-03-09,16.066282,16.113815,15.781081,16.113815,8.368999,650800
3536,1994-03-10,16.066282,16.066282,15.781081,15.781081,8.196189,342300
3537,1994-03-11,15.828615,15.923681,15.733548,15.923681,8.27025,464600
3538,1994-03-14,16.018749,16.161348,15.923681,16.161348,8.393682,845600
3539,1994-03-15,16.208880999999998,16.208880999999998,16.066282,16.066282,8.344313,303300
3540,1994-03-16,16.066282,16.351482,16.066282,16.351482,8.492436,609700
3541,1994-03-17,16.446548,16.684216,16.446548,16.684216,8.66525,555700
3542,1994-03-18,16.684216,16.779282000000002,16.589149,16.636682999999998,8.640561,1092300
3543,1994-03-21,16.589149,16.731749,16.589149,16.684216,8.66525,1028300
3544,1994-03-22,16.684216,16.87435,16.636682999999998,16.731749,8.689933,636900
3545,1994-03-23,16.779282000000002,16.921882999999998,16.684216,16.731749,8.689933,644000
3546,1994-03-24,16.826817000000002,16.921882999999998,16.684216,16.731749,8.689933,475800
3547,1994-03-25,16.684216,16.779282000000002,16.636682999999998,16.636682999999998,8.640561,335400
3548,1994-03-28,16.636682999999998,16.684216,16.303949,16.303949,8.467747,259700
3549,1994-03-29,16.351482,16.351482,16.161348,16.256414000000003,8.443064,990100
3550,1994-03-30,16.351482,16.351482,15.590948000000001,15.781081,8.196189,866200
3551,1994-03-31,15.781081,15.781081,15.115614,15.495880999999999,8.048064,987200
3552,1994-04-04,15.305748000000001,15.400814000000002,15.163148000000001,15.210681,7.899941,565900
3553,1994-04-05,15.400814000000002,15.590948000000001,15.400814000000002,15.590948000000001,8.097439999999999,1085100
3554,1994-04-06,15.543415,15.638481,15.448348000000001,15.448348000000001,8.023377,993500
3555,1994-04-07,15.495880999999999,15.543415,15.305748000000001,15.495880999999999,8.048064,691200
3556,1994-04-08,15.495880999999999,15.543415,15.495880999999999,15.543415,8.072754,517500
3557,1994-04-11,15.495880999999999,15.638481,15.448348000000001,15.590948000000001,8.097439999999999,377300
3558,1994-04-12,15.590948000000001,15.590948000000001,15.495880999999999,15.495880999999999,8.048064,242600
3559,1994-04-13,15.543415,15.543415,15.305748000000001,15.448348000000001,8.023377,350300
3560,1994-04-14,15.400814000000002,15.495880999999999,15.353280999999999,15.448348000000001,8.023377,681800
3561,1994-04-15,15.448348000000001,15.590948000000001,15.400814000000002,15.495880999999999,8.048064,607200
3562,1994-04-18,15.590948000000001,15.876148,15.590948000000001,15.876148,8.245563,1083500
3563,1994-04-19,15.971214999999999,16.256414000000003,15.971214999999999,16.018749,8.319627,832300
3564,1994-04-20,16.113815,16.113815,15.923681,15.971214999999999,8.294938,848200
3565,1994-04-21,15.876148,15.923681,15.543415,15.543415,8.072754,455100
3566,1994-04-22,15.543415,15.543415,15.210681,15.495880999999999,8.048064,1188500
3567,1994-04-25,15.543415,15.733548,15.495880999999999,15.686015,8.146815,610900
3568,1994-04-26,15.543415,15.543415,15.020548000000002,15.163148000000001,7.875257,748300
3569,1994-04-28,15.258214,15.258214,14.925481,15.020548000000002,7.801189999999999,1120500
3570,1994-04-29,15.115614,15.115614,14.545214000000001,14.735347,7.653063,1001900
3571,1994-05-02,14.735347,15.068081,14.497681,15.020548000000002,7.801189999999999,1200600
3572,1994-05-03,15.115614,15.258214,15.020548000000002,15.115614,7.850566000000001,614600
3573,1994-05-04,15.020548000000002,15.068081,14.925481,15.020548000000002,7.801189999999999,425300
3574,1994-05-05,15.115614,15.163148000000001,15.068081,15.068081,7.825883,280200
3575,1994-05-06,14.973014000000001,15.068081,14.830414000000001,14.925481,7.7518199999999995,493600
3576,1994-05-09,14.782881,14.782881,14.307547,14.355081,7.455569000000001,876400
3577,1994-05-10,14.307547,14.307547,14.117414000000002,14.212481,7.381511,816700
3578,1994-05-11,14.164947,14.450147,14.117414000000002,14.450147,7.5049410000000005,351300
3579,1994-05-12,14.402614000000002,14.450147,14.260014000000002,14.307547,7.430882,224200
3580,1994-05-13,14.06988,14.164947,13.974813000000001,14.06988,7.307448,665500
3581,1994-05-16,13.974813000000001,14.117414000000002,13.974813000000001,14.06988,7.307448,1244300
3582,1994-05-17,14.022345999999999,14.164947,14.022345999999999,14.06988,7.307448,516300
3583,1994-05-18,14.06988,14.117414000000002,13.879745999999999,13.927279,7.233385,646100
3584,1994-05-19,14.022345999999999,14.117414000000002,13.974813000000001,14.117414000000002,7.332136,272800
3585,1994-05-20,14.06988,14.164947,13.974813000000001,14.06988,7.307448,487000
3586,1994-05-23,13.927279,14.022345999999999,13.879745999999999,13.974813000000001,7.258069,270400
3587,1994-05-24,14.022345999999999,14.355081,14.022345999999999,14.260014000000002,7.406194,618100
3588,1994-05-25,14.117414000000002,14.164947,14.022345999999999,14.117414000000002,7.381347,277900
3589,1994-05-26,14.212481,14.260014000000002,14.06988,14.260014000000002,7.455902,246700
3590,1994-05-27,14.117414000000002,14.450147,14.117414000000002,14.355081,7.505607,208600
3591,1994-05-31,14.212481,14.307547,14.117414000000002,14.117414000000002,7.381347,178600
3592,1994-06-01,14.212481,14.260014000000002,13.974813000000001,14.06988,7.3564929999999995,475200
3593,1994-06-02,14.212481,14.212481,14.022345999999999,14.117414000000002,7.381347,523800
3594,1994-06-03,14.117414000000002,14.260014000000002,14.06988,14.117414000000002,7.381347,441500
3595,1994-06-06,14.212481,14.260014000000002,14.022345999999999,14.06988,7.3564929999999995,187800
3596,1994-06-07,13.927279,14.164947,13.927279,13.974813000000001,7.306783,186600
3597,1994-06-08,14.022345999999999,14.117414000000002,13.737146,13.832213000000001,7.232226,507900
3598,1994-06-09,13.832213000000001,13.927279,13.784679,13.879745999999999,7.257077000000001,959800
3599,1994-06-10,13.832213000000001,14.06988,13.832213000000001,13.974813000000001,7.306783,224600
3600,1994-06-13,14.06988,14.06988,13.879745999999999,14.022345999999999,7.331637,491100
3601,1994-06-14,14.117414000000002,14.212481,14.06988,14.212481,7.4310529999999995,296300
3602,1994-06-15,14.212481,14.450147,14.212481,14.402614000000002,7.530458,594800
3603,1994-06-16,14.307547,14.592747,14.212481,14.402614000000002,7.530458,700200
3604,1994-06-17,14.212481,14.260014000000002,14.164947,14.260014000000002,7.455902,558600
3605,1994-06-20,14.117414000000002,14.164947,13.879745999999999,13.879745999999999,7.257077000000001,386100
3606,1994-06-21,13.927279,14.022345999999999,13.642079,13.784679,7.207369,827800
3607,1994-06-22,13.737146,13.784679,13.356879000000001,13.451946,7.0334,819200
3608,1994-06-23,13.451946,13.499479000000001,13.024146,13.119212,6.859433,953700
3609,1994-06-24,13.024146,13.119212,12.929079,12.929079,6.760016,471300
3610,1994-06-27,12.976612,12.976612,12.834012,12.881545,6.735166,97900
3611,1994-06-28,12.976612,13.119212,12.881545,13.119212,6.859433,548200
3612,1994-06-29,13.119212,13.166746,13.071679,13.071679,6.834577,351500
3613,1994-06-30,13.119212,13.119212,12.738945,12.738945,6.660607000000001,837600
3614,1994-07-01,12.786479,12.976612,12.738945,12.738945,6.660607000000001,288800
3615,1994-07-05,12.929079,13.024146,12.786479,12.976612,6.78487,572500
3616,1994-07-06,12.834012,12.834012,12.738945,12.738945,6.660607000000001,845300
3617,1994-07-07,12.643879,12.834012,12.643879,12.738945,6.660607000000001,935700
3618,1994-07-08,12.834012,12.881545,12.643879,12.691412,6.635756,1415400
3619,1994-07-11,12.643879,12.881545,12.643879,12.881545,6.735166,344600
3620,1994-07-12,12.976612,13.024146,12.834012,12.976612,6.78487,268100
3621,1994-07-13,13.024146,13.024146,12.738945,12.834012,6.710314,348000
3622,1994-07-14,12.929079,13.214279000000001,12.834012,13.119212,6.859433,1211200
3623,1994-07-15,13.214279000000001,13.356879000000001,13.166746,13.214279000000001,6.909135000000001,474000
3624,1994-07-18,13.404411999999999,13.451946,13.166746,13.356879000000001,6.983696000000001,243000
3625,1994-07-19,13.309346,13.451946,13.261811999999999,13.404411999999999,7.00855,337800
3626,1994-07-20,13.404411999999999,13.451946,13.356879000000001,13.356879000000001,6.983696000000001,270600
3627,1994-07-21,13.309346,13.356879000000001,13.214279000000001,13.309346,6.9588410000000005,297800
3628,1994-07-22,13.499479000000001,13.594546,13.309346,13.356879000000001,6.983696000000001,1285000
3629,1994-07-25,13.356879000000001,13.451946,13.261811999999999,13.404411999999999,7.00855,1127400
3630,1994-07-26,13.356879000000001,13.404411999999999,13.309346,13.356879000000001,6.983696000000001,416900
3631,1994-07-27,13.261811999999999,13.404411999999999,13.261811999999999,13.404411999999999,7.00855,280800
3632,1994-07-28,13.356879000000001,13.642079,13.356879000000001,13.594546,7.107962,1284400
3633,1994-07-29,13.594546,13.594546,13.547011999999999,13.594546,7.107962,598400
3634,1994-08-01,13.547011999999999,13.547011999999999,13.451946,13.499479000000001,7.058250999999999,710000
3635,1994-08-02,13.499479000000001,13.499479000000001,13.404411999999999,13.451946,7.0334,760500
3636,1994-08-03,13.451946,13.594546,13.404411999999999,13.594546,7.107962,140000
3637,1994-08-04,13.499479000000001,13.737146,13.499479000000001,13.689613,7.157669,511400
3638,1994-08-05,13.784679,13.879745999999999,13.642079,13.784679,7.207369,265500
3639,1994-08-08,13.784679,13.879745999999999,13.642079,13.832213000000001,7.232226,408100
3640,1994-08-09,13.737146,14.212481,13.737146,14.164947,7.406198,705500
3641,1994-08-10,14.212481,14.212481,14.117414000000002,14.212481,7.4310529999999995,613400
3642,1994-08-11,14.212481,14.212481,13.879745999999999,13.927279,7.281932,161800
3643,1994-08-12,13.879745999999999,14.022345999999999,13.784679,13.974813000000001,7.306783,240500
3644,1994-08-15,13.879745999999999,14.212481,13.879745999999999,14.06988,7.3564929999999995,415700
3645,1994-08-16,14.022345999999999,14.164947,14.022345999999999,14.06988,7.3564929999999995,511000
3646,1994-08-17,14.164947,14.260014000000002,14.117414000000002,14.260014000000002,7.455902,711700
3647,1994-08-18,14.164947,14.164947,13.974813000000001,13.974813000000001,7.355824,433300
3648,1994-08-19,14.022345999999999,14.117414000000002,13.879745999999999,14.06988,7.4058660000000005,288800
3649,1994-08-22,13.974813000000001,14.022345999999999,13.879745999999999,13.879745999999999,7.305785,248900
3650,1994-08-23,13.927279,14.06988,13.927279,13.974813000000001,7.355824,205000
3651,1994-08-24,14.022345999999999,14.117414000000002,14.022345999999999,14.06988,7.4058660000000005,598400
3652,1994-08-25,14.06988,14.117414000000002,13.974813000000001,14.022345999999999,7.380845,265700
3653,1994-08-26,14.117414000000002,14.355081,14.117414000000002,14.307547,7.530964,335000
3654,1994-08-29,14.355081,14.355081,14.164947,14.212481,7.480927,286900
3655,1994-08-30,14.164947,14.212481,14.117414000000002,14.212481,7.480927,137900
3656,1994-08-31,14.164947,14.402614000000002,14.117414000000002,14.402614000000002,7.580999,269100
3657,1994-09-01,14.307547,14.355081,14.260014000000002,14.307547,7.530964,214400
3658,1994-09-02,14.260014000000002,14.260014000000002,14.117414000000002,14.117414000000002,7.430886999999999,115600
3659,1994-09-06,14.164947,14.164947,14.022345999999999,14.06988,7.4058660000000005,121600
3660,1994-09-07,14.06988,14.117414000000002,13.974813000000001,13.974813000000001,7.355824,345800
3661,1994-09-08,13.974813000000001,14.117414000000002,13.974813000000001,13.974813000000001,7.355824,251600
3662,1994-09-09,13.879745999999999,13.927279,13.689613,13.737146,7.230725,295700
3663,1994-09-12,13.737146,13.737146,13.642079,13.689613,7.2057080000000004,499900
3664,1994-09-13,13.642079,13.832213000000001,13.642079,13.642079,7.180685,181900
3665,1994-09-14,13.689613,13.689613,13.499479000000001,13.547011999999999,7.130647,431800
3666,1994-09-15,13.547011999999999,13.642079,13.499479000000001,13.642079,7.180685,663800
3667,1994-09-16,13.594546,13.784679,13.594546,13.642079,7.180685,342900
3668,1994-09-19,13.642079,13.689613,13.547011999999999,13.594546,7.1556679999999995,194500
3669,1994-09-20,13.594546,13.642079,13.451946,13.451946,7.080603999999999,213100
3670,1994-09-21,13.404411999999999,13.404411999999999,13.214279000000001,13.404411999999999,7.05559,406300
3671,1994-09-22,13.451946,13.547011999999999,13.261811999999999,13.309346,7.005547999999999,279400
3672,1994-09-23,13.261811999999999,13.404411999999999,13.214279000000001,13.356879000000001,7.03057,208200
3673,1994-09-26,13.451946,13.451946,13.309346,13.404411999999999,7.05559,333500
3674,1994-09-27,13.404411999999999,13.451946,13.309346,13.356879000000001,7.03057,467000
3675,1994-09-28,13.261811999999999,13.499479000000001,13.261811999999999,13.499479000000001,7.105625,317400
3676,1994-09-29,13.499479000000001,13.594546,13.451946,13.547011999999999,7.130647,416500
3677,1994-09-30,13.499479000000001,13.594546,13.451946,13.451946,7.080603999999999,150600
3678,1994-10-03,13.451946,13.547011999999999,13.451946,13.499479000000001,7.105625,335600
3679,1994-10-04,13.499479000000001,13.547011999999999,13.214279000000001,13.214279000000001,6.955506,342500
3680,1994-10-05,13.261811999999999,13.356879000000001,13.119212,13.356879000000001,7.03057,221500
3681,1994-10-06,13.594546,13.642079,13.499479000000001,13.594546,7.1556679999999995,828800
3682,1994-10-07,13.689613,13.974813000000001,13.689613,13.879745999999999,7.305785,1108400
3683,1994-10-10,13.832213000000001,14.022345999999999,13.832213000000001,14.022345999999999,7.380845,248900
3684,1994-10-11,14.06988,14.117414000000002,13.974813000000001,14.06988,7.4058660000000005,334300
3685,1994-10-12,14.06988,14.117414000000002,13.927279,14.117414000000002,7.430886999999999,619700
3686,1994-10-13,14.164947,14.497681,14.164947,14.355081,7.555982000000001,1045000
3687,1994-10-14,14.355081,14.355081,14.164947,14.307547,7.530964,242000
3688,1994-10-17,14.212481,14.355081,14.212481,14.355081,7.555982000000001,151400
3689,1994-10-18,14.355081,14.450147,14.355081,14.355081,7.555982000000001,689800
3690,1994-10-19,14.307547,14.450147,14.260014000000002,14.260014000000002,7.505942999999999,340900
3691,1994-10-20,14.307547,14.307547,14.212481,14.307547,7.530964,545900
3692,1994-10-21,14.355081,14.735347,14.307547,14.640281,7.706103999999999,585800
3693,1994-10-24,14.640281,14.640281,14.260014000000002,14.260014000000002,7.505942999999999,337800
3694,1994-10-25,14.212481,14.450147,14.164947,14.450147,7.606021000000001,495200
3695,1994-10-26,14.497681,14.640281,14.355081,14.592747,7.681082000000001,387500
3696,1994-10-27,14.735347,15.020548000000002,14.640281,14.925481,7.856223,450900
3697,1994-10-28,14.925481,15.163148000000001,14.925481,15.020548000000002,7.906261,1069400
3698,1994-10-31,14.830414000000001,14.877948000000002,14.782881,14.782881,7.781161,796500
3699,1994-11-01,14.735347,14.735347,14.402614000000002,14.450147,7.606021000000001,540400
3700,1994-11-02,14.402614000000002,14.402614000000002,14.212481,14.260014000000002,7.505942999999999,530200
3701,1994-11-03,14.260014000000002,14.260014000000002,13.927279,14.022345999999999,7.380845,492800
3702,1994-11-04,14.06988,14.212481,13.974813000000001,14.164947,7.4559050000000004,532200
3703,1994-11-07,14.117414000000002,14.355081,14.117414000000002,14.355081,7.555982000000001,291600
3704,1994-11-08,14.355081,14.545214000000001,14.260014000000002,14.545214000000001,7.656067,489900
3705,1994-11-09,14.450147,14.592747,14.355081,14.545214000000001,7.656067,783600
3706,1994-11-10,14.450147,14.545214000000001,14.402614000000002,14.497681,7.631048,510500
3707,1994-11-11,14.402614000000002,14.545214000000001,14.307547,14.450147,7.606021000000001,103000
3708,1994-11-14,14.355081,14.450147,14.355081,14.402614000000002,7.580999,306600
3709,1994-11-15,14.402614000000002,14.402614000000002,14.355081,14.402614000000002,7.580999,607400
3710,1994-11-16,14.402614000000002,14.450147,14.355081,14.355081,7.555982000000001,272600
3711,1994-11-17,14.450147,14.450147,14.307547,14.307547,7.530964,188200
3712,1994-11-18,14.355081,14.450147,14.212481,14.355081,7.555982000000001,316400
3713,1994-11-21,14.307547,14.355081,14.06988,14.164947,7.510615,342900
3714,1994-11-22,14.117414000000002,14.117414000000002,13.499479000000001,13.499479000000001,7.157769,591300
3715,1994-11-23,13.499479000000001,13.499479000000001,13.214279000000001,13.356879000000001,7.0821559999999995,655500
3716,1994-11-25,13.309346,13.309346,13.166746,13.166746,6.981344,170000
3717,1994-11-28,13.309346,13.309346,13.119212,13.166746,6.981344,511000
3718,1994-11-29,13.166746,13.214279000000001,13.071679,13.119212,6.956142,703900
3719,1994-11-30,13.166746,13.166746,12.881545,12.929079,6.855325,318400
3720,1994-12-01,12.929079,12.929079,12.548812,12.548812,6.6537,551400
3721,1994-12-02,12.643879,12.881545,12.501278999999998,12.881545,6.830125,373400
3722,1994-12-05,12.881545,12.881545,12.406212,12.548812,6.6537,1154000
3723,1994-12-06,12.406212,12.453745,12.168545,12.263612,6.502479,880700
3724,1994-12-07,12.263612,12.881545,12.263612,12.881545,6.830125,939200
3725,1994-12-08,12.738945,12.738945,12.358678,12.358678,6.552886,417300
3726,1994-12-09,12.406212,12.406212,12.216078,12.311145,6.527684,584500
3727,1994-12-12,12.311145,12.548812,12.311145,12.406212,6.578089,230100
3728,1994-12-13,12.453745,12.596345,12.263612,12.263612,6.502479,492300
3729,1994-12-14,12.406212,12.406212,11.883345,12.263612,6.502479,2459100
3730,1994-12-15,12.216078,12.738945,12.168545,12.548812,6.6537,1848700
3731,1994-12-16,12.548812,12.738945,12.453745,12.738945,6.754514,823700
3732,1994-12-19,12.738945,12.786479,12.596345,12.786479,6.779717999999999,448800
3733,1994-12-20,12.834012,12.834012,12.691412,12.786479,6.779717999999999,509300
3734,1994-12-21,12.738945,12.881545,12.691412,12.881545,6.830125,258700
3735,1994-12-22,12.834012,13.024146,12.738945,12.976612,6.880528,368700
3736,1994-12-23,13.024146,13.119212,12.976612,12.976612,6.880528,283900
3737,1994-12-27,13.024146,13.119212,12.976612,13.024146,6.905734,138500
3738,1994-12-28,12.929079,13.071679,12.834012,12.976612,6.880528,197000
3739,1994-12-29,12.976612,13.166746,12.976612,13.119212,6.956142,291200
3740,1994-12-30,13.166746,13.261811999999999,13.119212,13.119212,6.956142,263000
3741,1995-01-03,13.024146,13.071679,12.976612,13.071679,6.930938,211100
3742,1995-01-04,13.119212,13.166746,12.976612,13.071679,6.930938,629500
3743,1995-01-05,13.071679,13.071679,12.834012,12.881545,6.830125,529600
3744,1995-01-06,12.881545,12.881545,12.596345,12.596345,6.678905,827000
3745,1995-01-09,12.643879,12.738945,12.643879,12.738945,6.754514,1273800
3746,1995-01-10,12.738945,12.738945,12.548812,12.596345,6.678905,181900
3747,1995-01-11,12.596345,12.643879,12.168545,12.643879,6.704105,1096800
3748,1995-01-12,12.596345,12.691412,12.453745,12.596345,6.678905,716800
3749,1995-01-13,12.691412,12.786479,12.501278999999998,12.548812,6.6537,885400
3750,1995-01-16,12.643879,12.643879,12.501278999999998,12.548812,6.6537,624400
3751,1995-01-17,12.548812,12.691412,12.548812,12.691412,6.729310000000001,250300
3752,1995-01-18,12.548812,12.596345,12.453745,12.501278999999998,6.628498,675300
3753,1995-01-19,12.358678,12.548812,12.311145,12.548812,6.6537,855400
3754,1995-01-20,12.548812,12.691412,12.501278999999998,12.643879,6.704105,545700
3755,1995-01-23,12.453745,12.453745,12.216078,12.311145,6.527684,1505800
3756,1995-01-24,12.216078,12.358678,12.168545,12.311145,6.527684,671800
3757,1995-01-25,12.358678,12.596345,12.358678,12.501278999999998,6.628498,296300
3758,1995-01-26,12.596345,12.596345,12.501278999999998,12.548812,6.6537,651800
3759,1995-01-27,12.596345,12.691412,12.548812,12.548812,6.6537,369500
3760,1995-01-30,12.453745,12.501278999999998,12.358678,12.453745,6.603292,414700
3761,1995-01-31,12.406212,12.453745,12.311145,12.406212,6.578089,521400
3762,1995-02-01,12.311145,12.501278999999998,12.263612,12.501278999999998,6.628498,281200
3763,1995-02-02,12.406212,12.596345,12.406212,12.501278999999998,6.628498,655500
3764,1995-02-03,12.596345,12.643879,12.548812,12.548812,6.6537,369500
3765,1995-02-06,12.596345,12.691412,12.548812,12.643879,6.704105,209700
3766,1995-02-07,12.596345,12.643879,12.453745,12.453745,6.603292,898700
3767,1995-02-08,12.501278999999998,12.596345,12.406212,12.548812,6.6537,450900
3768,1995-02-09,12.548812,12.548812,12.406212,12.453745,6.603292,471300
3769,1995-02-10,12.453745,12.453745,12.358678,12.406212,6.578089,281800
3770,1995-02-13,12.406212,12.501278999999998,12.358678,12.406212,6.578089,444100
3771,1995-02-14,12.406212,12.453745,12.216078,12.311145,6.527684,1141300
3772,1995-02-15,12.263612,12.501278999999998,12.216078,12.406212,6.578089,1021500
3773,1995-02-16,12.073478,12.263612,12.025945,12.216078,6.532334,633600
3774,1995-02-17,12.216078,12.311145,12.168545,12.216078,6.532334,714900
3775,1995-02-21,12.263612,12.358678,12.263612,12.311145,6.583171000000001,575100
3776,1995-02-22,12.311145,12.406212,12.263612,12.263612,6.557753999999999,414300
3777,1995-02-23,12.263612,12.358678,12.263612,12.311145,6.583171000000001,711700
3778,1995-02-24,12.311145,12.548812,12.263612,12.548812,6.7102580000000005,1015600
3779,1995-02-27,12.548812,12.548812,12.263612,12.358678,6.608589,173500
3780,1995-02-28,12.263612,12.311145,12.216078,12.311145,6.583171000000001,357200
3781,1995-03-01,12.453745,12.501278999999998,12.168545,12.358678,6.608589,1867300
3782,1995-03-02,12.406212,12.406212,12.311145,12.311145,6.583171000000001,415100
3783,1995-03-03,12.406212,12.501278999999998,12.311145,12.453745,6.6594240000000005,394900
3784,1995-03-06,12.501278999999998,12.691412,12.453745,12.643879,6.761091,546500
3785,1995-03-07,12.643879,12.786479,12.596345,12.691412,6.786515,1092900
3786,1995-03-08,12.738945,12.738945,12.548812,12.643879,6.761091,332700
3787,1995-03-09,12.643879,12.643879,12.358678,12.406212,6.634005,308200
3788,1995-03-10,12.406212,12.453745,12.311145,12.406212,6.634005,494400
3789,1995-03-13,12.453745,12.548812,12.406212,12.548812,6.7102580000000005,258700
3790,1995-03-14,12.501278999999998,12.596345,12.453745,12.453745,6.6594240000000005,911400
3791,1995-03-15,12.501278999999998,12.501278999999998,12.358678,12.406212,6.634005,345800
3792,1995-03-16,12.358678,12.453745,12.358678,12.358678,6.608589,232100
3793,1995-03-17,12.406212,12.406212,12.263612,12.263612,6.557753999999999,637300
3794,1995-03-20,12.263612,12.358678,12.263612,12.263612,6.557753999999999,228300
3795,1995-03-21,12.168545,12.453745,12.168545,12.358678,6.608589,577400
3796,1995-03-22,12.358678,12.548812,12.358678,12.501278999999998,6.684839,784200
3797,1995-03-23,12.548812,12.786479,12.501278999999998,12.738945,6.8119320000000005,704700
3798,1995-03-24,12.786479,13.071679,12.786479,13.024146,6.964434,635600
3799,1995-03-27,12.929079,13.309346,12.929079,13.309346,7.116942,898700
3800,1995-03-28,13.261811999999999,13.261811999999999,13.166746,13.214279000000001,7.0661059999999996,370100
3801,1995-03-29,13.166746,13.356879000000001,13.166746,13.309346,7.116942,668100
3802,1995-03-30,13.309346,13.404411999999999,13.214279000000001,13.404411999999999,7.167775999999999,918500
3803,1995-03-31,13.404411999999999,13.547011999999999,13.309346,13.547011999999999,7.244028,229900
3804,1995-04-03,13.451946,13.523245999999999,13.309346,13.309346,7.116942,402000
3805,1995-04-04,13.356879000000001,13.404411999999999,13.166746,13.404411999999999,7.167775999999999,452900
3806,1995-04-05,13.404411999999999,13.404411999999999,13.119212,13.214279000000001,7.0661059999999996,408500
3807,1995-04-06,13.309346,13.356879000000001,13.071679,13.071679,6.989855,381600
3808,1995-04-07,13.071679,13.071679,12.881545,13.024146,6.964434,552200
3809,1995-04-10,13.071679,13.071679,12.834012,12.834012,6.862764,304900
3810,1995-04-11,12.881545,13.024146,12.738945,13.024146,6.964434,780300
3811,1995-04-12,13.119212,13.119212,12.881545,13.024146,6.964434,927700
3812,1995-04-13,13.071679,13.071679,12.738945,12.881545,6.888180999999999,404300
3813,1995-04-17,12.976612,13.024146,12.929079,13.024146,6.964434,267700
3814,1995-04-18,13.071679,13.166746,12.976612,13.166746,7.040686999999999,285500
3815,1995-04-19,13.214279000000001,13.309346,13.119212,13.309346,7.116942,380700
3816,1995-04-20,13.261811999999999,13.784679,13.261811999999999,13.784679,7.371116000000001,1341200
3817,1995-04-21,13.927279,14.450147,13.832213000000001,14.402614000000002,7.701549000000001,2001200
3818,1995-04-24,14.355081,14.402614000000002,14.212481,14.402614000000002,7.701549000000001,1366600
3819,1995-04-25,14.307547,14.307547,14.164947,14.212481,7.599880000000001,488900
3820,1995-04-26,14.117414000000002,14.117414000000002,14.022345999999999,14.022345999999999,7.4982050000000005,538500
3821,1995-04-27,14.06988,14.06988,13.927279,14.06988,7.5236279999999995,248500
3822,1995-04-28,14.06988,14.06988,13.832213000000001,14.06988,7.5236279999999995,515000
3823,1995-05-01,13.974813000000001,14.355081,13.974813000000001,14.355081,7.6761289999999995,2236700
3824,1995-05-02,14.402614000000002,14.545214000000001,14.355081,14.497681,7.752386,774400
3825,1995-05-03,14.450147,14.497681,14.307547,14.402614000000002,7.701549000000001,633400
3826,1995-05-04,14.355081,14.545214000000001,14.355081,14.355081,7.6761289999999995,831000
3827,1995-05-05,14.355081,14.355081,14.260014000000002,14.307547,7.650709,545300
3828,1995-05-08,14.260014000000002,14.592747,14.260014000000002,14.497681,7.752386,210100
3829,1995-05-09,14.497681,14.545214000000001,14.402614000000002,14.450147,7.726966,612900
3830,1995-05-10,14.545214000000001,14.545214000000001,14.164947,14.355081,7.6761289999999995,197000
3831,1995-05-11,14.260014000000002,14.355081,14.212481,14.307547,7.650709,333100
3832,1995-05-12,14.307547,14.307547,14.212481,14.260014000000002,7.625294,336800
3833,1995-05-15,14.117414000000002,14.260014000000002,14.117414000000002,14.260014000000002,7.625294,304700
3834,1995-05-16,14.164947,14.260014000000002,14.06988,14.212481,7.599880000000001,346800
3835,1995-05-17,14.260014000000002,14.307547,14.117414000000002,14.260014000000002,7.625294,259900
3836,1995-05-18,14.260014000000002,14.260014000000002,13.927279,13.927279,7.598294999999999,198000
3837,1995-05-19,13.832213000000001,13.927279,13.832213000000001,13.832213000000001,7.546428,597200
3838,1995-05-22,13.974813000000001,14.06988,13.927279,14.022345999999999,7.650155000000001,412200
3839,1995-05-23,14.06988,14.117414000000002,13.974813000000001,13.974813000000001,7.624225999999999,340100
3840,1995-05-24,13.974813000000001,14.212481,13.974813000000001,14.212481,7.753891,346000
3841,1995-05-25,14.022345999999999,14.06988,13.832213000000001,13.879745999999999,7.628489,541400
3842,1995-05-26,13.879745999999999,13.927279,13.689613,13.832213000000001,7.602365,425300
3843,1995-05-30,13.832213000000001,13.927279,13.784679,13.784679,7.5762350000000005,190200
3844,1995-05-31,13.784679,14.117414000000002,13.784679,14.06988,7.732988000000001,411800
3845,1995-06-01,14.022345999999999,14.022345999999999,13.832213000000001,13.927279,7.654611999999999,366400
3846,1995-06-02,13.927279,14.06988,13.832213000000001,13.879745999999999,7.628489,472900
3847,1995-06-05,13.974813000000001,13.974813000000001,13.689613,13.689613,7.523985000000001,1373500
3848,1995-06-06,13.689613,13.689613,13.356879000000001,13.404411999999999,7.367236,1081800
3849,1995-06-07,13.404411999999999,13.404411999999999,13.261811999999999,13.309346,7.314989,984300
3850,1995-06-08,13.261811999999999,13.404411999999999,13.261811999999999,13.309346,7.314989,622600
3851,1995-06-09,13.261811999999999,13.356879000000001,13.166746,13.356879000000001,7.341112,1594300
3852,1995-06-12,13.309346,13.404411999999999,13.309346,13.404411999999999,7.367236,766500
3853,1995-06-13,13.404411999999999,13.404411999999999,13.309346,13.309346,7.314989,426700
3854,1995-06-14,13.309346,13.333113,13.261811999999999,13.309346,7.314989,491900
3855,1995-06-15,13.261811999999999,13.404411999999999,13.261811999999999,13.356879000000001,7.341112,941200
3856,1995-06-16,13.404411999999999,13.451946,13.356879000000001,13.451946,7.39336,840900
3857,1995-06-19,13.451946,13.451946,13.404411999999999,13.404411999999999,7.367236,290600
3858,1995-06-20,13.547011999999999,13.594546,13.499479000000001,13.547011999999999,7.445608,352100
3859,1995-06-21,13.547011999999999,13.689613,13.547011999999999,13.547011999999999,7.445608,711700
3860,1995-06-22,13.404411999999999,13.547011999999999,13.166746,13.547011999999999,7.445608,877000
3861,1995-06-23,13.547011999999999,13.594546,13.451946,13.547011999999999,7.445608,661600
3862,1995-06-26,13.594546,13.594546,13.499479000000001,13.499479000000001,7.419486999999999,495000
3863,1995-06-27,13.499479000000001,13.499479000000001,13.309346,13.356879000000001,7.341112,268700
3864,1995-06-28,13.356879000000001,13.451946,13.356879000000001,13.356879000000001,7.341112,254000
3865,1995-06-29,13.451946,13.499479000000001,13.309346,13.356879000000001,7.341112,244000
3866,1995-06-30,13.356879000000001,13.404411999999999,13.309346,13.356879000000001,7.341112,214200
3867,1995-07-03,13.309346,13.404411999999999,13.309346,13.404411999999999,7.367236,52100
3868,1995-07-05,13.356879000000001,13.404411999999999,13.214279000000001,13.261811999999999,7.288864,440800
3869,1995-07-06,13.404411999999999,13.451946,13.214279000000001,13.404411999999999,7.367236,325800
3870,1995-07-07,13.356879000000001,13.451946,13.261811999999999,13.309346,7.314989,244000
3871,1995-07-10,13.261811999999999,13.404411999999999,13.261811999999999,13.356879000000001,7.341112,472900
3872,1995-07-11,13.356879000000001,13.356879000000001,13.261811999999999,13.356879000000001,7.341112,463700
3873,1995-07-12,13.309346,13.356879000000001,13.214279000000001,13.309346,7.314989,278100
3874,1995-07-13,13.356879000000001,13.356879000000001,13.166746,13.309346,7.314989,247500
3875,1995-07-14,13.214279000000001,13.261811999999999,13.166746,13.214279000000001,7.262741,198600
3876,1995-07-17,13.214279000000001,13.309346,13.166746,13.166746,7.236614,388100
3877,1995-07-18,13.261811999999999,13.261811999999999,13.166746,13.214279000000001,7.262741,285100
3878,1995-07-19,13.166746,13.261811999999999,13.071679,13.261811999999999,7.288864,239500
3879,1995-07-20,13.261811999999999,13.261811999999999,13.024146,13.119212,7.210494000000001,725200
3880,1995-07-21,13.119212,13.166746,12.976612,13.119212,7.210494000000001,557600
3881,1995-07-24,13.214279000000001,13.261811999999999,13.071679,13.166746,7.236614,1379000
3882,1995-07-25,13.071679,13.166746,13.071679,13.071679,7.184366000000001,160200
3883,1995-07-26,13.166746,13.166746,12.929079,13.071679,7.184366000000001,242800
3884,1995-07-27,13.119212,13.119212,13.024146,13.119212,7.210494000000001,180200
3885,1995-07-28,13.119212,13.119212,12.834012,12.976612,7.132110000000001,198600
3886,1995-07-31,13.119212,13.119212,12.881545,13.071679,7.184366000000001,936700
3887,1995-08-01,13.071679,13.166746,12.786479,12.834012,7.053739,238100
3888,1995-08-02,12.834012,13.024146,12.834012,12.929079,7.105991,454900
3889,1995-08-03,12.881545,12.929079,12.786479,12.834012,7.053739,540200
3890,1995-08-04,12.881545,12.881545,12.738945,12.738945,7.0014899999999995,493600
3891,1995-08-07,12.786479,12.976612,12.786479,12.929079,7.105991,936300
3892,1995-08-08,12.976612,12.976612,12.786479,12.834012,7.053739,297800
3893,1995-08-09,12.786479,12.834012,12.738945,12.834012,7.053739,161200
3894,1995-08-10,12.929079,12.929079,12.738945,12.786479,7.027616,201700
3895,1995-08-11,12.786479,13.024146,12.738945,12.834012,7.053739,693500
3896,1995-08-14,12.834012,12.881545,12.786479,12.834012,7.053739,635000
3897,1995-08-15,12.834012,12.976612,12.691412,12.929079,7.105991,743600
3898,1995-08-16,12.976612,12.976612,12.786479,12.834012,7.053739,407500
3899,1995-08-17,12.834012,12.881545,12.738945,12.786479,7.027616,210700
3900,1995-08-18,12.834012,13.024146,12.834012,13.024146,7.1582360000000005,273800
3901,1995-08-21,13.024146,13.024146,12.881545,12.881545,7.079865,150600
3902,1995-08-22,12.834012,12.834012,12.643879,12.643879,7.0061089999999995,406300
3903,1995-08-23,12.596345,12.643879,12.453745,12.596345,6.979775,440400
3904,1995-08-24,12.548812,12.548812,12.406212,12.501278999999998,7.086442999999999,161200
3905,1995-08-25,12.453745,12.453745,12.168545,12.406212,7.032555,635800
3906,1995-08-28,12.311145,12.453745,12.263612,12.453745,7.059494,231300
3907,1995-08-29,12.453745,12.453745,12.311145,12.453745,7.059494,707800
3908,1995-08-30,12.406212,12.453745,12.358678,12.406212,7.032555,528300
3909,1995-08-31,12.406212,12.501278999999998,12.311145,12.453745,7.059494,605000
3910,1995-09-01,12.548812,12.691412,12.501278999999998,12.643879,7.167278,156900
3911,1995-09-05,12.643879,12.881545,12.643879,12.834012,7.2750520000000005,495400
3912,1995-09-06,12.834012,12.881545,12.691412,12.738945,7.2211669999999994,397100
3913,1995-09-07,12.738945,12.738945,12.596345,12.691412,7.19422,197800
3914,1995-09-08,12.643879,12.738945,12.501278999999998,12.691412,7.19422,205800
3915,1995-09-11,12.738945,12.738945,12.643879,12.738945,7.2211669999999994,124200
3916,1995-09-12,12.738945,12.834012,12.548812,12.834012,7.2750520000000005,183300
3917,1995-09-13,12.834012,12.834012,12.643879,12.738945,7.2211669999999994,148100
3918,1995-09-14,12.643879,12.786479,12.548812,12.786479,7.248107000000001,488900
3919,1995-09-15,12.786479,13.024146,12.786479,12.929079,7.328944,835700
3920,1995-09-18,12.976612,13.024146,12.881545,12.881545,7.302002000000001,334100
3921,1995-09-19,12.881545,12.881545,12.738945,12.834012,7.2750520000000005,100700
3922,1995-09-20,12.881545,12.881545,12.786479,12.834012,7.2750520000000005,492800
3923,1995-09-21,12.786479,12.881545,12.786479,12.881545,7.302002000000001,118100
3924,1995-09-22,12.786479,12.834012,12.738945,12.786479,7.248107000000001,237300
3925,1995-09-25,12.834012,12.881545,12.453745,12.596345,7.140325999999999,268700
3926,1995-09-26,12.643879,12.738945,12.596345,12.738945,7.2211669999999994,209700
3927,1995-09-27,12.643879,12.691412,12.501278999999998,12.596345,7.140325999999999,472500
3928,1995-09-28,12.643879,12.643879,12.501278999999998,12.643879,7.167278,377300
3929,1995-09-29,12.596345,12.691412,12.548812,12.691412,7.19422,268700
3930,1995-10-02,12.738945,12.786479,12.596345,12.643879,7.167278,256500
3931,1995-10-03,12.691412,12.691412,12.596345,12.643879,7.167278,201500
3932,1995-10-04,12.738945,12.738945,12.406212,12.453745,7.059494,427100
3933,1995-10-05,12.501278999999998,12.501278999999998,12.311145,12.358678,7.005610000000001,480900
3934,1995-10-06,12.263612,12.311145,12.073478,12.073478,6.843942999999999,443100
3935,1995-10-09,11.788278,12.025945,11.598145,12.025945,6.8169960000000005,808400
3936,1995-10-10,11.978411999999999,12.168545,11.788278,12.168545,6.897831,389900
3937,1995-10-11,12.121012,12.168545,12.025945,12.073478,6.843942999999999,396300
3938,1995-10-12,12.073478,12.263612,12.025945,12.263612,6.951718,711300
3939,1995-10-13,12.263612,12.643879,12.263612,12.596345,7.140325999999999,768700
3940,1995-10-16,12.548812,12.596345,12.501278999999998,12.548812,7.1133880000000005,412400
3941,1995-10-17,12.501278999999998,12.643879,12.501278999999998,12.596345,7.140325999999999,299000
3942,1995-10-18,12.548812,12.643879,12.501278999999998,12.501278999999998,7.086442999999999,398300
3943,1995-10-19,12.596345,12.643879,12.453745,12.501278999999998,7.086442999999999,548400
3944,1995-10-20,12.501278999999998,12.643879,12.406212,12.643879,7.167278,386500
3945,1995-10-23,12.548812,12.643879,12.548812,12.596345,7.140325999999999,245200
3946,1995-10-24,12.643879,12.691412,12.548812,12.548812,7.1133880000000005,265700
3947,1995-10-25,12.596345,12.643879,12.358678,12.406212,7.032555,228900
3948,1995-10-26,12.406212,12.406212,12.168545,12.311145,6.9786660000000005,309800
3949,1995-10-27,12.168545,12.216078,11.930878,12.168545,6.897831,504400
3950,1995-10-30,12.263612,12.263612,12.073478,12.073478,6.843942999999999,260800
3951,1995-10-31,12.168545,12.168545,12.025945,12.025945,6.8169960000000005,426900
3952,1995-11-01,12.121012,12.168545,11.835811999999999,11.883345,6.736159,460100
3953,1995-11-02,11.978411999999999,12.121012,11.835811999999999,11.835811999999999,6.709217,601300
3954,1995-11-03,11.883345,11.883345,11.550611,11.740745,6.655328,820000
3955,1995-11-06,11.740745,11.740745,11.645678,11.740745,6.655328,579800
3956,1995-11-07,11.740745,12.025945,11.740745,12.025945,6.8169960000000005,546700
3957,1995-11-08,12.073478,12.216078,12.073478,12.168545,6.897831,714900
3958,1995-11-09,12.216078,12.216078,12.025945,12.025945,6.8169960000000005,192500
3959,1995-11-10,11.978411999999999,11.978411999999999,11.835811999999999,11.835811999999999,6.709217,288400
3960,1995-11-13,11.835811999999999,12.168545,11.693211,12.073478,6.843942999999999,226400
3961,1995-11-14,12.121012,12.216078,12.073478,12.216078,6.924774,264000
3962,1995-11-15,12.168545,12.263612,12.121012,12.263612,6.951718,181900
3963,1995-11-16,12.216078,12.358678,12.121012,12.216078,6.924774,414300
3964,1995-11-17,12.263612,12.596345,12.168545,12.596345,7.140325999999999,432700
3965,1995-11-20,12.643879,12.643879,12.358678,12.406212,7.032555,218000
3966,1995-11-21,12.406212,12.596345,12.406212,12.548812,7.279586,180600
3967,1995-11-22,12.358678,12.643879,12.358678,12.643879,7.396367,257700
3968,1995-11-24,12.596345,12.738945,12.596345,12.738945,7.451980000000001,181500
3969,1995-11-27,12.786479,12.976612,12.786479,12.976612,7.591009,816700
3970,1995-11-28,12.929079,13.071679,12.929079,13.024146,7.6188139999999995,296700
3971,1995-11-29,13.024146,13.071679,12.976612,13.024146,7.6188139999999995,167800
3972,1995-11-30,13.024146,13.404411999999999,13.024146,13.261811999999999,7.757846000000001,805300
3973,1995-12-01,13.309346,13.309346,13.214279000000001,13.261811999999999,7.757846000000001,180600
3974,1995-12-04,13.309346,13.356879000000001,13.309346,13.309346,7.78565,211100
3975,1995-12-05,13.309346,13.547011999999999,13.309346,13.451946,7.869067,341300
3976,1995-12-06,13.499479000000001,13.642079,13.451946,13.499479000000001,7.896872999999999,166300
3977,1995-12-07,13.356879000000001,13.451946,13.261811999999999,13.404411999999999,7.8412619999999995,413200
3978,1995-12-08,13.404411999999999,13.594546,13.404411999999999,13.547011999999999,7.924674,215600
3979,1995-12-11,13.594546,13.832213000000001,13.547011999999999,13.832213000000001,8.091516,224600
3980,1995-12-12,13.879745999999999,13.879745999999999,13.642079,13.689613,8.008099000000001,243800
3981,1995-12-13,13.737146,13.737146,13.594546,13.689613,8.008099000000001,221100
3982,1995-12-14,13.737146,13.784679,13.499479000000001,13.642079,7.980291,294100
3983,1995-12-15,13.689613,13.689613,13.594546,13.594546,7.952485,485200
3984,1995-12-18,13.642079,13.642079,13.356879000000001,13.404411999999999,7.8412619999999995,236200
3985,1995-12-19,13.404411999999999,13.642079,13.356879000000001,13.547011999999999,7.924674,183500
3986,1995-12-20,13.404411999999999,13.594546,13.356879000000001,13.547011999999999,7.924674,138300
3987,1995-12-21,13.689613,13.737146,13.594546,13.642079,7.980291,398500
3988,1995-12-22,13.642079,13.689613,13.594546,13.689613,8.008099000000001,115000
3989,1995-12-26,13.737146,13.784679,13.594546,13.689613,8.008099000000001,80100
3990,1995-12-27,13.737146,13.737146,13.451946,13.594546,7.952485,134200
3991,1995-12-28,13.642079,13.642079,13.547011999999999,13.594546,7.952485,274700
3992,1995-12-29,13.689613,13.689613,13.356879000000001,13.356879000000001,7.8134570000000005,473700
3993,1996-01-02,13.499479000000001,13.784679,13.451946,13.689613,8.008099000000001,435100
3994,1996-01-03,13.737146,13.832213000000001,13.689613,13.784679,8.063714,234400
3995,1996-01-04,13.737146,13.974813000000001,13.737146,13.832213000000001,8.091516,249700
3996,1996-01-05,13.737146,13.784679,13.642079,13.689613,8.008099000000001,227000
3997,1996-01-08,13.689613,13.784679,13.547011999999999,13.737146,8.035905,139800
3998,1996-01-09,13.689613,13.689613,13.451946,13.547011999999999,7.924674,236000
3999,1996-01-10,13.356879000000001,13.689613,13.309346,13.594546,7.952485,637300
4000,1996-01-11,13.499479000000001,13.547011999999999,13.451946,13.451946,7.869067,449400
4001,1996-01-12,13.451946,13.547011999999999,13.404411999999999,13.451946,7.869067,164900
4002,1996-01-15,13.451946,13.547011999999999,13.356879000000001,13.404411999999999,7.8412619999999995,109700
4003,1996-01-16,13.356879000000001,13.451946,13.024146,13.214279000000001,7.730036,927500
4004,1996-01-17,13.166746,13.356879000000001,13.166746,13.356879000000001,7.8134570000000005,119500
4005,1996-01-18,13.451946,13.547011999999999,13.404411999999999,13.499479000000001,7.896872999999999,341100
4006,1996-01-19,13.451946,13.689613,13.451946,13.547011999999999,7.924674,296300
4007,1996-01-22,13.594546,13.689613,13.499479000000001,13.642079,7.980291,318000
4008,1996-01-23,13.499479000000001,13.547011999999999,13.309346,13.309346,7.78565,431400
4009,1996-01-24,13.309346,13.451946,13.261811999999999,13.356879000000001,7.8134570000000005,203700
4010,1996-01-25,13.451946,13.642079,13.214279000000001,13.642079,7.980291,499300
4011,1996-01-26,13.689613,14.022345999999999,13.642079,13.927279,8.147125,1480000
4012,1996-01-29,14.022345999999999,14.117414000000002,13.784679,13.832213000000001,8.091516,435700
4013,1996-01-30,13.927279,13.974813000000001,13.737146,13.832213000000001,8.091516,223400
4014,1996-01-31,13.737146,13.974813000000001,13.737146,13.974813000000001,8.174934,173900
4015,1996-02-01,13.974813000000001,14.06988,13.879745999999999,14.06988,8.230545,364400
4016,1996-02-02,14.022345999999999,14.212481,13.974813000000001,14.06988,8.230545,357400
4017,1996-02-05,14.06988,14.402614000000002,14.06988,14.355081,8.397376,432300
4018,1996-02-06,14.355081,14.355081,14.164947,14.260014000000002,8.341766999999999,598600
4019,1996-02-07,14.307547,14.497681,14.260014000000002,14.450147,8.452993,917100
4020,1996-02-08,14.450147,14.450147,14.307547,14.450147,8.452993,462700
4021,1996-02-09,14.402614000000002,14.735347,14.402614000000002,14.640281,8.564217999999999,470700
4022,1996-02-12,14.592747,14.640281,14.450147,14.640281,8.564217999999999,384800
4023,1996-02-13,14.640281,14.877948000000002,14.640281,14.735347,8.619827,321300
4024,1996-02-14,14.735347,14.735347,14.640281,14.687814000000001,8.592024,187600
4025,1996-02-15,14.735347,14.735347,14.592747,14.687814000000001,8.592024,255500
4026,1996-02-16,14.640281,14.735347,14.592747,14.640281,8.564217999999999,381400
4027,1996-02-20,14.592747,14.687814000000001,14.592747,14.640281,8.564217999999999,962100
4028,1996-02-21,14.592747,14.687814000000001,14.450147,14.640281,8.625825,234600
4029,1996-02-22,14.640281,15.020548000000002,14.640281,14.925481,8.793861999999999,1032400
4030,1996-02-23,14.925481,14.973014000000001,14.592747,14.782881,8.709842,323900
4031,1996-02-26,14.782881,14.782881,14.117414000000002,14.117414000000002,8.317758999999999,247300
4032,1996-02-27,14.117414000000002,14.307547,13.879745999999999,14.06988,8.289759,511200
4033,1996-02-28,14.212481,14.307547,14.164947,14.212481,8.373775,345000
4034,1996-02-29,14.212481,14.260014000000002,13.879745999999999,13.927279,8.205735,290600
4035,1996-03-01,13.974813000000001,13.974813000000001,13.547011999999999,13.927279,8.205735,424300
4036,1996-03-04,13.927279,14.022345999999999,13.642079,13.832213000000001,8.149727,305700
4037,1996-03-05,13.737146,13.974813000000001,13.689613,13.927279,8.205735,662600
4038,1996-03-06,13.927279,13.974813000000001,13.689613,13.927279,8.205735,317800
4039,1996-03-07,13.927279,13.927279,13.689613,13.832213000000001,8.149727,329200
4040,1996-03-08,13.784679,13.784679,13.451946,13.451946,7.925675999999999,517500
4041,1996-03-11,13.451946,13.974813000000001,13.451946,13.832213000000001,8.149727,317200
4042,1996-03-12,13.832213000000001,14.022345999999999,13.832213000000001,13.974813000000001,8.233742999999999,293300
4043,1996-03-13,14.117414000000002,14.450147,14.117414000000002,14.450147,8.513806,709000
4044,1996-03-14,14.402614000000002,14.640281,14.402614000000002,14.497681,8.541812,355000
4045,1996-03-15,14.450147,14.592747,14.355081,14.450147,8.513806,414700
4046,1996-03-18,14.402614000000002,14.830414000000001,14.355081,14.830414000000001,8.737852,667900
4047,1996-03-19,14.830414000000001,14.830414000000001,14.497681,14.640281,8.625825,242000
4048,1996-03-20,14.545214000000001,14.735347,14.545214000000001,14.735347,8.681836,543400
4049,1996-03-21,14.735347,14.830414000000001,14.735347,14.830414000000001,8.737852,216600
4050,1996-03-22,14.877948000000002,14.877948000000002,14.782881,14.830414000000001,8.737852,264400
4051,1996-03-25,14.830414000000001,14.925481,14.640281,14.687814000000001,8.653831,719200
4052,1996-03-26,14.640281,14.782881,14.640281,14.735347,8.681836,345000
4053,1996-03-27,14.687814000000001,14.782881,14.592747,14.687814000000001,8.653831,222100
4054,1996-03-28,14.735347,14.830414000000001,14.687814000000001,14.735347,8.681836,201500
4055,1996-03-29,14.782881,14.830414000000001,14.592747,14.592747,8.597816,217400
4056,1996-04-01,14.592747,14.782881,14.497681,14.782881,8.709842,405300
4057,1996-04-02,14.782881,14.782881,14.640281,14.687814000000001,8.653831,700400
4058,1996-04-03,14.640281,14.735347,14.545214000000001,14.640281,8.625825,230900
4059,1996-04-04,14.592747,14.687814000000001,14.497681,14.640281,8.625825,306600
4060,1996-04-08,14.545214000000001,14.735347,14.497681,14.687814000000001,8.653831,574300
4061,1996-04-09,14.735347,14.973014000000001,14.735347,14.973014000000001,8.821866,1217800
4062,1996-04-10,15.020548000000002,15.210681,14.973014000000001,15.163148000000001,8.933894,1162200
4063,1996-04-11,15.068081,15.305748000000001,15.068081,15.305748000000001,9.01791,838600
4064,1996-04-12,15.258214,15.400814000000002,15.115614,15.115614,8.905884,517500
4065,1996-04-15,15.400814000000002,15.590948000000001,15.353280999999999,15.353280999999999,9.045916,1507000
4066,1996-04-16,15.448348000000001,15.543415,15.210681,15.258214,8.989903,2618300
4067,1996-04-17,15.305748000000001,15.400814000000002,15.210681,15.305748000000001,9.01791,782200
4068,1996-04-18,15.258214,15.353280999999999,15.210681,15.210681,8.9619,415500
4069,1996-04-19,15.210681,15.400814000000002,15.163148000000001,15.258214,8.989903,1047900
4070,1996-04-22,15.353280999999999,15.400814000000002,15.115614,15.400814000000002,9.073922,1026200
4071,1996-04-23,15.495880999999999,15.828615,15.400814000000002,15.828615,9.325974,972900
4072,1996-04-24,15.828615,16.066282,15.828615,15.971214999999999,9.409991999999999,974700
4073,1996-04-25,15.971214999999999,15.971214999999999,15.781081,15.876148,9.353977,1087400
4074,1996-04-26,15.876148,15.876148,15.733548,15.828615,9.325974,425500
4075,1996-04-29,15.781081,15.781081,15.686015,15.781081,9.297968,466800
4076,1996-04-30,15.733548,15.733548,15.590948000000001,15.638481,9.213948,635200
4077,1996-05-01,15.638481,15.686015,15.543415,15.543415,9.15794,349300
4078,1996-05-02,15.448348000000001,15.638481,15.400814000000002,15.543415,9.15794,561600
4079,1996-05-03,15.590948000000001,15.686015,15.543415,15.590948000000001,9.185947,831200
4080,1996-05-06,15.638481,15.686015,15.543415,15.590948000000001,9.185947,392600
4081,1996-05-07,15.590948000000001,15.590948000000001,15.115614,15.210681,8.9619,1320400
4082,1996-05-08,15.258214,15.495880999999999,15.163148000000001,15.495880999999999,9.129934,490700
4083,1996-05-09,15.400814000000002,15.590948000000001,15.305748000000001,15.590948000000001,9.185947,281800
4084,1996-05-10,15.638481,15.733548,15.543415,15.590948000000001,9.185947,511000
4085,1996-05-13,15.590948000000001,15.590948000000001,15.400814000000002,15.495880999999999,9.129934,509100
4086,1996-05-14,15.590948000000001,15.686015,15.495880999999999,15.590948000000001,9.185947,661600
4087,1996-05-15,15.686015,15.733548,15.543415,15.733548,9.269958,409600
4088,1996-05-16,15.686015,15.733548,15.495880999999999,15.638481,9.213948,755200
4089,1996-05-17,15.781081,15.971214999999999,15.686015,15.876148,9.353977,526500
4090,1996-05-20,15.971214999999999,16.399015,15.923681,16.303949,9.60604,969000
4091,1996-05-21,16.208880999999998,16.446548,16.113815,16.399015,9.662047,971700
4092,1996-05-22,16.399015,16.684216,16.351482,16.684216,10.046289999999999,703700
4093,1996-05-23,16.684216,16.779282000000002,16.399015,16.446548,9.90318,854300
4094,1996-05-24,16.351482,16.399015,16.303949,16.399015,9.937746,469300
4095,1996-05-28,16.399015,16.494081,16.303949,16.351482,9.908939,750300
4096,1996-05-29,16.256414000000003,16.303949,16.208880999999998,16.208880999999998,9.822519999999999,307200
4097,1996-05-30,16.161348,16.351482,16.161348,16.351482,9.908939,463100
4098,1996-05-31,16.303949,16.303949,16.208880999999998,16.256414000000003,9.851329,308200
4099,1996-06-03,16.208880999999998,16.208880999999998,15.876148,15.971214999999999,9.678497,380700
4100,1996-06-04,16.066282,16.208880999999998,15.876148,16.208880999999998,9.822519999999999,177800
4101,1996-06-05,16.161348,16.208880999999998,16.066282,16.066282,9.73611,203100
4102,1996-06-06,16.018749,16.018749,15.733548,15.781081,9.563283,333100
4103,1996-06-07,15.733548,15.733548,15.543415,15.590948000000001,9.448058,955100
4104,1996-06-10,15.590948000000001,15.638481,15.400814000000002,15.448348000000001,9.361642,465600
4105,1996-06-11,15.400814000000002,15.448348000000001,15.020548000000002,15.068081,9.131206,1452400
4106,1996-06-12,15.115614,15.210681,15.020548000000002,15.115614,9.160008,669200
4107,1996-06-13,15.163148000000001,15.210681,15.020548000000002,15.020548000000002,9.1024,292200
4108,1996-06-14,15.068081,15.115614,14.925481,15.115614,9.160008,274900
4109,1996-06-17,15.020548000000002,15.163148000000001,14.973014000000001,15.068081,9.131206,184500
4110,1996-06-18,15.068081,15.115614,14.973014000000001,14.973014000000001,9.073591,303500
4111,1996-06-19,14.925481,15.020548000000002,14.925481,15.020548000000002,9.1024,187800
4112,1996-06-20,15.020548000000002,15.068081,14.877948000000002,15.068081,9.131206,301400
4113,1996-06-21,15.068081,15.115614,15.020548000000002,15.068081,9.131206,359700
4114,1996-06-24,14.973014000000001,15.258214,14.877948000000002,15.210681,9.217616,433500
4115,1996-06-25,15.258214,15.258214,15.163148000000001,15.210681,9.217616,294500
4116,1996-06-26,15.210681,15.305748000000001,15.139381,15.210681,9.217616,208200
4117,1996-06-27,15.115614,15.163148000000001,15.020548000000002,15.115614,9.160008,143400
4118,1996-06-28,15.210681,15.210681,15.068081,15.068081,9.131206,361900
4119,1996-07-01,15.258214,15.353280999999999,15.163148000000001,15.305748000000001,9.275229,298600
4120,1996-07-02,15.353280999999999,15.353280999999999,15.163148000000001,15.305748000000001,9.275229,589400
4121,1996-07-03,15.258214,15.305748000000001,15.163148000000001,15.210681,9.217616,486400
4122,1996-07-05,15.068081,15.068081,14.925481,14.973014000000001,9.073591,84000
4123,1996-07-08,14.925481,15.115614,14.925481,14.973014000000001,9.073591,123000
4124,1996-07-09,14.925481,15.115614,14.830414000000001,15.115614,9.160008,398900
4125,1996-07-10,15.115614,15.115614,14.735347,14.830414000000001,8.987177,394000
4126,1996-07-11,14.877948000000002,14.877948000000002,14.355081,14.592747,8.843155,808800
4127,1996-07-12,14.545214000000001,14.592747,14.402614000000002,14.497681,8.785544,704700
4128,1996-07-15,14.545214000000001,14.545214000000001,14.06988,14.117414000000002,8.555100999999999,594100
4129,1996-07-16,14.164947,14.164947,13.309346,13.737146,8.324661,1154600
4130,1996-07-17,13.879745999999999,13.927279,13.737146,13.832213000000001,8.382277,431000
4131,1996-07-18,14.022345999999999,14.260014000000002,13.974813000000001,14.06988,8.526299,813500
4132,1996-07-19,14.117414000000002,14.164947,13.879745999999999,14.022345999999999,8.497494999999999,721900
4133,1996-07-22,14.06988,14.164947,14.022345999999999,14.06988,8.526299,592300
4134,1996-07-23,14.06988,14.164947,13.879745999999999,13.974813000000001,8.468687,327400
4135,1996-07-24,13.737146,13.974813000000001,13.689613,13.974813000000001,8.468687,285100
4136,1996-07-25,13.737146,13.879745999999999,13.737146,13.784679,8.353468,324900
4137,1996-07-26,13.879745999999999,13.927279,13.642079,13.737146,8.324661,720300
4138,1996-07-29,13.689613,13.927279,13.689613,13.879745999999999,8.411078,522000
4139,1996-07-30,13.832213000000001,13.998579999999999,13.832213000000001,13.927279,8.439879,273200
4140,1996-07-31,13.832213000000001,14.117414000000002,13.784679,13.879745999999999,8.411078,353800
4141,1996-08-01,13.927279,14.117414000000002,13.927279,13.974813000000001,8.468687,550600
4142,1996-08-02,13.974813000000001,14.022345999999999,13.927279,14.022345999999999,8.497494999999999,308800
4143,1996-08-05,13.974813000000001,14.260014000000002,13.974813000000001,14.06988,8.526299,473700
4144,1996-08-06,14.164947,14.592747,14.164947,14.497681,8.785544,454500
4145,1996-08-07,14.545214000000001,14.735347,14.545214000000001,14.640281,8.871955999999999,672400
4146,1996-08-08,14.640281,14.640281,14.545214000000001,14.592747,8.843155,248500
4147,1996-08-09,14.640281,14.640281,14.592747,14.640281,8.871955999999999,381600
4148,1996-08-12,14.592747,14.592747,14.355081,14.497681,8.785544,1013000
4149,1996-08-13,14.592747,14.592747,14.355081,14.545214000000001,8.814349,834900
4150,1996-08-14,14.545214000000001,14.973014000000001,14.545214000000001,14.782881,8.958373,914000
4151,1996-08-15,14.782881,14.782881,14.640281,14.735347,8.929566000000001,192500
4152,1996-08-16,14.735347,14.830414000000001,14.640281,14.687814000000001,8.900765,287500
4153,1996-08-19,14.687814000000001,14.735347,14.592747,14.735347,8.929566000000001,112800
4154,1996-08-20,14.735347,14.973014000000001,14.735347,14.830414000000001,8.987177,628100
4155,1996-08-21,14.782881,14.782881,14.450147,14.545214000000001,8.876941,690600
4156,1996-08-22,14.450147,14.592747,14.402614000000002,14.450147,8.818922,741100
4157,1996-08-23,14.450147,14.497681,14.355081,14.402614000000002,8.78991,708000
4158,1996-08-26,14.402614000000002,14.450147,14.164947,14.450147,8.818922,481700
4159,1996-08-27,14.402614000000002,14.402614000000002,14.260014000000002,14.355081,8.760902,294100
4160,1996-08-28,14.402614000000002,14.450147,14.212481,14.212481,8.673876,227400
4161,1996-08-29,14.164947,14.402614000000002,14.06988,14.307547,8.73189,634800
4162,1996-08-30,14.260014000000002,14.355081,14.117414000000002,14.117414000000002,8.615853,273600
4163,1996-09-03,14.06988,14.355081,14.06988,14.355081,8.760902,317800
4164,1996-09-04,14.450147,14.450147,14.307547,14.307547,8.73189,534000
4165,1996-09-05,14.260014000000002,14.355081,14.260014000000002,14.307547,8.73189,187800
4166,1996-09-06,14.355081,14.450147,14.307547,14.355081,8.760902,470700
4167,1996-09-09,14.402614000000002,14.640281,14.402614000000002,14.545214000000001,8.876941,405300
4168,1996-09-10,14.592747,14.640281,14.022345999999999,14.06988,8.586843,1504900
4169,1996-09-11,14.06988,14.402614000000002,13.974813000000001,14.212481,8.673876,1037100
4170,1996-09-12,14.260014000000002,14.402614000000002,14.164947,14.355081,8.760902,390400
4171,1996-09-13,14.450147,14.545214000000001,14.402614000000002,14.450147,8.818922,978000
4172,1996-09-16,14.402614000000002,14.830414000000001,14.402614000000002,14.640281,8.934961999999999,766700
4173,1996-09-17,14.640281,14.687814000000001,14.545214000000001,14.592747,8.905952000000001,508900
4174,1996-09-18,14.545214000000001,14.687814000000001,14.497681,14.687814000000001,8.96397,296500
4175,1996-09-19,14.687814000000001,14.877948000000002,14.592747,14.830414000000001,9.050994000000001,519700
4176,1996-09-20,14.925481,15.020548000000002,14.830414000000001,15.020548000000002,9.167036999999999,585600
4177,1996-09-23,14.973014000000001,14.973014000000001,14.782881,14.973014000000001,9.138022,834700
4178,1996-09-24,14.973014000000001,15.020548000000002,14.830414000000001,14.973014000000001,9.138022,461900
4179,1996-09-25,14.925481,15.020548000000002,14.877948000000002,14.973014000000001,9.138022,405500
4180,1996-09-26,14.925481,14.973014000000001,14.782881,14.877948000000002,9.080010000000001,386100
4181,1996-09-27,14.877948000000002,14.877948000000002,14.782881,14.877948000000002,9.080010000000001,258500
4182,1996-09-30,14.877948000000002,15.115614,14.830414000000001,15.115614,9.225056,597200
4183,1996-10-01,15.115614,15.163148000000001,14.973014000000001,15.163148000000001,9.254066,164700
4184,1996-10-02,15.163148000000001,15.163148000000001,15.020548000000002,15.163148000000001,9.254066,293500
4185,1996-10-03,15.163148000000001,15.163148000000001,14.973014000000001,15.020548000000002,9.167036999999999,223600
4186,1996-10-04,14.973014000000001,15.163148000000001,14.973014000000001,15.163148000000001,9.254066,207400
4187,1996-10-07,15.163148000000001,15.733548,15.068081,15.733548,9.602182,1061600
4188,1996-10-08,15.733548,15.828615,15.638481,15.638481,9.544163000000001,694100
4189,1996-10-09,15.543415,15.686015,15.495880999999999,15.638481,9.544163000000001,1063600
4190,1996-10-10,15.590948000000001,15.828615,15.590948000000001,15.828615,9.660199,456200
4191,1996-10-11,15.733548,16.113815,15.733548,16.066282,9.805244,1099800
4192,1996-10-14,16.113815,16.303949,15.923681,15.971214999999999,9.747228999999999,586800
4193,1996-10-15,15.923681,16.066282,15.876148,16.066282,9.805244,433900
4194,1996-10-16,16.066282,16.113815,15.971214999999999,16.066282,9.805244,320400
4195,1996-10-17,15.971214999999999,16.161348,15.923681,16.161348,9.86327,615000
4196,1996-10-18,16.208880999999998,16.399015,16.113815,16.303949,9.950292999999999,598000
4197,1996-10-21,16.161348,16.446548,16.018749,16.256414000000003,9.921288,509500
4198,1996-10-22,16.256414000000003,16.256414000000003,15.923681,16.018749,9.776237,1064300
4199,1996-10-23,16.018749,16.303949,15.971214999999999,16.208880999999998,9.892274,458000
4200,1996-10-24,16.303949,16.303949,16.018749,16.018749,9.776237,432900
4201,1996-10-25,15.971214999999999,16.066282,15.876148,16.018749,9.776237,398100
4202,1996-10-28,16.161348,16.161348,15.876148,15.923681,9.718214,219100
4203,1996-10-29,15.923681,16.018749,15.781081,15.923681,9.718214,493200
4204,1996-10-30,15.971214999999999,15.971214999999999,15.828615,15.876148,9.689207000000001,235800
4205,1996-10-31,15.876148,16.161348,15.828615,16.161348,9.86327,870300
4206,1996-11-01,16.161348,16.256414000000003,16.113815,16.208880999999998,9.892274,469300
4207,1996-11-04,16.161348,16.208880999999998,16.018749,16.113815,9.834261,672600
4208,1996-11-05,16.018749,16.113815,16.018749,16.018749,9.776237,528500
4209,1996-11-06,16.113815,16.113815,15.971214999999999,16.066282,9.805244,222100
4210,1996-11-07,16.018749,16.161348,16.018749,16.113815,9.834261,172700
4211,1996-11-08,16.018749,16.066282,15.971214999999999,16.018749,9.776237,270600
4212,1996-11-11,16.018749,16.256414000000003,15.971214999999999,16.256414000000003,9.921288,320000
4213,1996-11-12,16.208880999999998,16.208880999999998,16.018749,16.208880999999998,9.892274,257300
4214,1996-11-13,16.303949,16.731749,16.113815,16.589149,10.124352,1293800
4215,1996-11-14,16.541616,16.636682999999998,16.446548,16.494081,10.066333,235600
4216,1996-11-15,16.589149,16.826817000000002,16.446548,16.779282000000002,10.240391,1340000
4217,1996-11-18,16.87435,17.064484,16.779282000000002,17.016949,10.385441,1639000
4218,1996-11-19,17.064484,17.207082999999997,16.921882999999998,17.016949,10.385441,1535600
4219,1996-11-20,17.016949,17.112017,16.921882999999998,16.969416,10.575771000000001,1435000
4220,1996-11-21,16.969416,16.969416,16.826817000000002,16.87435,10.581731,710000
4221,1996-11-22,16.87435,17.44475,16.826817000000002,17.349684,10.879802999999999,1153200
4222,1996-11-25,17.634884,17.634884,17.349684,17.587351,11.028843,646100
4223,1996-11-26,17.539816000000002,17.634884,17.44475,17.44475,10.939418,576800
4224,1996-11-27,17.492283,17.967617,17.44475,17.872551,11.207689,1251500
4225,1996-11-29,17.967617,18.30035,17.967617,18.252817,11.446156,800600
4226,1996-12-02,18.30035,18.490484,18.252817,18.442951,11.565385000000001,1065500
4227,1996-12-03,18.538017,18.58555,18.205284,18.252817,11.446156,733500
4228,1996-12-04,18.157751,18.205284,17.872551,17.967617,11.267303,1015400
4229,1996-12-05,17.967617,17.967617,17.825016,17.825016,11.177885,322100
4230,1996-12-06,17.587351,17.777483,17.44475,17.72995,11.118262,1156200
4231,1996-12-09,17.872551,18.01515,17.682417,17.682417,11.088457,1702800
4232,1996-12-10,17.587351,17.634884,17.207082999999997,17.349684,10.879802999999999,1163400
4233,1996-12-11,17.15955,17.15955,16.969416,17.112017,10.73077,744600
4234,1996-12-12,17.016949,17.064484,16.636682999999998,16.779282000000002,10.522112,777500
4235,1996-12-13,16.684216,16.826817000000002,16.589149,16.731749,10.492307,458400
4236,1996-12-16,16.731749,16.87435,16.589149,16.636682999999998,10.43269,705300
4237,1996-12-17,16.636682999999998,16.731749,16.541616,16.589149,10.402884,364800
4238,1996-12-18,16.636682999999998,16.684216,16.446548,16.541616,10.373076,733500
4239,1996-12-19,16.541616,16.684216,16.399015,16.636682999999998,10.43269,1819100
4240,1996-12-20,16.731749,16.731749,16.494081,16.636682999999998,10.43269,1686900
4241,1996-12-23,16.636682999999998,16.684216,16.541616,16.541616,10.373076,467800
4242,1996-12-24,16.636682999999998,16.636682999999998,16.541616,16.636682999999998,10.43269,146500
4243,1996-12-26,16.636682999999998,16.826817000000002,16.541616,16.826817000000002,10.551925,417900
4244,1996-12-27,16.921882999999998,16.969416,16.731749,16.826817000000002,10.551925,186400
4245,1996-12-30,16.826817000000002,16.826817000000002,16.589149,16.636682999999998,10.43269,684100
4246,1996-12-31,16.636682999999998,16.779282000000002,16.636682999999998,16.684216,10.462498,469300
4247,1997-01-02,16.684216,16.826817000000002,16.684216,16.684216,10.462498,471300
4248,1997-01-03,16.779282000000002,16.921882999999998,16.731749,16.731749,10.492307,501300
4249,1997-01-06,16.826817000000002,17.016949,16.731749,16.826817000000002,10.551925,359100
4250,1997-01-07,16.87435,17.016949,16.731749,16.969416,10.641345,623600
4251,1997-01-08,16.969416,16.969416,16.87435,16.969416,10.641345,515200
4252,1997-01-09,16.969416,17.15955,16.779282000000002,16.969416,10.641345,554500
4253,1997-01-10,16.921882999999998,17.064484,16.731749,17.064484,10.70096,490500
4254,1997-01-13,17.112017,17.112017,16.921882999999998,16.969416,10.641345,215200
4255,1997-01-14,16.969416,16.969416,16.731749,16.826817000000002,10.551925,643200
4256,1997-01-15,16.779282000000002,16.921882999999998,16.731749,16.826817000000002,10.551925,525900
4257,1997-01-16,16.921882999999998,17.016949,16.826817000000002,16.921882999999998,10.611539,939000
4258,1997-01-17,16.969416,17.016949,16.731749,16.826817000000002,10.551925,517300
4259,1997-01-20,16.826817000000002,16.826817000000002,16.636682999999998,16.684216,10.462498,938100
4260,1997-01-21,16.636682999999998,16.636682999999998,16.399015,16.589149,10.402884,582700
4261,1997-01-22,16.589149,16.636682999999998,16.303949,16.446548,10.313455000000001,1549700
4262,1997-01-23,16.494081,16.731749,16.446548,16.494081,10.343266,1355500
4263,1997-01-24,16.494081,16.589149,16.399015,16.494081,10.343266,531200
4264,1997-01-27,16.446548,16.541616,16.113815,16.161348,10.134616000000001,334100
4265,1997-01-28,16.303949,16.541616,16.256414000000003,16.351482,10.253846000000001,1227000
4266,1997-01-29,16.303949,16.351482,16.208880999999998,16.256414000000003,10.194228,273600
4267,1997-01-30,16.256414000000003,16.399015,16.208880999999998,16.351482,10.253846000000001,762600
4268,1997-01-31,16.351482,16.494081,16.303949,16.399015,10.283653999999999,1052400
4269,1997-02-03,16.446548,16.494081,16.256414000000003,16.256414000000003,10.194228,450000
4270,1997-02-04,16.208880999999998,16.303949,16.161348,16.208880999999998,10.164427,290600
4271,1997-02-05,16.208880999999998,16.303949,16.161348,16.256414000000003,10.194228,740300
4272,1997-02-06,16.303949,16.351482,16.161348,16.256414000000003,10.194228,476000
4273,1997-02-07,16.351482,16.446548,16.208880999999998,16.256414000000003,10.194228,578000
4274,1997-02-10,16.256414000000003,16.399015,16.161348,16.208880999999998,10.164427,753400
4275,1997-02-11,16.208880999999998,16.494081,16.066282,16.208880999999998,10.164427,558200
4276,1997-02-12,16.208880999999998,16.351482,16.113815,16.351482,10.253846000000001,503400
4277,1997-02-13,16.494081,16.636682999999998,16.351482,16.494081,10.343266,619100
4278,1997-02-14,16.399015,16.541616,16.399015,16.494081,10.343266,287700
4279,1997-02-18,16.494081,16.541616,16.256414000000003,16.256414000000003,10.194228,321700
4280,1997-02-19,16.303949,16.779282000000002,16.256414000000003,16.779282000000002,10.522112,1117200
4281,1997-02-20,16.636682999999998,16.684216,16.256414000000003,16.351482,10.31815,850900
4282,1997-02-21,16.351482,16.446548,16.303949,16.399015,10.348142,342100
4283,1997-02-24,16.399015,16.636682999999998,16.303949,16.589149,10.468119999999999,304900
4284,1997-02-25,16.541616,16.779282000000002,16.399015,16.541616,10.438127,385200
4285,1997-02-26,16.541616,16.541616,16.303949,16.399015,10.348142,168600
4286,1997-02-27,16.399015,16.399015,16.113815,16.113815,10.168175,526700
4287,1997-02-28,16.161348,16.303949,15.923681,16.018749,10.108187,699200
4288,1997-03-03,15.923681,15.923681,15.590948000000001,15.638481,9.86823,1129900
4289,1997-03-04,15.733548,15.828615,15.590948000000001,15.686015,9.898223,989500
4290,1997-03-05,15.781081,15.781081,15.638481,15.686015,9.898223,950000
4291,1997-03-06,15.733548,15.781081,15.590948000000001,15.590948000000001,9.838234,391000
4292,1997-03-07,15.638481,15.686015,15.495880999999999,15.543415,9.808241,537500
4293,1997-03-10,15.543415,15.733548,15.448348000000001,15.733548,9.928217,1100400
4294,1997-03-11,15.781081,15.828615,15.543415,15.638481,9.86823,1112900
4295,1997-03-12,15.686015,15.686015,15.400814000000002,15.448348000000001,9.74825,488700
4296,1997-03-13,15.400814000000002,15.448348000000001,15.210681,15.353280999999999,9.688266,812400
4297,1997-03-14,15.258214,15.448348000000001,15.258214,15.400814000000002,9.718257000000001,261000
4298,1997-03-17,15.400814000000002,15.448348000000001,15.163148000000001,15.400814000000002,9.718257000000001,352500
4299,1997-03-18,15.400814000000002,15.400814000000002,15.068081,15.068081,9.508293,272600
4300,1997-03-19,15.115614,15.353280999999999,14.925481,15.353280999999999,9.688266,751700
4301,1997-03-20,15.353280999999999,15.400814000000002,15.115614,15.258214,9.628271,288800
4302,1997-03-21,15.400814000000002,15.495880999999999,15.258214,15.258214,9.628271,946700
4303,1997-03-24,15.258214,15.400814000000002,15.210681,15.400814000000002,9.718257000000001,403000
4304,1997-03-25,15.448348000000001,15.686015,15.448348000000001,15.495880999999999,9.778246000000001,810200
4305,1997-03-26,15.590948000000001,15.923681,15.543415,15.733548,9.928217,378900
4306,1997-03-27,15.828615,15.923681,15.258214,15.353280999999999,9.688266,472100
4307,1997-03-31,15.353280999999999,15.543415,15.258214,15.305748000000001,9.658267,936300
4308,1997-04-01,15.305748000000001,15.543415,15.258214,15.543415,9.808241,1559700
4309,1997-04-02,15.543415,15.828615,15.495880999999999,15.733548,9.928217,1095700
4310,1997-04-03,15.733548,15.923681,15.590948000000001,15.876148,10.018202,1249700
4311,1997-04-04,15.781081,16.303949,15.733548,16.303949,10.288155999999999,1233900
4312,1997-04-07,16.256414000000003,16.684216,16.256414000000003,16.541616,10.438127,1109000
4313,1997-04-08,16.541616,16.731749,16.446548,16.636682999999998,10.498114999999999,586200
4314,1997-04-09,16.636682999999998,16.684216,16.494081,16.541616,10.438127,381000
4315,1997-04-10,16.541616,16.589149,16.446548,16.589149,10.468119999999999,599700
4316,1997-04-11,16.589149,16.589149,16.351482,16.494081,10.408127,677100
4317,1997-04-14,16.494081,16.684216,16.399015,16.636682999999998,10.498114999999999,1264400
4318,1997-04-15,16.684216,16.684216,16.636682999999998,16.636682999999998,10.498114999999999,252800
4319,1997-04-16,16.636682999999998,16.969416,16.636682999999998,16.826817000000002,10.618098,1166300
4320,1997-04-17,16.826817000000002,16.87435,16.589149,16.684216,10.528113000000001,1987300
4321,1997-04-18,16.731749,16.731749,16.589149,16.731749,10.558103,559600
4322,1997-04-21,16.731749,16.921882999999998,16.731749,16.826817000000002,10.618098,952500
4323,1997-04-22,16.921882999999998,16.921882999999998,16.779282000000002,16.826817000000002,10.618098,483800
4324,1997-04-23,16.87435,17.016949,16.826817000000002,16.969416,10.708077000000001,335400
4325,1997-04-24,17.016949,17.016949,16.589149,16.826817000000002,10.618098,391400
4326,1997-04-25,16.731749,16.826817000000002,16.636682999999998,16.826817000000002,10.618098,722700
4327,1997-04-28,16.826817000000002,16.921882999999998,16.779282000000002,16.87435,10.648092,614400
4328,1997-04-29,17.016949,17.016949,16.826817000000002,16.921882999999998,10.678086,561800
4329,1997-04-30,16.826817000000002,17.15955,16.826817000000002,16.969416,10.708077000000001,673900
4330,1997-05-01,16.969416,17.016949,16.826817000000002,16.969416,10.708077000000001,504600
4331,1997-05-02,16.921882999999998,17.254616,16.826817000000002,17.254616,10.888045,387700
4332,1997-05-05,17.254616,17.397217,17.064484,17.349684,10.948039999999999,369300
4333,1997-05-06,17.397217,17.587351,17.302149,17.44475,11.008025,461100
4334,1997-05-07,17.397217,17.492283,17.064484,17.112017,10.798062,501300
4335,1997-05-08,17.064484,17.254616,16.921882999999998,17.112017,10.798062,864400
4336,1997-05-09,17.112017,17.397217,17.112017,17.397217,10.978035,329400
4337,1997-05-12,17.44475,17.587351,17.254616,17.397217,10.978035,354800
4338,1997-05-13,17.349684,17.492283,17.15955,17.207082999999997,10.858049000000001,504200
4339,1997-05-14,17.254616,17.349684,17.207082999999997,17.302149,10.918037,914200
4340,1997-05-15,17.587351,18.01515,17.44475,17.682417,11.157997,1881200
4341,1997-05-16,17.539816000000002,17.634884,17.302149,17.397217,10.978035,712300
4342,1997-05-19,17.349684,17.634884,17.349684,17.539816000000002,11.068017,556300
4343,1997-05-20,17.44475,17.539816000000002,17.397217,17.492283,11.038021,527100
4344,1997-05-21,17.872551,17.920084,17.72995,17.825016,11.247981,1014800
4345,1997-05-22,17.872551,17.967617,17.777483,17.920084,11.307971,505400
4346,1997-05-23,17.920084,18.110216,17.920084,18.110216,11.427949,442100
4347,1997-05-27,18.01515,18.01515,17.777483,17.872551,11.343474,325200
4348,1997-05-28,17.825016,17.825016,17.587351,17.682417,11.222798,427600
4349,1997-05-29,17.72995,17.872551,17.682417,17.872551,11.343474,364200
4350,1997-05-30,17.777483,18.205284,17.72995,18.205284,11.554656,576400
4351,1997-06-02,18.110216,18.110216,17.920084,18.110216,11.494319,295300
4352,1997-06-03,18.01515,18.347883,17.967617,18.110216,11.494319,358300
4353,1997-06-04,18.062683,18.205284,17.872551,18.110216,11.494319,867600
4354,1997-06-05,18.062683,18.062683,17.872551,17.967617,11.403808,652800
4355,1997-06-06,17.920084,18.205284,17.920084,18.205284,11.554656,375000
4356,1997-06-09,18.157751,18.252817,17.967617,18.110216,11.494319,298400
4357,1997-06-10,18.062683,18.062683,17.825016,17.872551,11.343474,976400
4358,1997-06-11,17.72995,17.825016,17.587351,17.634884,11.192632000000001,1937300
4359,1997-06-12,17.72995,17.872551,17.72995,17.872551,11.343474,1013200
4360,1997-06-13,17.920084,18.110216,17.920084,18.062683,11.464151,546700
4361,1997-06-16,18.062683,18.205284,18.01515,18.205284,11.554656,578400
4362,1997-06-17,18.252817,18.252817,17.920084,17.920084,11.373642,473700
4363,1997-06-18,17.825016,18.01515,17.825016,17.872551,11.343474,419600
4364,1997-06-19,17.920084,18.062683,17.825016,18.062683,11.464151,540800
4365,1997-06-20,18.062683,18.062683,17.967617,18.01515,11.433975,1049100
4366,1997-06-23,17.967617,18.01515,17.920084,17.967617,11.403808,1008900
4367,1997-06-24,17.872551,17.967617,17.634884,17.777483,11.283139,639100
4368,1997-06-25,17.825016,17.825016,17.587351,17.611116,11.177544000000001,737600
4369,1997-06-26,17.658649,17.777483,17.587351,17.682417,11.222798,716800
4370,1997-06-27,17.682417,17.825016,17.634884,17.706182000000002,11.237884,1121100
4371,1997-06-30,17.611116,17.848782999999997,17.611116,17.634884,11.192632000000001,1320400
4372,1997-07-01,17.682417,18.01515,17.682417,17.991385,11.418898,1522700
4373,1997-07-02,17.991385,18.442951,17.967617,18.371651,11.660243,1188100
4374,1997-07-03,18.490484,18.609318,18.347883,18.419184,11.690413000000001,524200
4375,1997-07-07,18.514252,18.538017,18.395418,18.419184,11.690413000000001,652400
4376,1997-07-08,18.466717000000003,18.680618,18.395418,18.58555,11.796007000000001,1011900
4377,1997-07-09,18.633083,18.680618,18.395418,18.490484,11.735669,754800
4378,1997-07-10,18.490484,18.58555,18.347883,18.490484,11.735669,422200
4379,1997-07-11,18.633083,18.823217,18.561785,18.775684,11.916681,535900
4380,1997-07-14,18.775684,18.799452,18.419184,18.490484,11.735669,262600
4381,1997-07-15,18.680618,18.680618,18.419184,18.442951,11.705503,489300
4382,1997-07-16,18.442951,18.514252,18.347883,18.442951,11.705503,567600
4383,1997-07-17,18.538017,18.846985,18.490484,18.490484,11.735669,780300
4384,1997-07-18,18.490484,18.561785,18.157751,18.181517000000003,11.539567,532400
4385,1997-07-21,18.609318,18.751917000000002,18.466717000000003,18.751917000000002,11.901595,535100
4386,1997-07-22,18.846985,18.846985,18.442951,18.751917000000002,11.901595,421800
4387,1997-07-23,18.894517999999998,18.965818,18.799452,18.799452,11.931763,547500
4388,1997-07-24,18.775684,18.989584,18.633083,18.87075,11.977022,463300
4389,1997-07-25,18.728151,18.942051,18.704384,18.942051,12.022274000000001,348000
4390,1997-07-28,18.942051,18.989584,18.87075,18.989584,12.052439999999999,476800
4391,1997-07-29,19.013351,19.773885999999997,19.013351,19.773885999999997,12.550224,1333000
4392,1997-07-30,19.773885999999997,20.130385999999998,19.726353,20.035318,12.716153,833100
4393,1997-07-31,20.035318,20.201685,19.821419,20.201685,12.821745,460100
4394,1997-08-01,20.106619,20.130385999999998,19.797651000000002,20.035318,12.716153,675900
4395,1997-08-04,19.96402,20.177919,19.773885999999997,20.106619,12.761412,500700
4396,1997-08-05,20.011553,20.225452,19.987785000000002,20.082851,12.746324000000001,411000
4397,1997-08-06,20.106619,20.486885,20.106619,20.320518,12.897165,531600
4398,1997-08-07,20.225452,20.415585999999998,20.011553,20.082851,12.746324000000001,429800
4399,1997-08-08,19.940251999999997,19.940251999999997,19.488685999999998,19.583752,12.429552000000001,587000
4400,1997-08-11,19.464918,19.607519,19.322319,19.488685999999998,12.369212,1128600
4401,1997-08-12,19.631285000000002,19.821419,19.298551999999997,19.346085000000002,12.278704,1025600
4402,1997-08-13,19.393618,19.441153,19.132185,19.346085000000002,12.278704,572900
4403,1997-08-14,19.393618,19.583752,19.393618,19.536219,12.399382000000001,766700
4404,1997-08-15,19.464918,19.536219,19.179717999999998,19.203485,12.188201,485400
4405,1997-08-18,19.108418,19.179717999999998,18.894517999999998,19.179717999999998,12.173114,559800
4406,1997-08-19,19.179717999999998,19.464918,19.179717999999998,19.464918,12.354128999999999,487900
4407,1997-08-20,19.512451000000002,19.559984,19.346085000000002,19.559984,12.414468,387700
4408,1997-08-21,19.559984,19.631285000000002,19.298551999999997,19.346085000000002,12.278704,354000
4409,1997-08-22,19.155951,19.251019,19.013351,19.251019,12.284775,203900
4410,1997-08-25,19.298551999999997,19.417385,19.227251000000003,19.346085000000002,12.345432,420200
4411,1997-08-26,19.369851999999998,19.393618,19.060883999999998,19.084652,12.178609,252400
4412,1997-08-27,19.108418,19.417385,19.108418,19.369851999999998,12.360602,454500
4413,1997-08-28,19.298551999999997,19.298551999999997,19.060883999999998,19.108418,12.193775,356200
4414,1997-08-29,19.298551999999997,19.322319,19.013351,19.060883999999998,12.163441,287100
4415,1997-09-02,18.965818,19.631285000000002,18.965818,19.441153,12.406099000000001,638100
4416,1997-09-03,19.464918,19.702585,19.441153,19.583752,12.4971,396300
4417,1997-09-04,19.607519,19.916485,19.607519,19.797651000000002,12.6336,465400
4418,1997-09-05,20.106619,20.201685,19.797651000000002,19.821419,12.648773,879500
4419,1997-09-08,19.916485,20.035318,19.845185999999998,19.940251999999997,12.724598,427600
4420,1997-09-09,19.940251999999997,20.296753,19.916485,19.96402,12.739766,486400
4421,1997-09-10,20.059085999999997,20.225452,19.987785000000002,20.035318,12.785260000000001,930800
4422,1997-09-11,19.987785000000002,19.987785000000002,19.702585,19.892719,12.694264,574700
4423,1997-09-12,19.750118,20.059085999999997,19.726353,19.96402,12.739766,709200
4424,1997-09-15,19.96402,20.082851,19.750118,19.845185999999998,12.663932,565300
4425,1997-09-16,19.96402,20.439352,19.96402,20.439352,13.043091,1097600
4426,1997-09-17,20.391819,20.391819,19.940251999999997,19.96402,12.739766,863700
4427,1997-09-18,19.845185999999998,20.344286,19.797651000000002,20.296753,12.952096000000001,1689100
4428,1997-09-19,20.106619,20.24922,20.059085999999997,20.106619,12.830765,571900
4429,1997-09-22,20.106619,20.106619,19.892719,19.96402,12.739766,320900
4430,1997-09-23,19.821419,19.916485,19.536219,19.726353,12.5881,431600
4431,1997-09-24,19.845185999999998,20.177919,19.773885999999997,19.797651000000002,12.6336,481500
4432,1997-09-25,20.320518,20.368053,20.082851,20.272985000000002,12.936926,663600
4433,1997-09-26,20.24922,20.320518,20.082851,20.272985000000002,12.936926,598600
4434,1997-09-29,20.272985000000002,20.890921,20.272985000000002,20.700787,13.209923000000002,647500
4435,1997-09-30,20.605719,20.677019,20.46312,20.677019,13.194753,565500
4436,1997-10-01,20.605719,20.867153,20.46312,20.867153,13.316089000000002,902200
4437,1997-10-02,20.81962,20.890921,20.677019,20.81962,13.285756,297400
4438,1997-10-03,20.890921,20.914686,20.486885,20.605719,13.149261,442700
4439,1997-10-06,20.486885,20.605719,20.368053,20.415585999999998,13.027934,613200
4440,1997-10-07,20.46312,20.605719,20.320518,20.53442,13.103759,573900
4441,1997-10-08,20.581953,20.605719,20.24922,20.24922,12.92176,900300
4442,1997-10-09,20.368053,20.510653,20.201685,20.415585999999998,13.027934,642000
4443,1997-10-10,20.344286,20.46312,20.201685,20.296753,12.952096000000001,311700
4444,1997-10-13,20.439352,20.439352,19.940251999999997,19.940251999999997,12.724598,202300
4445,1997-10-14,20.082851,20.154152,19.868952,20.130385999999998,12.845930000000001,502600
4446,1997-10-15,20.035318,20.225452,19.892719,20.106619,12.830765,440600
4447,1997-10-16,19.892719,20.391819,19.892719,19.96402,12.739766,846800
4448,1997-10-17,19.96402,20.082851,19.845185999999998,20.011553,12.770097999999999,675900
4449,1997-10-20,19.916485,19.916485,19.155951,19.203485,12.254438,2374100
4450,1997-10-21,19.203485,19.417385,19.037119,19.251019,12.284775,1961200
4451,1997-10-22,19.322319,19.393618,18.942051,19.132185,12.208934,620100
4452,1997-10-23,18.989584,18.989584,18.442951,18.609318,11.875278999999999,587800
4453,1997-10-24,18.609318,18.609318,18.062683,18.205284,11.61745,654400
4454,1997-10-27,18.110216,18.252817,17.658649,17.896317,11.420287,961000
4455,1997-10-28,17.682417,17.682417,16.779282000000002,17.349684,11.071465,1707300
4456,1997-10-29,17.420982000000002,17.575466,17.23085,17.539816000000002,11.192795,1254800
4457,1997-10-30,17.492283,17.94385,17.373449,17.634884,11.253459,1100400
4458,1997-10-31,17.777483,18.324118,17.777483,18.133983999999998,11.571951,842900
4459,1997-11-03,18.680618,18.775684,18.30035,18.609318,11.875278999999999,1315100
4460,1997-11-04,18.609318,18.633083,18.252817,18.395418,11.738787,423700
4461,1997-11-05,18.419184,18.419184,18.038918,18.086451,11.54162,309200
4462,1997-11-06,18.01515,18.22905,17.777483,18.038918,11.511289999999999,511000
4463,1997-11-07,17.94385,18.038918,17.706182000000002,17.896317,11.420287,729900
4464,1997-11-10,17.991385,18.205284,17.825016,17.872551,11.405123,209700
4465,1997-11-11,17.872551,17.872551,17.539816000000002,17.611116,11.238288,916500
4466,1997-11-12,17.492283,17.539816000000002,17.349684,17.397217,11.101799,998400
4467,1997-11-13,17.397217,17.468517000000002,17.064484,17.135782,10.934959,612900
4468,1997-11-14,17.183315,17.587351,17.183315,17.539816000000002,11.192795,1141500
4469,1997-11-17,17.777483,17.991385,17.72995,17.896317,11.420287,615000
4470,1997-11-18,18.110216,18.276585,18.038918,18.086451,11.54162,606000
4471,1997-11-19,18.062683,18.062683,17.682417,17.682417,11.283792,660200
4472,1997-11-20,17.658649,18.062683,17.51605,18.01515,11.564511999999999,323900
4473,1997-11-21,18.01515,18.086451,17.706182000000002,17.753717,11.396687,222300
4474,1997-11-24,17.706182000000002,18.181517000000003,17.658649,17.94385,11.518744,631300
4475,1997-11-25,18.01515,18.157751,17.706182000000002,17.848782999999997,11.457711999999999,1703600
4476,1997-11-26,17.825016,17.896317,17.563582999999998,17.611116,11.305146,557100
4477,1997-11-28,17.587351,17.872551,17.539816000000002,17.753717,11.396687,177400
4478,1997-12-01,17.777483,17.777483,17.44475,17.51605,11.244123,569400
4479,1997-12-02,17.51605,18.01515,17.44475,17.634884,11.320406,881100
4480,1997-12-03,17.658649,17.848782999999997,17.539816000000002,17.777483,11.411944,601500
4481,1997-12-04,17.920084,17.920084,17.468517000000002,17.492283,11.228864,309200
4482,1997-12-05,17.539816000000002,18.086451,17.539816000000002,17.94385,11.518744,795900
4483,1997-12-08,17.991385,18.157751,17.825016,17.991385,11.549253,449600
4484,1997-12-09,18.038918,18.038918,17.80125,17.991385,11.549253,796500
4485,1997-12-10,17.896317,18.157751,17.896317,18.110216,11.625537,638100
4486,1997-12-11,18.157751,18.205284,17.94385,17.967617,11.533998,893200
4487,1997-12-12,17.967617,18.181517000000003,17.896317,18.110216,11.625537,628500
4488,1997-12-15,18.252817,19.108418,18.252817,18.918285,12.144259,1369600
4489,1997-12-16,18.87075,19.251019,18.419184,18.538017,11.900155,1053200
4490,1997-12-17,18.490484,18.989584,18.466717000000003,18.87075,12.11375,1348400
4491,1997-12-18,18.846985,19.251019,18.823217,19.251019,12.357856,1522100
4492,1997-12-19,19.155951,19.179717999999998,18.58555,19.084652,12.251059,1671900
4493,1997-12-22,19.132185,19.726353,19.108418,19.678818,12.63247,1490000
4494,1997-12-23,19.678818,19.916485,19.346085000000002,19.773885999999997,12.693495,1267400
4495,1997-12-24,19.773885999999997,19.773885999999997,19.274784,19.393618,12.449397,385400
4496,1997-12-26,19.464918,19.512451000000002,19.274784,19.441153,12.479901,253400
4497,1997-12-29,19.583752,19.583752,19.393618,19.536219,12.540931,944900
4498,1997-12-30,19.583752,20.296753,19.583752,20.296753,13.02915,1360800
4499,1997-12-31,20.24922,20.510653,20.154152,20.415585999999998,13.105438000000001,238500
4500,1998-01-02,20.510653,20.53442,19.96402,20.201685,12.968116,486200
4501,1998-01-05,20.225452,20.53442,20.106619,20.510653,13.166457000000001,853300
4502,1998-01-06,20.510653,20.53442,19.845185999999998,19.868952,12.754531,490900
4503,1998-01-07,19.821419,20.201685,19.821419,20.130385999999998,12.92235,545900
4504,1998-01-08,20.177919,20.272985000000002,19.940251999999997,20.130385999999998,12.92235,255200
4505,1998-01-09,20.154152,20.154152,19.298551999999997,19.583752,12.571446,823100
4506,1998-01-12,19.251019,19.274784,18.823217,19.274784,12.373111999999999,614200
4507,1998-01-13,19.346085000000002,19.393618,18.894517999999998,19.393618,12.449397,475800
4508,1998-01-14,19.559984,19.96402,19.488685999999998,19.96402,12.815558,382600
4509,1998-01-15,19.96402,19.987785000000002,19.583752,19.702585,12.647729,362800
4510,1998-01-16,19.750118,19.750118,19.393618,19.702585,12.647729,851700
4511,1998-01-20,19.536219,20.035318,19.536219,20.035318,12.861322,504200
4512,1998-01-21,20.130385999999998,20.296753,19.845185999999998,19.987785000000002,12.830811,387100
4513,1998-01-22,19.892719,20.130385999999998,19.892719,20.059085999999997,12.876575,495400
4514,1998-01-23,20.154152,20.24922,19.797651000000002,20.059085999999997,12.876575,367500
4515,1998-01-26,20.154152,20.46312,20.130385999999998,20.344286,13.059654,368900
4516,1998-01-27,20.272985000000002,20.700787,20.225452,20.510653,13.166457000000001,463700
4517,1998-01-28,20.510653,20.53442,20.391819,20.510653,13.166457000000001,476200
4518,1998-01-29,20.53442,20.53442,20.225452,20.272985000000002,13.013889,1131700
4519,1998-01-30,20.272985000000002,20.272985000000002,19.96402,20.059085999999997,12.876575,580400
4520,1998-02-02,20.154152,20.581953,20.154152,20.510653,13.166457000000001,758500
4521,1998-02-03,20.415585999999998,20.486885,20.154152,20.391819,13.090169,718200
4522,1998-02-04,20.391819,20.510653,20.154152,20.391819,13.090169,388700
4523,1998-02-05,20.486885,20.510653,20.24922,20.296753,13.02915,831400
4524,1998-02-06,20.368053,20.391819,20.177919,20.24922,12.998627,494400
4525,1998-02-09,20.391819,20.510653,20.344286,20.439352,13.120682,705500
4526,1998-02-10,20.486885,20.74832,20.439352,20.724552,13.303768,884400
4527,1998-02-11,20.629486,20.653254,20.272985000000002,20.53442,13.181714000000001,685100
4528,1998-02-12,20.914686,20.938454,20.320518,20.415585999999998,13.105438000000001,878100
4529,1998-02-13,20.344286,20.53442,20.296753,20.46312,13.13594,554700
4530,1998-02-17,20.510653,20.700787,20.415585999999998,20.558186,13.19697,916500
4531,1998-02-18,20.605719,20.772087,20.558186,20.724552,13.303768,890900
4532,1998-02-19,20.700787,20.81962,20.581953,20.700787,13.288507000000001,1627400
4533,1998-02-20,20.653254,20.724552,20.581953,20.700787,13.355972,540800
4534,1998-02-23,20.843386,20.843386,20.724552,20.772087,13.401976999999999,530600
4535,1998-02-24,20.724552,20.795853,20.53442,20.74832,13.386645999999999,343100
4536,1998-02-25,20.843386,20.843386,20.629486,20.629486,13.309972,138900
4537,1998-02-26,20.629486,20.914686,20.53442,20.867153,13.463312,618900
4538,1998-02-27,20.867153,21.294954,20.795853,21.176121,13.662660999999998,584300
4539,1998-03-02,21.10482,21.580154,21.10482,21.39002,13.800667,390400
4540,1998-03-03,21.152353,21.556387,21.152353,21.556387,13.907994,506700
4541,1998-03-04,21.556387,21.67522,21.39002,21.556387,13.907994,524400
4542,1998-03-05,21.485086,21.794054,21.437553,21.461320999999998,13.846667000000002,389300
4543,1998-03-06,21.532619,21.580154,21.294954,21.318720000000003,13.754660999999999,278300
4544,1998-03-09,21.223654,21.294954,21.057287,21.199886,13.677992999999999,430600
4545,1998-03-10,21.294954,21.580154,21.271187,21.413785999999998,13.815995000000001,805300
4546,1998-03-11,21.342487,21.437553,21.009752,21.437553,13.831326,839600
4547,1998-03-12,21.437553,21.461320999999998,21.223654,21.342487,13.769995000000002,392400
4548,1998-03-13,21.342487,21.580154,21.342487,21.580154,13.923339000000002,463100
4549,1998-03-16,21.627686999999998,21.841587,21.532619,21.794054,14.061335,793600
4550,1998-03-17,21.817822,21.817822,21.271187,21.342487,13.769995000000002,847400
4551,1998-03-18,21.271187,21.461320999999998,21.223654,21.461320999999998,13.846667000000002,1011900
4552,1998-03-19,21.461320999999998,21.532619,21.294954,21.532619,13.892667000000001,797500
4553,1998-03-20,21.532619,21.651453,21.342487,21.532619,13.892667000000001,1054000
4554,1998-03-23,21.67522,22.031720999999997,21.651453,21.698988,14.000012,1378800
4555,1998-03-24,21.722754000000002,21.770287,21.39002,21.39002,13.800667,719800
4556,1998-03-25,21.342487,21.722754000000002,21.342487,21.603920000000002,13.938669,894400
4557,1998-03-26,21.698988,21.746520999999998,21.532619,21.698988,14.000012,466800
4558,1998-03-27,21.794054,21.841587,21.342487,21.437553,13.831326,362400
4559,1998-03-30,21.366253,21.556387,21.366253,21.556387,13.907994,238900
4560,1998-03-31,21.698988,21.865354999999997,21.413785999999998,21.532619,13.892667000000001,593700
4561,1998-04-01,21.603920000000002,21.603920000000002,21.199886,21.342487,13.769995000000002,822700
4562,1998-04-02,21.366253,21.413785999999998,20.81962,20.914686,13.493984,1015400
4563,1998-04-03,20.914686,20.962219,20.653254,20.677019,13.340641,824300
4564,1998-04-06,20.724552,20.914686,20.581953,20.74832,13.386645999999999,479300
4565,1998-04-07,20.700787,20.724552,20.082851,20.296753,13.095298,808600
4566,1998-04-08,20.201685,20.344286,20.059085999999997,20.082851,12.957291,951600
4567,1998-04-09,20.082851,20.391819,20.059085999999997,20.177919,13.018623,1317700
4568,1998-04-13,20.272985000000002,20.415585999999998,20.130385999999998,20.296753,13.095298,777700
4569,1998-04-14,20.24922,20.24922,19.797651000000002,19.987785000000002,12.895955,470300
4570,1998-04-15,20.011553,20.391819,19.821419,20.24922,13.064625999999999,603300
4571,1998-04-16,20.272985000000002,20.700787,20.225452,20.581953,13.279307000000001,747800
4572,1998-04-17,20.653254,21.081053,20.558186,20.938454,13.509314999999999,590100
4573,1998-04-20,20.74832,20.914686,20.605719,20.843386,13.447982999999999,313700
4574,1998-04-21,20.843386,21.081053,20.843386,20.938454,13.509314999999999,372800
4575,1998-04-22,21.009752,21.081053,20.914686,20.985986999999998,13.539982,466400
4576,1998-04-23,20.962219,20.985986999999998,20.53442,20.629486,13.309972,332100
4577,1998-04-24,20.724552,20.724552,20.154152,20.225452,13.049292,245000
4578,1998-04-27,20.082851,20.154152,19.868952,19.96402,12.880623,231500
4579,1998-04-28,20.059085999999997,20.082851,19.607519,19.607519,12.65061,425700
4580,1998-04-29,19.678818,19.868952,19.655051999999998,19.773885999999997,12.757941,708400
4581,1998-04-30,19.868952,20.225452,19.821419,20.106619,12.972624,502000
4582,1998-05-01,20.177919,20.201685,19.916485,20.035318,12.92662,604800
4583,1998-05-04,19.987785000000002,20.130385999999998,19.892719,19.96402,12.880623,411200
4584,1998-05-05,20.106619,20.24922,19.999668,20.201685,13.033957000000001,501300
4585,1998-05-06,20.201685,20.653254,20.201685,20.581953,13.279307000000001,877200
4586,1998-05-07,20.605719,20.653254,20.53442,20.581953,13.279307000000001,1268300
4587,1998-05-08,20.653254,20.724552,20.581953,20.629486,13.309972,363200
4588,1998-05-11,20.605719,20.724552,20.605719,20.677019,13.340641,742300
4589,1998-05-12,20.677019,20.724552,20.53442,20.700787,13.355972,1177100
4590,1998-05-13,20.653254,20.795853,20.53442,20.629486,13.309972,303100
4591,1998-05-14,20.581953,20.653254,20.391819,20.53442,13.248639,207400
4592,1998-05-15,20.510653,20.510653,20.130385999999998,20.201685,13.033957000000001,257300
4593,1998-05-18,20.177919,20.272985000000002,19.821419,19.845185999999998,12.803946,472500
4594,1998-05-19,19.868952,19.892719,19.726353,19.797651000000002,12.773280999999999,487200
4595,1998-05-20,19.868952,19.892719,19.607519,19.678818,12.696607,712700
4596,1998-05-21,19.726353,19.773885999999997,19.322319,19.369851999999998,12.497264,472300
4597,1998-05-22,19.132185,19.227251000000003,19.013351,19.179717999999998,12.374591,797900
4598,1998-05-26,19.179717999999998,19.179717999999998,18.395418,18.442951,11.899239999999999,1069000
4599,1998-05-27,18.395418,18.87075,18.395418,18.751917000000002,12.098578,717200
4600,1998-05-28,18.728151,18.775684,18.252817,18.276585,11.858029,519500
4601,1998-05-29,18.680618,19.179717999999998,18.680618,18.965818,12.305211,700200
4602,1998-06-01,18.87075,18.965818,18.704384,18.942051,12.289786,461100
4603,1998-06-02,18.942051,19.037119,18.680618,18.751917000000002,12.166424000000001,368100
4604,1998-06-03,18.751917000000002,18.942051,18.704384,18.846985,12.228099,626400
4605,1998-06-04,18.965818,19.227251000000003,18.846985,19.084652,12.382305,1391700
4606,1998-06-05,19.084652,19.417385,19.084652,19.417385,12.598188,349900
4607,1998-06-08,19.536219,19.655051999999998,19.322319,19.369851999999998,12.567346,816300
4608,1998-06-09,19.393618,19.393618,19.060883999999998,19.108418,12.397729,648900
4609,1998-06-10,19.037119,19.251019,18.87075,19.060883999999998,12.366889,739700
4610,1998-06-11,19.155951,19.179717999999998,18.633083,18.704384,12.135584,788500
4611,1998-06-12,18.656851,18.728151,18.252817,18.728151,12.151003999999999,396300
4612,1998-06-15,18.58555,18.633083,18.252817,18.419184,11.950541000000001,751700
4613,1998-06-16,18.514252,18.846985,18.442951,18.728151,12.151003999999999,919300
4614,1998-06-17,18.894517999999998,18.989584,18.609318,18.704384,12.135584,945500
4615,1998-06-18,18.775684,18.87075,18.728151,18.775684,12.181849,285500
4616,1998-06-19,18.965818,18.965818,18.799452,18.918285,12.274364,580900
4617,1998-06-22,18.918285,19.179717999999998,18.918285,19.037119,12.351471,336200
4618,1998-06-23,19.132185,19.322319,19.013351,19.251019,12.490250999999999,748500
4619,1998-06-24,19.298551999999997,19.464918,19.227251000000003,19.393618,12.582769,528100
4620,1998-06-25,19.393618,19.464918,19.274784,19.322319,12.536512,595800
4621,1998-06-26,19.393618,19.607519,19.369851999999998,19.607519,12.721552,1201600
4622,1998-06-29,19.750118,19.845185999999998,19.536219,19.559984,12.690709,747800
4623,1998-06-30,19.655051999999998,19.726353,19.536219,19.631285000000002,12.736965,438400
4624,1998-07-01,19.607519,19.655051999999998,19.512451000000002,19.631285000000002,12.736965,661000
4625,1998-07-02,19.631285000000002,19.845185999999998,19.607519,19.678818,12.767806,524400
4626,1998-07-06,19.702585,19.868952,19.631285000000002,19.773885999999997,12.829487,440800
4627,1998-07-07,20.011553,20.035318,19.559984,19.583752,12.706128,854300
4628,1998-07-08,19.583752,20.035318,19.583752,19.987785000000002,12.968271000000001,724300
4629,1998-07-09,19.987785000000002,20.106619,19.797651000000002,20.106619,13.045372,661000
4630,1998-07-10,20.106619,20.486885,20.011553,20.486885,13.292086,577400
4631,1998-07-13,20.486885,20.558186,20.320518,20.320518,13.184149,830200
4632,1998-07-14,20.320518,21.413785999999998,20.320518,21.413785999999998,13.893471,1272300
4633,1998-07-15,21.271187,21.271187,20.890921,21.128586,13.708433,653200
4634,1998-07-16,21.033520000000003,21.152353,20.890921,21.057287,13.66218,402400
4635,1998-07-17,21.009752,21.294954,20.938454,21.057287,13.66218,367700
4636,1998-07-20,20.985986999999998,21.366253,20.74832,20.81962,13.507976999999999,443300
4637,1998-07-21,20.724552,20.772087,20.415585999999998,20.486885,13.292086,337600
4638,1998-07-22,20.391819,20.391819,20.011553,20.320518,13.184149,520100
4639,1998-07-23,20.415585999999998,20.74832,20.130385999999998,20.130385999999998,13.060792,782400
4640,1998-07-24,20.320518,20.46312,19.892719,20.059085999999997,13.014528,554900
4641,1998-07-27,19.916485,19.987785000000002,19.583752,19.773885999999997,12.829487,712300
4642,1998-07-28,19.773885999999997,19.916485,19.631285000000002,19.821419,12.860336,423700
4643,1998-07-29,19.868952,20.082851,19.797651000000002,20.059085999999997,13.014528,732100
4644,1998-07-30,20.059085999999997,20.344286,20.059085999999997,20.24922,13.137889999999999,259700
4645,1998-07-31,20.177919,20.177919,19.607519,19.726353,12.798651,246000
4646,1998-08-03,19.583752,19.892719,19.488685999999998,19.655051999999998,12.75239,469300
4647,1998-08-04,19.655051999999998,19.868952,19.203485,19.227251000000003,12.474831,832700
4648,1998-08-05,19.251019,19.298551999999997,18.490484,18.894517999999998,12.258944,535300
4649,1998-08-06,18.846985,18.965818,18.395418,18.942051,12.289786,417500
4650,1998-08-07,19.037119,19.441153,18.846985,19.108418,12.397729,829200
4651,1998-08-10,19.179717999999998,19.179717999999998,18.965818,19.084652,12.382305,633800
4652,1998-08-11,19.037119,19.155951,18.918285,19.060883999999998,12.366889,692500
4653,1998-08-12,19.037119,19.464918,19.013351,19.393618,12.582769,681600
4654,1998-08-13,19.441153,19.512451000000002,19.298551999999997,19.488685999999998,12.644445,421400
4655,1998-08-14,19.488685999999998,19.512451000000002,19.274784,19.441153,12.613603999999999,696300
4656,1998-08-17,19.441153,19.750118,19.393618,19.702585,12.783228,876200
4657,1998-08-18,19.821419,20.344286,19.773885999999997,20.296753,13.168735999999999,742500
4658,1998-08-19,20.867153,20.867153,20.035318,20.320518,13.184149,1084300
4659,1998-08-20,20.154152,20.225452,20.011553,20.130385999999998,13.060792,394900
4660,1998-08-21,19.916485,20.154152,19.512451000000002,20.035318,13.066989,414700
4661,1998-08-24,20.082851,20.24922,19.773885999999997,19.845185999999998,12.942982,637500
4662,1998-08-25,19.892719,19.892719,19.393618,19.393618,12.648473,694700
4663,1998-08-26,19.346085000000002,19.559984,19.251019,19.322319,12.601977,469900
4664,1998-08-27,19.346085000000002,19.346085000000002,18.419184,18.633083,12.152452,526100
4665,1998-08-28,18.442951,18.656851,17.920084,18.038918,11.764942,512200
4666,1998-08-31,17.777483,18.038918,17.278382999999998,17.325916,11.299921000000001,1147200
4667,1998-09-01,17.397217,17.872551,17.23085,17.777483,11.594437,813500
4668,1998-09-02,17.825016,18.205284,17.682417,17.991385,11.733939999999999,758500
4669,1998-09-03,17.896317,18.062683,17.563582999999998,18.038918,11.764942,747200
4670,1998-09-04,18.110216,18.538017,17.94385,18.30035,11.935447,455100
4671,1998-09-08,18.276585,18.751917000000002,18.276585,18.656851,12.167957000000001,463500
4672,1998-09-09,18.728151,18.775684,18.133983999999998,18.205284,11.873445,607000
4673,1998-09-10,17.967617,18.30035,17.872551,17.94385,11.70294,545700
4674,1998-09-11,17.896317,18.371651,17.825016,18.347883,11.96645,426500
4675,1998-09-14,18.395418,19.060883999999998,18.395418,18.538017,12.090449000000001,516300
4676,1998-09-15,18.633083,18.799452,18.395418,18.538017,12.090449000000001,1252500
4677,1998-09-16,18.633083,18.680618,18.133983999999998,18.22905,11.888944,709600
4678,1998-09-17,18.276585,18.538017,18.157751,18.252817,11.904444,1248800
4679,1998-09-18,18.30035,18.395418,18.157751,18.252817,11.904444,1069200
4680,1998-09-21,18.276585,18.442951,17.991385,18.22905,11.888944,650800
4681,1998-09-22,18.324118,18.656851,18.252817,18.466717000000003,12.04395,504400
4682,1998-09-23,18.466717000000003,18.799452,18.466717000000003,18.799452,12.260957000000001,511400
4683,1998-09-24,18.846985,18.894517999999998,18.371651,18.395418,11.997448,508700
4684,1998-09-25,18.419184,18.728151,18.252817,18.252817,11.904444,396700
4685,1998-09-28,18.30035,18.30035,18.157751,18.22905,11.888944,689000
4686,1998-09-29,18.252817,18.347883,18.01515,18.252817,11.904444,577400
4687,1998-09-30,18.157751,18.205284,17.539816000000002,17.587351,11.47043,354800
4688,1998-10-01,17.15955,17.183315,16.066282,16.185116,10.555895,1324700
4689,1998-10-02,16.232649,16.684216,16.161348,16.589149,10.819407,1230000
4690,1998-10-05,16.684216,16.969416,16.375248000000003,16.779282000000002,10.943408999999999,581500
4691,1998-10-06,16.87435,17.15955,16.779282000000002,16.779282000000002,10.943408999999999,722500
4692,1998-10-07,16.779282000000002,17.112017,16.612915,16.803048999999998,10.958907,1057500
4693,1998-10-08,16.731749,16.731749,16.113815,16.517849,10.772903999999999,592700
4694,1998-10-09,16.589149,16.87435,16.399015,16.731749,10.912408000000001,600900
4695,1998-10-12,16.707983,16.826817000000002,16.517849,16.707983,10.896908,225400
4696,1998-10-13,16.684216,16.850582,16.470316,16.494081,10.757401,520100
4697,1998-10-14,16.565382,16.826817000000002,16.375248000000003,16.589149,10.819407,936500
4698,1998-10-15,16.684216,17.325916,16.541616,17.112017,11.160416,454300
4699,1998-10-16,17.254616,17.72995,17.207082999999997,17.72995,11.563428,427100
4700,1998-10-19,17.825016,18.110216,17.777483,18.062683,11.780439999999999,805100
4701,1998-10-20,18.133983999999998,18.823217,18.133983999999998,18.751917000000002,12.229956,767300
4702,1998-10-21,18.751917000000002,18.846985,18.561785,18.633083,12.152452,1691400
4703,1998-10-22,18.58555,18.609318,18.371651,18.490484,12.059451,995800
4704,1998-10-23,18.442951,18.538017,18.395418,18.466717000000003,12.04395,670600
4705,1998-10-26,18.395418,18.395418,18.062683,18.252817,11.904444,929600
4706,1998-10-27,18.324118,18.419184,17.94385,18.086451,11.795941000000001,436800
4707,1998-10-28,18.086451,18.110216,17.658649,17.658649,11.516931,472300
4708,1998-10-29,17.706182000000002,17.872551,17.563582999999998,17.848782999999997,11.640933,596200
4709,1998-10-30,17.920084,18.324118,17.777483,18.30035,11.935447,608400
4710,1998-11-02,18.276585,18.894517999999998,18.276585,18.799452,12.260957000000001,649500
4711,1998-11-03,18.799452,18.989584,18.656851,18.656851,12.167957000000001,997400
4712,1998-11-04,18.656851,19.084652,18.656851,19.084652,12.446964,768700
4713,1998-11-05,19.037119,19.203485,18.799452,19.179717999999998,12.508965,878100
4714,1998-11-06,19.227251000000003,19.464918,18.965818,19.346085000000002,12.617469999999999,914800
4715,1998-11-09,19.369851999999998,19.393618,18.799452,18.989584,12.384965,772200
4716,1998-11-10,18.965818,19.037119,18.751917000000002,18.918285,12.338459,369500
4717,1998-11-11,18.918285,19.203485,18.846985,18.87075,12.307463,869100
4718,1998-11-12,18.989584,19.013351,18.371651,18.680618,12.183458,1310200
4719,1998-11-13,18.775684,19.037119,18.680618,19.037119,12.415969,514000
4720,1998-11-16,19.060883999999998,19.179717999999998,18.942051,19.132185,12.477963,457800
4721,1998-11-17,19.132185,19.132185,18.538017,18.704384,12.198953999999999,402600
4722,1998-11-18,18.609318,18.989584,18.58555,18.918285,12.338459,283200
4723,1998-11-19,18.799452,18.87075,18.633083,18.656851,12.235585,389900
4724,1998-11-20,18.823217,19.084652,18.799452,19.084652,12.51615,402000
4725,1998-11-23,19.108418,19.393618,19.013351,19.393618,12.71878,515900
4726,1998-11-24,19.512451000000002,19.702585,19.488685999999998,19.631285000000002,12.874637,367100
4727,1998-11-25,19.631285000000002,19.845185999999998,19.488685999999998,19.607519,12.859055999999999,1484300
4728,1998-11-27,19.726353,19.868952,19.702585,19.773885999999997,12.968166,144700
4729,1998-11-30,19.868952,19.96402,18.490484,18.490484,12.126482000000001,1134600
4730,1998-12-01,18.514252,18.751917000000002,18.371651,18.419184,12.079718,1406800
4731,1998-12-02,18.395418,18.799452,18.395418,18.680618,12.251176,665900
4732,1998-12-03,18.633083,18.799452,18.561785,18.58555,12.188827999999999,715100
4733,1998-12-04,18.58555,18.680618,18.490484,18.538017,12.157651,850300
4734,1998-12-07,18.442951,18.680618,18.395418,18.633083,12.220001,717400
4735,1998-12-08,18.633083,18.633083,18.062683,18.347883,12.032961,517900
4736,1998-12-09,18.252817,18.633083,18.22905,18.633083,12.220001,368900
4737,1998-12-10,18.704384,18.775684,18.419184,18.704384,12.266759,848200
4738,1998-12-11,18.656851,18.728151,18.371651,18.680618,12.251176,985800
4739,1998-12-14,18.633083,18.704384,18.58555,18.609318,12.204412,845600
4740,1998-12-15,18.633083,18.656851,18.442951,18.633083,12.220001,761500
4741,1998-12-16,18.633083,18.728151,18.466717000000003,18.633083,12.220001,440600
4742,1998-12-17,18.633083,18.680618,18.561785,18.656851,12.235585,903400
4743,1998-12-18,18.633083,18.728151,18.395418,18.728151,12.282346,562100
4744,1998-12-21,18.633083,18.846985,18.442951,18.442951,12.095305,416300
4745,1998-12-22,18.442951,18.58555,18.276585,18.514252,12.14206,621100
4746,1998-12-23,18.514252,18.561785,18.110216,18.561785,12.173242,740100
4747,1998-12-24,18.514252,18.775684,18.442951,18.728151,12.282346,67800
4748,1998-12-28,18.775684,18.775684,18.442951,18.538017,12.157651,382200
4749,1998-12-29,18.442951,18.633083,18.371651,18.609318,12.204412,426500
4750,1998-12-30,18.419184,18.419184,17.967617,18.086451,11.861507000000001,1796200
4751,1998-12-31,18.157751,18.419184,18.157751,18.395418,12.064136999999999,950400
4752,1999-01-04,18.395418,19.013351,18.324118,18.799452,12.329106,989700
4753,1999-01-05,18.728151,18.989584,18.466717000000003,18.942051,12.422625,669000
4754,1999-01-06,18.965818,19.251019,18.894517999999998,19.251019,12.625257000000001,452100
4755,1999-01-07,19.251019,19.251019,18.823217,19.108418,12.531737,499300
4756,1999-01-08,19.203485,19.203485,18.823217,18.989584,12.453801,458000
4757,1999-01-11,18.965818,19.013351,18.680618,18.823217,12.344699,417900
4758,1999-01-12,18.775684,18.823217,18.633083,18.728151,12.282346,1651900
4759,1999-01-13,18.656851,18.989584,18.276585,18.30035,12.001785,454500
4760,1999-01-14,18.276585,18.538017,18.062683,18.062683,11.845917,554700
4761,1999-01-15,18.110216,18.371651,18.086451,18.324118,12.017375,342100
4762,1999-01-19,18.30035,18.490484,18.086451,18.419184,12.079718,400800
4763,1999-01-20,18.58555,18.704384,18.276585,18.30035,12.001785,635600
4764,1999-01-21,18.205284,18.30035,17.753717,18.038918,11.830333,470300
4765,1999-01-22,17.967617,18.086451,17.848782999999997,17.967617,11.783571,611300
4766,1999-01-25,18.038918,18.110216,17.825016,18.062683,11.845917,925300
4767,1999-01-26,18.062683,18.157751,17.872551,17.967617,11.783571,595800
4768,1999-01-27,17.967617,17.967617,17.706182000000002,17.753717,11.643291,603100
4769,1999-01-28,17.777483,18.133983999999998,17.51605,17.658649,11.580947,725200
4770,1999-01-29,17.634884,18.110216,17.420982000000002,18.062683,11.845917,577800
4771,1999-02-01,18.01515,18.01515,17.72995,17.753717,11.643291,304500
4772,1999-02-02,17.611116,18.038918,17.468517000000002,17.658649,11.580947,651800
4773,1999-02-03,17.658649,17.658649,17.302149,17.563582999999998,11.518597999999999,480300
4774,1999-02-04,17.658649,17.80125,17.420982000000002,17.634884,11.565357,603700
4775,1999-02-05,17.80125,18.01515,17.80125,17.920084,11.752398,1066300
4776,1999-02-08,17.991385,18.133983999999998,17.848782999999997,18.01515,11.814743,208000
4777,1999-02-09,18.086451,18.086451,17.44475,17.468517000000002,11.456254,287100
4778,1999-02-10,17.51605,17.94385,17.44475,17.80125,11.674463000000001,426500
4779,1999-02-11,17.706182000000002,17.80125,17.587351,17.80125,11.674463000000001,484200
4780,1999-02-12,17.80125,17.825016,17.207082999999997,17.373449,11.393902,535900
4781,1999-02-16,17.44475,17.611116,17.349684,17.492283,11.471839,341100
4782,1999-02-17,17.492283,17.51605,16.850582,16.94565,11.113339999999999,461500
4783,1999-02-18,17.112017,17.325916,16.921882999999998,17.15955,11.253624,238900
4784,1999-02-19,17.040716,17.135782,16.921882999999998,17.112017,11.222449000000001,570000
4785,1999-02-22,16.850582,17.064484,16.707983,16.731749,11.04053,664300
4786,1999-02-23,16.826817000000002,17.016949,16.755516,16.826817000000002,11.103263,343100
4787,1999-02-24,16.803048999999998,16.898115,16.684216,16.755516,11.056211,606600
4788,1999-02-25,16.707983,16.87435,16.446548,16.731749,11.04053,573900
4789,1999-02-26,16.803048999999998,17.064484,16.351482,16.921882999999998,11.165995,913400
4790,1999-03-01,16.87435,16.993183,16.351482,16.351482,10.789607,995400
4791,1999-03-02,16.256414000000003,16.351482,15.971214999999999,16.042514999999998,10.585734,1198100
4792,1999-03-03,16.042514999999998,16.113815,15.709782,15.852382,10.460272999999999,806100
4793,1999-03-04,15.994982,16.042514999999998,15.876148,16.042514999999998,10.585734,659800
4794,1999-03-05,16.066282,16.422783,15.923681,16.256414000000003,10.726878,1052600
4795,1999-03-08,16.327714999999998,16.422783,16.113815,16.256414000000003,10.726878,404900
4796,1999-03-09,16.090048,16.280182,15.876148,16.042514999999998,10.585734,576200
4797,1999-03-10,16.042514999999998,16.327714999999998,15.923681,16.066282,10.601417,897900
4798,1999-03-11,16.208880999999998,16.494081,16.113815,16.113815,10.632782,1377200
4799,1999-03-12,16.256414000000003,16.446548,16.256414000000003,16.351482,10.789607,1140300
4800,1999-03-15,16.208880999999998,16.256414000000003,15.828615,16.042514999999998,10.585734,1033400
4801,1999-03-16,16.042514999999998,16.185116,15.876148,15.994982,10.554373,591100
4802,1999-03-17,16.090048,16.280182,16.066282,16.208880999999998,10.695509,895200
4803,1999-03-18,16.208880999999998,16.303949,16.090048,16.161348,10.664146,872300
4804,1999-03-19,16.161348,16.327714999999998,16.113815,16.303949,10.758245,858200
4805,1999-03-22,16.303949,16.327714999999998,15.923681,16.113815,10.632782,438400
4806,1999-03-23,16.113815,16.232649,15.757315,15.899915,10.491636999999999,825100
4807,1999-03-24,15.899915,16.327714999999998,15.899915,16.113815,10.632782,414700
4808,1999-03-25,16.232649,16.232649,15.828615,15.994982,10.554373,472300
4809,1999-03-26,16.090048,16.327714999999998,16.042514999999998,16.280182,10.742561,335400
4810,1999-03-29,16.351482,16.636682999999998,16.351482,16.446548,10.852333999999999,979200
4811,1999-03-30,16.161348,16.185116,15.781081,15.852382,10.460272999999999,561800
4812,1999-03-31,15.757315,15.852382,15.495880999999999,15.567182,10.272079,700000
4813,1999-04-01,15.424582000000001,16.066282,15.424582000000001,15.876148,10.475954,906100
4814,1999-04-05,15.923681,16.280182,15.781081,16.185116,10.679832000000001,555700
4815,1999-04-06,16.042514999999998,16.208880999999998,15.353280999999999,15.472114999999999,10.209354,764000
4816,1999-04-07,15.448348000000001,15.448348000000001,15.020548000000002,15.258214,10.068211,588800
4817,1999-04-08,15.353280999999999,15.709782,15.163148000000001,15.662248000000002,10.334811,770700
4818,1999-04-09,15.686015,15.876148,15.662248000000002,15.828615,10.44459,317000
4819,1999-04-12,15.733548,16.066282,15.662248000000002,15.971214999999999,10.538687,360300
4820,1999-04-13,15.899915,15.994982,15.686015,15.947448999999999,10.523004,512800
4821,1999-04-14,15.971214999999999,16.446548,15.899915,16.327714999999998,10.773923,450400
4822,1999-04-15,16.470316,16.565382,15.994982,16.042514999999998,10.585734,705500
4823,1999-04-16,16.113815,16.375248000000003,16.042514999999998,16.327714999999998,10.773923,1565700
4824,1999-04-19,16.327714999999998,16.779282000000002,16.256414000000003,16.351482,10.789607,1116400
4825,1999-04-20,16.375248000000003,16.921882999999998,16.220766,16.921882999999998,11.165995,825900
4826,1999-04-21,16.779282000000002,16.921882999999998,16.280182,16.565382,10.930746000000001,230500
4827,1999-04-22,16.470316,16.779282000000002,16.351482,16.636682999999998,10.977798,519300
4828,1999-04-23,16.636682999999998,16.731749,16.280182,16.375248000000003,10.805294,430200
4829,1999-04-26,16.327714999999998,16.470316,16.161348,16.232649,10.711189,727200
4830,1999-04-27,16.232649,16.327714999999998,15.947448999999999,15.947448999999999,10.523004,795700
4831,1999-04-28,16.018749,16.446548,15.994982,16.256414000000003,10.726878,383200
4832,1999-04-29,16.327714999999998,16.470316,16.137583,16.303949,10.758245,280600
4833,1999-04-30,16.232649,16.327714999999998,15.781081,16.066282,10.601417,338400
4834,1999-05-03,16.018749,16.517849,15.994982,16.517849,10.899385,525300
4835,1999-05-04,16.422783,16.589149,16.280182,16.351482,10.789607,439600
4836,1999-05-05,16.351482,16.446548,16.161348,16.351482,10.789607,534500
4837,1999-05-06,16.399015,16.494081,16.280182,16.422783,10.836655,314500
4838,1999-05-07,16.446548,16.541616,16.232649,16.470316,10.868019,271000
4839,1999-05-10,16.399015,16.541616,16.161348,16.375248000000003,10.805294,549600
4840,1999-05-11,16.565382,16.636682999999998,16.208880999999998,16.351482,10.789607,864400
4841,1999-05-12,16.351482,16.351482,15.971214999999999,16.280182,10.742561,519700
4842,1999-05-13,16.351482,16.446548,16.232649,16.351482,10.789607,562900
4843,1999-05-14,16.351482,16.351482,16.161348,16.303949,10.758245,623800
4844,1999-05-17,16.327714999999998,16.327714999999998,16.018749,16.113815,10.632782,363600
4845,1999-05-18,16.161348,16.280182,16.066282,16.137583,10.648464,394600
4846,1999-05-19,16.161348,16.541616,16.161348,16.446548,10.852333999999999,346800
4847,1999-05-20,16.446548,16.517849,16.161348,16.303949,10.758245,555300
4848,1999-05-21,16.303949,16.565382,16.232649,16.280182,10.742561,346400
4849,1999-05-24,16.446548,16.470316,16.042514999999998,16.090048,10.617101,593700
4850,1999-05-25,15.994982,15.994982,15.543415,15.543415,10.256399,801400
4851,1999-05-26,15.472114999999999,15.614714999999999,15.305748000000001,15.567182,10.341654,876800
4852,1999-05-27,15.614714999999999,15.614714999999999,15.305748000000001,15.329514999999999,10.183766,393200
4853,1999-05-28,15.329514999999999,15.709782,15.210681,15.495880999999999,10.294288,625400
4854,1999-06-01,15.329514999999999,15.686015,15.186914000000002,15.472114999999999,10.278506,603700
4855,1999-06-02,15.543415,15.638481,15.186914000000002,15.234447,10.120617,675900
4856,1999-06-03,15.377048,15.495880999999999,15.234447,15.353280999999999,10.199558,321500
4857,1999-06-04,15.448348000000001,15.971214999999999,15.388931,15.614714999999999,10.373233,859200
4858,1999-06-07,15.614714999999999,15.614714999999999,15.400814000000002,15.495880999999999,10.294288,189400
4859,1999-06-08,15.495880999999999,15.686015,15.424582000000001,15.472114999999999,10.278506,912400
4860,1999-06-09,15.472114999999999,15.567182,15.210681,15.234447,10.120617,871900
4861,1999-06-10,15.163148000000001,15.448348000000001,15.163148000000001,15.448348000000001,10.262714,526500
4862,1999-06-11,15.377048,15.519648000000002,15.258214,15.305748000000001,10.16798,462500
4863,1999-06-14,15.305748000000001,15.876148,15.305748000000001,15.519648000000002,10.310079,637500
4864,1999-06-15,15.662248000000002,15.686015,15.305748000000001,15.472114999999999,10.278506,527500
4865,1999-06-16,15.638481,15.733548,15.377048,15.590948000000001,10.357446000000001,620900
4866,1999-06-17,15.781081,15.971214999999999,15.757315,15.781081,10.483761,904400
4867,1999-06-18,15.757315,15.804848999999999,15.662248000000002,15.757315,10.467967999999999,579800
4868,1999-06-21,15.781081,15.923681,15.638481,15.876148,10.546913,708000
4869,1999-06-22,15.781081,15.781081,15.424582000000001,15.590948000000001,10.357446000000001,276900
4870,1999-06-23,15.638481,15.638481,15.305748000000001,15.329514999999999,10.183766,887500
4871,1999-06-24,15.353280999999999,15.353280999999999,14.949247,15.210681,10.104826,2334400
4872,1999-06-25,15.068081,15.281981,14.925481,14.99678,9.962729,683900
4873,1999-06-28,15.044314000000002,15.210681,15.044314000000002,15.115614,10.041667,340700
4874,1999-06-29,15.163148000000001,15.186914000000002,15.068081,15.186914000000002,10.089036,415100
4875,1999-06-30,15.210681,15.281981,15.044314000000002,15.258214,10.136403,591500
4876,1999-07-01,15.234447,15.781081,15.210681,15.614714999999999,10.373233,1635200
4877,1999-07-02,15.686015,15.757315,15.519648000000002,15.614714999999999,10.373233,192500
4878,1999-07-06,15.614714999999999,15.971214999999999,15.614714999999999,15.828615,10.515334,586200
4879,1999-07-07,15.947448999999999,16.113815,15.899915,16.066282,10.673227,608700
4880,1999-07-08,16.161348,16.399015,15.971214999999999,16.066282,10.673227,1469600
4881,1999-07-09,16.066282,16.280182,15.947448999999999,16.280182,10.815321,385200
4882,1999-07-12,16.185116,16.399015,16.161348,16.280182,10.815321,344800
4883,1999-07-13,16.280182,16.399015,16.185116,16.399015,10.894264,707200
4884,1999-07-14,16.494081,16.494081,16.232649,16.327714999999998,10.8469,308200
4885,1999-07-15,16.494081,16.517849,16.303949,16.446548,10.925842999999999,552200
4886,1999-07-16,16.446548,16.565382,16.280182,16.422783,10.910052,270000
4887,1999-07-19,16.446548,16.494081,15.876148,15.876148,10.546913,963100
4888,1999-07-20,15.781081,15.781081,15.424582000000001,15.448348000000001,10.262714,1418100
4889,1999-07-21,15.781081,15.781081,15.305748000000001,15.400814000000002,10.231137,641600
4890,1999-07-22,15.210681,15.353280999999999,15.068081,15.281981,10.152196,715100
4891,1999-07-23,15.329514999999999,15.495880999999999,15.091847,15.234447,10.120617,627000
4892,1999-07-26,15.234447,15.281981,14.949247,14.973014000000001,9.946938000000001,364200
4893,1999-07-27,14.99678,15.115614,14.71158,14.782881,9.820631,751900
4894,1999-07-28,14.71158,14.99678,14.640281,14.901714000000002,9.899569,680200
4895,1999-07-29,14.830414000000001,14.901714000000002,14.497681,14.616514000000002,9.710109,360900
4896,1999-07-30,14.640281,14.735347,14.402614000000002,14.450147,9.599586,395300
4897,1999-08-02,14.497681,14.85418,14.426379999999998,14.71158,9.77326,402800
4898,1999-08-03,14.640281,14.830414000000001,14.616514000000002,14.830414000000001,9.852209,601700
4899,1999-08-04,14.759114000000002,15.210681,14.71158,14.782881,9.820631,1366200
4900,1999-08-05,14.806647,15.210681,14.759114000000002,15.210681,10.104826,969600
4901,1999-08-06,15.163148000000001,15.210681,14.830414000000001,14.99678,9.962729,745800
4902,1999-08-09,15.115614,15.353280999999999,14.901714000000002,14.949247,9.931149000000001,392200
4903,1999-08-10,14.973014000000001,15.115614,14.830414000000001,14.877948000000002,9.883787,384400
4904,1999-08-11,14.877948000000002,15.139381,14.71158,15.139381,10.057457000000001,307800
4905,1999-08-12,15.139381,15.210681,14.99678,15.068081,10.010095,279600
4906,1999-08-13,15.044314000000002,15.139381,14.782881,14.830414000000001,9.852209,366000
4907,1999-08-16,14.806647,14.830414000000001,14.568979999999998,14.71158,9.77326,382200
4908,1999-08-17,14.71158,14.71158,14.545214000000001,14.640281,9.725893,301400
4909,1999-08-18,14.568979999999998,14.592747,14.450147,14.497681,9.631165,494000
4910,1999-08-19,14.473913,14.782881,14.473913,14.687814000000001,9.75747,668700
4911,1999-08-20,14.640281,14.782881,14.640281,14.71158,9.77326,715100
4912,1999-08-23,14.473913,14.592747,14.473913,14.568979999999998,9.678529,221500
4913,1999-08-24,14.378847,14.592747,14.212481,14.497681,9.700791,501300
4914,1999-08-25,14.450147,14.545214000000001,14.402614000000002,14.473913,9.684889,632800
4915,1999-08-26,14.450147,14.497681,14.402614000000002,14.473913,9.684889,783800
4916,1999-08-27,14.450147,14.592747,14.450147,14.521447,9.716693,356800
4917,1999-08-30,14.545214000000001,14.568979999999998,14.378847,14.521447,9.716693,603300
4918,1999-08-31,14.497681,14.759114000000002,14.473913,14.664047,9.812113,560400
4919,1999-09-01,14.664047,14.687814000000001,14.521447,14.640281,9.796207,435900
4920,1999-09-02,14.592747,14.592747,14.402614000000002,14.497681,9.700791,438200
4921,1999-09-03,14.497681,14.592747,14.426379999999998,14.450147,9.668986,702500
4922,1999-09-07,14.521447,14.640281,14.450147,14.473913,9.684889,215200
4923,1999-09-08,14.473913,14.85418,14.355081,14.497681,9.700791,559800
4924,1999-09-09,14.473913,14.735347,14.426379999999998,14.616514000000002,9.780306,422600
4925,1999-09-10,14.592747,14.640281,14.450147,14.473913,9.684889,955300
4926,1999-09-13,14.450147,14.450147,14.212481,14.331313,9.589473,543200
4927,1999-09-14,14.283779999999998,14.331313,14.117414000000002,14.283779999999998,9.557665,250300
4928,1999-09-15,14.260014000000002,14.307547,14.06988,14.06988,9.414536,475600
4929,1999-09-16,14.093647,14.141179999999999,13.879745999999999,13.927279,9.319118,202700
4930,1999-09-17,13.974813000000001,14.188713,13.879745999999999,14.164947,9.478149,429800
4931,1999-09-20,14.117414000000002,14.141179999999999,13.713379999999999,13.737146,9.191895,241300
4932,1999-09-21,13.832213000000001,13.832213000000001,13.606429,13.618313,9.112384,557600
4933,1999-09-22,13.618313,13.879745999999999,13.618313,13.737146,9.191895,1248600
4934,1999-09-23,13.713379999999999,13.808446,13.42818,13.475713,9.016964,828400
4935,1999-09-24,13.475713,13.499479000000001,13.119212,13.190513000000001,8.826131,698200
4936,1999-09-27,13.285579,13.475713,13.214279000000001,13.380645999999999,8.953355,779300
4937,1999-09-28,13.404411999999999,13.523245999999999,13.309346,13.499479000000001,9.032865,619700
4938,1999-09-29,13.42818,13.475713,13.333113,13.356879000000001,8.937448,462700
4939,1999-09-30,13.380645999999999,13.42818,12.786479,12.786479,8.555779,1127400
4940,1999-10-01,12.786479,12.976612,12.620111,12.929079,8.651196,985800
4941,1999-10-04,12.929079,12.976612,12.738945,12.834012,8.587582000000001,294300
4942,1999-10-05,12.929079,13.142979,12.857778999999999,13.119212,8.77842,1797600
4943,1999-10-06,13.119212,13.238045999999999,12.881545,13.071679,8.746611999999999,557300
4944,1999-10-07,12.976612,12.976612,12.596345,12.643879,8.460359,527100
4945,1999-10-08,12.501278999999998,12.786479,12.358678,12.738945,8.523974,321900
4946,1999-10-11,12.762711999999999,12.905313,12.643879,12.881545,8.619392,155500
4947,1999-10-12,12.857778999999999,12.857778999999999,12.406212,12.572578,8.412653,354000
4948,1999-10-13,12.453745,12.548812,12.382445,12.406212,8.30133,321900
4949,1999-10-14,12.406212,12.406212,12.121012,12.168545,8.142303,1362300
4950,1999-10-15,12.168545,12.168545,11.930878,11.930878,7.983274000000001,394000
4951,1999-10-18,11.930878,12.311145,11.907111,12.144778,8.1264,898900
4952,1999-10-19,12.168545,12.192311,11.812044,11.835811999999999,7.919666,1196300
4953,1999-10-20,11.859577999999999,11.859577999999999,11.598145,11.788278,7.8878520000000005,1211000
4954,1999-10-21,11.550611,11.883345,11.526844,11.788278,7.8878520000000005,1117200
4955,1999-10-22,11.788278,12.382445,11.788278,12.073478,8.078693,1287700
4956,1999-10-25,11.930878,12.073478,11.883345,11.978411999999999,8.015082000000001,787300
4957,1999-10-26,11.907111,12.073478,11.788278,11.835811999999999,7.919666,572300
4958,1999-10-27,11.835811999999999,12.144778,11.835811999999999,12.097245,8.094596000000001,799200
4959,1999-10-28,12.168545,12.429978,12.168545,12.406212,8.30133,894400
4960,1999-10-29,12.429978,12.715178,12.311145,12.548812,8.396751,999500
4961,1999-11-01,12.382445,12.715178,12.382445,12.667645,8.476266,715400
4962,1999-11-02,12.643879,12.929079,12.548812,12.620111,8.444457,1631300
4963,1999-11-03,12.643879,12.976612,12.643879,12.810246000000001,8.571678,1023600
4964,1999-11-04,12.810246000000001,12.905313,12.667645,12.786479,8.555779,695300
4965,1999-11-05,12.786479,12.810246000000001,12.548812,12.572578,8.412653,605200
4966,1999-11-08,12.596345,12.810246000000001,12.572578,12.786479,8.555779,629100
4967,1999-11-09,12.738945,12.810246000000001,12.548812,12.572578,8.412653,472500
4968,1999-11-10,12.572578,13.024146,12.548812,13.000378999999999,8.698905,373800
4969,1999-11-11,13.024146,13.261811999999999,12.976612,13.095446,8.762516999999999,927900
4970,1999-11-12,13.047913000000001,13.309346,12.929079,13.261811999999999,8.873838000000001,624600
4971,1999-11-15,13.142979,13.333113,12.976612,13.309346,8.905642,198000
4972,1999-11-16,13.238045999999999,13.475713,13.142979,13.333113,8.921543,587200
4973,1999-11-17,13.356879000000001,13.665845999999998,13.356879000000001,13.57078,9.080574,636000
4974,1999-11-18,13.499479000000001,13.547011999999999,13.380645999999999,13.523245999999999,9.119035,368700
4975,1999-11-19,13.42818,13.451946,13.261811999999999,13.309346,8.974799,249300
4976,1999-11-22,13.238045999999999,13.238045999999999,12.952846000000001,12.976612,8.750433000000001,521600
4977,1999-11-23,12.929079,12.976612,12.572578,12.738945,8.590163,742500
4978,1999-11-24,12.738945,12.881545,12.453745,12.762711999999999,8.606193,322500
4979,1999-11-26,12.786479,12.834012,12.643879,12.643879,8.526058,164700
4980,1999-11-29,12.572578,12.881545,12.429978,12.643879,8.526058,775900
4981,1999-11-30,12.525045,12.881545,12.501278999999998,12.834012,8.654274000000001,737800
4982,1999-12-01,12.738945,12.929079,12.667645,12.738945,8.590163,270600
4983,1999-12-02,12.738945,12.929079,12.548812,12.620111,8.510035,474800
4984,1999-12-03,12.691412,12.929079,12.643879,12.857778999999999,8.670296,304700
4985,1999-12-06,12.762711999999999,12.762711999999999,12.501278999999998,12.525045,8.445926,318400
4986,1999-12-07,12.453745,12.548812,12.287378,12.287378,8.28566,529800
4987,1999-12-08,12.358678,12.738945,12.192311,12.715178,8.574137,1596300
4988,1999-12-09,12.715178,12.929079,12.715178,12.857778999999999,8.670296,2443600
4989,1999-12-10,12.881545,12.881545,12.525045,12.525045,8.445926,479300
4990,1999-12-13,12.596345,12.643879,12.453745,12.453745,8.397846000000001,323900
4991,1999-12-14,12.453745,12.596345,12.263612,12.311145,8.301689999999999,668300
4992,1999-12-15,12.311145,12.453745,12.216078,12.382445,8.349771,1087600
4993,1999-12-16,12.358678,12.525045,12.358678,12.382445,8.349771,413200
4994,1999-12-17,12.453745,12.525045,12.216078,12.216078,8.237584,805500
4995,1999-12-20,12.263612,12.429978,11.930878,12.002178,8.093349,440400
4996,1999-12-21,11.930878,12.263612,11.883345,11.930878,8.045264999999999,281600
4997,1999-12-22,11.835811999999999,12.358678,11.835811999999999,12.168545,8.205531,419000
4998,1999-12-23,12.192311,12.548812,12.168545,12.477511,8.413872999999999,267100
4999,1999-12-27,12.477511,12.525045,12.121012,12.121012,8.173475999999999,476400
5000,1999-12-28,12.049711,12.334911,12.049711,12.263612,8.269633,203500
5001,1999-12-29,12.216078,12.525045,12.216078,12.477511,8.413872999999999,308000
5002,1999-12-30,12.406212,12.548812,12.287378,12.525045,8.445926,225800
5003,1999-12-31,12.477511,12.525045,12.406212,12.525045,8.445926,123800
5004,2000-01-03,12.406212,12.453745,12.168545,12.168545,8.205531,1566900
5005,2000-01-04,12.073478,12.287378,12.073478,12.144778,8.189505,473700
5006,2000-01-05,11.978411999999999,12.429978,11.978411999999999,12.287378,8.28566,462300
5007,2000-01-06,12.263612,12.501278999999998,12.144778,12.429978,8.381821,4488200
5008,2000-01-07,12.572578,13.142979,12.548812,12.952846000000001,8.734405,515000
5009,2000-01-10,12.786479,12.786479,12.620111,12.738945,8.590163,568400
5010,2000-01-11,12.738945,12.905313,12.738945,12.810246000000001,8.638242,341300
5011,2000-01-12,12.905313,12.976612,12.857778999999999,12.881545,8.686324,321500
5012,2000-01-13,12.857778999999999,12.929079,12.643879,12.834012,8.654274000000001,236600
5013,2000-01-14,12.762711999999999,12.834012,12.596345,12.667645,8.54209,458400
5014,2000-01-18,12.596345,12.929079,12.477511,12.905313,8.702352000000001,530800
5015,2000-01-19,12.857778999999999,12.929079,12.596345,12.857778999999999,8.670296,491100
5016,2000-01-20,12.810246000000001,13.547011999999999,12.691412,13.095446,8.83056,807900
5017,2000-01-21,13.095446,13.499479000000001,13.071679,13.285579,8.958775,670400
5018,2000-01-24,13.238045999999999,13.238045999999999,12.406212,12.548812,8.461953,779900
5019,2000-01-25,12.643879,12.786479,12.548812,12.643879,8.526058,924200
5020,2000-01-26,12.643879,12.810246000000001,12.216078,12.263612,8.269633,1357200
5021,2000-01-27,12.216078,12.287378,11.788278,12.168545,8.205531,644200
5022,2000-01-28,12.358678,12.501278999999998,12.168545,12.239844999999999,8.253611,601500
5023,2000-01-31,12.216078,12.406212,12.216078,12.382445,8.349771,547500
5024,2000-02-01,12.358678,12.406212,12.192311,12.406212,8.365793,304300
5025,2000-02-02,12.548812,12.786479,12.501278999999998,12.525045,8.445926,483800
5026,2000-02-03,12.525045,12.548812,12.358678,12.453745,8.397846000000001,279400
5027,2000-02-04,12.525045,12.572578,12.311145,12.477511,8.413872999999999,1046700
5028,2000-02-07,12.477511,12.596345,12.287378,12.287378,8.28566,227400
5029,2000-02-08,12.287378,12.477511,12.192311,12.406212,8.365793,335400
5030,2000-02-09,12.501278999999998,12.501278999999998,12.121012,12.121012,8.173475999999999,265300
5031,2000-02-10,12.168545,12.168545,11.978411999999999,12.073478,8.141422,314900
5032,2000-02-11,12.121012,12.168545,11.883345,12.049711,8.125397,186600
5033,2000-02-14,12.073478,12.168545,11.930878,12.168545,8.205531,400600
5034,2000-02-15,12.002178,12.168545,12.002178,12.097245,8.157454,546900
5035,2000-02-16,12.144778,12.263612,11.978411999999999,12.073478,8.141422,1111300
5036,2000-02-17,11.978411999999999,12.049711,11.907111,11.978411999999999,8.077316999999999,535100
5037,2000-02-18,11.883345,11.954644,11.550611,11.693211,7.8850039999999995,412000
5038,2000-02-22,11.669444,11.883345,11.621911,11.764511,8.004664,615000
5039,2000-02-23,11.764511,11.764511,11.598145,11.598145,7.891464999999999,440200
5040,2000-02-24,11.503078,11.503078,10.885143,11.051511,7.519535,432900
5041,2000-02-25,11.194111,11.384244,11.146577,11.146577,7.584217999999999,891700
5042,2000-02-28,11.265410000000001,11.479311000000001,11.075277,11.40801,7.7621020000000005,430200
5043,2000-02-29,11.40801,12.073478,11.360477000000001,11.835811999999999,8.053175,779300
5044,2000-03-01,11.835811999999999,12.216078,11.788278,12.192311,8.295742,738400
5045,2000-03-02,12.168545,12.477511,11.954644,12.168545,8.279574,649500
5046,2000-03-03,12.358678,12.358678,12.097245,12.121012,8.247228,1345700
5047,2000-03-06,12.168545,12.168545,11.740745,11.764511,8.004664,715100
5048,2000-03-07,11.764511,12.121012,11.764511,11.954644,8.134033,1348000
5049,2000-03-08,12.002178,12.073478,11.812044,11.907111,8.101692,933000
5050,2000-03-09,11.788278,12.049711,11.716978,11.954644,8.134033,426100
5051,2000-03-10,11.812044,12.144778,11.645678,12.073478,8.214889,767100
5052,2000-03-13,11.978411999999999,12.121012,11.764511,12.097245,8.231061,543400
5053,2000-03-14,12.002178,12.025945,11.479311000000001,11.740745,7.988494,1891100
5054,2000-03-15,11.788278,12.216078,11.669444,12.049711,8.198718,721900
5055,2000-03-16,12.192311,12.881545,12.168545,12.857778999999999,8.748529,1434200
5056,2000-03-17,12.620111,12.667645,12.025945,12.073478,8.214889,837400
5057,2000-03-20,12.073478,12.216078,11.978411999999999,12.073478,8.214889,683300
5058,2000-03-21,12.216078,12.501278999999998,12.216078,12.406212,8.441281,402600
5059,2000-03-22,12.311145,12.525045,12.263612,12.501278999999998,8.505963000000001,538700
5060,2000-03-23,12.406212,12.691412,12.263612,12.477511,8.489794999999999,439400
5061,2000-03-24,12.382445,12.691412,12.382445,12.572578,8.554482,411600
5062,2000-03-27,12.667645,12.738945,12.287378,12.311145,8.376599,397300
5063,2000-03-28,12.311145,12.643879,12.287378,12.334911,8.392769,458600
5064,2000-03-29,12.287378,12.643879,12.216078,12.572578,8.554482,402000
5065,2000-03-30,12.58015,13.609662,12.58015,13.534332000000001,9.208864,529300
5066,2000-03-31,13.584553,13.684992999999999,13.358562,13.358562,9.089267999999999,1074900
5067,2000-04-03,13.433892000000002,13.433892000000002,13.182791,13.233011,9.003842,586200
5068,2000-04-04,13.333451,13.358562,13.132570999999999,13.258121,9.020928999999999,507300
5069,2000-04-05,13.283232,13.308341,12.730808999999999,12.78103,8.696311,530600
5070,2000-04-06,12.88147,13.207901000000001,12.730808999999999,12.88147,8.764654,1023800
5071,2000-04-07,12.981911,13.132570999999999,12.80614,12.88147,8.764654,1199200
5072,2000-04-10,12.83125,13.03213,12.80614,12.80614,8.713397,827200
5073,2000-04-11,12.605259,12.93169,12.529929,12.7057,8.645058,1553200
5074,2000-04-12,13.007021,13.961204,13.007021,13.559443,9.225951,1460000
5075,2000-04-13,13.559443,13.860764000000001,13.383672,13.408782,9.123441,595200
5076,2000-04-14,13.308341,13.710103,12.85636,13.05724,8.884247,596200
5077,2000-04-17,13.157681,13.358562,12.9568,13.05724,8.884247,490100
5078,2000-04-18,12.88147,13.433892000000002,12.85636,13.358562,9.089267999999999,631500
5079,2000-04-19,13.459001999999998,13.860764000000001,13.308341,13.684992999999999,9.311377,607400
5080,2000-04-20,13.710103,14.061644,13.484112,13.584553,9.243036,595200
5081,2000-04-24,13.308341,13.810543,13.233011,13.584553,9.243036,600700
5082,2000-04-25,13.735213,13.835653,13.534332000000001,13.835653,9.413886999999999,480900
5083,2000-04-26,13.735213,13.760323000000001,13.383672,13.383672,9.106358,616200
5084,2000-04-27,13.684992999999999,13.835653,13.459001999999998,13.684992999999999,9.311377,828000
5085,2000-04-28,13.760323000000001,13.810543,13.559443,13.710103,9.328461,249300
5086,2000-05-01,13.710103,13.835653,13.609662,13.785433,9.379714,245000
5087,2000-05-02,13.885873000000002,14.237414000000001,13.860764000000001,14.136973999999999,9.618909,992300
5088,2000-05-03,14.061644,14.136973999999999,13.936093,14.061644,9.567654,1278500
5089,2000-05-04,14.061644,14.262525,13.910982999999998,14.086754,9.584736999999999,551600
5090,2000-05-05,14.011424,14.036532999999999,13.885873000000002,13.961204,9.499313,306300
5091,2000-05-08,14.061644,14.212304000000001,14.011424,14.086754,9.584736999999999,307800
5092,2000-05-09,14.111864,14.212304000000001,14.061644,14.136973999999999,9.618909,977400
5093,2000-05-10,14.136973999999999,14.212304000000001,13.810543,13.910982999999998,9.465139,475600
5094,2000-05-11,13.860764000000001,14.538735,13.860764000000001,14.237414000000001,9.687246,1074300
5095,2000-05-12,14.237414000000001,14.287635,14.111864,14.212304000000001,9.670164,466400
5096,2000-05-15,14.212304000000001,14.388075,14.036532999999999,14.061644,9.567654,928700
5097,2000-05-16,14.162085000000001,14.262525,14.036532999999999,14.136973999999999,9.618909,834500
5098,2000-05-17,14.086754,14.312745000000001,13.910982999999998,14.262525,9.704331,1451000
5099,2000-05-18,14.438295000000002,14.538735,14.388075,14.438295000000002,9.823926,908900
5100,2000-05-19,14.463404999999998,14.463404999999998,13.910982999999998,14.036532999999999,9.550567,478000
5101,2000-05-22,14.187194,14.212304000000001,13.986314000000002,14.162085000000001,9.635992,542400
5102,2000-05-23,14.162085000000001,14.162085000000001,13.936093,14.086754,9.584736999999999,427600
5103,2000-05-24,14.187194,14.212304000000001,13.936093,14.011424,9.533481,538500
5104,2000-05-25,13.961204,14.061644,13.609662,13.785433,9.454262,371800
5105,2000-05-26,13.885873000000002,14.086754,13.534332000000001,13.559443,9.299275999999999,252000
5106,2000-05-30,13.509222,13.885873000000002,13.509222,13.760323000000001,9.43704,200700
5107,2000-05-31,13.860764000000001,14.212304000000001,13.760323000000001,14.036532999999999,9.626472,551000
5108,2000-06-01,13.936093,14.664285999999999,13.810543,14.588956,10.005332000000001,2329100
5109,2000-06-02,14.588956,14.664285999999999,13.986314000000002,14.061644,9.643695,716400
5110,2000-06-05,14.086754,14.337854,14.061644,14.136973999999999,9.695356,359700
5111,2000-06-06,14.136973999999999,14.312745000000001,13.986314000000002,14.036532999999999,9.626472,584500
5112,2000-06-07,14.136973999999999,14.212304000000001,13.785433,13.936093,9.557587,788900
5113,2000-06-08,13.936093,14.036532999999999,13.860764000000001,13.986314000000002,9.592033,341100
5114,2000-06-09,13.936093,14.237414000000001,13.936093,14.136973999999999,9.695356,163700
5115,2000-06-12,14.212304000000001,14.588956,14.212304000000001,14.463404999999998,9.919227000000001,352300
5116,2000-06-13,14.513625,14.614065,14.413185,14.513625,9.953669999999999,437400
5117,2000-06-14,14.538735,14.814945999999999,14.488515,14.689395999999999,10.074212,367700
5118,2000-06-15,14.639175,14.664285999999999,14.187194,14.287635,9.798682000000001,546700
5119,2000-06-16,14.086754,14.413185,14.086754,14.375520000000002,9.858955,432900
5120,2000-06-19,14.463404999999998,14.664285999999999,14.312745000000001,14.664285999999999,10.056994,909900
5121,2000-06-20,14.664285999999999,14.664285999999999,14.162085000000001,14.362964999999999,9.850344,611700
5122,2000-06-21,14.438295000000002,14.639175,14.388075,14.438295000000002,9.902003,667300
5123,2000-06-22,14.664285999999999,14.664285999999999,14.388075,14.463404999999998,9.919227000000001,392600
5124,2000-06-23,14.463404999999998,14.890276,14.463404999999998,14.814945999999999,10.160317,471300
5125,2000-06-26,14.865167000000001,14.865167000000001,14.312745000000001,14.413185,9.884782000000001,528900
5126,2000-06-27,14.312745000000001,14.513625,14.287635,14.362964999999999,9.850344,429200
5127,2000-06-28,14.362964999999999,14.463404999999998,14.187194,14.42574,9.893395,373400
5128,2000-06-29,14.413185,14.413185,14.136973999999999,14.262525,9.781458,532200
5129,2000-06-30,14.111864,14.337854,14.086754,14.086754,9.660914,664300
5130,2000-07-03,14.086754,14.563846,14.061644,14.563846,9.988109,465000
5131,2000-07-05,14.739616,14.739616,14.111864,14.187194,9.729797,535100
5132,2000-07-06,14.086754,14.262525,13.961204,14.162085000000001,9.712576,440400
5133,2000-07-07,14.136973999999999,14.312745000000001,14.036532999999999,14.212304000000001,9.74702,338600
5134,2000-07-10,14.212304000000001,14.388075,14.187194,14.312745000000001,9.815903,355000
5135,2000-07-11,14.262525,14.940496,14.262525,14.865167000000001,10.19476,721900
5136,2000-07-12,14.814945999999999,14.840056,14.513625,14.513625,9.953669999999999,383200
5137,2000-07-13,14.337854,14.563846,14.337854,14.362964999999999,9.850344,273800
5138,2000-07-14,14.362964999999999,14.488515,14.187194,14.312745000000001,9.815903,305500
5139,2000-07-17,14.438295000000002,14.438295000000002,14.061644,14.237414000000001,9.764238,594800
5140,2000-07-18,14.237414000000001,14.388075,14.111864,14.237414000000001,9.764238,699600
5141,2000-07-19,14.237414000000001,14.488515,14.212304000000001,14.262525,9.781458,397100
5142,2000-07-20,14.262525,14.312745000000001,13.684992999999999,13.710103,9.4026,656900
5143,2000-07-21,13.659882999999999,13.860764000000001,13.584553,13.584553,9.316497,416700
5144,2000-07-24,13.760323000000001,13.885873000000002,13.509222,13.509222,9.264836,552400
5145,2000-07-25,13.559443,13.810543,13.484112,13.509222,9.264836,497300
5146,2000-07-26,13.258121,13.408782,13.233011,13.245566,9.084012,858000
5147,2000-07-27,13.107460999999999,13.509222,13.107460999999999,13.333451,9.144287,384200
5148,2000-07-28,13.383672,13.459001999999998,13.082351,13.207901000000001,9.058178999999999,389900
5149,2000-07-31,13.233011,13.433892000000002,13.132570999999999,13.233011,9.075403,758700
5150,2000-08-01,13.182791,13.408782,13.107460999999999,13.258121,9.092625,937900
5151,2000-08-02,13.258121,13.509222,13.233011,13.358562,9.161507,518100
5152,2000-08-03,13.358562,13.459001999999998,13.233011,13.233011,9.075403,1181600
5153,2000-08-04,13.207901000000001,13.283232,13.05724,13.283232,9.109841000000001,442100
5154,2000-08-07,13.283232,13.358562,13.182791,13.314619,9.131371000000001,951800
5155,2000-08-08,13.408782,13.509222,13.283232,13.484112,9.247613000000001,655300
5156,2000-08-09,13.559443,13.684992999999999,13.484112,13.584553,9.316497,329400
5157,2000-08-10,13.659882999999999,14.136973999999999,13.609662,14.023979,9.617856,780300
5158,2000-08-11,13.986314000000002,14.262525,13.961204,14.212304000000001,9.74702,379100
5159,2000-08-14,14.136973999999999,14.162085000000001,13.684992999999999,14.036532999999999,9.626472,565100
5160,2000-08-15,13.961204,14.438295000000002,13.961204,14.413185,9.884782000000001,681600
5161,2000-08-16,14.438295000000002,14.614065,14.362964999999999,14.463404999999998,9.919227000000001,350700
5162,2000-08-17,14.588956,14.639175,14.463404999999998,14.563846,9.988109,468000
5163,2000-08-18,14.488515,14.538735,14.325299,14.388075,9.867566,334300
5164,2000-08-21,14.513625,14.513625,14.312745000000001,14.413185,9.884782000000001,318000
5165,2000-08-22,14.237414000000001,14.463404999999998,14.212304000000001,14.362964999999999,9.926433,362600
5166,2000-08-23,14.362964999999999,14.538735,14.287635,14.413185,9.961136999999999,512800
5167,2000-08-24,14.337854,14.438295000000002,14.262525,14.362964999999999,9.926433,302700
5168,2000-08-25,14.438295000000002,14.463404999999998,14.162085000000001,14.212304000000001,9.822308999999999,197200
5169,2000-08-28,14.061644,14.337854,14.036532999999999,14.136973999999999,9.770247999999999,439800
5170,2000-08-29,14.061644,14.362964999999999,14.011424,14.187194,9.804955,427600
5171,2000-08-30,14.086754,14.287635,14.086754,14.187194,9.804955,374000
5172,2000-08-31,14.162085000000001,14.337854,14.136973999999999,14.149529000000001,9.778925,579000
5173,2000-09-01,14.011424,14.639175,14.011424,14.287635,9.874372,733300
5174,2000-09-05,14.262525,14.388075,14.061644,14.287635,9.874372,497300
5175,2000-09-06,14.438295000000002,14.563846,14.388075,14.413185,9.961136999999999,476000
5176,2000-09-07,14.463404999999998,14.463404999999998,14.187194,14.312745000000001,9.891725,326000
5177,2000-09-08,14.337854,14.362964999999999,13.735213,13.986314000000002,9.666125,487200
5178,2000-09-11,13.986314000000002,14.840056,13.986314000000002,14.814945999999999,10.238800999999999,975800
5179,2000-09-12,14.664285999999999,14.664285999999999,14.111864,14.237414000000001,9.839661999999999,572500
5180,2000-09-13,14.136973999999999,14.312745000000001,13.986314000000002,14.086754,9.735539,271000
5181,2000-09-14,14.136973999999999,14.136973999999999,13.961204,13.986314000000002,9.666125,465400
5182,2000-09-15,13.936093,14.337854,13.885873000000002,14.162085000000001,9.7876,510100
5183,2000-09-18,14.162085000000001,14.212304000000001,13.885873000000002,14.011424,9.683475,380100
5184,2000-09-19,13.961204,13.961204,13.659882999999999,13.684992999999999,9.457877,404000
5185,2000-09-20,13.634772,13.835653,13.534332000000001,13.534332000000001,9.353752,509300
5186,2000-09-21,13.534332000000001,13.559443,13.258121,13.283232,9.18021,504600
5187,2000-09-22,13.157681,13.358562,13.132570999999999,13.182791,9.110800999999999,472900
5188,2000-09-25,13.132570999999999,13.132570999999999,12.630369,12.755919,8.815781,550000
5189,2000-09-26,12.85636,13.157681,12.78103,12.83125,8.867844999999999,595600
5190,2000-09-27,12.755919,13.157681,12.755919,12.981911,8.971967999999999,789100
5191,2000-09-28,12.981911,13.157681,12.78103,13.082351,9.041382,576200
5192,2000-09-29,13.207901000000001,13.659882999999999,13.182791,13.534332000000001,9.353752,707800
5193,2000-10-02,13.609662,13.609662,13.207901000000001,13.333451,9.214922,1041200
5194,2000-10-03,13.408782,13.634772,13.333451,13.433892000000002,9.284338,1055300
5195,2000-10-04,13.559443,13.609662,13.283232,13.333451,9.214922,435100
5196,2000-10-05,13.408782,13.484112,13.05724,13.233011,9.145506,1997600
5197,2000-10-06,13.333451,13.559443,13.132570999999999,13.207901000000001,9.128147,497700
5198,2000-10-09,13.258121,13.609662,13.207901000000001,13.333451,9.214922,287500
5199,2000-10-10,13.433892000000002,13.559443,13.182791,13.333451,9.214922,421000
5200,2000-10-11,13.333451,13.810543,13.308341,13.484112,9.319045,451100
5201,2000-10-12,13.484112,13.684992999999999,13.333451,13.609662,9.405813,609500
5202,2000-10-13,13.684992999999999,13.710103,12.93169,13.007021,8.989326,1069000
5203,2000-10-16,13.007021,13.207901000000001,12.88147,13.03213,9.006675999999999,748900
5204,2000-10-17,13.107460999999999,13.157681,12.90658,12.9568,8.954611,1268300
5205,2000-10-18,12.90658,12.981911,12.730808999999999,12.85636,8.885201,377700
5206,2000-10-19,12.80614,12.93169,12.755919,12.90658,8.919906,607200
5207,2000-10-20,12.83125,13.107460999999999,12.83125,13.107460999999999,9.058736999999999,602500
5208,2000-10-23,13.132570999999999,13.207901000000001,12.85636,12.93169,8.937261,446200
5209,2000-10-24,12.88147,12.93169,12.755919,12.80614,8.850489,623600
5210,2000-10-25,12.88147,12.88147,12.605259,12.680589999999999,8.763721,458400
5211,2000-10-26,12.655479,12.78103,12.555039,12.655479,8.746367,506900
5212,2000-10-27,12.58015,12.7057,12.479709,12.605259,8.71166,407700
5213,2000-10-30,12.605259,12.80614,12.529929,12.80614,8.850489,860300
5214,2000-10-31,12.80614,13.207901000000001,12.7057,13.157681,9.093447,526700
5215,2000-11-01,13.107460999999999,13.308341,13.03213,13.207901000000001,9.128147,420400
5216,2000-11-02,13.207901000000001,13.358562,13.082351,13.258121,9.16286,503800
5217,2000-11-03,13.182791,13.509222,13.182791,13.333451,9.214922,270200
5218,2000-11-06,13.258121,13.258121,13.03213,13.182791,9.110800999999999,339000
5219,2000-11-07,13.233011,13.559443,13.233011,13.333451,9.214922,246700
5220,2000-11-08,13.383672,13.383672,13.03213,13.233011,9.145506,357000
5221,2000-11-09,13.283232,13.283232,12.93169,13.207901000000001,9.128147,442100
5222,2000-11-10,13.233011,13.383672,12.93169,13.05724,9.024025,458600
5223,2000-11-13,12.9568,13.233011,12.80614,12.90658,8.919906,443900
5224,2000-11-14,12.9568,13.233011,12.88147,13.233011,9.145506,553900
5225,2000-11-15,13.308341,13.609662,13.308341,13.559443,9.371108999999999,575500
5226,2000-11-16,13.484112,13.584553,13.082351,13.283232,9.255623,466400
5227,2000-11-17,13.258121,13.383672,13.107460999999999,13.358562,9.308114999999999,399100
5228,2000-11-20,13.433892000000002,13.433892000000002,12.85636,12.981911,9.045669,356200
5229,2000-11-21,12.9568,13.308341,12.88147,13.082351,9.115651,325800
5230,2000-11-22,13.157681,13.207901000000001,12.88147,13.107460999999999,9.133153,195200
5231,2000-11-24,13.03213,13.207901000000001,13.007021,13.157681,9.168146,97200
5232,2000-11-27,13.007021,13.157681,12.88147,13.007021,9.063169,268900
5233,2000-11-28,12.90658,13.182791,12.7057,12.80614,8.923191000000001,418600
5234,2000-11-29,12.755919,12.83125,12.404378999999999,12.655479,8.818214999999999,419200
5235,2000-11-30,12.655479,12.655479,12.303938,12.605259,8.783221000000001,708800
5236,2000-12-01,12.655479,12.88147,12.605259,12.83125,8.940695,531600
5237,2000-12-04,12.832253999999999,12.932694,12.691638000000001,12.85636,8.958191000000001,510300
5238,2000-12-05,12.932694,12.932694,12.474687,12.747885,8.8826,481900
5239,2000-12-06,12.715744,12.836272,12.534951,12.812166,8.927392999999999,644800
5240,2000-12-07,12.908589,13.089381,12.816184,13.0251,9.075764999999999,670200
5241,2000-12-08,12.936712,12.944747999999999,12.647444,12.912606,8.997378999999999,487000
5242,2000-12-11,12.912606,13.05724,12.876448,12.964835,9.033774000000001,455600
5243,2000-12-12,12.936712,13.398738,12.884483,13.278210000000001,9.252132000000001,415500
5244,2000-12-13,13.197857,13.446948999999998,13.177769,13.330439000000002,9.288519,332300
5245,2000-12-14,13.330439000000002,13.459001999999998,12.916624,13.04117,9.086963,563100
5246,2000-12-15,13.121523000000002,13.298298,13.029117999999999,13.197857,9.196137,713500
5247,2000-12-18,13.278210000000001,13.655864999999999,13.278210000000001,13.639794,9.504075,553500
5248,2000-12-19,13.559443,13.740234,13.145628,13.555425,9.445286999999999,829000
5249,2000-12-20,13.607654,13.607654,13.161698000000001,13.250085999999998,9.232529,596200
5250,2000-12-21,13.37865,13.627742000000001,13.338473,13.579531,9.462087,562500
5251,2000-12-22,13.679970999999998,13.712110999999998,13.418826000000001,13.696041000000001,9.543272,460300
5252,2000-12-26,13.796481,14.222348,13.768358,14.214314000000002,9.904396,436800
5253,2000-12-27,14.214314000000002,14.314754,14.061644,14.182172,9.881995,416100
5254,2000-12-28,14.081732,14.379035,13.860764000000001,14.302701,9.965982,511400
5255,2000-12-29,14.282613000000001,14.559828,14.222348,14.419210999999999,10.047169,714100
5256,2001-01-02,14.459388,14.612057,14.262525,14.342876,9.993977000000001,436300
5257,2001-01-03,14.4393,14.479476000000002,13.953168,14.451351999999998,10.069563,799600
5258,2001-01-04,14.451351999999998,14.459388,13.921026999999999,14.133961,9.848407,779900
5259,2001-01-05,14.141995999999999,14.282613000000001,13.969238,14.069679,9.803614,525300
5260,2001-01-08,13.941115,14.286629999999999,13.941115,14.222348,9.909996000000001,380300
5261,2001-01-09,14.218329999999998,14.262525,13.884869,14.206278,9.8988,559000
5262,2001-01-10,14.182172,14.286629999999999,14.061644,14.178154999999999,9.879199,1348600
5263,2001-01-11,14.178154999999999,14.178154999999999,13.977274,14.033520999999999,9.778421,391200
5264,2001-01-12,13.953168,14.387070999999999,13.816569,14.314754,9.974386,660800
5265,2001-01-16,14.35493,14.624108999999999,14.210296,14.535722,10.128347,757000
5266,2001-01-17,14.684373999999998,14.684373999999998,14.379035,14.467422000000001,10.080762,419200
5267,2001-01-18,14.467422000000001,14.487510999999998,14.077714000000002,14.278595000000001,9.949188000000001,1107200
5268,2001-01-19,14.278595000000001,14.306718,14.097802,14.194225,9.890398,458600
5269,2001-01-22,14.294665,14.435282,14.093784,14.415194,10.044372000000001,302300
5270,2001-01-23,14.415194,14.583934,14.246454,14.483493,10.09196,264600
5271,2001-01-24,14.804901999999998,14.804901999999998,14.342876,14.4393,10.061164,437400
5272,2001-01-25,14.503581,14.861149,14.463404999999998,14.764726000000001,10.287916000000001,575700
5273,2001-01-26,14.624108999999999,14.72455,14.455370000000002,14.708479999999998,10.248728999999999,488300
5274,2001-01-29,14.72455,14.820972,14.563846,14.720532,10.257127,553300
5275,2001-01-30,14.716515,14.865167000000001,14.443317,14.861149,10.355106,737000
5276,2001-01-31,14.865167000000001,15.045959,14.804901999999998,14.861149,10.355106,383200
5277,2001-02-01,14.82499,15.146398999999999,14.820972,15.025870999999999,10.469883,503400
5278,2001-02-02,15.166488000000001,15.427632000000001,15.16247,15.238804,10.618253,574500
5279,2001-02-05,15.548160999999999,16.07045,15.548160999999999,15.773147,10.990581,1379200
5280,2001-02-06,15.773147,15.982061999999999,15.724935999999998,15.769129000000001,10.987774,902600
5281,2001-02-07,15.785198999999999,15.961974,15.648601000000001,15.817341,11.021371,603300
5282,2001-02-08,15.861533999999999,15.937869000000001,15.789217,15.861533999999999,11.052166,851900
5283,2001-02-09,15.982061999999999,16.166872,15.949922,15.978045000000002,11.133346000000001,1237600
5284,2001-02-12,15.97001,16.006168,15.837429,15.97001,11.127746,497300
5285,2001-02-13,15.869570000000001,15.974028,15.741006,15.965992000000002,11.124943,814300
5286,2001-02-14,15.885639999999999,15.994116,15.813323,15.861533999999999,11.052166,931400
5287,2001-02-15,15.829393,15.949922,15.568249,15.901710999999999,11.080158,599300
5288,2001-02-16,15.982061999999999,16.07045,15.672707,15.813323,11.018569,560400
5289,2001-02-20,15.813323,15.933851,15.548160999999999,15.837429,11.035371000000001,444700
5290,2001-02-21,15.672707,15.869570000000001,15.636548000000001,15.789217,11.079062,463500
5291,2001-02-22,15.789217,15.897692999999999,15.536107999999999,15.668689,10.994487,1342000
5292,2001-02-23,15.668689,15.668689,15.467807999999998,15.572267000000002,10.926826,443300
5293,2001-02-26,15.572267000000002,15.749042000000001,15.548160999999999,15.668689,10.994487,1140900
5294,2001-02-27,15.588337,15.700829999999998,15.588337,15.668689,10.994487,577000
5295,2001-02-28,15.668689,15.668689,15.475843,15.592354,10.940924,617000
5296,2001-03-01,15.648601000000001,15.688776999999998,15.568249,15.604407,10.949380999999999,999300
5297,2001-03-02,15.664670999999998,15.668689,15.588337,15.652617999999999,10.98321,925300
5298,2001-03-05,15.749042000000001,16.170891,15.749042000000001,16.150803,11.332783000000001,1495500
5299,2001-03-06,16.170891,16.432035,16.142767000000003,16.319542000000002,11.451177000000001,1245600
5300,2001-03-07,16.319542000000002,16.612827,16.319542000000002,16.544529,11.609048,1072600
5301,2001-03-08,16.544529,16.568634,16.231154999999998,16.536493,11.603411999999999,618100
5302,2001-03-09,16.472212,16.552563,16.303473,16.528457999999997,11.597776,563300
5303,2001-03-12,16.552563,16.560598000000002,16.034292,16.050362,11.262299,808800
5304,2001-03-13,16.110626,16.110626,15.833410999999998,16.058397,11.267942,626400
5305,2001-03-14,16.030273,16.034292,15.672707,15.741006,11.045228999999999,670400
5306,2001-03-15,15.781182000000001,15.781182000000001,15.210681,15.319157,10.749225,1084100
5307,2001-03-16,15.287016,15.503966,14.756691,14.845077999999999,10.416574,1620200
5308,2001-03-19,14.945518,15.102205,14.945518,15.045959,10.557526,781000
5309,2001-03-20,14.985695000000002,15.242822,14.865167000000001,15.025870999999999,10.543433,697800
5310,2001-03-21,14.985695000000002,15.045959,14.684373999999998,14.857130999999999,10.42503,762200
5311,2001-03-22,14.692409,14.692409,14.443317,14.624108999999999,10.261522,963900
5312,2001-03-23,14.543757000000001,14.869183999999999,14.503581,14.740620999999999,10.343276,471500
5313,2001-03-26,14.736603,15.222732999999998,14.644197,15.066047,10.571622999999999,813300
5314,2001-03-27,15.066047,15.190593,15.025870999999999,15.150416,10.630822,673400
5315,2001-03-28,15.150416,15.186575,14.865167000000001,15.086135,10.585717,559200
5316,2001-03-29,15.086135,15.383438,15.0781,15.274962,10.718214,1379000
5317,2001-03-30,15.274962,15.544143,15.274962,15.427632000000001,10.825344,841900
5318,2001-04-02,15.43165,15.608424,15.327191000000001,15.435667,10.830978,1037300
5319,2001-04-03,15.435667,15.435667,15.146398999999999,15.222732999999998,10.681569,1038700
5320,2001-04-04,15.266928,15.548160999999999,15.266928,15.516020000000001,10.887362,666900
5321,2001-04-05,15.552178,15.933851,15.427632000000001,15.929832999999999,11.177729,535100
5322,2001-04-06,15.829393,15.881622,15.568249,15.785198999999999,11.076242,1287500
5323,2001-04-09,15.865552,16.279366,15.865552,16.170891,11.346874,1036300
5324,2001-04-10,16.27133,16.608810000000002,16.27133,16.524441,11.594957,1086700
5325,2001-04-11,16.673092,16.673092,16.194996,16.243208,11.397621000000001,1006000
5326,2001-04-12,16.211067,16.512388,16.211067,16.436052,11.532936999999999,779300
5327,2001-04-16,16.343647,16.769514,16.343647,16.769514,11.766917999999999,940800
5328,2001-04-17,16.769514,16.890043,16.395876,16.877991,11.843036,813700
5329,2001-04-18,16.998518,17.215469,16.886026,17.147171,12.031913000000001,997600
5330,2001-04-19,17.050747,17.175293,17.002537,17.026642000000002,11.947341,643200
5331,2001-04-20,16.930220000000002,17.235557999999997,16.853884,17.078871,11.983989,555300
5332,2001-04-23,17.014589,17.311892,16.954325,17.287785999999997,12.130587,785700
5333,2001-04-24,17.215469,17.456526,17.207434,17.356087,12.178509,757000
5334,2001-04-25,17.219488000000002,17.275734,17.018606,17.191364,12.06292,769300
5335,2001-04-26,17.279751,17.376175,17.106995,17.171276000000002,12.048825,992900
5336,2001-04-27,17.307875,17.432420999999998,17.155205,17.416349,12.220796,806100
5337,2001-04-30,17.416349,17.544914000000002,17.223505,17.299839000000002,12.139038000000001,535900
5338,2001-05-01,17.203417,17.376175,17.074854000000002,17.372156,12.189789,683300
5339,2001-05-02,16.873972,16.873972,16.122679,16.391859,11.501927,1751500
5340,2001-05-03,16.359718,16.488281,15.809304999999998,16.335613000000002,11.462458999999999,937900
5341,2001-05-04,16.411947,16.693179999999998,16.311506,16.636934,11.673894,860500
5342,2001-05-07,16.837814,17.030659,16.371771,16.460159,11.54985,1111500
5343,2001-05-08,16.54051,16.833796,16.411947,16.793620999999998,11.783833,672800
5344,2001-05-09,16.717285,17.054766,16.673092,16.998518,11.927610000000001,751300
5345,2001-05-10,17.010571,17.026642000000002,16.898079,16.966376999999998,11.905052,536300
5346,2001-05-11,16.966376999999998,16.966376999999998,16.596757999999998,16.765497,11.764095,846800
5347,2001-05-14,16.84585,16.922183999999998,16.709251000000002,16.918167,11.871222999999999,313300
5348,2001-05-15,16.954325,17.311892,16.954325,17.1311,12.020638,785500
5349,2001-05-16,17.183329,17.548931,17.155205,17.544914000000002,12.311005,1072600
5350,2001-05-17,17.536879000000003,17.657408,17.40028,17.476614,12.263083,886000
5351,2001-05-18,17.436438,17.777935,17.436438,17.617231,12.361752000000001,1138300
5352,2001-05-21,17.637320000000003,17.637320000000003,17.376175,17.412333,12.217978,1113500
5353,2001-05-22,17.384209,17.384209,17.098959,17.171276000000002,12.048825,953500
5354,2001-05-23,17.034678,17.038694,16.813709,16.910131,11.865587,1293000
5355,2001-05-24,16.737373,16.853884,16.532476000000003,16.681128,11.781877,1386800
5356,2001-05-25,16.76148,16.801655,16.383823,16.644968,11.756337,691800
5357,2001-05-29,16.685144,16.817726,16.552563,16.733356,11.818764999999999,873600
5358,2001-05-30,16.813709,16.89406,16.596757999999998,16.616846,11.736469999999999,823700
5359,2001-05-31,16.616846,16.753445000000003,16.508369000000002,16.681128,11.781877,703700
5360,2001-06-01,16.733356,16.753445000000003,16.359718,16.488281,11.645669,567400
5361,2001-06-04,16.733356,16.873972,16.681128,16.841831,11.895381,656900
5362,2001-06-05,16.926201000000002,17.010571,16.793620999999998,16.930220000000002,11.957811999999999,531600
5363,2001-06-06,16.930220000000002,16.934237,16.311506,16.343647,11.543513,897900
5364,2001-06-07,16.347666,16.524441,16.130714,16.287401000000003,11.503788,474200
5365,2001-06-08,16.440071,16.504353,16.082501999999998,16.231154999999998,11.464061000000001,583700
5366,2001-06-11,16.291418,16.347666,16.030273,16.211067,11.449869,350100
5367,2001-06-12,16.190979000000002,16.677108999999998,16.114643,16.572651,11.705258,700800
5368,2001-06-13,16.472212,16.781567000000003,16.074469,16.170891,11.421496000000001,1006400
5369,2001-06-14,16.231154999999998,16.251244,15.668689,15.877604000000002,11.214347,649700
5370,2001-06-15,15.708865,15.841446,15.576282999999998,15.692795000000002,11.083816,772200
5371,2001-06-18,15.869570000000001,15.877604000000002,15.270945999999999,15.371386,10.856805,1419100
5372,2001-06-19,15.471826,15.720918,15.427632000000001,15.576282999999998,11.001519,863100
5373,2001-06-20,15.668689,15.901710999999999,15.548160999999999,15.576282999999998,11.001519,582100
5374,2001-06-21,15.576282999999998,15.576282999999998,15.066047,15.36335,10.85113,947800
5375,2001-06-22,15.307104,15.588337,14.925429999999999,15.524054999999999,10.964635000000001,1087600
5376,2001-06-25,15.524054999999999,15.829393,15.471826,15.592354,11.012876,717400
5377,2001-06-26,15.652617999999999,15.909745000000001,15.411562,15.777164,11.143406,730100
5378,2001-06-27,15.588337,15.588337,15.086135,15.266928,10.78303,1074700
5379,2001-06-28,15.266928,15.371386,15.202646,15.238804,10.763164999999999,511400
5380,2001-06-29,15.266928,16.182942999999998,15.194610999999998,16.110626,11.378928,1306300
5381,2001-07-02,16.110626,16.170891,15.592354,16.046345000000002,11.333532,949200
5382,2001-07-03,16.006168,16.006168,15.608424,15.913763000000001,11.239885000000001,454100
5383,2001-07-05,16.014204,16.331594,15.917781,15.945904,11.262584,806500
5384,2001-07-06,16.07045,16.07045,15.660654000000001,15.728953,11.10936,599700
5385,2001-07-09,15.809304999999998,15.929832999999999,15.588337,15.720918,11.103679,559800
5386,2001-07-10,15.821357999999998,15.97001,15.732970000000002,15.905728,11.234212,691800
5387,2001-07-11,15.825376,15.933851,15.487896,15.728953,11.10936,629100
5388,2001-07-12,15.708865,15.97001,15.680741000000001,15.917781,11.242722,680200
5389,2001-07-13,15.869570000000001,15.889657999999999,15.596372,15.757076000000001,11.12922,535500
5390,2001-07-16,15.712882999999998,15.753058,15.491914000000001,15.491914000000001,10.941934,436300
5391,2001-07-17,15.499948999999999,15.536107999999999,15.186575,15.287016,10.797215,647700
5392,2001-07-18,15.282998000000001,15.303085999999999,15.086135,15.226751,10.754649,539600
5393,2001-07-19,15.226751,15.303085999999999,15.066047,15.110241,10.672358000000001,1020500
5394,2001-07-20,15.186575,15.604407,15.186575,15.548160999999999,10.981659,489500
5395,2001-07-23,15.829393,16.030273,15.375403,15.540125,10.975984,699000
5396,2001-07-24,15.467807999999998,15.471826,14.845077999999999,14.929448,10.544668,628900
5397,2001-07-25,14.945518,15.427632000000001,14.909360000000001,15.407544,10.882342,734600
5398,2001-07-26,15.407544,15.600389000000002,15.226751,15.512001999999999,10.956122,939200
5399,2001-07-27,15.560213000000001,15.628511999999999,15.278979999999999,15.548160999999999,10.981659,505800
5400,2001-07-30,15.628511999999999,15.636548000000001,15.387456,15.459773,10.919231,381400
5401,2001-07-31,15.459773,15.885639999999999,15.459773,15.817341,11.171782,609700
5402,2001-08-01,15.817341,16.030273,15.588337,15.660654000000001,11.061117,696700
5403,2001-08-02,15.668689,15.929832999999999,15.668689,15.869570000000001,11.208673,495200
5404,2001-08-03,15.909745000000001,15.909745000000001,15.628511999999999,15.700829999999998,11.089492,461500
5405,2001-08-06,15.80127,16.014204,15.741006,15.957957,11.271104,436800
5406,2001-08-07,15.957957,16.142767000000003,15.949922,16.114643,11.381766,745600
5407,2001-08-08,16.07045,16.07045,15.809304999999998,15.937869000000001,11.256913,698000
5408,2001-08-09,15.929832999999999,16.150803,15.873586999999999,15.990098000000001,11.293801,498100
5409,2001-08-10,16.090538000000002,16.428017,15.98608,16.331594,11.535,484200
5410,2001-08-13,16.331594,16.411947,16.102591,16.299454,11.512300999999999,651800
5411,2001-08-14,16.399895,16.568634,16.27133,16.484264000000003,11.642828,331900
5412,2001-08-15,16.484264000000003,16.648986999999998,16.472212,16.624879999999997,11.742146,366400
5413,2001-08-16,16.753445000000003,16.869954999999997,16.496317,16.608810000000002,11.730798,719400
5414,2001-08-17,16.665056,16.669075,16.452123999999998,16.580687,11.710933,225400
5415,2001-08-20,16.580687,16.624879999999997,16.428017,16.512388,11.662695,450700
5416,2001-08-21,16.544529,16.741392,16.544529,16.572651,11.705258,485200
5417,2001-08-22,16.560598000000002,16.853884,16.552563,16.713268,11.883802000000001,768700
5418,2001-08-23,16.713268,16.869954999999997,16.644968,16.673092,11.85523,408500
5419,2001-08-24,16.693179999999998,16.994501,16.632915,16.954325,12.055197999999999,550000
5420,2001-08-27,16.954325,17.074854000000002,16.914148,16.934237,12.040918,265500
5421,2001-08-28,16.974413000000002,17.034678,16.914148,16.914148,12.026633,466000
5422,2001-08-29,17.106995,17.287785999999997,17.094942,17.175293,12.212316,633400
5423,2001-08-30,17.155205,17.315910000000002,17.010571,17.014589,12.098051,605600
5424,2001-08-31,16.898079,17.175293,16.813709,17.034678,12.112341,469000
5425,2001-09-04,17.135117,17.697582,17.115029999999997,17.456526,12.412291999999999,869300
5426,2001-09-05,17.496702,17.593124,17.195381,17.24761,12.263736999999999,765200
5427,2001-09-06,17.24761,17.416349,17.147171,17.167259,12.206603,536300
5428,2001-09-07,17.171276000000002,17.171276000000002,16.926201000000002,16.934237,12.040918,530800
5429,2001-09-10,16.833796,17.074854000000002,16.749426,16.841831,11.975214,790800
5430,2001-09-17,16.974413000000002,17.195381,16.170891,16.170891,11.498146,1044200
5431,2001-09-18,16.030273,16.05438,15.608424,15.668689,11.141062,1512700
5432,2001-09-19,15.648601000000001,15.7169,14.997747,15.238804,10.835392,1944000
5433,2001-09-20,15.278979999999999,15.323174,14.463404999999998,14.616075,10.392608000000001,820400
5434,2001-09-21,14.403141,14.780795999999999,14.274576999999999,14.4393,10.266921,1333500
5435,2001-09-24,14.571879999999998,15.001764999999999,14.567863000000001,14.841060999999998,10.552585,877400
5436,2001-09-25,14.973642000000002,15.037923999999999,14.636163,14.82499,10.541162,718400
5437,2001-09-26,14.865167000000001,15.025870999999999,14.804901999999998,14.945518,10.62686,794200
5438,2001-09-27,14.885254999999999,15.266928,14.788832000000001,15.166488000000001,10.783974,714700
5439,2001-09-28,15.186575,15.588337,15.16247,15.487896,11.012511,1054400
5440,2001-10-01,15.528072,15.608424,15.106223000000002,15.439685,10.978235,722500
5441,2001-10-02,15.439685,16.150803,15.439685,16.07045,11.426731,861100
5442,2001-10-03,15.97001,16.211067,15.684759,16.166872,11.495292999999998,1297900
5443,2001-10-04,16.231154999999998,16.327578,16.02224,16.13875,11.475297,789300
5444,2001-10-05,16.170891,16.235172,15.961974,16.142767000000003,11.478147,1096800
5445,2001-10-08,16.13875,16.243208,15.990098000000001,16.066433,11.423874,430600
5446,2001-10-09,15.857516,16.178926,15.857516,16.090538000000002,11.441011999999999,825100
5447,2001-10-10,16.130714,16.685144,16.05438,16.657022,11.843808000000001,1001900
5448,2001-10-11,16.657022,16.76148,16.532476000000003,16.648986999999998,11.838096,1052000
5449,2001-10-12,16.648986999999998,16.709251000000002,16.194996,16.323559,11.6067,1298900
5450,2001-10-15,16.391859,16.428017,15.998133,16.283383999999998,11.578135000000001,653000
5451,2001-10-16,16.351682999999998,16.560598000000002,16.235172,16.532476000000003,11.755246000000001,724800
5452,2001-10-17,16.632915,16.813709,16.391859,16.4923,11.726682,768700
5453,2001-10-18,16.4923,16.496317,15.829393,15.877604000000002,11.289611,631100
5454,2001-10-19,15.929832999999999,16.126698,15.825376,16.034292,11.401019999999999,622600
5455,2001-10-22,16.07045,16.311506,15.929832999999999,16.05438,11.415308999999999,857600
5456,2001-10-23,16.150803,16.203032,15.933851,16.07045,11.426731,481300
5457,2001-10-24,16.07045,16.07045,15.889657999999999,16.030273,11.398164,631800
5458,2001-10-25,15.990098000000001,16.243208,15.949922,16.166872,11.495292999999998,499300
5459,2001-10-26,16.086520999999998,16.596757999999998,16.066433,16.532476000000003,11.755246000000001,411600
5460,2001-10-29,16.532476000000003,16.693179999999998,16.512388,16.524441,11.749537,607400
5461,2001-10-30,16.488281,16.488281,16.239189,16.251244,11.555285000000001,776300
5462,2001-10-31,16.291418,16.4923,16.130714,16.174908,11.501002,394900
5463,2001-11-01,16.215084,16.544529,15.853499,16.4923,11.726682,546700
5464,2001-11-02,16.4923,16.693179999999998,16.211067,16.452123999999998,11.698112,505800
5465,2001-11-05,16.496317,16.673092,16.472212,16.532476000000003,11.755246000000001,491500
5466,2001-11-06,16.560598000000002,16.713268,16.371771,16.713268,11.883802000000001,423700
5467,2001-11-07,16.713268,16.865938,16.500334,16.837814,11.972351,372000
5468,2001-11-08,16.865938,17.074854000000002,16.624879999999997,16.729338000000002,11.895228,550400
5469,2001-11-09,16.793620999999998,17.102976,16.793620999999998,17.002537,12.089478,309200
5470,2001-11-12,16.954325,16.958342000000002,16.448104999999998,16.817726,11.958076,698000
5471,2001-11-13,16.817726,17.054766,16.817726,16.954325,12.055197999999999,486400
5472,2001-11-14,16.873972,16.994501,16.653004,16.785585,11.935217999999999,1068100
5473,2001-11-15,16.793620999999998,16.853884,16.472212,16.721304,11.889515,1515000
5474,2001-11-16,16.717285,17.106995,16.592739,16.982449,12.075198,628100
5475,2001-11-19,16.882008,16.966376999999998,16.689163,16.849867,11.980927000000001,828800
5476,2001-11-20,16.990484,17.573038,16.990484,17.388227,12.363729,892400
5477,2001-11-21,17.299839000000002,17.344034,17.026642000000002,17.115029999999997,12.247284,832900
5478,2001-11-23,17.123064000000003,17.396263,17.066817999999998,17.344034,12.411156,192500
5479,2001-11-26,17.356087,17.376175,16.817726,17.042713,12.195535000000001,516100
5480,2001-11-27,17.074854000000002,17.319927,16.966376999999998,17.074854000000002,12.218535000000001,689800
5481,2001-11-28,17.014589,17.042713,16.837814,16.886026,12.083413,365400
5482,2001-11-29,16.938254999999998,17.082888,16.853884,17.022625,12.18116,570400
5483,2001-11-30,17.038694,17.195381,17.002537,17.135117,12.261659,683300
5484,2001-12-03,17.135117,17.40028,16.930220000000002,17.259663,12.350783999999999,1005600
5485,2001-12-04,17.259663,17.637320000000003,17.16324,17.621248,12.60953,597200
5486,2001-12-05,17.66946,18.055151000000002,17.66946,18.035063,12.905646,827000
5487,2001-12-06,17.697582,17.87034,17.436438,17.480632999999997,12.508906,929600
5488,2001-12-07,17.496702,17.834183,17.40028,17.737759,12.6929,789100
5489,2001-12-10,17.68553,17.717670000000002,17.436438,17.48465,12.51178,502200
5490,2001-12-11,17.404297,17.556967,17.207434,17.271717000000002,12.359404,660400
5491,2001-12-12,17.496702,17.585091000000002,17.215469,17.372156,12.431277,1450800
5492,2001-12-13,17.372156,17.757847,17.243593,17.468578,12.500278,779100
5493,2001-12-14,17.597143,17.637320000000003,17.315910000000002,17.456526,12.491659,796300
5494,2001-12-17,17.476614,17.773918,17.432420999999998,17.492685,12.517529,740300
5495,2001-12-18,17.653389,17.970781,17.653389,17.942657,12.839516999999999,549000
5496,2001-12-19,17.914534,18.203802,17.826147,18.151573000000003,12.989021000000001,766500
5497,2001-12-20,18.079256,18.235943,17.958729,18.10738,12.957392,620100
5498,2001-12-21,18.147555999999998,18.239962,18.059168,18.059168,12.922896000000001,906300
5499,2001-12-24,18.139521,18.256031,17.986851,17.986851,12.871146000000001,371800
5500,2001-12-26,18.179697,18.481018,18.159609,18.332365,13.118395000000001,466400
5501,2001-12-27,18.332365,18.529228,18.324331,18.396648000000003,13.16439,441500
5502,2001-12-28,18.436825,18.653774,18.404682,18.617617000000003,13.322514000000002,630300
5503,2001-12-31,18.621634,18.697969,18.481018,18.513158999999998,13.247770999999998,693500
5504,2002-01-02,18.416737,18.420753,17.978817000000003,18.231926,13.046522,870700
5505,2002-01-03,18.231926,18.380577,18.123449,18.356472,13.135639999999999,1242700
5506,2002-01-04,18.481018,18.681898,18.360489,18.412717999999998,13.175892000000001,1408100
5507,2002-01-07,18.476999,18.669846,18.440842,18.569405,13.288015,775600
5508,2002-01-08,18.485035,18.601545,18.320313,18.585476,13.299513000000001,984700
5509,2002-01-09,18.561369,18.677881,18.408701,18.677881,13.365644,1328800
5510,2002-01-10,18.637705,18.677881,18.561369,18.645741,13.342641,930200
5511,2002-01-11,18.601545,18.601545,18.380577,18.39263,13.161516,872300
5512,2002-01-14,18.39263,18.400665,18.018991,18.018991,12.894146000000001,521600
5513,2002-01-15,18.02301,18.428789000000002,18.02301,18.364507999999997,13.141392999999999,677300
5514,2002-01-16,18.324331,18.328348000000002,18.111397,18.143538,12.983269,671600
5515,2002-01-17,18.147555999999998,18.167645,18.051132,18.139521,12.980399,713300
5516,2002-01-18,18.139521,18.344419,18.139521,18.328348000000002,13.115521,506700
5517,2002-01-22,18.372541000000002,18.436825,18.043098,18.175678,13.006269,570600
5518,2002-01-23,18.179697,18.444859,18.147555999999998,18.372541000000002,13.147143,423100
5519,2002-01-24,18.380577,18.673862,18.380577,18.585476,13.299513000000001,857600
5520,2002-01-25,18.079256,18.513158999999998,18.079256,18.464947,13.21326,1455700
5521,2002-01-28,18.368525,18.368525,18.079256,18.15559,12.991897,1005600
5522,2002-01-29,18.280136,18.380577,18.099344,18.247995,13.058017999999999,676100
5523,2002-01-30,18.247995,18.481018,18.099344,18.476999,13.221895000000002,861300
5524,2002-01-31,18.481018,18.842604,18.440842,18.786356,13.44326,735600
5525,2002-02-01,18.870726,18.874744,18.742163,18.790373000000002,13.446133999999999,637300
5526,2002-02-04,18.762251000000003,18.790373000000002,18.247995,18.296207,13.092516,654400
5527,2002-02-05,18.300224,18.300224,17.890429,18.027027,12.899894,1058900
5528,2002-02-06,18.03908,18.26005,17.725706,17.769899,12.715897,1151500
5529,2002-02-07,17.773918,17.846235,17.60116,17.68553,12.655529,591500
5530,2002-02-08,17.697582,17.866323,17.581072,17.822128,12.753276,363200
5531,2002-02-11,17.862305,18.207821,17.802042,18.095326999999997,12.948771,1216900
5532,2002-02-12,18.059168,18.079256,17.749813,17.814095000000002,12.747523,870700
5533,2002-02-13,17.866323,17.878376,17.681513,17.745794,12.698651,783600
5534,2002-02-14,17.705617999999998,17.922569,17.621248,17.757847,12.707276,691800
5535,2002-02-15,17.757847,17.854271,17.605179,17.705617999999998,12.669903999999999,801800
5536,2002-02-19,17.677495999999998,17.777935,17.597143,17.745794,12.698651,688400
5537,2002-02-20,17.814095000000002,18.079256,17.705617999999998,18.043098,12.911401,647100
5538,2002-02-21,17.749813,17.926586,17.597143,17.693565,12.739278,1032800
5539,2002-02-22,17.773918,17.878376,17.737759,17.814095000000002,12.826056,663800
5540,2002-02-25,17.717670000000002,17.846235,17.60116,17.713654000000002,12.753741999999999,1162000
5541,2002-02-26,17.777935,17.890429,17.565002,17.822128,12.831849,704300
5542,2002-02-27,17.866323,17.938641,17.802042,17.854271,12.854988,681400
5543,2002-02-28,17.854271,17.854271,17.291803,17.432420999999998,12.551260000000001,1167500
5544,2002-03-01,17.476614,17.633301,17.331979999999998,17.577054999999998,12.655397,1219000
5545,2002-03-04,17.697582,17.834183,17.51679,17.693565,12.739278,1128600
5546,2002-03-05,17.717670000000002,17.737759,17.556967,17.649372,12.707459,940200
5547,2002-03-06,17.649372,18.272102,17.617231,18.247995,13.138470000000002,1531900
5548,2002-03-07,18.268083999999998,18.557351999999998,18.211838,18.400665,13.248393,1095300
5549,2002-03-08,18.669846,18.669846,18.059168,18.10738,13.037230000000001,852100
5550,2002-03-11,18.199785000000002,18.400665,18.111397,18.284155,13.164503,592300
5551,2002-03-12,18.183714000000002,18.372541000000002,18.059168,18.320313,13.190535,533800
5552,2002-03-13,18.360489,18.573423000000002,18.083275,18.111397,13.040115,930200
5553,2002-03-14,18.087292,18.199785000000002,17.982834,17.986851,12.950441,429200
5554,2002-03-15,18.03908,18.396648000000003,17.978817000000003,18.292191,13.170285,1113500
5555,2002-03-18,18.300224,18.37656,17.926586,17.998903,12.959125,991500
5556,2002-03-19,18.03908,18.428789000000002,18.03908,18.247995,13.138470000000002,678600
5557,2002-03-20,18.211838,18.312279,17.974798,17.998903,12.959125,654600
5558,2002-03-21,17.958729,18.055151000000002,17.500721,18.006939000000003,12.964909,1352900
5559,2002-03-22,18.006939000000003,18.010958,17.605179,17.681513,12.730597999999999,586800
5560,2002-03-25,17.681513,17.830164,17.597143,17.681513,12.730597999999999,636200
5561,2002-03-26,17.757847,17.890429,17.701601,17.862305,12.860776,460300
5562,2002-03-27,17.998903,18.432806,17.882393,18.320313,13.190535,912600
5563,2002-03-28,18.39263,18.432806,18.239962,18.284155,13.164503,664300
5564,2002-04-01,18.284155,18.30826,18.006939000000003,18.099344,13.031439,527500
5565,2002-04-02,18.083275,18.324331,18.002922,18.087292,13.022761000000001,567200
5566,2002-04-03,18.091309,18.159609,17.605179,17.657408,12.713248,800600
5567,2002-04-04,17.657408,17.733742000000003,17.408316,17.51679,12.612003999999999,1155200
5568,2002-04-05,17.540895000000003,17.781954000000002,17.540895000000003,17.673477,12.724811,647500
5569,2002-04-08,17.858288,18.02301,17.818111,17.942657,12.918623,581300
5570,2002-04-09,17.918552,17.942657,17.597143,17.68553,12.733492,471300
5571,2002-04-10,17.697582,18.043098,17.693565,18.03908,12.988048,539200
5572,2002-04-11,18.03908,18.231926,17.846235,17.850251999999998,12.852094000000001,1192400
5573,2002-04-12,17.882393,17.882393,17.565002,17.665442000000002,12.719033999999999,1103900
5574,2002-04-15,17.858288,18.059168,17.8382,17.866323,12.863664,599000
5575,2002-04-16,17.798023,17.918552,17.689548000000002,17.757847,12.785563,510300
5576,2002-04-17,17.858288,17.998903,17.798023,17.854271,12.854988,534000
5577,2002-04-18,17.858288,18.006939000000003,17.677495999999998,17.87034,12.86656,730900
5578,2002-04-19,17.48465,17.789988,17.48465,17.544914000000002,12.63225,1263800
5579,2002-04-22,17.625267,17.625267,17.1311,17.219488000000002,12.397943,781600
5580,2002-04-23,17.062799,17.062799,16.805674,16.833796,12.120248,1080000
5581,2002-04-24,16.765497,16.861919,16.564617000000002,16.841831,12.126037,996000
5582,2002-04-25,16.793620999999998,17.026642000000002,16.713268,16.958342000000002,12.209923,729700
5583,2002-04-26,16.97843,17.018606,16.753445000000003,16.781567000000003,12.082641,370900
5584,2002-04-29,16.753445000000003,16.753445000000003,16.411947,16.468193,11.857019000000001,801600
5585,2002-04-30,16.331594,16.644968,16.331594,16.403912,11.810738,1783500
5586,2002-05-01,16.40793,16.552563,16.275349,16.452123999999998,11.845448,1110900
5587,2002-05-02,16.452123999999998,16.572651,16.387842000000003,16.452123999999998,11.845448,1437100
5588,2002-05-03,16.512388,16.588722,16.399895,16.456141,11.848342,844900
5589,2002-05-06,16.456141,16.456141,15.965992000000002,15.965992000000002,11.495438,1287700
5590,2002-05-07,15.929832999999999,16.038308999999998,15.861533999999999,15.974028,11.501223,922000
5591,2002-05-08,15.974028,16.166872,15.974028,16.126698,11.611144,455400
5592,2002-05-09,16.126698,16.231154999999998,15.998133,16.086520999999998,11.582216,723700
5593,2002-05-10,16.106609,16.219101000000002,15.849482,15.893675,11.443369,694500
5594,2002-05-13,15.825376,15.98608,15.704847000000001,15.97001,11.498332000000001,804300
5595,2002-05-14,16.026257,16.07045,15.905728,16.026257,11.53883,511600
5596,2002-05-15,15.945904,16.046345000000002,15.809304999999998,15.845464000000002,11.408655,500100
5597,2002-05-16,15.925816000000001,16.174908,15.925816000000001,16.062414,11.564859,711300
5598,2002-05-17,16.07045,16.082501999999998,15.841446,15.921798999999998,11.463616,474800
5599,2002-05-20,15.909745000000001,15.913763000000001,15.636548000000001,15.720918,11.318983,743600
5600,2002-05-21,15.724935999999998,16.038308999999998,15.712882999999998,15.777164,11.359481,742700
5601,2002-05-22,15.736988,15.961974,15.688776999999998,15.873586999999999,11.428905,477200
5602,2002-05-23,15.873586999999999,15.929832999999999,15.668689,15.889657999999999,11.440478,465000
5603,2002-05-24,15.909745000000001,15.921798999999998,15.560213000000001,15.61646,11.243779,436300
5604,2002-05-28,15.467807999999998,15.536107999999999,15.166488000000001,15.242822,11.052952000000001,1019700
5605,2002-05-29,15.246839999999999,15.339245000000002,15.17854,15.307104,11.099569,1107200
5606,2002-05-30,15.266928,15.512001999999999,14.909360000000001,15.190593,11.015080000000001,1016400
5607,2002-05-31,15.206663,15.411562,15.174522,15.26291,11.067517,575300
5608,2002-06-03,15.258892000000001,15.355315,15.058012,15.118276000000002,10.962644000000001,1112300
5609,2002-06-04,15.025870999999999,15.234786999999999,14.969625,15.049976000000001,10.913114,671800
5610,2002-06-05,14.985695000000002,15.0781,14.937484,15.025870999999999,10.895638,940400
5611,2002-06-06,15.066047,15.150416,14.945518,14.945518,10.837372,1060000
5612,2002-06-07,14.949535999999998,15.282998000000001,14.937484,15.270945999999999,11.073346,1129900
5613,2002-06-10,15.391473999999999,15.391473999999999,15.250857,15.34728,11.128696000000001,696700
5614,2002-06-11,15.359333,15.427632000000001,15.331209,15.34728,11.128696000000001,1257200
5615,2002-06-12,15.355315,15.648601000000001,15.355315,15.608424,11.318058,921600
5616,2002-06-13,15.568249,15.664670999999998,15.467807999999998,15.536107999999999,11.26562,1027100
5617,2002-06-14,15.427632000000001,15.684759,15.307104,15.624495999999999,11.329711999999999,1042000
5618,2002-06-17,15.648601000000001,15.98608,15.588337,15.98608,11.591909,694300
5619,2002-06-18,15.909745000000001,16.062414,15.877604000000002,15.990098000000001,11.594821000000001,1669100
5620,2002-06-19,15.982061999999999,16.122679,15.869570000000001,16.010185,11.609386,728200
5621,2002-06-20,15.97001,16.158838,15.877604000000002,15.925816000000001,11.548209,850900
5622,2002-06-21,15.869570000000001,15.949922,15.700829999999998,15.793235000000001,11.452072,808600
5623,2002-06-24,15.712882999999998,16.05438,15.712882999999998,15.998133,11.600649,1371300
5624,2002-06-25,16.066433,16.295437,16.05438,16.066433,11.650171,887500
5625,2002-06-26,16.030273,16.030273,15.628511999999999,15.941887,11.559863,1135400
5626,2002-06-27,15.869570000000001,15.982061999999999,15.789217,15.925816000000001,11.548209,1539900
5627,2002-06-28,15.949922,16.440071,15.949922,16.27133,11.798748,1130100
5628,2002-07-01,16.371771,16.552563,16.27133,16.275349,11.801665,1024000
5629,2002-07-02,16.275349,16.275349,15.7169,15.728953,11.405457,1013600
5630,2002-07-03,15.741006,15.909745000000001,15.507984,15.724935999999998,11.402544,758500
5631,2002-07-05,15.668689,16.178926,15.668689,16.170891,11.725918,511200
5632,2002-07-08,16.010185,16.07045,15.652617999999999,15.668689,11.361758,730900
5633,2002-07-09,15.495932,15.837429,15.423615,15.423615,11.18405,782800
5634,2002-07-10,15.471826,15.556195,15.106223000000002,15.174522,11.003426,1152400
5635,2002-07-11,15.174522,15.174522,14.764726000000001,14.897307000000001,10.80241,1359600
5636,2002-07-12,14.965607,15.218717000000002,14.929448,15.130329000000001,10.97138,1455700
5637,2002-07-15,15.130329000000001,15.242822,14.712497,15.234786999999999,11.047129,1767000
5638,2002-07-16,15.134345999999999,15.315139000000002,14.965607,15.070065,10.927681,1249000
5639,2002-07-17,15.266928,15.668689,15.266928,15.487896,11.230661999999999,1232100
5640,2002-07-18,15.447721,15.676723999999998,15.287016,15.295051,11.090827,1080000
5641,2002-07-19,15.295051,15.36335,15.041942,15.066047,10.924767,1211000
5642,2002-07-22,14.865167000000001,15.114258999999999,14.101820000000002,14.101820000000002,10.225585,1995500
5643,2002-07-23,14.162085000000001,14.246454,13.788445999999999,13.788445999999999,9.99835,1334700
5644,2002-07-24,13.792464,14.101820000000002,13.503195999999999,14.077714000000002,10.208105999999999,2111600
5645,2002-07-25,13.997361999999999,14.342876,13.6639,13.997361999999999,10.149838,1243500
5646,2002-07-26,13.896922,14.097802,13.772376000000001,13.868798000000002,10.056610000000001,1026900
5647,2002-07-29,14.101820000000002,14.656251000000001,14.009414999999999,14.648214999999999,10.621789,786500
5648,2002-07-30,14.547775,14.644197,14.174137,14.206278,10.30133,886200
5649,2002-07-31,14.302701,14.33886,14.049591,14.330824,10.391642,1285400
5650,2002-08-01,14.210296,14.443317,14.029503,14.041554999999999,10.18188,1202200
5651,2002-08-02,14.021467999999999,14.246454,13.836657999999998,13.945132999999998,10.111969,1034000
5652,2002-08-05,13.880851999999999,14.20226,13.760323000000001,13.800498999999999,10.007089,1047300
5653,2002-08-06,13.83264,14.427247,13.83264,14.170119,10.275106,901600
5654,2002-08-07,14.463404999999998,14.507598999999999,14.141995999999999,14.507598999999999,10.519826,620900
5655,2002-08-08,14.423229000000001,14.640179999999999,11.651076,12.052837,8.739817,12378600
5656,2002-08-09,11.811781,12.313982000000001,11.249315,12.084978,8.763123,13240000
5657,2002-08-12,11.892133,12.285859,11.735446000000001,12.225595,8.865086,2479100
5658,2002-08-13,12.125154,12.245683,11.892133,11.892133,8.623285000000001,2145900
5659,2002-08-14,12.052837,12.201489,11.699287,12.173366,8.827214,1956700
5660,2002-08-15,12.245683,12.438528,12.189436,12.358176,8.961226,1122900
5661,2002-08-16,12.374247,12.414423,11.932309,12.052837,8.739817,1524600
5662,2002-08-19,12.052837,12.153278,11.827850999999999,12.020697,8.716505999999999,1156000
5663,2002-08-20,11.843922000000001,11.968468,11.743482,11.876062,8.611631,1120300
5664,2002-08-21,11.876062,12.004626,11.723393,11.932309,8.652415,965100
5665,2002-08-22,11.900167999999999,12.205507,11.888116,12.084978,8.845017,1172600
5666,2002-08-23,12.072925999999999,12.072925999999999,11.751516,11.751516,8.600954,757000
5667,2002-08-26,11.759552000000001,11.936327,11.695269999999999,11.868028,8.68623,602500
5668,2002-08-27,12.044803,12.080961,11.811781,11.908203,8.715631,847800
5669,2002-08-28,11.908203,11.908203,11.655094,11.675182000000001,8.545083,757000
5670,2002-08-29,11.590812,11.639024000000001,11.430108,11.566707000000001,8.465692,703300
5671,2002-08-30,11.566707000000001,11.703305,11.482337,11.514478,8.427464,787700
5672,2002-09-03,11.514478,11.514478,11.028346,11.044416,8.083427,1295400
5673,2002-09-04,11.048434,11.17298,10.839519000000001,11.152892,8.162819,917700
5674,2002-09-05,10.68685,11.048434,10.68685,10.947994,8.012853999999999,1204900
5675,2002-09-06,11.168961999999999,11.377879,11.112717,11.245297,8.230454,998600
5676,2002-09-09,11.253333,11.450194999999999,11.189051,11.293509,8.265737,954100
5677,2002-09-10,11.329667,11.775622,11.309579,11.775622,8.618601,1042600
5678,2002-09-11,12.093014,12.093014,11.872045,12.056855,8.824428999999999,1417700
5679,2002-09-12,12.056855,12.105066,11.799728,11.815799,8.648004,1061400
5680,2002-09-13,11.811781,11.876062,11.679199,11.791692999999999,8.630353999999999,413900
5681,2002-09-16,11.779639999999999,11.779639999999999,11.558671,11.6109,8.498038000000001,982100
5682,2002-09-17,11.6109,11.643041,11.369843,11.490372,8.409821,753400
5683,2002-09-18,11.490372,11.667147,11.446178,11.498407,8.415704,944700
5684,2002-09-19,11.470284,11.562689,11.301544,11.301544,8.271621000000001,1037300
5685,2002-09-20,11.317615,11.450194999999999,11.209139,11.229227,8.218689,1409700
5686,2002-09-23,11.229227,11.333685000000001,11.05647,11.148874000000001,8.159882000000001,587800
5687,2002-09-24,11.148874000000001,11.160928,10.823447999999999,10.915854,7.989333,1053200
5688,2002-09-25,10.935941999999999,11.229227,10.907817999999999,11.100663,8.124591,658900
5689,2002-09-26,11.116734,11.349755,11.048434,11.337703,8.298078,489300
5690,2002-09-27,11.337703,11.550636,10.867641,10.91987,7.9922699999999995,868900
5691,2002-09-30,10.867641,10.867641,10.562304,10.763183999999999,7.877594,1009100
5692,2002-10-01,10.763183999999999,10.763183999999999,10.566321,10.727025,7.851131,1513700
5693,2002-10-02,10.586409,10.743096000000001,10.445791999999999,10.562304,7.7305649999999995,1324500
5694,2002-10-03,10.566321,10.767201,10.554267999999999,10.61855,7.7717350000000005,1219200
5695,2002-10-04,10.698902,10.727025,10.252947,10.297141,7.536492999999999,1018900
5696,2002-10-07,10.297141,10.313211,9.883327,9.923503,7.2630300000000005,1046500
5697,2002-10-08,9.891361999999999,9.99582,9.529777000000001,9.802975,7.174813,1642300
5698,2002-10-09,9.802975,9.802975,9.521742,9.553883,6.992501,1702200
5699,2002-10-10,9.553883,10.052067,9.481565,9.971714,7.298313,1289500
5700,2002-10-11,10.044031,10.260983,9.983768,10.136436,7.418874000000001,884200
5701,2002-10-14,10.084208,10.240894,10.023943,10.11233,7.401234,801000
5702,2002-10-15,10.285089,10.429722,10.172595,10.36544,7.586483,931800
5703,2002-10-16,10.36544,10.397581,10.064119,10.108314,7.398292999999999,1325700
5704,2002-10-17,10.265,10.634621000000001,10.244912,10.610515,7.765851,1137400
5705,2002-10-18,10.626585,10.751130999999999,10.441775,10.731043,7.854072,943700
5706,2002-10-21,10.345352,10.964065,10.345352,10.939959,8.006973,924900
5707,2002-10-22,10.867641,10.88773,10.301159,10.457846,7.654113000000001,900100
5708,2002-10-23,10.409634,10.654709,10.329282000000001,10.650691,7.7952580000000005,463700
5709,2002-10-24,10.751130999999999,10.956029,10.68685,10.787289999999999,7.895233,1086100
5710,2002-10-25,10.68685,10.68685,10.341334,10.638638,7.786434,804500
5711,2002-10-28,10.666761,10.827466000000001,10.546233,10.650691,7.7952580000000005,473700
5712,2002-10-29,10.554267999999999,10.554267999999999,10.196701,10.381511,7.598247,541400
5713,2002-10-30,10.345352,10.811396,10.345352,10.646673,7.792319,925300
5714,2002-10-31,10.650691,10.759167,10.409634,10.546233,7.718805000000001,709400
5715,2002-11-01,10.55025,10.55025,10.035996,10.076172,7.374766,2371800
5716,2002-11-04,10.084208,10.100278,9.923503,9.923503,7.2630300000000005,1466700
5717,2002-11-05,9.927521,10.007873,9.839133,9.899397,7.245385000000001,949000
5718,2002-11-06,9.943591,9.967697,9.64227,9.903414999999999,7.248326,2951100
5719,2002-11-07,9.883327,10.064119,9.823063000000001,10.031979,7.342421000000001,1565000
5720,2002-11-08,10.023943,10.124384,9.847168,9.927521,7.265967999999999,1008900
5721,2002-11-11,9.903414999999999,10.015908,9.867256,9.891361999999999,7.239503999999999,709400
5722,2002-11-12,9.971714,10.104296000000001,9.943591,9.987784,7.310078,1269300
5723,2002-11-13,9.963678999999999,10.01189,9.871274,9.895380000000001,7.242445,1476100
5724,2002-11-14,9.99582,10.144471000000001,9.97975,10.044031,7.351244,793600
5725,2002-11-15,10.064119,10.228842,10.044031,10.136436,7.418874000000001,1357800
5726,2002-11-18,10.224824,10.361423,10.208753999999999,10.337317,7.565903,651000
5727,2002-11-19,10.321246,10.498021000000001,10.281071,10.305176,7.542375999999999,523600
5728,2002-11-20,10.329282000000001,10.586409,10.329282000000001,10.518108999999999,7.698223,542400
5729,2002-11-21,10.518108999999999,10.939959,10.518108999999999,10.927906,8.083056,1266600
5730,2002-11-22,10.931924,11.217175,10.807378,11.140839999999999,8.240557,1564600
5731,2002-11-25,11.140839999999999,11.438143,11.124769,11.434125,8.457491000000001,1343500
5732,2002-11-26,11.369843,11.41002,11.088611,11.144857,8.243530999999999,687600
5733,2002-11-27,11.148874000000001,11.442161,11.116734,11.430108,8.454517,515000
5734,2002-11-29,11.490372,11.739464,11.490372,11.719375999999999,8.668481,719000
5735,2002-12-02,11.719375999999999,11.795711,11.570724,11.755533999999999,8.695228,1004400
5736,2002-12-03,11.731428,11.775622,11.683216999999999,11.727411,8.674422,1169100
5737,2002-12-04,12.052837,12.374247,11.703305,11.707322999999999,8.65957,2920000
5738,2002-12-05,11.707322999999999,11.743482,11.639024000000001,11.671165,8.632819,1244500
5739,2002-12-06,11.630988,11.655094,11.458231,11.651076,8.617965,1251100
5740,2002-12-09,11.6109,11.6109,11.253333,11.349755,8.395082,1789500
5741,2002-12-10,11.349755,11.470284,11.032364,11.458231,8.47532,1195500
5742,2002-12-11,11.369843,11.727411,11.160928,11.719375999999999,8.668481,1394200
5743,2002-12-12,11.691253,11.839903999999999,11.578759,11.731428,8.677399000000001,832700
5744,2002-12-13,11.630988,11.667147,11.422072,11.59483,8.576356,704700
5745,2002-12-16,11.691253,11.956415,11.691253,11.956415,8.843813,821600
5746,2002-12-17,11.952397,12.024714,11.803745,11.859992,8.77249,537500
5747,2002-12-18,11.759552000000001,11.759552000000001,11.526530000000001,11.534566,8.531783,528100
5748,2002-12-19,11.530548,11.554653,11.353773,11.406002,8.436688,692500
5749,2002-12-20,11.506442,11.530548,10.988171000000001,11.24128,8.314849,1780300
5750,2002-12-23,11.289492,11.41002,11.181016,11.381896000000001,8.418859,1569500
5751,2002-12-24,11.353773,11.401983999999999,11.269403,11.301544,8.359423,226400
5752,2002-12-26,11.305562,11.518496,11.301544,11.325649,8.377253999999999,320200
5753,2002-12-27,11.269403,11.309579,11.164946,11.193069,8.279186,463300
5754,2002-12-30,11.249315,11.357791,11.205121,11.349755,8.395082,574700
5755,2002-12-31,11.353773,11.554653,11.297526,11.462249,8.478291,570800
5756,2003-01-02,11.462249,11.719375999999999,11.462249,11.614918,8.59122,549000
5757,2003-01-03,11.514478,11.586795,11.39395,11.454213000000001,8.47235,544500
5758,2003-01-06,11.490372,11.719375999999999,11.490372,11.703305,8.656595,967400
5759,2003-01-07,11.707322999999999,11.787675,11.651076,11.699287,8.653625,1536000
5760,2003-01-08,11.699287,11.699287,11.570724,11.570724,8.558530000000001,895400
5761,2003-01-09,11.6109,11.699287,11.490372,11.490372,8.499096,793400
5762,2003-01-10,11.49439,11.49439,10.968082,11.060488000000001,8.18112,3065300
5763,2003-01-13,11.140839999999999,11.381896000000001,11.108699,11.345737,8.392109,825500
5764,2003-01-14,11.309579,11.389932,11.229227,11.301544,8.359423,637500
5765,2003-01-15,11.289492,11.293509,11.148874000000001,11.233245,8.308907000000001,662400
5766,2003-01-16,11.249315,11.349755,11.15691,11.15691,8.252445,1106000
5767,2003-01-17,11.15691,11.213157,10.988171000000001,10.988171000000001,8.127633,616800
5768,2003-01-21,10.992188,10.992188,10.646673,10.727025,7.934469,791600
5769,2003-01-22,10.706938000000001,10.710955,10.409634,10.494003999999999,7.762109,1170800
5770,2003-01-23,10.481950999999999,10.952012,10.449810000000001,10.935941999999999,8.088998,1233100
5771,2003-01-24,10.935941999999999,11.152892,10.927906,11.116734,8.222725,1796200
5772,2003-01-27,11.120751,11.261368,11.052452,11.052452,8.175179,2874200
5773,2003-01-28,11.060488000000001,11.152892,11.028346,11.07254,8.190033,1905400
5774,2003-01-29,11.07254,11.285474,11.064505,11.201103999999999,8.285132,1497800
5775,2003-01-30,11.201103999999999,11.229227,10.935941999999999,10.935941999999999,8.088998,1340000
5776,2003-01-31,10.927906,11.144857,10.855589,11.144857,8.243530999999999,1100200
5777,2003-02-03,11.132804,11.168961999999999,11.024329,11.068522,8.187066,1182800
5778,2003-02-04,11.028346,11.092628,10.927906,11.07254,8.190033,1589600
5779,2003-02-05,11.108699,11.385914,11.108699,11.269403,8.335650999999999,1627000
5780,2003-02-06,11.168961999999999,11.277438,11.120751,11.233245,8.308907000000001,1404400
5781,2003-02-07,11.249315,11.261368,10.976117,11.084593,8.198949,1222700
5782,2003-02-10,11.088611,11.301544,11.068522,11.301544,8.359423,637500
5783,2003-02-11,11.329667,11.329667,11.152892,11.197086,8.282157000000002,872500
5784,2003-02-12,11.189051,11.205121,10.980135,11.016294,8.148432000000001,589400
5785,2003-02-13,11.008258,11.120751,10.960047,11.096645,8.207869,1188300
5786,2003-02-14,11.068522,11.096645,10.851571,10.927906,8.083056,736400
5787,2003-02-18,10.960047,11.152892,10.952012,11.104681,8.213808,408500
5788,2003-02-19,11.080575,11.136822,10.947994,11.048434,8.172207,943900
5789,2003-02-20,10.947994,11.036382000000001,10.807378,10.943976,8.176703999999999,1153600
5790,2003-02-21,10.895764999999999,11.229227,10.867641,11.229227,8.389828,1269100
5791,2003-02-24,11.193069,11.217175,11.116734,11.185033,8.356809,937700
5792,2003-02-25,11.128786999999999,11.205121,10.9721,11.112717,8.302777,885000
5793,2003-02-26,11.108699,11.112717,10.923888,10.956029,8.185711999999999,736400
5794,2003-02-27,10.947994,11.028346,10.947994,11.028346,8.239742999999999,696300
5795,2003-02-28,11.128786999999999,11.25735,11.084593,11.17298,8.347800999999999,661000
5796,2003-03-03,11.229227,11.24128,10.976117,10.976117,8.200717,609500
5797,2003-03-04,10.976117,11.064505,10.976117,11.004241,8.221728,698600
5798,2003-03-05,10.988171000000001,11.07254,10.88773,11.044416,8.251749,644000
5799,2003-03-06,11.104681,11.104681,10.968082,11.07254,8.272758,543700
5800,2003-03-07,11.064505,11.470284,11.016294,11.434125,8.542919,975100
5801,2003-03-10,11.438143,11.630988,11.27342,11.357791,8.485883,1435200
5802,2003-03-11,11.357791,11.446178,11.144857,11.189051,8.359811,1318700
5803,2003-03-12,11.189051,11.189051,10.935941999999999,11.044416,8.251749,1189100
5804,2003-03-13,11.048434,11.213157,10.9721,11.168961999999999,8.344799,1324700
5805,2003-03-14,11.088611,11.168961999999999,10.915854,10.947994,8.179707,1727500
5806,2003-03-17,10.947994,11.289492,10.943976,11.217175,8.380824,2235300
5807,2003-03-18,11.389932,11.550636,11.237262,11.478319,8.575937,1318900
5808,2003-03-19,11.506442,11.538583000000001,11.406002,11.478319,8.575937,423700
5809,2003-03-20,11.478319,11.679199,11.385914,11.643041,8.699003999999999,574100
5810,2003-03-21,11.711341000000001,11.892133,11.598847,11.892133,8.885110000000001,843100
5811,2003-03-24,11.859992,11.868028,11.582777,11.663129,8.714014,902800
5812,2003-03-25,11.663129,11.952397,11.602865,11.952397,8.93014,1007600
5813,2003-03-26,11.952397,11.96445,11.614918,11.62697,8.687,738400
5814,2003-03-27,11.62697,11.892133,11.542601,11.827850999999999,8.837083999999999,893400
5815,2003-03-28,11.795711,12.201489,11.731428,12.088996,9.032198,1095900
5816,2003-03-31,12.088996,12.097032,11.811781,11.920257000000001,8.906125,1249400
5817,2003-04-01,11.920257000000001,12.249701,11.799728,12.145242999999999,9.074223,1068100
5818,2003-04-02,12.209524,12.273807000000001,12.036767,12.080961,9.026196,645400
5819,2003-04-03,12.084978,12.088996,11.912221,12.024714,8.984169,907100
5820,2003-04-04,12.052837,12.261753,12.016679,12.197472,9.113246,883400
5821,2003-04-07,12.297912,12.366211,11.988555999999999,11.988555999999999,8.957154,807500
5822,2003-04-08,11.807763000000001,11.916239,11.663129,11.691253,8.735024000000001,1210800
5823,2003-04-09,11.695269999999999,11.916239,11.695269999999999,11.735446000000001,8.768047,628100
5824,2003-04-10,11.715358,11.811781,11.715358,11.811781,8.825075,556700
5825,2003-04-11,11.811781,11.896151,11.6109,11.743482,8.774047999999999,631300
5826,2003-04-14,11.743482,11.920257000000001,11.739464,11.920257000000001,8.906125,509500
5827,2003-04-15,11.920257000000001,11.920257000000001,11.751516,11.868028,8.867105,512200
5828,2003-04-16,11.892133,11.924274,11.707322999999999,11.723393,8.759041999999999,510100
5829,2003-04-17,11.723393,11.984538,11.679199,11.976503,8.94815,479300
5830,2003-04-21,11.992574000000001,12.093014,11.956415,12.028732000000002,8.987173,446200
5831,2003-04-22,11.872045,12.285859,11.59483,12.205507,9.119246,1351600
5832,2003-04-23,12.205507,12.205507,11.892133,11.988555999999999,8.957154,757700
5833,2003-04-24,11.968468,12.004626,11.912221,11.940344999999999,8.921133,552200
5834,2003-04-25,11.940344999999999,11.940344999999999,11.514478,11.550636,8.629971000000001,978200
5835,2003-04-28,11.550636,11.771605000000001,11.546617999999999,11.771605000000001,8.795061,1250700
5836,2003-04-29,11.76357,11.76357,11.542601,11.663129,8.714014,1195500
5837,2003-04-30,11.663129,11.992574000000001,11.562689,11.912221,8.90012,1029700
5838,2003-05-01,11.851957,11.900167999999999,11.659112,11.872045,8.870103,815500
5839,2003-05-02,11.872045,12.093014,11.855974,12.04882,9.002183,736800
5840,2003-05-05,12.04882,12.097032,11.932309,11.996591,8.963161,606000
5841,2003-05-06,12.024714,12.23363,12.004626,12.153278,9.080225,786500
5842,2003-05-07,12.145242999999999,12.362194,12.076943,12.346124,9.224308,670600
5843,2003-05-08,12.346124,12.346124,12.201489,12.273807000000001,9.170283,1486300
5844,2003-05-09,12.273807000000001,12.33407,12.213542,12.261753,9.161272,1225900
5845,2003-05-12,12.261753,12.430492999999998,12.169349,12.430492999999998,9.287348,1767400
5846,2003-05-13,12.418439999999999,12.538969,12.354158,12.494775,9.335374,2299000
5847,2003-05-14,12.47067,12.643427,12.418439999999999,12.623339,9.431426,4085300
5848,2003-05-15,12.611286,12.852343,12.611286,12.852343,9.602528,1260900
5849,2003-05-16,12.852343,13.093399,12.820202,13.061258,9.758614999999999,1702600
5850,2003-05-19,13.061258,13.081347000000001,12.916624,12.936712,9.665564,1902300
5851,2003-05-20,12.936712,13.073311,12.928678,13.009029,9.719593,1817100
5852,2003-05-21,13.009029,13.177769,12.988941,13.177769,9.845664999999999,1350400
5853,2003-05-22,13.157681,13.177769,12.816184,12.884483,9.626538,1599000
5854,2003-05-23,12.908589,13.065275999999999,12.85636,13.0251,9.731602,921800
5855,2003-05-27,13.0251,13.105452,12.964835,13.037152,9.740606,1116600
5856,2003-05-28,12.936712,12.944747999999999,12.828237,12.852343,9.684597,1332200
5857,2003-05-29,12.852343,12.968853,12.715744,12.759936999999999,9.614966,895600
5858,2003-05-30,12.796096,13.04117,12.796096,13.04117,9.826880000000001,865400
5859,2003-06-02,13.045188000000001,13.205893,12.904572,13.05724,9.838989999999999,897700
5860,2003-06-03,13.077328999999999,13.262139000000001,12.996977000000001,13.262139000000001,9.99339,617400
5861,2003-06-04,13.262139000000001,13.338473,13.0251,13.197857,9.944949000000001,939800
5862,2003-06-05,13.157681,13.258121,13.005011999999999,13.254104000000002,9.987335,416100
5863,2003-06-06,13.318385000000001,13.438914000000002,13.157681,13.217945,9.960091,669000
5864,2003-06-09,13.017064999999999,13.073311,12.655479,12.920641999999999,9.73606,1008900
5865,2003-06-10,13.021082,13.185804000000001,12.944747999999999,13.145628,9.905597,387100
5866,2003-06-11,13.177769,13.599618,13.113487,13.599618,10.247686,990500
5867,2003-06-12,13.559443,13.559443,13.14161,13.294279999999999,10.017608000000001,548400
5868,2003-06-13,13.298298,13.374632,13.04117,13.137592999999999,9.899541000000001,406500
5869,2003-06-16,13.250085999999998,13.374632,13.14161,13.370614000000002,10.075128,452100
5870,2003-06-17,13.358562,13.406773000000001,13.250085999999998,13.366597,10.0721,446000
5871,2003-06-18,13.338473,13.487125,13.270173999999999,13.314368,10.032748,431600
5872,2003-06-19,13.274192000000001,13.306332999999999,13.061258,13.205893,9.951011,664500
5873,2003-06-20,13.205893,13.254104000000002,13.109469,13.109469,9.878349,915900
5874,2003-06-23,13.129558,13.145628,12.952783,13.013047,9.805689,553900
5875,2003-06-24,12.072925999999999,12.771989999999999,12.060872999999999,12.58718,9.484789,2328700
5876,2003-06-25,12.591198,12.659497,12.354158,12.438528,9.372774,1353700
5877,2003-06-26,12.358176,12.494775,12.277823,12.454597999999999,9.384886999999999,945500
5878,2003-06-27,12.454597999999999,12.583162,12.430492999999998,12.462634,9.390939999999999,703500
5879,2003-06-30,12.48674,12.579144,12.281841,12.326035000000001,9.28801,793600
5880,2003-07-01,12.318,12.635391,12.205507,12.635391,9.521115,1040300
5881,2003-07-02,12.635391,12.635391,12.522899,12.559056,9.463598,955900
5882,2003-07-03,12.559056,12.719761,12.498793,12.575128,9.475705,325800
5883,2003-07-07,12.615302999999999,12.711725999999999,12.563074,12.651461999999999,9.533230999999999,580400
5884,2003-07-08,12.615302999999999,12.872431,12.563074,12.820202,9.660376,1337100
5885,2003-07-09,12.599233,12.996977000000001,12.599233,12.980906,9.781473,818000
5886,2003-07-10,12.880466,12.880466,12.603251,12.615302999999999,9.505981,705700
5887,2003-07-11,12.615302999999999,12.743867,12.518881,12.595215,9.490844000000001,1061400
5888,2003-07-14,12.695656,12.695656,12.50281,12.526916,9.439375,671200
5889,2003-07-15,12.534951,12.583162,12.454597999999999,12.478703999999999,9.403048,1022000
5890,2003-07-16,12.422458,12.518881,12.394335,12.454597999999999,9.384886999999999,781600
5891,2003-07-17,12.458616000000001,12.571110000000001,12.414423,12.547004,9.454513,853100
5892,2003-07-18,12.494775,12.619321000000001,12.414423,12.434511,9.369752,1008300
5893,2003-07-21,12.438528,12.482722,12.237648,12.273807000000001,9.248654,1075100
5894,2003-07-22,12.253718,12.707708,12.161313,12.466652,9.393963000000001,940800
5895,2003-07-23,12.58718,12.58718,12.382282,12.398353,9.342503,688800
5896,2003-07-24,12.438528,12.591198,12.326035000000001,12.366211,9.31828,635000
5897,2003-07-25,12.366211,12.474687,12.293895,12.434511,9.369752,931000
5898,2003-07-28,12.438528,12.567092,12.402369,12.506827000000001,9.424242,733500
5899,2003-07-29,12.506827000000001,12.739849000000001,12.414423,12.703691000000001,9.572583,1007800
5900,2003-07-30,12.751903,12.796096,12.639408999999999,12.759936999999999,9.614966,639700
5901,2003-07-31,12.84029,13.390702,12.836272,13.173751999999999,9.926788,1428500
5902,2003-08-01,13.077328999999999,13.109469,12.960818,12.972871000000001,9.775417,999500
5903,2003-08-04,12.916624,13.021082,12.751903,12.936712,9.74817,1087400
5904,2003-08-05,12.896536,12.9568,12.800114,12.896536,9.717898,1221200
5905,2003-08-06,12.9568,13.05724,12.864395,12.916624,9.733029,539600
5906,2003-08-07,12.916624,13.117505,12.880466,13.045188000000001,9.829908999999999,823700
5907,2003-08-08,13.097417,13.201875,12.988941,13.165716,9.920732000000001,773000
5908,2003-08-11,13.266156,13.282226999999999,13.117505,13.213926999999998,9.957059,684300
5909,2003-08-12,13.217945,13.446948999999998,13.145628,13.430879000000001,10.120541000000001,814300
5910,2003-08-13,13.434895999999998,13.459001999999998,13.282226999999999,13.422842999999999,10.114484,665900
5911,2003-08-14,13.37865,13.394720000000001,13.306332999999999,13.342491,10.053938,733100
5912,2003-08-15,13.338473,13.370614000000002,13.201875,13.338473,10.050908999999999,464100
5913,2003-08-18,13.358562,13.410789999999999,13.334456,13.350527,10.059992999999999,858600
5914,2003-08-19,13.394720000000001,13.422842999999999,13.298298,13.37865,10.081184,852500
5915,2003-08-20,13.37865,13.398738,13.238032999999998,13.338473,10.050908999999999,1782500
5916,2003-08-21,13.258121,13.410789999999999,13.213926999999998,13.298298,10.104330000000001,773400
5917,2003-08-22,13.398738,13.398738,12.916624,13.125539999999999,9.973061999999999,850300
5918,2003-08-25,13.165716,13.177769,13.017064999999999,13.121523000000002,9.970011,598200
5919,2003-08-26,13.145628,13.169734,12.924660000000001,13.145628,9.988322,594500
5920,2003-08-27,13.258121,13.258121,13.157681,13.217945,10.043275999999999,1335500
5921,2003-08-28,13.225980999999999,13.254104000000002,13.073311,13.246069,10.064647,383400
5922,2003-08-29,13.246069,13.318385000000001,13.177769,13.282226999999999,10.092116,455600
5923,2003-09-02,13.322403,13.591582999999998,13.278210000000001,13.571495,10.311908,891100
5924,2003-09-03,13.579531,13.800498999999999,13.531319,13.792464,10.479805,1456700
5925,2003-09-04,13.748270000000002,13.748270000000002,13.603635999999998,13.700059,10.409595,733100
5926,2003-09-05,13.700059,13.740234,13.567476999999998,13.619705999999999,10.348536,595800
5927,2003-09-08,13.720147,13.86478,13.639794,13.808535000000001,10.492019,733300
5928,2003-09-09,13.728182,13.748270000000002,13.627742000000001,13.675953,10.391283,582500
5929,2003-09-10,13.700059,13.760323000000001,13.607654,13.712110999999998,10.418754,1060400
5930,2003-09-11,13.659882999999999,13.667917999999998,13.551407000000001,13.587565,10.324119,1122300
5931,2003-09-12,13.563460000000001,13.623724,13.471054999999998,13.583548,10.321067,333300
5932,2003-09-15,13.559443,13.599618,13.487125,13.527301999999999,10.278332,351700
5933,2003-09-16,13.499178,13.671935000000001,13.47909,13.63176,10.357702,685900
5934,2003-09-17,13.659882999999999,13.679970999999998,13.563460000000001,13.571495,10.311908,599000
5935,2003-09-18,13.639794,13.659882999999999,13.559443,13.659882999999999,10.379064,434700
5936,2003-09-19,13.659882999999999,13.748270000000002,13.579531,13.659882999999999,10.379064,596400
5937,2003-09-22,13.659882999999999,13.700059,13.519266,13.563460000000001,10.305800999999999,435100
5938,2003-09-23,13.567476999999998,13.579531,13.47909,13.47909,10.2417,778700
5939,2003-09-24,13.579531,13.591582999999998,13.463019000000001,13.507214000000001,10.263066,617600
5940,2003-09-25,13.467037,13.563460000000001,13.318385000000001,13.318385000000001,10.119589999999999,397300
5941,2003-09-26,13.246069,13.422842999999999,13.177769,13.326421,10.125697,505000
5942,2003-09-29,13.298298,13.459001999999998,13.298298,13.374632,10.162328,403000
5943,2003-09-30,13.334456,13.342491,13.065275999999999,13.197857,10.028012,1500000
5944,2003-10-01,13.418826000000001,13.615689000000001,13.334456,13.611671,10.342433999999999,1314000
5945,2003-10-02,13.659882999999999,14.306718,13.639794,14.230383999999999,10.812545,2890400
5946,2003-10-03,14.330824,14.555810000000001,14.318771,14.33886,10.894967,2547400
5947,2003-10-06,14.342876,14.403141,14.290648000000001,14.358947,10.910232,1056500
5948,2003-10-07,14.358947,14.379035,13.973256,14.330824,10.888860000000001,1238600
5949,2003-10-08,14.342876,14.383053,14.322788000000001,14.342876,10.898024000000001,1070400
5950,2003-10-09,14.383053,14.415194,14.362964999999999,14.383053,10.928544,1484700
5951,2003-10-10,14.383053,14.443317,14.366982,14.383053,10.928544,775200
5952,2003-10-13,14.383053,14.423229000000001,14.334842000000002,14.35493,10.907176,1580000
5953,2003-10-14,14.35493,14.403141,14.322788000000001,14.391088,10.934652999999999,1962200
5954,2003-10-15,14.495546,14.648214999999999,14.483493,14.595985999999998,11.090334,880700
5955,2003-10-16,14.636163,14.820972,14.608039000000002,14.768744,11.221602,1037500
5956,2003-10-17,14.833025,14.945518,14.620092000000001,14.656251000000001,11.136128,999300
5957,2003-10-20,14.72455,14.812938,14.652232999999999,14.760709,11.2155,527500
5958,2003-10-21,14.503581,14.604021,14.101820000000002,14.543757000000001,11.050654,1819500
5959,2003-10-22,14.443317,14.443317,14.262525,14.350912,10.904128,1442200
5960,2003-10-23,14.350912,14.371,14.18619,14.302701,10.867492,1179700
5961,2003-10-24,14.282613000000001,14.362964999999999,14.141995999999999,14.334842000000002,10.891921,1441600
5962,2003-10-27,14.334842000000002,14.543757000000001,14.278595000000001,14.475457999999998,10.998758,1348600
5963,2003-10-28,14.551792,14.648214999999999,14.463404999999998,14.624108999999999,11.11171,1486800
5964,2003-10-29,14.604021,14.728567000000002,14.604021,14.728567000000002,11.191077,568200
5965,2003-10-30,14.712497,14.921412,14.712497,14.885254999999999,11.310132000000001,1318500
5966,2003-10-31,14.897307000000001,15.041942,14.841060999999998,14.961589000000002,11.368134,1308500
5967,2003-11-03,15.005783,15.094171,14.909360000000001,14.977659,11.380339,702500
5968,2003-11-04,14.953554,14.953554,14.82499,14.853113,11.285707,1077500
5969,2003-11-05,14.837043,14.885254999999999,14.760709,14.845077999999999,11.279603999999999,1479000
5970,2003-11-06,14.845077999999999,15.16247,14.82499,15.154434,11.514658,1683600
5971,2003-11-07,15.387456,15.439685,15.250857,15.351297,11.664239,1074900
5972,2003-11-10,16.07045,16.114643,15.720918,15.757076000000001,11.972557,3488000
5973,2003-11-11,15.789217,15.809304999999998,15.467807999999998,15.512001999999999,11.786347,2659800
5974,2003-11-12,15.512001999999999,15.696812,15.467807999999998,15.688776999999998,11.920664,687800
5975,2003-11-13,15.688776999999998,15.849482,15.660654000000001,15.849482,12.042769999999999,586000
5976,2003-11-14,15.809304999999998,15.965992000000002,15.676723999999998,15.708865,11.935926,442100
5977,2003-11-17,15.608424,15.648601000000001,15.395492,15.552178,11.816872,1225500
5978,2003-11-18,15.608424,15.628511999999999,15.459773,15.507984,11.783292,576400
5979,2003-11-19,15.507984,15.636548000000001,15.427632000000001,15.544143,11.810765,802600
5980,2003-11-20,15.507984,15.624495999999999,15.331209,15.516020000000001,11.873794,864400
5981,2003-11-21,15.588337,15.7169,15.507984,15.588337,11.929136999999999,632200
5982,2003-11-24,15.688776999999998,15.853499,15.640566,15.785198999999999,12.079784,736600
5983,2003-11-25,15.785198999999999,15.869570000000001,15.712882999999998,15.789217,12.08286,858600
5984,2003-11-26,15.789217,16.030273,15.789217,15.978045000000002,12.227361,575500
5985,2003-11-28,15.949922,15.978045000000002,15.893675,15.965992000000002,12.218139,173500
5986,2003-12-01,16.010185,16.303473,16.010185,16.287401000000003,12.4641,776900
5987,2003-12-02,16.283383999999998,16.343647,16.259276999999997,16.311506,12.482547,996800
5988,2003-12-03,16.291418,16.387842000000003,16.231154999999998,16.315525,12.485619999999999,981500
5989,2003-12-04,16.279366,16.415964000000002,16.243208,16.399895,12.550189999999999,890500
5990,2003-12-05,16.351682999999998,16.40793,16.303473,16.391859,12.544038,500300
5991,2003-12-08,16.371771,16.628899,16.355701,16.592739,12.697766,506900
5992,2003-12-09,16.311506,16.721304,16.311506,16.476229,12.608601,999300
5993,2003-12-10,16.480247,16.524441,16.391859,16.472212,12.605531,636000
5994,2003-12-11,16.432035,16.769514,16.432035,16.717285,12.793073,710600
5995,2003-12-12,16.592739,16.80969,16.520422,16.769514,12.833041,660200
5996,2003-12-15,16.869954999999997,16.902096,16.713268,16.741392,12.811517,740300
5997,2003-12-16,16.841831,16.869954999999997,16.77755,16.785585,12.845343,1313800
5998,2003-12-17,16.853884,16.986465,16.757462,16.97843,12.992915,913800
5999,2003-12-18,16.954325,17.460545,16.914148,17.436438,13.343410999999998,1055300
6000,2003-12-19,17.456526,17.468578,17.356087,17.396263,13.312667000000001,1081400
6001,2003-12-22,17.295822,17.452509,17.295822,17.444473000000002,13.349565,580400
6002,2003-12-23,17.444473000000002,17.48465,17.352068,17.460545,13.361857999999998,781000
6003,2003-12-24,17.388227,17.512774,17.388227,17.472597,13.371082999999999,302500
6004,2003-12-26,17.472597,17.577054999999998,17.448492,17.577054999999998,13.451023000000001,204100
6005,2003-12-29,17.577054999999998,17.898464,17.540895000000003,17.890429,13.690828,790000
6006,2003-12-30,17.890429,17.890429,17.661425,17.757847,13.589373000000002,804900
6007,2003-12-31,17.757847,17.757847,17.565002,17.701601,13.546332000000001,700200
6008,2004-01-02,17.657408,17.781954000000002,17.569019,17.649372,13.506364999999999,634600
6009,2004-01-05,17.8382,18.027027,17.717670000000002,18.02301,13.79229,1435500
6010,2004-01-06,18.002922,18.002922,17.789988,17.926586,13.718503,620700
6011,2004-01-07,17.806059,17.878376,17.717670000000002,17.806059,13.626266000000001,854500
6012,2004-01-08,17.785971,17.878376,17.785971,17.874357,13.678535,692500
6013,2004-01-09,17.878376,17.914534,17.709637,17.814095000000002,13.632412,831700
6014,2004-01-12,17.794006,17.954710000000002,17.777935,17.858288,13.666239000000001,366200
6015,2004-01-13,17.862305,18.239962,17.862305,18.19175,13.921419,1322800
6016,2004-01-14,18.099344,18.187732999999998,18.018991,18.187732999999998,13.918349,890900
6017,2004-01-15,18.139521,18.412717999999998,18.139521,18.380577,14.065920000000002,917700
6018,2004-01-16,18.440842,18.573423000000002,18.420753,18.481018,14.142789000000002,706800
6019,2004-01-20,18.380577,18.681898,18.380577,18.681898,14.296513000000001,656500
6020,2004-01-21,18.641722,18.842604,18.521194,18.762251000000003,14.358001999999999,551800
6021,2004-01-22,18.738144000000002,18.738144000000002,18.468966,18.581457,14.219651,844900
6022,2004-01-23,18.561369,18.722075,18.456910999999998,18.649757,14.271920000000001,849400
6023,2004-01-26,18.983219000000002,19.172047,18.677881,19.107765,14.622414000000001,2033300
6024,2004-01-27,19.027411999999998,19.276505,18.971167,19.083660000000002,14.603960999999998,1019300
6025,2004-01-28,18.802426999999998,19.264452,18.802426999999998,18.943043,14.496362,1517800
6026,2004-01-29,18.943043,19.027411999999998,18.633685999999997,18.722075,14.327260999999998,1034000
6027,2004-01-30,18.400665,18.677881,18.400665,18.605564,14.238092000000002,848800
6028,2004-02-02,18.481018,18.557351999999998,18.336384,18.372541000000002,14.059776000000001,1612100
6029,2004-02-03,18.380577,18.481018,18.26005,18.296207,14.001357999999998,823900
6030,2004-02-04,18.215854999999998,18.252014000000003,18.03908,18.095326999999997,13.847632,752600
6031,2004-02-05,18.15559,18.352453,18.115416,18.175678,13.909127,767300
6032,2004-02-06,18.203802,18.268083999999998,18.03908,18.268083999999998,13.979841,769500
6033,2004-02-09,18.268083999999998,18.573423000000002,18.239962,18.553335,14.198129000000002,829400
6034,2004-02-10,18.533247,18.629669,18.432806,18.5453,14.191985,1177500
6035,2004-02-11,18.444859,18.878760999999997,18.444859,18.838585000000002,14.416421,836400
6036,2004-02-12,18.842604,18.858673,18.685914999999998,18.774303,14.367229,324700
6037,2004-02-13,18.742163,18.834568,18.601545,18.641722,14.265761999999999,521800
6038,2004-02-17,18.742163,18.991255,18.742163,18.963131,14.511729,849000
6039,2004-02-18,18.955095,19.055536,18.802426999999998,19.003307,14.542476,862700
6040,2004-02-19,18.939026000000002,19.099729999999997,18.754215,18.802426999999998,14.472888000000001,1126800
6041,2004-02-20,18.922954999999998,18.943043,18.681898,18.830548999999998,14.494528,602500
6042,2004-02-23,18.782339,18.838585000000002,18.665829000000002,18.798409,14.4698,821600
6043,2004-02-24,18.810461,18.979201999999997,18.718058,18.830548999999998,14.494528,480500
6044,2004-02-25,18.882778,19.031431,18.734126999999997,18.99929,14.624423,666900
6045,2004-02-26,18.983219000000002,19.172047,18.963131,19.115801,14.714103,824300
6046,2004-02-27,19.083660000000002,19.248381,19.043484,19.248381,14.816162,1203900
6047,2004-03-01,19.248381,19.802813,19.248381,19.714423999999998,15.174894,990700
6048,2004-03-02,19.605949,19.742548,19.48542,19.626038,15.106857999999999,1126200
6049,2004-03-03,19.585860999999998,19.863077,19.545685,19.754601,15.205813000000001,1072000
6050,2004-03-04,19.766653,19.83897,19.626038,19.754601,15.205813000000001,422200
6051,2004-03-05,19.537649,19.750584,19.537649,19.686301999999998,15.153239000000001,1155000
6052,2004-03-08,19.646126000000002,19.802813,19.557737,19.593897,15.082117000000002,515700
6053,2004-03-09,19.565773,19.605949,19.380962,19.441226999999998,14.964595999999998,618100
6054,2004-03-10,19.605949,19.605949,19.115801,19.232311,14.803787,993100
6055,2004-03-11,19.232311,19.232311,18.818497,18.882778,14.534739000000002,1316300
6056,2004-03-12,18.86269,19.019377,18.850637,19.007324,14.630602,764400
6057,2004-03-15,19.007324,19.043484,18.5453,18.585476,14.305897,860100
6058,2004-03-16,18.585476,18.782339,18.440842,18.697969,14.392487,1054900
6059,2004-03-17,18.697969,18.786356,18.621634,18.718058,14.407953,759100
6060,2004-03-18,18.718058,18.810461,18.541283,18.766268,14.445059,775600
6061,2004-03-19,20.610352,20.971937,19.228294,19.549702,15.048095000000002,6902100
6062,2004-03-22,19.489439,19.666214,19.348822,19.597914000000003,15.085203,2021900
6063,2004-03-23,19.43721,19.525597,18.979201999999997,19.151958,14.741935999999999,2128000
6064,2004-03-24,19.184099,19.208206,18.738144000000002,18.802426999999998,14.472888000000001,1384800
6065,2004-03-25,18.762251000000003,18.858673,18.440842,18.50914,14.247132999999998,1655000
6066,2004-03-26,18.521194,18.597528,18.368525,18.481018,14.225492000000001,1129900
6067,2004-03-29,18.481018,18.951078,18.476999,18.569405,14.293529000000001,1439700
6068,2004-03-30,18.581457,18.714039,18.448877,18.597528,14.315176999999998,1206100
6069,2004-03-31,18.6136,18.790373000000002,18.541283,18.677881,14.377025,1957100
6070,2004-04-01,18.681898,18.943043,18.6136,18.649757,14.355379999999998,1171400
6071,2004-04-02,18.649757,18.842604,18.621634,18.66181,14.364652,1374900
6072,2004-04-05,18.653774,18.822515,18.649757,18.790373000000002,14.463613,1386200
6073,2004-04-06,18.782339,18.866709,18.73011,18.802426999999998,14.472888000000001,949600
6074,2004-04-07,18.722075,18.770287,18.553335,18.573423000000002,14.296617999999999,886600
6075,2004-04-08,18.593512,18.742163,18.537264,18.609581,14.324454000000001,740500
6076,2004-04-12,18.581457,18.830548999999998,18.581457,18.762251000000003,14.441964000000002,692500
6077,2004-04-13,18.822515,19.011343,18.589493,18.665829000000002,14.367742999999999,851100
6078,2004-04-14,18.653774,18.653774,18.356472,18.360489,14.132710000000001,890900
6079,2004-04-15,18.400665,18.448877,18.243979,18.30826,14.092512,608700
6080,2004-04-16,18.320313,18.320313,18.199785000000002,18.26005,14.055403,969400
6081,2004-04-19,18.26005,18.312279,18.22389,18.292191,14.080141000000001,681400
6082,2004-04-20,18.481018,18.501106,18.304243,18.380577,14.148175,1377800
6083,2004-04-21,18.360489,18.561369,18.360489,18.440842,14.194567999999999,1975700
6084,2004-04-22,18.460929999999998,19.164011,18.412717999999998,19.059553,14.670805999999999,1892100
6085,2004-04-23,19.043484,19.336769,18.918938,19.328733,14.878008,2023100
6086,2004-04-26,19.364893,20.168415,19.324717,19.650143,15.125409,4798600
6087,2004-04-27,19.585860999999998,19.698355,19.43721,19.553720000000002,15.051188,1947700
6088,2004-04-28,19.509527,19.593897,19.376945000000003,19.384981,14.921303,2227700
6089,2004-04-29,19.388998,19.513544,19.164011,19.28454,14.843998000000001,1592600
6090,2004-04-30,19.244364,19.469351,19.039465,19.244364,14.813066000000001,1980200
6091,2004-05-03,19.204187,19.248381,19.059553,19.164011,14.751211999999999,899300
6092,2004-05-04,19.164011,19.356857,19.151958,19.356857,14.899654,1941800
6093,2004-05-05,19.360874,19.630054,19.360874,19.529615,15.03263,1510900
6094,2004-05-06,19.465332,19.481403,19.172047,19.376945000000003,14.915117,866200
6095,2004-05-07,19.364893,19.425156,18.629669,18.653774,14.358467999999998,1397200
6096,2004-05-10,18.481018,18.481018,17.874357,18.256031,14.052311999999999,1691400
6097,2004-05-11,18.227907000000002,18.621634,18.22389,18.621634,14.333725,982300
6098,2004-05-12,18.481018,18.485035,17.886412,18.256031,14.052311999999999,2008800
6099,2004-05-13,18.239962,18.472982000000002,18.207821,18.384594,14.151270000000002,899100
6100,2004-05-14,18.340401,18.476999,18.175678,18.39263,14.15745,842100
6101,2004-05-17,18.199785000000002,18.231926,17.99087,18.099344,13.931705,760700
6102,2004-05-18,18.139521,18.163626,17.818111,17.938641,13.807998999999999,1090000
6103,2004-05-19,18.179697,18.272102,17.866323,17.874357,13.758517000000001,958200
6104,2004-05-20,17.898464,17.994885999999997,17.777935,17.834183,13.727599,550600
6105,2004-05-21,17.958729,18.02301,17.810076000000002,17.862305,13.749248000000001,687100
6106,2004-05-24,17.958729,18.175678,17.902480999999998,18.075239,13.913144,1052000
6107,2004-05-25,18.099344,18.549316,17.898464,18.537264,14.268788,1579100
6108,2004-05-26,18.424770000000002,18.930989999999998,18.424770000000002,18.766268,14.531666,1128400
6109,2004-05-27,18.766268,19.28454,18.762251000000003,19.003307,14.715213,1804000
6110,2004-05-28,18.802426999999998,19.043484,18.766268,18.943043,14.668551,805900
6111,2004-06-01,18.902866,19.208206,18.822515,19.184099,14.855208,1202000
6112,2004-06-02,19.184099,19.409086,19.176064999999998,19.236328,14.895657,839200
6113,2004-06-03,19.103748,19.184099,18.959114000000003,18.983219000000002,14.699665,675900
6114,2004-06-04,19.003307,19.232311,18.99929,19.184099,14.855208,1029100
6115,2004-06-07,19.164011,19.746565,19.143923,19.686301999999998,15.244094,2882200
6116,2004-06-08,19.786741,20.417507,19.766653,20.325101999999998,15.738745000000002,3674700
6117,2004-06-09,20.084045,20.646511,20.084045,20.465717,15.847632999999998,2439300
6118,2004-06-10,20.449648,20.590263,20.413488,20.590263,15.944072,1305900
6119,2004-06-14,20.530001000000002,20.558123000000002,20.409472,20.449648,15.835184,1379900
6120,2004-06-15,20.501877,20.658564000000002,20.489824,20.610352,15.959631,1383900
6121,2004-06-16,20.610352,20.911673,20.610352,20.891583999999998,16.177404,1129900
6122,2004-06-17,20.871496,21.028185,20.779093,20.992025,16.255182,1177900
6123,2004-06-18,21.012114,21.433962,21.012114,21.068359,16.314297,2769000
6124,2004-06-21,21.032201999999998,21.096483,20.867479,20.891583999999998,16.177404,1796000
6125,2004-06-22,20.931760999999998,21.13666,20.899620000000002,21.1005,16.339174,1470600
6126,2004-06-23,21.05229,21.092466,20.74695,21.068359,16.314297,1817900
6127,2004-06-24,21.148712,21.176835999999998,20.775074,20.819267,16.121403,1178900
6128,2004-06-25,20.823286,20.951849,20.706776,20.706776,16.03429,1536400
6129,2004-06-28,20.787126999999998,20.895603,20.642492,20.69874,16.028074,778900
6130,2004-06-29,20.670616,20.951849,20.562141,20.775074,16.087185,1377600
6131,2004-06-30,21.080414,21.229065,20.730881,21.217012,16.429398000000003,1158300
6132,2004-07-01,21.217012,21.293346,21.05229,21.217012,16.429398000000003,953100
6133,2004-07-02,21.192905,21.458069000000002,21.152729,21.417892000000002,16.584946,903400
6134,2004-07-06,21.458069000000002,21.582615,21.281294,21.309418,16.500956,1026700
6135,2004-07-07,21.309418,21.554491,21.305398999999998,21.494226,16.644054,886600
6136,2004-07-08,21.373699,21.458069000000002,21.233082,21.265223000000002,16.466743,1098200
6137,2004-07-09,21.333523,21.393787,21.172817000000002,21.204957999999998,16.420060999999997,857400
6138,2004-07-12,21.192905,21.301382,21.080414,21.225046,16.435623,709000
6139,2004-07-13,21.212994000000002,21.212994000000002,21.056307,21.108535999999997,16.345398,920000
6140,2004-07-14,21.092466,21.25317,21.032201999999998,21.233082,16.441845,1088600
6141,2004-07-15,21.225046,21.293346,21.112555,21.192905,16.410729999999997,1201600
6142,2004-07-16,21.353610999999997,21.413876000000002,21.273258,21.317451000000002,16.507172,1259300
6143,2004-07-19,21.353610999999997,21.357628,21.180853,21.249153,16.454288000000002,904600
6144,2004-07-20,21.233082,21.45405,21.124607,21.393787,16.566282,951400
6145,2004-07-21,21.393787,21.441998,20.734898,20.734898,16.056078,1155200
6146,2004-07-22,20.738916,21.084431,20.738916,20.895603,16.180517000000002,1338400
6147,2004-07-23,20.943813000000002,20.96792,20.63044,20.907656,16.189844,1021500
6148,2004-07-26,21.634844,21.634844,20.750969,20.923725,16.202291,2608900
6149,2004-07-27,20.992025,21.204957999999998,20.903639000000002,21.092466,16.332954,1094500
6150,2004-07-28,21.05229,21.096483,20.855427,21.028185,16.283179999999998,612700
6151,2004-07-29,20.988007999999997,21.144695000000002,20.903639000000002,21.008097,16.267626,916900
6152,2004-07-30,21.060326,21.116571,20.891583999999998,21.000061,16.261402,577600
6153,2004-08-02,20.971937,20.975954,20.678652,20.823286,16.124514,1119200
6154,2004-08-03,20.903639000000002,21.05229,20.795162,21.036219,16.289398000000002,1127400
6155,2004-08-04,21.032201999999998,21.072378,20.803198000000002,20.907656,16.189844,967800
6156,2004-08-05,20.947832000000002,20.963901999999997,20.317066,20.369295,15.772966,1354300
6157,2004-08-06,20.369295,20.369295,19.802813,19.818882000000002,15.346756,1816200
6158,2004-08-09,19.867094,20.329119,19.867094,20.112167000000003,15.573860999999999,861100
6159,2004-08-10,20.232697,20.236713,20.039852,20.14431,15.598747,911800
6160,2004-08-11,20.128239,20.132255999999998,19.786741,19.975569,15.468085,1480000
6161,2004-08-12,20.07601,20.07601,19.714423999999998,19.750584,15.293873999999999,872500
6162,2004-08-13,19.762635999999997,19.798794,19.445244,19.714423999999998,15.265872,1270700
6163,2004-08-16,19.686301999999998,20.080026999999998,19.686301999999998,20.059938,15.53341,920000
6164,2004-08-17,20.088062,20.140291,19.911286999999998,19.927359,15.430751,1097600
6165,2004-08-18,19.927359,20.07601,19.646126000000002,20.047886,15.524084,1167700
6166,2004-08-19,19.90727,20.00771,19.887182,19.975569,15.5538,479100
6167,2004-08-20,19.999676,20.389383,19.975569,20.357243,15.850983,914000
6168,2004-08-23,20.329119,20.369295,20.031816,20.039852,15.603845000000002,746800
6169,2004-08-24,20.100115,20.321085,20.100115,20.212608,15.738370999999999,712900
6170,2004-08-25,20.252785,20.638475,20.236713,20.610352,16.048065,1014200
6171,2004-08-26,20.61437,20.61437,20.465717,20.521964999999998,15.979251000000001,621300
6172,2004-08-27,20.570176999999997,20.666598999999998,20.54607,20.634459,16.066845,629300
6173,2004-08-30,20.634459,20.654547,20.216627,20.232697,15.754010000000001,700000
6174,2004-08-31,20.212608,20.722845,20.212608,20.66258,16.088735999999997,998600
6175,2004-09-01,20.654547,21.176835999999998,20.654547,21.004078,16.354637,1413000
6176,2004-09-02,20.98399,21.080414,20.879532,21.01613,16.364020999999997,1104300
6177,2004-09-03,21.05229,21.277275,21.05229,21.120588,16.44536,823700
6178,2004-09-07,21.040237,21.116571,20.923725,21.092466,16.423466,1217600
6179,2004-09-08,21.048271,21.05229,20.759005,20.835339,16.223257,1293600
6180,2004-09-09,20.891583999999998,21.172817000000002,20.891583999999998,21.116571,16.442235999999998,1758400
6181,2004-09-10,21.237101000000003,21.237101000000003,20.895603,20.951849,16.313971,795700
6182,2004-09-13,21.032201999999998,21.144695000000002,20.951849,21.004078,16.354637,987000
6183,2004-09-14,21.004078,21.184872,20.855427,21.148712,16.467257,1657800
6184,2004-09-15,21.112555,21.952234,21.112555,21.823671,16.992811,5717000
6185,2004-09-16,21.783495000000002,22.088832999999997,21.719213,22.020535,17.146095000000003,1933800
6186,2004-09-17,22.088832999999997,22.305784,22.008482,22.036604,17.158602,2123100
6187,2004-09-20,21.936165,21.940182,21.75939,21.871883,17.030348,1446900
6188,2004-09-21,21.695107999999998,22.193291000000002,21.695107999999998,22.189273999999997,17.277480999999998,1540100
6189,2004-09-22,22.116957,22.141061999999998,21.879917000000003,22.080799,17.193027,1490200
6190,2004-09-23,22.000446,22.004463,21.69109,21.851795000000003,17.014708,1388600
6191,2004-09-24,21.735283,22.233467,21.707161,22.056692,17.17425,1794000
6192,2004-09-27,21.996429,22.181238,21.847776,22.120975,17.224301999999998,1395000
6193,2004-09-28,22.317837,22.78388,22.273643,22.739687,17.706057,2197500
6194,2004-09-29,22.659334,22.659334,22.329891,22.442383,17.474564,1105500
6195,2004-09-30,22.378101,22.631211999999998,22.317837,22.530770999999998,17.543383,1510700
6196,2004-10-01,22.5147,22.574965,22.410242,22.498631,17.518353,920000
6197,2004-10-04,22.538807000000002,22.675406,22.394173000000002,22.394173000000002,17.437025,1412400
6198,2004-10-05,22.434348999999997,22.570948,22.116957,22.470507,17.496464000000003,1304800
6199,2004-10-06,22.498631,23.153502,22.498631,23.109306,17.99386,2009200
6200,2004-10-07,23.181623000000002,23.229836,22.578982999999997,22.791916,17.746727,1625300
6201,2004-10-08,22.719599,22.727634,22.241503,22.349979,17.402617000000003,1594500
6202,2004-10-11,22.418278,22.667370000000002,22.165169,22.249538,17.3244,1556500
6203,2004-10-12,22.241503,22.277662,22.020535,22.249538,17.3244,1371900
6204,2004-10-13,22.249538,22.249538,21.614756,22.004463,17.133577,2263100
6205,2004-10-14,21.964287,22.185257,21.8759,22.052675,17.171118,951800
6206,2004-10-15,22.096869,22.31382,21.948217,22.104904,17.21179,774000
6207,2004-10-18,22.07678,22.370066,21.996429,22.22945,17.308764,1119200
6208,2004-10-19,22.233467,22.699510999999998,21.952234,21.988394,17.121064999999998,1379000
6209,2004-10-20,21.956253,22.370066,21.948217,22.337925,17.393232,1578700
6210,2004-10-21,22.137045,22.611124,22.036604,22.370066,17.418249,1299300
6211,2004-10-22,22.39819,22.900391,22.39819,22.643265,17.630976,1279500
6212,2004-10-25,22.900391,22.900391,21.980358,22.080799,17.193027,5180500
6213,2004-10-26,22.181238,22.639246,21.900005,22.558895,17.565281,2233800
6214,2004-10-27,22.578982999999997,23.069132,22.570948,22.920479,17.846829999999997,2055600
6215,2004-10-28,22.840128,22.972707999999997,22.530770999999998,22.759775,17.721695,1138900
6216,2004-10-29,22.940567,23.257959,22.940567,23.149483,18.025139000000003,1509000
6217,2004-11-01,23.229836,23.354382,22.864233,22.980743,17.893755,1200600
6218,2004-11-02,22.980743,23.181623000000002,22.763792000000002,22.836109,17.781136,1311400
6219,2004-11-03,23.077166000000002,23.177607000000002,22.864233,22.928514,17.853081,1071200
6220,2004-11-04,22.93655,23.378487,22.876286,23.326258,18.162788,975300
6221,2004-11-05,23.40661,23.780248999999998,23.386522,23.474911,18.278532000000002,1679700
6222,2004-11-08,23.402594,23.410626999999998,23.008867000000002,23.028955,17.931295000000002,1061200
6223,2004-11-09,23.028955,23.141448999999998,22.900391,22.948603,17.868725,1154000
6224,2004-11-10,22.900391,23.101273000000003,22.860216,22.928514,17.853081,1266000
6225,2004-11-11,23.02092,23.145466,22.980743,23.085201,17.975089999999998,888700
6226,2004-11-12,23.20573,23.286081,23.041007999999998,23.233852,18.090834,720500
6227,2004-11-15,23.274029000000002,23.418663000000002,23.169570999999998,23.30617,18.147139000000003,1666200
6228,2004-11-16,23.326258,23.430716,22.900391,22.920479,17.846829999999997,997400
6229,2004-11-17,22.900391,23.318224,22.900391,23.109306,17.99386,730700
6230,2004-11-18,23.097254,23.499016,23.077166000000002,23.274029000000002,18.209175,1099800
6231,2004-11-19,23.294117,23.382505,23.061096,23.177607000000002,18.133739000000002,702100
6232,2004-11-22,23.217782999999997,23.828460999999997,23.177607000000002,23.828460999999997,18.64295,1123300
6233,2004-11-23,23.744089000000002,23.965059,23.563297,23.736055,18.570644,1204100
6234,2004-11-24,23.736055,23.816406,23.551245,23.631598,18.488924,694700
6235,2004-11-26,23.57535,24.005236,23.57535,23.9289,18.721529,345000
6236,2004-11-29,23.9289,24.161922,23.707932,24.04541,18.812681,1106000
6237,2004-11-30,24.005236,24.04541,23.764177,23.764177,18.592663,698000
6238,2004-12-01,23.724003,23.820425,23.302153,23.446787,18.34433,1028300
6239,2004-12-02,23.478928,23.503033,22.95262,22.988779,17.985994,1913100
6240,2004-12-03,23.028955,23.310188,22.964674,23.282064000000002,18.21546,1596700
6241,2004-12-06,23.330276,23.719984,23.330276,23.583385,18.451204,1028500
6242,2004-12-07,23.655703,23.655703,23.057077,23.30617,18.234316,1491300
6243,2004-12-08,23.322241,23.422682000000002,22.988779,23.197695,18.149442999999998,1228400
6244,2004-12-09,23.237871,23.294117,23.024936999999998,23.261976,18.199747,864800
6245,2004-12-10,23.274029000000002,23.563297,23.101273000000003,23.482944,18.372622,885000
6246,2004-12-13,23.482944,23.623562,23.314204999999998,23.623562,18.482639000000002,678100
6247,2004-12-14,23.703915,23.872654,23.430716,23.543209,18.419767,788900
6248,2004-12-15,23.302153,23.394558,22.611124,23.394558,18.303469,3424100
6249,2004-12-16,23.394558,23.446787,23.101273000000003,23.133413,18.099161,1423000
6250,2004-12-17,23.032972,23.265995,22.828073999999997,23.181623000000002,18.136869,1902500
6251,2004-12-20,22.39819,22.799951999999998,22.374084,22.767811,17.81312,2969700
6252,2004-12-21,23.101273000000003,24.105675,23.101273000000003,23.9289,18.721529,4215500
6253,2004-12-22,24.105675,24.173975,23.462856,23.486963,18.375764999999998,2919200
6254,2004-12-23,23.603474,23.679807999999998,23.362417,23.587401999999997,18.45435,1219800
6255,2004-12-27,23.647667000000002,23.804354,23.245907,23.402594,18.309759,1390300
6256,2004-12-28,23.462856,23.663738000000002,23.422682000000002,23.583385,18.451204,947300
6257,2004-12-29,23.64365,23.776232,23.519104000000002,23.559279999999998,18.432344,729700
6258,2004-12-30,23.583385,23.603474,23.318224,23.33831,18.25946,650800
6259,2004-12-31,23.374470000000002,23.583385,23.322241,23.454823,18.350616,544900
6260,2005-01-03,23.482944,23.639631,23.02092,23.125378,18.092875,1646200
6261,2005-01-04,23.101273000000003,23.105289000000003,22.426313,22.462471,17.574228,1891300
6262,2005-01-05,22.498631,22.655317,21.992410999999997,22.185257,17.357336,2170100
6263,2005-01-06,21.996429,22.59907,21.984375,22.442383,17.558506,2100600
6264,2005-01-07,22.38212,22.482559,22.120975,22.217398,17.382481,1326300
6265,2005-01-10,22.273643,22.631211999999998,22.213379,22.374084,17.505077,1783300
6266,2005-01-11,22.374084,22.759775,22.374084,22.566929000000002,17.655941000000002,2344800
6267,2005-01-12,22.623177,22.980743,22.530770999999998,22.93655,17.945129,1839300
6268,2005-01-13,22.988779,23.121361,22.812004,22.944585999999997,17.951420000000002,1418300
6269,2005-01-14,23.004848000000003,23.181623000000002,22.916462,23.121361,18.089729000000002,999900
6270,2005-01-18,23.302153,23.683826,23.302153,23.683826,18.529795,1544800
6271,2005-01-19,23.623562,23.623562,23.274029000000002,23.302153,18.231173000000002,988000
6272,2005-01-20,23.2218,23.294117,22.932531,23.141448999999998,18.10545,1300300
6273,2005-01-21,23.181623000000002,23.503033,23.165554,23.185642,18.140015,1120700
6274,2005-01-24,23.257959,23.334293,22.603088,22.755758,17.80368,1760000
6275,2005-01-25,23.181623000000002,23.241888,22.803967999999998,23.17359,18.130587,2167200
6276,2005-01-26,23.44277,23.896759,23.382505,23.808372,18.627235,2142700
6277,2005-01-27,23.808372,24.382891,23.792301000000002,24.370838,19.067297,3445700
6278,2005-01-28,24.286469,24.290485,24.009253,24.085587,18.844122,2316600
6279,2005-01-31,24.149867999999998,24.66814,24.085587,24.660104999999998,19.293617,2173900
6280,2005-02-01,24.688229,24.844915,24.487349,24.720369,19.340763,2152300
6281,2005-02-02,24.760545999999998,24.977497,24.724388,24.909197,19.488495,1673800
6282,2005-02-03,24.567701,24.768581,24.382891,24.708317,19.331336999999998,2145100
6283,2005-02-04,24.748493,24.933304,24.664123999999997,24.901163,19.482210000000002,1086500
6284,2005-02-07,24.901163,25.029726,24.640017999999998,24.768581,19.378481,1007800
6285,2005-02-08,24.728405,24.836879999999997,24.55163,24.736441,19.353333,982300
6286,2005-02-09,24.567701,24.640017999999998,24.274414,24.491365,19.161598,1636200
6287,2005-02-10,24.828846,25.126148,24.78867,25.126148,19.658234,2469500
6288,2005-02-11,25.126148,25.564068,25.110079000000002,25.503805,19.953712,2812500
6289,2005-02-14,25.989935,26.014042,25.463629,25.547998,19.988291,1665000
6290,2005-02-15,25.547998,25.712721,25.399347,25.692632999999997,20.101439000000003,1516000
6291,2005-02-16,25.584156,25.760931,25.331047,25.752895000000002,20.235605,1255200
6292,2005-02-17,25.692632999999997,25.732809,25.471663,25.519875,20.052504000000003,1365300
6293,2005-02-18,25.592192,25.748878,25.515857999999998,25.624332,20.13459,889100
6294,2005-02-22,25.708702,25.752895000000002,25.162308,25.162308,19.771553,1294200
6295,2005-02-23,25.162308,25.32703,24.877056,25.266766,19.85363,1652700
6296,2005-02-24,25.310959,25.455593,25.158289,25.363188,19.929389999999998,1448500
6297,2005-02-25,25.363188,25.913601,25.298906,25.913601,20.361879000000002,4291100
6298,2005-02-28,25.969847,26.315363,25.69665,26.230990999999996,20.611273,3335100
6299,2005-03-01,26.114481,26.347503999999997,25.656473000000002,25.857355,20.317684,3352900
6300,2005-03-02,25.861372,25.997971,25.797091,25.913601,20.361879000000002,1504100
6301,2005-03-03,26.134569,26.516243,26.130551999999998,26.439907,20.775434,3083700
6302,2005-03-04,26.439907,27.02648,26.307327,26.789440000000003,21.050086999999998,2690100
6303,2005-03-07,26.636770000000002,26.905951,26.311344000000002,26.375626,20.724916,1538300
6304,2005-03-08,26.351521,26.616682,26.335449,26.532312,20.848043,3288500
6305,2005-03-09,26.596596,27.392082000000002,26.415802000000003,26.443926,20.778589,5567000
6306,2005-03-10,26.616682,26.616682,25.720755,26.130551999999998,20.532351000000002,4260100
6307,2005-03-11,26.697034999999996,27.14299,26.672929999999997,26.893897999999997,21.132158,3262000
6308,2005-03-14,26.938090999999996,27.207271999999996,26.837652000000002,27.118885,21.308945,3741900
6309,2005-03-15,27.078709000000003,27.122902000000003,26.668913,26.761315999999997,21.027987,2471800
6310,2005-03-16,26.660877000000003,26.688999,26.271168,26.355536999999998,20.709141,2122400
6311,2005-03-17,26.43589,27.247448,26.411785,27.231378999999997,21.397345,3891100
6312,2005-03-18,27.41217,27.661263,26.721141999999997,26.994339,21.211081,3224400
6313,2005-03-21,26.837652000000002,27.054603999999998,26.688999,26.789440000000003,21.050086999999998,1271300
6314,2005-03-22,26.737211,27.247448,26.717122999999997,26.849705,21.097439,1754500
6315,2005-03-23,26.849705,26.849705,26.210903,26.455978,20.788057000000002,2164500
6316,2005-03-24,26.616682,26.833633000000003,26.516243,26.705070000000003,20.983789,1519300
6317,2005-03-28,26.676947,26.781404,26.484102000000004,26.552401,20.863825,1534600
6318,2005-03-29,26.335449,26.809528000000004,25.584156,25.777002,20.254549,2628900
6319,2005-03-30,25.825212,26.455978,25.744862,26.443926,20.778589,2499100
6320,2005-03-31,26.568471999999996,27.251465000000003,26.568471999999996,27.106833,21.299473000000003,2347100
6321,2005-04-01,27.175131,27.685368,27.175131,27.669297999999998,21.741442000000003,2787600
6322,2005-04-04,27.669297999999998,27.922407,27.363958,27.588945000000002,21.678297,2096300
6323,2005-04-05,27.528681,27.749648999999998,27.311728999999996,27.404134999999997,21.533081,1505200
6324,2005-04-06,27.432259000000002,27.777773,27.388065,27.657244,21.731962,2423100
6325,2005-04-07,27.785809000000004,28.075077,27.199236,27.520645000000002,21.624632000000002,2411700
6326,2005-04-08,27.219324,27.637157000000002,27.130938,27.159060999999998,21.340511,2039700
6327,2005-04-11,27.138972999999996,27.14299,26.721141999999997,26.789440000000003,21.050086999999998,2446800
6328,2005-04-12,26.789440000000003,26.789440000000003,26.315363,26.584540999999998,20.889082000000002,2306200
6329,2005-04-13,26.134569,26.749264,25.242659,25.431488,19.983057000000002,4018200
6330,2005-04-14,25.49577,25.917618,24.953392,25.564068,20.087232999999998,4386400
6331,2005-04-15,25.511839000000002,25.531927,24.688229,25.089991,19.714717999999998,4102300
6332,2005-04-18,25.089991,25.736826,25.089991,25.644420999999998,20.150373000000002,3404600
6333,2005-04-19,25.913601,26.697034999999996,25.913601,26.576508,20.882772,2912900
6334,2005-04-20,26.576508,26.717122999999997,25.92967,26.134569,20.535515,3167300
6335,2005-04-21,26.138588000000002,26.749264,25.921637,26.749264,21.018520000000002,2602200
6336,2005-04-22,26.697034999999996,26.741228000000003,26.239027,26.512224,20.832258,2340700
6337,2005-04-25,27.641174,27.821965999999996,27.159060999999998,27.195219,21.368927,5497900
6338,2005-04-26,27.074690000000004,27.074690000000004,26.520259999999997,26.568471999999996,20.876453,2928800
6339,2005-04-27,26.423838,26.423838,25.68058,25.752895000000002,20.235605,3100500
6340,2005-04-28,27.219324,27.239411999999998,26.034129999999998,26.142605,20.541819,8665700
6341,2005-04-29,26.616682,27.014427,26.230990999999996,27.014427,21.226868,5571900
6342,2005-05-02,26.998356,27.259501,26.942109999999996,27.126921000000003,21.315258,4913700
6343,2005-05-03,26.930058000000002,26.994339,26.548384000000002,26.60463,20.904854,4457300
6344,2005-05-04,26.596596,27.05862,26.596596,26.958178999999998,21.182661,3219500
6345,2005-05-05,26.986303000000003,27.219324,26.905951,26.998356,21.214230999999998,2346500
6346,2005-05-06,27.05862,27.223343,27.038532,27.094778,21.290004999999997,2399800
6347,2005-05-09,27.038532,27.05862,26.861757,26.982286,21.201618,1941100
6348,2005-05-10,27.022461,27.034515000000003,26.717122999999997,26.741228000000003,21.012194,2618100
6349,2005-05-11,26.741228000000003,26.913985999999998,26.439907,26.913985999999998,21.147942,2020200
6350,2005-05-12,26.913985999999998,27.673315000000002,26.226974,26.516243,20.835415,4448500
6351,2005-05-13,26.476066999999997,26.612665000000003,26.001987,26.23501,20.614439,6091100
6352,2005-05-16,26.134569,26.134569,25.720755,25.833248,20.298738,5705800
6353,2005-05-17,25.833248,26.271168,25.833248,26.054216,20.472366,2765700
6354,2005-05-18,26.154657,26.455978,26.086358999999998,26.439907,20.775434,2736900
6355,2005-05-19,26.500171999999996,26.982286,26.476066999999997,26.954163,21.179504,2768800
6356,2005-05-20,26.974251000000002,27.231378999999997,26.729176000000002,26.781404,21.043772,3245600
6357,2005-05-23,26.741228000000003,26.946127,26.624717999999998,26.829617,21.081648,2078500
6358,2005-05-24,26.833633000000003,26.889881,26.628736,26.869792999999998,21.113216,1913300
6359,2005-05-25,26.757299,27.167095,26.508207000000002,27.126921000000003,21.403265,2163100
6360,2005-05-26,27.239411999999998,27.460382,27.175131,27.460382,21.666372,2258000
6361,2005-05-27,27.500557,27.621086,27.339853,27.560821999999998,21.745611,1728600
6362,2005-05-31,27.560821999999998,27.588945000000002,27.319765000000004,27.440294,21.650517999999998,1875300
6363,2005-06-01,27.821965999999996,27.862143,27.476452000000002,27.685368,21.843885,3021400
6364,2005-06-02,27.721527000000002,27.721527000000002,27.315748,27.540733000000003,21.729771,1813600
6365,2005-06-03,27.58091,27.797860999999997,27.548769,27.741615000000003,21.888258,1676600
6366,2005-06-06,27.78179,27.78179,27.319765000000004,27.436275,21.647348,2315600
6367,2005-06-07,27.440294,27.657244,27.235395,27.327801,21.561764,3031200
6368,2005-06-08,27.359941,27.568857,27.159060999999998,27.159060999999998,21.428619,2122200
6369,2005-06-09,27.159060999999998,27.472434999999997,27.082726,27.472434999999997,21.675879000000002,2066800
6370,2005-06-10,27.468415999999998,27.653227,27.460382,27.576893,21.758295,1987500
6371,2005-06-13,27.440294,27.721527000000002,27.388065,27.600997999999997,21.777313,1172000
6372,2005-06-14,27.600997999999997,27.866160999999998,27.528681,27.866160999999998,21.986526,1813400
6373,2005-06-15,27.902319,28.05097,27.813932,27.970619,22.068945000000003,2689400
6374,2005-06-16,27.821965999999996,28.324169,27.821965999999996,28.179534999999998,22.233778,1547300
6375,2005-06-17,28.283993,28.372379,28.079094,28.131323,22.19574,2220300
6376,2005-06-20,28.054989000000003,28.300062,27.9666,28.179534999999998,22.233778,1315500
6377,2005-06-21,28.123287,28.127306,27.693403000000004,27.858126000000002,21.980185000000002,1998600
6378,2005-06-22,27.910355,28.32015,27.842053999999997,28.32015,22.344725,3305500
6379,2005-06-23,28.316133,28.649595,28.316133,28.577278000000003,22.547601999999998,2317800
6380,2005-06-24,28.525049,28.529065999999997,28.203640000000004,28.304081,22.332047,1825700
6381,2005-06-27,28.283993,28.384432,28.11927,28.203640000000004,22.252802,1951800
6382,2005-06-28,28.239797999999997,28.416573,28.199623,28.32015,22.344725,2364900
6383,2005-06-29,28.32015,28.697805,28.159446999999997,28.649595,22.60466,1374700
6384,2005-06-30,28.649595,29.007162,28.649595,28.874579999999998,22.782169,4865700
6385,2005-07-01,30.259296000000003,30.386497,28.644814,29.427592999999998,23.218504,8514200
6386,2005-07-05,29.432485999999997,30.225047999999997,29.408023999999997,30.225047999999997,23.847696,3020400
6387,2005-07-06,30.273972999999998,30.332682000000002,29.466732,29.667317999999998,23.407654,2332200
6388,2005-07-07,29.647748999999997,30.259296000000003,29.036203000000004,30.259296000000003,23.874723,2647100
6389,2005-07-08,30.254403999999997,30.675146,30.234833000000002,30.596869,24.141069,2573300
6390,2005-07-11,30.499021999999997,30.675146,30.318005,30.420744,24.002106,1402500
6391,2005-07-12,30.420744,30.547945000000002,29.995108000000002,30.190802,23.820683,1777200
6392,2005-07-13,30.190802,30.357143,29.691779999999998,29.711349,23.44239,1028900
6393,2005-07-14,29.809198,30.445206,29.677103000000002,29.681995,23.419235,1642300
6394,2005-07-15,29.681995,29.730919,29.256361,29.37867,23.179903,1396200
6395,2005-07-18,29.329746000000004,29.530333000000002,29.060665000000004,29.080235,22.944430999999998,953300
6396,2005-07-19,29.256361,29.354208,29.026419,29.2955,23.114285,1203500
6397,2005-07-20,29.305284999999998,29.980431,29.246574,29.872799,23.569773,1281300
6398,2005-07-21,29.872799,30.181016999999997,29.706457,30.014677000000002,23.681721,1969300
6399,2005-07-22,30.136986,30.327789000000003,30.024462,30.327789000000003,23.928766,1382900
6400,2005-07-25,31.482388,31.922701,30.136986,30.229940000000003,23.851563,5144300
6401,2005-07-26,30.283758000000002,30.332682000000002,29.13405,29.452054999999998,23.237801,3292600
6402,2005-07-27,29.403131,30.014677000000002,29.403131,29.858121999999998,23.558201,2560100
6403,2005-07-28,29.916829999999997,30.225047999999997,29.809198,30.127201,23.770498,1084900
6404,2005-07-29,30.161447999999996,30.337574,29.990215000000003,30.063601000000002,23.720316,1479200
6405,2005-08-01,30.332682000000002,30.528376,30.151663,30.401175,23.98667,1646200
6406,2005-08-02,30.327789000000003,30.479452000000002,30.044031,30.053815999999998,23.712598999999997,1879200
6407,2005-08-03,30.068493,30.650684000000002,30.058708000000003,30.562621999999998,24.114046,1617600
6408,2005-08-04,30.577299,30.577299,30.151663,30.381605,23.97123,1076900
6409,2005-08-05,30.430528999999996,30.728962,29.941291999999997,30.039139000000002,23.70101,763200
6410,2005-08-08,30.039139000000002,30.200585999999998,29.804306,29.877691,23.573636999999998,1187300
6411,2005-08-09,29.916829999999997,30.073385,29.887476,29.985322999999998,23.65855,883800
6412,2005-08-10,30.083170000000003,30.508806,30.083170000000003,30.249509999999997,23.867004,1124800
6413,2005-08-11,30.269081,30.62133,30.136986,30.567514000000003,24.117912,1120700
6414,2005-08-12,30.577299,30.650684000000002,30.278865999999997,30.577299,24.125629,863100
6415,2005-08-15,30.591976000000003,30.665360999999997,30.401175,30.582190999999998,24.129483999999998,627300
6416,2005-08-16,30.797457,30.914872999999996,29.828768,29.897261,23.589075,1525200
6417,2005-08-17,29.965753999999997,30.014677000000002,29.677103000000002,29.677103000000002,23.415364999999998,1329200
6418,2005-08-18,29.574364000000003,29.672210999999997,29.315069,29.37867,23.285469,954500
6419,2005-08-19,29.593933000000003,29.941291999999997,29.452054999999998,29.545009999999998,23.417309,761700
6420,2005-08-22,29.647748999999997,29.892367999999998,29.427592999999998,29.574364000000003,23.440573,850700
6421,2005-08-23,29.579256,29.623287,29.006849,29.041096000000003,23.017902,1295200
6422,2005-08-24,29.041096000000003,29.37867,28.855186,28.894325,22.901577,1496400
6423,2005-08-25,28.982388,29.114481,28.767124,28.830725,22.851167999999998,1544400
6424,2005-08-26,28.864971,28.869864,28.44912,28.639921,22.699934,1117400
6425,2005-08-29,28.326811,28.561644,28.052837,28.463796999999996,22.560337,1637000
6426,2005-08-30,28.385519,28.977495,28.385519,28.816048,22.839535,1205700
6427,2005-08-31,29.011741999999998,29.740703999999997,29.006849,29.740703999999997,23.572423999999998,1806800
6428,2005-09-01,33.077301,33.077301,29.525440000000003,29.623287,23.479349,1938100
6429,2005-09-02,29.623287,29.623287,28.962818,29.001957,22.986887,1488200
6430,2005-09-06,29.843445000000003,29.843445000000003,28.884541,29.334639000000003,23.250572000000002,1838100
6431,2005-09-07,29.408023999999997,29.794521000000003,29.349315999999998,29.540117,23.413429,1011900
6432,2005-09-08,29.354208,29.403131,29.05088,29.212328000000003,23.153631,1411500
6433,2005-09-09,29.427592999999998,29.843445000000003,29.403131,29.657534000000002,23.506493,965100
6434,2005-09-12,29.755383000000002,29.926615,29.456946999999996,29.471624,23.359148,1047300
6435,2005-09-13,29.486301,29.559687,29.011741999999998,29.026419,23.006275,782200
6436,2005-09-14,29.158511999999998,29.187865999999996,28.781801,28.855186,22.870558,924000
6437,2005-09-15,28.855186,28.889433,28.610567,28.620352,22.684423000000002,1009500
6438,2005-09-16,28.620352,28.737768,28.458903999999997,28.600782000000002,22.668915,2894500
6439,2005-09-19,28.669275,28.816048,27.5,27.529353999999998,21.819706,2957600
6440,2005-09-20,25.92955,27.054794,25.924657999999997,26.262232,20.815379999999998,6317500
6441,2005-09-21,25.308220000000002,25.636007,24.681995,25.513699,20.222103,5788800
6442,2005-09-22,25.53816,26.511741999999998,25.518591,26.462818,20.974377,3530100
6443,2005-09-23,26.355186,26.457926,25.954012,26.144814,20.722319,2371800
6444,2005-09-26,26.174167999999998,26.511741999999998,26.056751000000002,26.501957,21.005394,2556800
6445,2005-09-27,26.590019,26.932485999999997,26.472603000000003,26.536203000000004,21.032534,2247100
6446,2005-09-28,26.614481,26.8591,26.57045,26.614481,21.094578,2267000
6447,2005-09-29,26.614481,26.668296999999995,26.051859,26.516634000000003,21.017023000000002,1987300
6448,2005-09-30,26.590019,27.025440000000003,26.320940000000004,27.025440000000003,21.420303,1437300
6449,2005-10-03,27.079256,27.455969,26.981409000000003,27.431507,21.742159,2269600
6450,2005-10-04,27.431507,27.734833000000002,27.328768,27.372799,21.695621,2874600
6451,2005-10-05,27.250490000000003,27.250490000000003,26.678082,26.722113,21.179886,2720100
6452,2005-10-06,26.638942999999998,26.643835,26.022505,26.276909000000003,20.827015,2252400
6453,2005-10-07,26.296478000000004,26.849315999999998,26.286694,26.663403999999996,21.133354,1343900
6454,2005-10-10,26.457926,26.457926,25.914873,25.924657999999997,20.547831,1252300
6455,2005-10-11,25.709393,26.022505,25.699607999999998,25.94912,20.567217000000003,1837100
6456,2005-10-12,26.022505,26.03229,25.528376,25.753426,20.412111,1540500
6457,2005-10-13,25.733854,25.777887,25.327789000000003,25.459882999999998,20.179445,1901700
6458,2005-10-14,25.587084,25.655576999999997,25.347359,25.499022,20.210466,1364700
6459,2005-10-17,25.499022,25.738747,25.347359,25.675145999999998,20.350065,1094100
6460,2005-10-18,25.636007,25.650684,25.009785,25.063601000000002,19.865353,1916400
6461,2005-10-19,25.034246,25.7045,24.823875,25.660469,20.338438,2031300
6462,2005-10-20,25.684931,26.061644,25.22994,25.362036,20.101896,1608400
6463,2005-10-21,25.445206,25.728962,25.445206,25.72407,20.388842,1767400
6464,2005-10-24,25.684931,26.262232,25.215263,26.125244,20.70681,2123700
6465,2005-10-25,26.002935,26.002935,24.970646,25.176125,19.954542,2918000
6466,2005-10-26,25.127201,25.743639,25.122309,25.528376,20.233729999999998,2458700
6467,2005-10-27,25.440313,26.037182,25.406067,25.601761,20.291899,2904700
6468,2005-10-28,25.587084,26.242661,25.567514000000003,26.17906,20.749474,3143200
6469,2005-10-31,26.227983000000002,26.854208,26.174167999999998,26.17906,20.749474,1712800
6470,2005-11-01,26.120352,26.345402000000004,25.807241,26.169275,20.741711,1075100
6471,2005-11-02,27.000978000000003,27.000978000000003,25.983366,26.389433,20.916203,1469000
6472,2005-11-03,26.413895,26.565557000000002,26.237768,26.350294,20.885185,1450800
6473,2005-11-04,26.418787,26.462818,25.963797,26.272016999999998,20.823145,2229300
6474,2005-11-07,26.272016999999998,26.834639000000003,26.272016999999998,26.629158,21.106209,1466900
6475,2005-11-08,26.63405,26.7955,26.48728,26.682973999999998,21.148867000000003,1570600
6476,2005-11-09,26.663403999999996,26.722113,26.159491,26.227983000000002,20.788244,2559700
6477,2005-11-10,26.227983000000002,26.521526,26.076321,26.394325,20.920088,1984500
6478,2005-11-11,26.394325,26.521526,26.267124,26.506849,21.009275,1539500
6479,2005-11-14,26.57045,26.785715000000003,26.545988,26.736790000000003,21.191519,2152700
6480,2005-11-15,26.736790000000003,27.475538,26.712328000000003,27.10861,21.486223000000003,2059500
6481,2005-11-16,27.113503,27.279844,26.697651,26.761253000000004,21.210909,1292000
6482,2005-11-17,26.575342,26.780822999999998,26.355186,26.780822999999998,21.333675,1613100
6483,2005-11-18,26.883562,27.005871000000003,26.541096000000003,26.922701,21.446697,1333900
6484,2005-11-21,26.981409000000003,27.245596000000003,26.8591,27.196671999999996,21.664944000000002,960600
6485,2005-11-22,27.12818,27.441291999999997,26.829746000000004,27.363014,21.797447000000002,1245400
6486,2005-11-23,27.348337,27.455969,27.12818,27.172210999999997,21.645452,949000
6487,2005-11-25,27.240703999999997,27.734833000000002,27.235810999999998,27.700585999999998,22.066354999999998,412800
6488,2005-11-28,27.705478999999997,27.798434999999998,27.343445000000003,27.563601000000002,21.957239,1870200
6489,2005-11-29,27.578278000000005,28.047945000000002,27.504891999999998,27.524462,21.926064,1200800
6490,2005-11-30,27.529353999999998,27.744616999999998,27.211349,27.274952000000003,21.727293,1140300
6491,2005-12-01,27.411938,28.351273,27.343445000000003,28.292564000000002,22.537933,2090100
6492,2005-12-02,28.272995,28.272995,27.568493,28.008806,22.311892999999998,1237600
6493,2005-12-05,28.008806,28.243639,27.475538,28.180038,22.448294,1494100
6494,2005-12-06,28.287671999999997,28.532290000000003,28.033268,28.1409,22.417114,1217200
6495,2005-12-07,28.136007,28.390411,27.945206,28.326811,22.565207,1094100
6496,2005-12-08,28.351273,28.468689,28.082190999999998,28.22407,22.483366,859200
6497,2005-12-09,28.272995,28.272995,27.876713,28.136007,22.413218,816900
6498,2005-12-12,28.228962,28.34638,27.945206,28.087084,22.374249,1387000
6499,2005-12-13,28.087084,28.718199,27.989237,28.620352,22.799046,1466300
6500,2005-12-14,28.620352,28.639921,28.292564000000002,28.292564000000002,22.537933,1305500
6501,2005-12-15,28.297457,28.297457,27.773972999999998,27.822896999999998,22.163797,1294000
6502,2005-12-16,27.920744,27.999021999999997,27.548923,27.681016999999997,22.050774,1711600
6503,2005-12-19,27.681016999999997,27.881605,27.328768,27.328768,21.770163,1411900
6504,2005-12-20,27.35323,27.915852,27.323875,27.700585999999998,22.066354999999998,1756400
6505,2005-12-21,27.788651,28.272995,27.788651,28.233853999999997,22.491158,562700
6506,2005-12-22,28.351273,28.615459,28.307240999999998,28.576321000000004,22.763969,868400
6507,2005-12-23,28.561644,28.752446999999997,28.375734,28.742661,22.896475,1104700
6508,2005-12-27,28.762232,28.874756,28.321918,28.414872999999996,22.635368,999500
6509,2005-12-28,28.498043,28.889433,28.498043,28.776909000000003,22.923761,1047100
6510,2005-12-29,28.727983000000002,28.928571999999996,28.488258000000002,28.527396999999997,22.724997000000002,758900
6511,2005-12-30,28.527396999999997,28.556751000000002,28.326811,28.326811,22.565207,974500
6512,2006-01-03,28.571428000000004,29.315069,28.356165,29.315069,23.352457,1517000
6513,2006-01-04,29.315069,29.315069,28.889433,29.182973999999998,23.247227,1125800
6514,2006-01-05,29.354208,29.354208,28.590998,28.894325,23.017294,1635600
6515,2006-01-06,29.383562,31.648727,29.339531,31.364971,24.985422,5930600
6516,2006-01-09,31.364971,31.678082,31.022505,31.301371000000003,24.934760999999998,2229300
6517,2006-01-10,31.237768,31.771038,31.086105,31.746574,25.289404,1787000
6518,2006-01-11,31.731896999999996,31.829746000000004,31.350294,31.511741999999998,25.102339,1823600
6519,2006-01-12,31.516634000000003,31.922701,31.389433,31.438356,25.043882,1281700
6520,2006-01-13,31.472603000000003,31.888454,31.472603000000003,31.643835,25.207563,1182000
6521,2006-01-17,31.555773,31.863993,31.316048,31.834639000000003,25.35955,1377200
6522,2006-01-18,31.834639000000003,31.898239,30.958903999999997,31.286694,24.923063,1660500
6523,2006-01-19,31.360079,31.771038,31.188845,31.594912,25.168582999999998,1222900
6524,2006-01-20,31.594912,31.746574,31.081213,31.081213,24.759375,1141300
6525,2006-01-23,31.203521999999996,31.65362,31.066536,31.448140999999996,25.051674,779900
6526,2006-01-24,31.545988,31.898239,31.453033,31.771038,25.308892999999998,1171600
6527,2006-01-25,32.00098,32.720158000000005,31.604696,31.912916,25.421917,1898000
6528,2006-01-26,32.010765,32.436398,31.917809000000002,32.035225,25.519348,1930900
6529,2006-01-27,32.240704,32.333659999999995,31.927592999999998,32.240704,25.683027,1889200
6530,2006-01-30,32.240704,32.387474,32.167320000000004,32.299412,25.729803,744800
6531,2006-01-31,32.363014,32.534248,32.201565,32.250488,25.690825,1006800
6532,2006-02-01,32.152640999999996,32.387474,32.02544,32.387474,25.799944,1546000
6533,2006-02-02,32.382584,32.475536,31.629158,31.668296999999995,25.227047,1129700
6534,2006-02-03,31.712328000000003,31.751469,31.232876,31.350294,24.973719,1629600
6535,2006-02-06,31.409002,31.580235,31.125244,31.418787,25.028285999999998,1455100
6536,2006-02-07,31.418787,31.443248999999998,30.694715000000002,31.159491,24.821733,1787200
6537,2006-02-08,31.115459,31.472603000000003,30.709393,31.350294,24.973719,1770700
6538,2006-02-09,31.428571999999996,31.785715000000003,31.027396999999997,31.066536,24.747675,1589400
6539,2006-02-10,31.066536,31.609589,30.94912,31.565557000000002,25.145204999999997,1607600
6540,2006-02-13,31.482388,31.638942999999998,31.232876,31.311155,24.942554,1496000
6541,2006-02-14,31.311155,31.898239,31.179059999999996,31.854208,25.375147,1602700
6542,2006-02-15,31.65362,32.137966,31.638942999999998,31.800392,25.439724,1704000
6543,2006-02-16,32.04501,32.509785,31.966732,32.5,25.999395,1651300
6544,2006-02-17,32.5,32.504894,32.035225,32.240704,25.791965,1089200
6545,2006-02-21,32.265167,32.284737,31.961840000000002,31.991194,25.59236,1082000
6546,2006-02-22,31.947163,32.19178,31.727005,32.015656,25.611932999999997,1488600
6547,2006-02-23,32.02055,32.113503,31.780822999999998,31.981409000000003,25.584528,1476100
6548,2006-02-24,32.103718,32.534248,31.971624,32.441292,25.952433,2393500
6549,2006-02-27,32.289627,32.426613,32.113503,32.367905,25.893721,1958500
6550,2006-02-28,32.348335,32.348335,31.849315999999998,31.932485999999997,25.545391,1672100
6551,2006-03-01,31.947163,32.289627,31.863993,32.279841999999995,25.823275,1454900
6552,2006-03-02,32.167320000000004,32.230919,31.849315999999998,31.991194,25.59236,1960100
6553,2006-03-03,32.832679999999996,32.832679999999996,31.800392,32.338551,25.870232,1581600
6554,2006-03-06,32.318981,32.343445,31.800392,31.917809000000002,25.533651000000003,1294800
6555,2006-03-07,31.873777,31.873777,31.193737,31.364971,25.091398,1164000
6556,2006-03-08,31.364971,31.477495,31.071428000000004,31.360079,25.087481,1327900
6557,2006-03-09,31.409002,31.629158,31.267124,31.281801,25.024862,950200
6558,2006-03-10,31.350294,31.922701,31.203521999999996,31.712328000000003,25.369278,885800
6559,2006-03-13,31.883562,32.201565,31.815069,32.196674,25.756742000000003,1444400
6560,2006-03-14,32.118396999999995,32.910957,32.118396999999995,32.901173,26.320321999999997,1624900
6561,2006-03-15,33.023483,33.214287,32.729942,33.116440000000004,26.49254,1208000
6562,2006-03-16,33.165363,33.302349,32.910957,32.994129,26.394696999999997,903200
6563,2006-03-17,32.994129,32.994129,32.739727,32.852249,26.281190999999996,960000
6564,2006-03-20,32.97456,33.023483,32.710373,32.901173,26.320321999999997,661600
6565,2006-03-21,32.95499,33.444225,32.901173,33.082190999999995,26.465135999999998,1607100
6566,2006-03-22,33.268101,33.405087,33.062622,33.292564,26.633432,1280500
6567,2006-03-23,33.292564,33.586104999999996,33.199608000000005,33.483364,26.786071999999997,791400
6568,2006-03-24,33.463795000000005,33.816047999999995,33.331703000000005,33.806263,27.044384,727000
6569,2006-03-27,33.796478,34.031310999999995,33.605675,33.923679,27.138321,858800
6570,2006-03-28,33.522507,34.437378,33.522507,34.275928,27.420103000000005,1412100
6571,2006-03-29,34.275928,34.730919,33.997063,34.52055,27.615795000000002,1116600
6572,2006-03-30,34.882584,34.882584,34.227005,34.530334,27.623628999999998,1085700
6573,2006-03-31,34.37867,34.853229999999996,34.37867,34.774952,27.819316999999998,1185700
6574,2006-04-03,35.176125,35.176125,34.256359,34.261253,27.408365000000003,1143600
6575,2006-04-04,34.310177,34.647751,34.065559,34.486301,27.588402000000002,1166500
6576,2006-04-05,34.50098,34.887474,34.417809000000005,34.784737,27.827139000000003,1200000
6577,2006-04-06,34.85812,34.877689000000004,34.623287,34.686890000000005,27.748866999999997,837800
6578,2006-04-07,34.696674,34.716244,33.478474,33.708416,26.966114,1616800
6579,2006-04-10,33.806263,34.393345000000004,33.683952000000005,34.334637,27.467073,1373300
6580,2006-04-11,34.417809000000005,34.584148,33.830723,33.860077000000004,27.087425,919800
6581,2006-04-12,33.977493,34.672211,33.92857,34.642857,27.71364,1182800
6582,2006-04-13,34.589043,34.941292,34.368885,34.892368,27.913246,1462400
6583,2006-04-17,35.044033,35.445206,35.014679,35.381603000000005,28.304621,1209800
6584,2006-04-18,35.836594,36.423679,35.782779999999995,36.272015,29.016937,2211400
6585,2006-04-19,36.272015,36.55088,35.978474,36.472603,29.177406,824100
6586,2006-04-20,36.682976000000004,36.775928,35.846378,36.174168,28.938663000000002,989000
6587,2006-04-21,36.203522,36.247555,35.489235,35.684933,28.547276,1649000
6588,2006-04-24,35.738747,35.748531,35.469666,35.47456,28.378984000000003,993500
6589,2006-04-25,35.543053,35.660469,35.117416,35.225048,28.179388,1559500
6590,2006-04-26,32.778866,33.268101,30.998043,31.335617,25.067917,7587100
6591,2006-04-27,31.800392,32.04501,31.521526,31.824854,25.459295,3269100
6592,2006-04-28,32.289627,32.534248,32.069472999999995,32.201565,25.760642999999998,2511800
6593,2006-05-01,32.509785,33.082190999999995,32.010765,32.084148,25.666719,2827000
6594,2006-05-02,32.084148,32.128181,31.110567,32.128181,25.701948,1806400
6595,2006-05-03,32.128181,33.224072,32.035225,32.778866,26.222485,3499300
6596,2006-05-04,32.778866,33.008808,32.333659999999995,32.5,25.999395,2232400
6597,2006-05-05,32.460861,32.465752,31.996086,32.137966,25.70978,2503000
6598,2006-05-08,32.040119,32.181995,31.94227,32.093933,25.674554999999998,1566500
6599,2006-05-09,32.089043,32.857143,32.089043,32.803326,26.242052,1633900
6600,2006-05-10,32.573387,32.99902,32.348335,32.994129,26.394696999999997,1331800
6601,2006-05-11,32.994129,33.087086,32.348335,32.441292,25.952433,1818900
6602,2006-05-12,32.411938,32.436398,31.643835,31.643835,25.314484,1793400
6603,2006-05-15,31.594912,31.800392,31.086105,31.340509,25.071827,1809900
6604,2006-05-16,31.418787,31.531311,31.081213,31.423678999999996,25.138359,1604500
6605,2006-05-17,31.428571999999996,31.453033,30.450097999999997,30.533268,24.426054,1664400
6606,2006-05-18,30.601761,30.821918,29.965753999999997,30.073385,24.058151000000002,1698100
6607,2006-05-19,30.156554999999997,30.298434999999998,29.657534000000002,29.892367999999998,23.913339999999998,2109600
6608,2006-05-22,29.892367999999998,29.911938,29.3591,29.662426,23.729391,2964400
6609,2006-05-23,30.357143,30.469666999999998,29.647748999999997,29.647748999999997,23.717651,1631700
6610,2006-05-24,29.549902000000003,29.980431,28.669275,29.310177000000003,23.447596,2423500
6611,2006-05-25,29.598825,29.975538,29.486301,29.549902000000003,23.748376999999998,1494100
6612,2006-05-26,30.039139000000002,30.513699,29.990215000000003,30.508806,24.519028,2496500
6613,2006-05-30,30.410959000000002,30.503914,30.078278000000005,30.102739,24.192677,1430800
6614,2006-05-31,30.185909000000002,30.62133,30.161447999999996,30.577299,24.574070000000003,1437900
6615,2006-06-01,30.577299,31.115459,30.454990000000002,31.017612,24.927942,1897400
6616,2006-06-02,30.968689,31.051859000000004,30.72407,30.963796999999996,24.884689,1637600
6617,2006-06-05,30.94912,30.954012,30.190802,30.244616999999998,24.306707,1034200
6618,2006-06-06,30.244616999999998,30.420744,29.936398999999998,30.278865999999997,24.334227,1317700
6619,2006-06-07,30.308220000000002,30.430528999999996,29.44227,29.496086,23.705132,1457700
6620,2006-06-08,29.505871000000003,29.975538,28.928571999999996,29.951077,24.070795,1788900
6621,2006-06-09,30.004891999999998,30.288651,29.500978000000003,30.122309,24.20841,1923100
6622,2006-06-12,29.941291999999997,30.283758000000002,29.44227,29.447163,23.665812,1132900
6623,2006-06-13,29.060665000000004,29.37867,28.077299,28.214284999999997,22.67499,2180500
6624,2006-06-14,28.326811,28.845402000000004,28.326811,28.811155,23.154675,1816500
6625,2006-06-15,28.962818,30.303328000000004,28.962818,30.14677,24.228069,1649300
6626,2006-06-16,30.039139000000002,30.254403999999997,29.823875,30.215263,24.283119,1389500
6627,2006-06-19,31.516634000000003,32.19178,31.413895,31.624266,25.415495,3168800
6628,2006-06-20,31.722113,32.04501,31.438356,31.536203000000004,25.344715,1537700
6629,2006-06-21,31.457926,32.186890000000005,31.457926,31.971624,25.694653,1817500
6630,2006-06-22,31.947163,32.539139,31.898239,32.490215,26.111423000000002,1120300
6631,2006-06-23,32.426613,33.131115,32.426613,32.754402,26.323746000000003,1911700
6632,2006-06-26,32.832679999999996,33.116440000000004,32.744617,32.930527000000005,26.465290000000003,1712200
6633,2006-06-27,32.935421000000005,33.008808,31.932485999999997,31.961840000000002,25.686792,2084200
6634,2006-06-28,31.360079,32.089043,31.272016999999998,32.089043,25.789013,2524700
6635,2006-06-29,32.19178,32.64188,32.030334,32.558708,26.166473,1884700
6636,2006-06-30,32.632095,32.798435,32.485321,32.632095,26.225452,954700
6637,2006-07-03,32.788651,32.969666,32.681019,32.725048,26.300161,619500
6638,2006-07-05,32.725048,32.754402,32.172211,32.367905,26.013128,1376000
6639,2006-07-06,32.255383,32.705479,32.230919,32.382584,26.024926999999998,976000
6640,2006-07-07,32.265167,32.622310999999996,32.113503,32.19178,25.871585999999997,1011100
6641,2006-07-10,31.702543,32.328765999999995,31.682973999999998,31.815069,25.56883,1071000
6642,2006-07-11,31.868885,32.460861,31.868885,32.353229999999996,26.001329000000002,1296500
6643,2006-07-12,32.411938,32.475536,31.819962,32.093933,25.792946,1378400
6644,2006-07-13,32.079258,32.084148,31.144814,31.237768,25.104870000000002,1888600
6645,2006-07-14,31.125244,31.130136,30.474559999999997,30.978474,24.896488,1681800
6646,2006-07-17,30.968689,31.893347,30.919765,31.472603000000003,25.29361,2170500
6647,2006-07-18,31.580235,32.372799,31.580235,32.289627,25.950214000000003,1863900
6648,2006-07-19,32.289627,32.656555,32.162426,32.284737,25.946289,1710000
6649,2006-07-20,32.289627,32.534248,31.863993,31.986301,25.706446,961700
6650,2006-07-21,31.952054999999998,31.971624,31.262232,31.418787,25.250353,1156600
6651,2006-07-24,32.338551,32.681019,32.167320000000004,32.19178,25.871585999999997,4149100
6652,2006-07-25,32.338551,32.573387,32.118396999999995,32.485321,26.107494,2628300
6653,2006-07-26,32.754402,32.837574,31.898239,31.917809000000002,25.651401999999997,3200400
6654,2006-07-27,31.971624,32.534248,31.57045,32.133072,25.824398000000002,4362300
6655,2006-07-28,32.240704,32.607632,32.181995,32.392368,26.032787,1668300
6656,2006-07-31,32.392368,32.837574,32.240704,32.539139,26.150747,1727300
6657,2006-08-01,32.539139,32.945206,32.397259000000005,32.876713,26.422046999999996,1679500
6658,2006-08-02,32.925636,33.556751,32.778866,32.915852,26.453489,2017600
6659,2006-08-03,32.827789,32.910957,32.539139,32.612526,26.209723999999998,3673600
6660,2006-08-04,32.612526,32.822895,32.19178,32.534248,26.146814000000003,1854300
6661,2006-08-07,32.534248,32.725048,32.294521,32.529354,26.142882999999998,985600
6662,2006-08-08,32.612526,32.690804,31.722113,31.785715000000003,25.545242000000002,1611200
6663,2006-08-09,32.118396999999995,32.201565,31.648727,31.702543,25.47839,1053600
6664,2006-08-10,31.673189,31.903131,31.428571999999996,31.467709999999997,25.289671,1210200
6665,2006-08-11,31.482388,31.971624,31.350294,31.350294,25.195307,1107400
6666,2006-08-14,31.389433,31.619373,30.998043,31.198628999999997,25.073418,1180600
6667,2006-08-15,31.448140999999996,31.531311,30.988258000000002,31.433464,25.262145999999998,1256800
6668,2006-08-16,31.555773,32.338551,31.492171999999997,32.089043,25.789013,1398700
6669,2006-08-17,31.873777,32.035225,31.751469,31.956946999999996,25.790993,1045900
6670,2006-08-18,31.956946999999996,32.553818,31.937378000000002,32.460861,26.197674,1632900
6671,2006-08-21,32.411938,32.416828,30.523483000000002,30.601761,24.697277,6364600
6672,2006-08-22,30.430528999999996,30.694715000000002,29.916829999999997,30.596869,24.693329000000002,4642900
6673,2006-08-23,30.547945000000002,31.164383,30.357143,30.968689,24.993412,3438400
6674,2006-08-24,31.042074,31.389433,30.841488000000002,31.179059999999996,25.163193,3019300
6675,2006-08-25,31.208414,31.384541,30.787671999999997,31.007828000000003,25.024995999999998,2328700
6676,2006-08-28,30.885519,31.169275,30.660469,30.919765,24.953928,2029800
6677,2006-08-29,30.699608,30.748531,30.357143,30.645792,24.732815,3081900
6678,2006-08-30,30.645792,30.856165,30.552837,30.694715000000002,24.772297000000002,2402500
6679,2006-08-31,30.626223,31.061644,30.572407000000002,30.890411,24.930239,2737500
6680,2006-09-01,30.890411,31.100782000000002,30.655577,30.84638,24.894701,3273400
6681,2006-09-05,30.728962,30.861057000000002,30.156554999999997,30.836596000000004,24.886801000000002,3931200
6682,2006-09-06,30.577299,30.72407,30.313112,30.322896999999998,24.472227,4004800
6683,2006-09-07,30.176125,30.313112,29.706457,29.779844,24.033957,2710900
6684,2006-09-08,29.843445000000003,30.283758000000002,29.828768,30.264189000000002,24.424845,6513400
6685,2006-09-11,30.264189000000002,30.376713,29.427592999999998,29.750490000000003,24.010258,3224400
6686,2006-09-12,29.818983000000003,30.528376,29.677103000000002,30.352251000000003,24.495913,3710000
6687,2006-09-13,30.513699,31.223090999999997,30.513699,30.944227,24.973667000000003,3558100
6688,2006-09-14,30.821918,31.736790000000003,30.655577,31.340509,25.293488,5478700
6689,2006-09-15,31.629158,31.658511999999998,30.94912,31.007828000000003,25.024995999999998,5235700
6690,2006-09-18,31.164383,31.702543,31.042074,31.57045,25.479065,2928000
6691,2006-09-19,31.57045,31.590019,30.420744,30.939334999999996,24.969721,4729400
6692,2006-09-20,31.017612,31.188845,30.552837,30.577299,24.677536,2852100
6693,2006-09-21,30.582190999999998,30.831703000000005,30.552837,30.636007,24.724916,3116000
6694,2006-09-22,30.6409,30.714284999999997,30.518590999999997,30.645792,24.732815,2199900
6695,2006-09-25,30.675146,31.076321000000004,30.220156,31.066536,25.072372,5137700
6696,2006-09-26,31.066536,31.501957,30.905088,31.335617,25.289545,1754900
6697,2006-09-27,31.379648,31.536203000000004,31.051859000000004,31.218199,25.194782,2133500
6698,2006-09-28,31.188845,31.648727,31.066536,31.590019,25.494865,1841800
6699,2006-09-29,31.736790000000003,31.908023999999997,31.09589,31.203521999999996,25.182932,1267600
6700,2006-10-02,31.208414,31.364971,31.139921,31.276909000000003,25.242163,2591900
6701,2006-10-03,31.281801,31.281801,30.914872999999996,30.958903999999997,24.985512,2323000
6702,2006-10-04,30.958903999999997,31.369864,30.958903999999997,31.213306,25.190823,2452500
6703,2006-10-05,31.252446999999997,31.306263,30.954012,31.130136,25.123713000000002,2418800
6704,2006-10-06,31.149706,31.629158,30.954012,31.453033,25.384301999999998,1648800
6705,2006-10-09,31.65362,31.976516999999998,31.482388,31.819962,25.680432999999997,1415000
6706,2006-10-10,31.819962,32.270058,31.810177000000003,32.010765,25.834425,1538100
6707,2006-10-11,31.77593,32.133072,31.771038,31.922701,25.763348,1954400
6708,2006-10-12,31.927592999999998,32.363014,31.87867,32.059689,25.873907,1958300
6709,2006-10-13,32.137966,32.416828,31.932485999999997,32.343445,26.102911,1532300
6710,2006-10-16,32.534248,32.690804,32.441292,32.646770000000004,26.347721000000003,1511700
6711,2006-10-17,32.646770000000004,32.729942,32.19178,32.255383,26.031845,1670700
6712,2006-10-18,32.323875,32.847359000000004,32.318981,32.749512,26.430634,1821600
6713,2006-10-19,32.729942,32.773972,32.314091,32.681019,26.375351000000002,1386800
6714,2006-10-20,32.685909,32.940311,32.568493,32.744617,26.426685,1769200
6715,2006-10-23,32.729942,33.170254,32.729942,32.99902,26.631994,1558900
6716,2006-10-24,32.656555,33.600784000000004,32.636986,33.561646,27.086063,2747300
6717,2006-10-25,33.561646,33.561646,33.091976,33.512722,27.046583000000002,3101900
6718,2006-10-26,29.158511999999998,29.491194,28.375734,28.488258000000002,22.991562,3859800
6719,2006-10-27,28.610567,28.630136,28.008806,28.091976000000003,22.671749,2814300
6720,2006-10-30,28.106653,28.561644,28.05773,28.375734,22.900751,2755100
6721,2006-10-31,28.473581,29.065557000000002,28.424658,28.913895,23.335073,3780100
6722,2006-11-01,28.840509,29.613503,28.840509,29.329746000000004,23.670691,4000300
6723,2006-11-02,29.329746000000004,29.83366,29.256361,29.750490000000003,24.010258,3137100
6724,2006-11-03,29.696671999999996,29.936398999999998,29.579256,29.858121999999998,24.09713,2077100
6725,2006-11-06,29.916829999999997,30.215263,29.843445000000003,29.955969,24.176095999999998,2331100
6726,2006-11-07,30.136986,30.733853999999997,30.044031,30.508806,24.622267,2558000
6727,2006-11-08,30.518590999999997,31.536203000000004,30.489237,31.423678999999996,25.360613,3761100
6728,2006-11-09,31.531311,31.692759000000002,31.311155,31.521526,25.439575,3754000
6729,2006-11-10,31.482388,32.02055,31.453033,31.908023999999997,25.751504999999998,2202800
6730,2006-11-13,31.94227,32.255383,31.727005,32.216244,26.000256,2924500
6731,2006-11-14,32.216244,32.612526,32.196674,32.318981,26.083166000000002,3958000
6732,2006-11-15,31.555773,32.495106,31.472603000000003,32.181995,25.972611999999998,3974300
6733,2006-11-16,32.152640999999996,32.284737,31.873777,32.069472999999995,25.881804000000002,3350300
6734,2006-11-17,32.069472999999995,32.661449,31.966732,32.563602,26.280597999999998,2514100
6735,2006-11-20,32.558708,32.558708,32.235813,32.318981,26.083166000000002,2566600
6736,2006-11-21,32.328765999999995,32.783756,32.328765999999995,32.705479,26.395091999999998,2366300
6737,2006-11-22,32.563602,32.832679999999996,32.377689000000004,32.744617,26.535845000000002,1518000
6738,2006-11-24,32.744617,32.744617,32.490215,32.558708,26.385184999999996,488300
6739,2006-11-27,32.558708,32.695694,32.323875,32.451077000000005,26.297962,1861600
6740,2006-11-28,32.455967,32.773972,32.367905,32.539139,26.369324,1727100
6741,2006-11-29,32.544033,32.759296,32.485321,32.671234000000005,26.476371999999998,2359300
6742,2006-11-30,32.632095,33.189823,32.592957,33.077301,26.805439,1953400
6743,2006-12-01,33.12133,33.610569,33.018593,33.26321,26.956099,2576400
6744,2006-12-04,33.12133,33.321918,32.710373,33.101760999999996,26.825267999999998,3318800
6745,2006-12-05,32.607632,33.047947,32.446182,32.651665,26.460516,4109400
6746,2006-12-06,32.568493,32.803326,32.348335,32.715263,26.512054,4093100
6747,2006-12-07,32.720158000000005,33.062622,32.509785,32.935421000000005,26.690471999999996,2715800
6748,2006-12-08,32.940311,33.126225,32.827789,32.99902,26.742002000000003,1460200
6749,2006-12-11,33.023483,33.498043,33.008808,33.400196,27.067118,2380600
6750,2006-12-12,33.586104999999996,33.591,33.091976,33.194717,26.900596999999998,2668000
6751,2006-12-13,33.243641,33.341488,33.043053,33.243641,26.940243,1933000
6752,2006-12-14,32.416828,33.904109999999996,32.416828,33.688846999999996,27.301033,2050700
6753,2006-12-15,33.811153000000004,33.899215999999996,33.581215,33.776909,27.372396000000002,2137600
6754,2006-12-18,33.683952000000005,33.953033000000005,33.478474,33.576321,27.209843,1928500
6755,2006-12-19,33.268101,34.202545,33.268101,34.041096,27.586486999999998,2462400
6756,2006-12-20,34.241684,34.554794,34.099804,34.256359,27.760941,2290000
6757,2006-12-21,34.222115,34.246574,33.664383,33.713306,27.320864,1133100
6758,2006-12-22,33.664383,33.698631,33.380627000000004,33.409981,27.075037,913600
6759,2006-12-26,33.507828,34.222115,33.507828,34.07045,27.610281,1197500
6760,2006-12-27,34.19276,34.701565,34.19276,34.642857,28.074147999999997,1425200
6761,2006-12-28,34.589043,34.755383,34.168296999999995,34.251469,27.756968,1335900
6762,2006-12-29,34.231899,34.290607,33.718201,33.845402,27.427908000000002,1569100
6763,2007-01-03,33.845402,34.148727,33.052837,33.419765000000005,27.082978999999998,3107000
6764,2007-01-04,33.419765000000005,33.669277,33.170254,33.664383,27.281209999999998,2320300
6765,2007-01-05,33.512722,33.679062,33.380627000000004,33.591,27.221746000000003,1595700
6766,2007-01-08,32.778866,33.488258,32.451077000000005,33.390411,27.059196000000004,1636800
6767,2007-01-09,33.380627000000004,33.414871000000005,32.666340000000005,32.778866,26.563591,2437600
6768,2007-01-10,32.778866,33.155578999999996,32.534248,32.813109999999995,26.591348999999997,2867300
6769,2007-01-11,32.813109999999995,33.385517,32.739727,33.214287,26.916459999999997,1580200
6770,2007-01-12,33.219177,33.718201,33.214287,33.610569,27.237589,1422200
6771,2007-01-16,33.610569,33.679062,33.043053,33.126225,26.845093,1461600
6772,2007-01-17,33.09687,33.556751,33.057732,33.44912,27.106768,887500
6773,2007-01-18,33.512722,33.664383,33.087086,33.155578999999996,26.868883,835500
6774,2007-01-19,33.155578999999996,33.713306,33.09687,33.649708000000004,27.269318,1346500
6775,2007-01-22,33.630138,33.723091,33.116440000000004,33.312134,26.995745,849800
6776,2007-01-23,33.390411,33.776909,33.214287,33.600784000000004,27.229665999999998,827600
6777,2007-01-24,33.615459,34.016636,33.297455,33.45401,27.110718,1816500
6778,2007-01-25,33.561646,33.630138,32.798435,32.891388,26.654784999999997,1703000
6779,2007-01-26,33.013699,33.277885,32.837574,33.224072,26.924387,1632500
6780,2007-01-29,33.224072,33.899215999999996,33.180038,33.816047999999995,27.404116,2047200
6781,2007-01-30,33.830723,34.138943,33.713306,33.962818,27.523064,1853900
6782,2007-01-31,33.708416,34.055775,33.639922999999996,34.026421,27.574603999999997,1827300
6783,2007-02-01,34.041096,34.19276,33.864971000000004,33.948139000000005,27.511156,1475500
6784,2007-02-02,33.972603,34.114483,33.772015,33.894325,27.46755,891100
6785,2007-02-05,33.967709,34.04599,33.757339,33.913895000000004,27.483414,1417300
6786,2007-02-06,33.933464,34.065559,33.884541,34.001957,27.554768,1255600
6787,2007-02-07,34.241684,34.344421000000004,34.04599,34.148727,27.673716,1188500
6788,2007-02-08,34.148727,34.148727,33.336594,33.365947999999996,27.039358,1698100
6789,2007-02-09,33.292564,33.361057,32.676125,32.749512,26.53981,2056600
6790,2007-02-12,32.749512,32.881603000000005,32.705479,32.764187,26.551703999999997,1120100
6791,2007-02-13,32.886497,33.468689000000005,32.886497,33.444225,27.102784999999997,888300
6792,2007-02-14,33.258316,33.703522,33.258316,33.414871000000005,27.188383,1150300
6793,2007-02-15,33.537182,33.625244,33.351273,33.581215,27.323722999999998,771600
6794,2007-02-16,33.414871000000005,33.566536,33.087086,33.1409,26.965464,833900
6795,2007-02-20,33.189823,33.361057,33.018593,33.253426,27.057014000000002,1266400
6796,2007-02-21,32.822895,33.615459,32.822895,33.57143,27.315772999999997,1658900
6797,2007-02-22,33.669277,33.752445,33.331703000000005,33.542076,27.291882,959400
6798,2007-02-23,33.468689000000005,33.566536,33.312134,33.351273,27.136625,1043400
6799,2007-02-26,33.537182,33.723091,33.44912,33.527397,27.279940000000003,907100
6800,2007-02-27,33.532291,33.532291,32.181995,32.480431,26.428068,1486800
6801,2007-02-28,32.480431,32.568493,32.030334,32.04501,26.073774,2184000
6802,2007-03-01,31.702543,32.216244,31.389433,32.201565,26.201153,1817500
6803,2007-03-02,32.157536,32.167320000000004,31.555773,31.619373,25.727455,1185900
6804,2007-03-05,31.555773,31.555773,30.55773,30.55773,24.86364,1894700
6805,2007-03-06,30.821918,31.007828000000003,30.591976000000003,30.821918,25.078598,1645400
6806,2007-03-07,30.733853999999997,31.042074,30.601761,30.694715000000002,24.975094,1352100
6807,2007-03-08,30.954012,31.311155,30.856165,31.125244,25.325398999999997,950400
6808,2007-03-09,31.247553000000003,31.448140999999996,31.105675,31.208414,25.393078,1028500
6809,2007-03-12,31.115459,31.71722,31.066536,31.276909000000003,25.448803,961900
6810,2007-03-13,31.081213,31.40411,30.7045,30.7045,24.983061,1411300
6811,2007-03-14,30.675146,30.963796999999996,30.16634,30.797457,25.058692999999998,1222100
6812,2007-03-15,30.797457,31.453033,30.797457,31.325832000000002,25.488611,1131100
6813,2007-03-16,31.115459,31.355186,30.797457,30.821918,25.078598,1135200
6814,2007-03-19,30.821918,31.345402000000004,30.631115,31.076321000000004,25.285598999999998,1266200
6815,2007-03-20,31.066536,31.457926,30.787671999999997,31.457926,25.596094,731300
6816,2007-03-21,31.364971,32.010765,31.154597999999996,31.731896999999996,25.819012,2769200
6817,2007-03-22,31.702543,32.113503,31.692759000000002,31.87867,25.938435000000002,1198100
6818,2007-03-23,31.903131,32.108612,31.756361,31.77593,25.854836,1002100
6819,2007-03-26,32.617416,32.617416,31.350294,32.328765999999995,26.304665000000004,1371500
6820,2007-03-27,32.338551,32.421721999999995,32.118396999999995,32.314091,26.292717,1321200
6821,2007-03-28,32.35812,32.436398,31.785715000000003,32.015656,26.049896,1075500
6822,2007-03-29,32.157536,32.377689000000004,31.854208,32.260273,26.248924,1234700
6823,2007-03-30,32.260273,32.544033,31.922701,32.093933,26.113581,1096600
6824,2007-04-02,32.118396999999995,32.304306,31.477495,31.751469,25.834932000000002,1979800
6825,2007-04-03,31.746574,31.746574,31.286694,31.311155,25.476671,1998600
6826,2007-04-04,31.183952,31.183952,30.768103000000004,30.821918,25.078598,1815000
6827,2007-04-05,30.826811,31.120352,30.78278,30.802349,25.062675,1906600
6828,2007-04-09,31.081213,31.081213,30.719177000000002,30.890411,25.134325,2341600
6829,2007-04-10,30.870842,30.914872999999996,30.381605,30.406066999999997,24.740234,1314200
6830,2007-04-11,30.298434999999998,30.366928,29.794521000000003,29.960860999999998,24.377987,1326900
6831,2007-04-12,29.960860999999998,30.171232,29.721134000000003,30.127201,24.513334,1832200
6832,2007-04-13,30.132092999999998,30.190802,29.804306,29.843445000000003,24.282454,750100
6833,2007-04-16,29.863014,30.107632000000002,29.740703999999997,29.83366,24.274488,1677900
6834,2007-04-17,29.867907000000002,30.029353999999998,29.696671999999996,29.711349,24.174973,1081400
6835,2007-04-18,29.677103000000002,29.691779999999998,29.44227,29.554794,24.047588,1151300
6836,2007-04-19,29.505871000000003,29.62818,29.315069,29.408023999999997,23.928164000000002,868700
6837,2007-04-20,29.496086,29.549902000000003,29.271038,29.363993,23.892342000000003,1842000
6838,2007-04-23,29.329746000000004,29.574364000000003,29.256361,29.403131,23.924185,1233100
6839,2007-04-24,29.408023999999997,29.525440000000003,29.290607,29.408023999999997,23.928164000000002,1280300
6840,2007-04-25,29.3591,31.139921,29.3591,30.16634,24.545179,1440200
6841,2007-04-26,30.161447999999996,30.254403999999997,29.60861,29.770059999999997,24.222744,1445100
6842,2007-04-27,29.784737,30.151663,29.662426,30.058708000000003,24.457604999999997,855400
6843,2007-04-30,30.039139000000002,30.039139000000002,29.329746000000004,29.329746000000004,23.864468,1118200
6844,2007-05-01,29.2955,29.388454,29.011741999999998,29.251469,23.800781,1327300
6845,2007-05-02,29.2955,29.2955,29.05088,29.241682,23.792824,1366000
6846,2007-05-03,29.212328000000003,29.828768,29.143835,29.706457,24.170988,1243100
6847,2007-05-04,29.804306,29.931507,29.388454,29.652641,24.127197,810400
6848,2007-05-07,29.681995,29.882584,29.368885,29.466732,23.975931,794200
6849,2007-05-08,29.354208,29.363993,28.884541,29.07045,23.653498000000003,1403800
6850,2007-05-09,28.962818,29.388454,28.962818,29.368885,23.896317,1560700
6851,2007-05-10,29.354208,29.466732,29.031311,29.104696,23.681353,1054900
6852,2007-05-11,29.173189,29.515656,29.173189,29.280822999999998,23.824667,858200
6853,2007-05-14,29.13405,29.266146000000003,28.590998,28.664383,23.323092000000003,1218200
6854,2007-05-15,28.825832000000002,29.026419,28.742661,28.864971,23.486307,1260700
6855,2007-05-16,28.909002,29.21722,28.776909000000003,28.98728,23.585821,1097200
6856,2007-05-17,28.992171999999997,29.099804,28.825832000000002,28.933464,23.542034,1043200
6857,2007-05-18,28.967709999999997,29.368885,28.967709999999997,29.197651,23.756994,1180600
6858,2007-05-21,29.148727,29.398239,29.138942999999998,29.212328000000003,23.768929999999997,1118600
6859,2007-05-22,29.163403999999996,29.564579,29.13405,29.476516999999998,23.983898,1279700
6860,2007-05-23,29.471624,29.525440000000003,29.158511999999998,29.182973999999998,23.745047,1289300
6861,2007-05-24,29.109589,29.187865999999996,28.683952,28.723090999999997,23.479103,1508200
6862,2007-05-25,28.933464,29.197651,28.869864,29.197651,23.867025,1253500
6863,2007-05-29,29.158511999999998,29.456946999999996,29.036203000000004,29.15362,23.831032,2186600
6864,2007-05-30,29.158511999999998,29.505871000000003,29.001957,29.412916,24.04299,1862600
6865,2007-05-31,29.476516999999998,29.750490000000003,29.373777,29.510763,24.122969,1724700
6866,2007-06-01,29.598825,29.848337,29.569471000000004,29.848337,24.398916,1471800
6867,2007-06-04,29.848337,30.484344,29.848337,30.357143,24.814833,1809700
6868,2007-06-05,30.357143,30.362036,30.039139000000002,30.249509999999997,24.726851,1381500
6869,2007-06-06,30.318005,30.342465999999998,29.892367999999998,29.941291999999997,24.474903,1304400
6870,2007-06-07,29.941291999999997,30.039139000000002,29.598825,29.623287,24.214947,1290900
6871,2007-06-08,29.672210999999997,30.097846999999998,29.447163,30.083170000000003,24.590881,1131900
6872,2007-06-11,30.083170000000003,30.386497,30.009784999999997,30.298434999999998,24.766835999999998,1037300
6873,2007-06-12,31.135029,31.135029,29.677103000000002,29.716241999999998,24.290939,1036700
6874,2007-06-13,29.726027000000002,30.264189000000002,29.652641,30.220156,24.702847,1027100
6875,2007-06-14,30.220156,30.601761,30.176125,30.499021999999997,24.930809,1079000
6876,2007-06-15,31.311155,31.311155,30.528376,30.528376,24.954798,1098600
6877,2007-06-18,30.797457,30.836596000000004,30.606653,30.802349,25.178753,825700
6878,2007-06-19,30.636007,30.934442999999998,30.401175,30.84638,25.214743,941400
6879,2007-06-20,30.934442999999998,30.993151,30.547945000000002,30.547945000000002,24.970797,1216500
6880,2007-06-21,30.552837,30.772995,30.107632000000002,30.709393,25.102774,740300
6881,2007-06-22,30.562621999999998,30.743639,30.337574,30.464775,24.902807,841100
6882,2007-06-25,30.464775,30.680038,30.092955,30.234833000000002,24.714845999999998,865200
6883,2007-06-26,30.239725,30.484344,30.024462,30.376713,24.830832,1728400
6884,2007-06-27,30.088062,30.919765,30.029353999999998,30.817026000000002,25.190748000000003,1669100
6885,2007-06-28,30.821918,31.453033,30.802349,31.320940000000004,25.602665,2398400
6886,2007-06-29,31.320940000000004,31.952054999999998,31.027396999999997,31.286694,25.574671,1420300
6887,2007-07-02,31.497065000000003,31.800392,31.379648,31.727005,25.934593,1074300
6888,2007-07-03,32.221134,32.666340000000005,32.030334,32.079258,26.222535999999998,929600
6889,2007-07-05,32.079258,32.392368,31.966732,32.064578999999995,26.210535,1209000
6890,2007-07-06,32.089043,32.250488,31.834639000000003,31.961840000000002,26.12656,908100
6891,2007-07-09,31.629158,31.94227,31.472603000000003,31.57045,25.806618,1749600
6892,2007-07-10,31.555773,31.849315999999998,31.340509,31.379648,25.650660000000002,1376400
6893,2007-07-11,31.384541,31.966732,31.374756,31.780822999999998,25.978583999999998,1293000
6894,2007-07-12,31.922701,32.211349,31.780822999999998,32.211349,26.330515000000002,1028300
6895,2007-07-13,32.289627,32.289627,31.868885,32.177105,26.302515000000003,828600
6896,2007-07-16,32.177105,32.226028,31.810177000000003,31.917809000000002,26.090557,781200
6897,2007-07-17,31.976516999999998,32.250488,31.854208,31.8591,26.042568,964100
6898,2007-07-18,31.555773,32.167320000000004,31.448140999999996,32.069472999999995,26.214541999999998,1211600
6899,2007-07-19,32.04501,32.485321,31.917809000000002,32.392368,26.478483,810800
6900,2007-07-20,32.294521,32.343445,31.687865999999996,31.829746000000004,26.018583,1015600
6901,2007-07-23,32.074364,32.084148,31.800392,31.834639000000003,26.022577,875000
6902,2007-07-24,32.265167,32.372799,31.335617,31.335617,25.614664,1608200
6903,2007-07-25,31.360079,31.585127000000004,30.396282,31.325832000000002,25.60667,2139800
6904,2007-07-26,31.286694,31.311155,30.39139,30.670253999999996,25.070778,2207700
6905,2007-07-27,30.562621999999998,30.694715000000002,29.848337,29.911938,24.450910999999998,2116900
6906,2007-07-30,29.897261,30.469666999999998,29.662426,30.332682000000002,24.794833999999998,1361500
6907,2007-07-31,30.645792,30.694715000000002,29.872799,29.872799,24.418909,1229200
6908,2007-08-01,29.828768,30.313112,29.613503,30.249509999999997,24.726851,2241400
6909,2007-08-02,30.269081,30.518590999999997,29.941291999999997,30.171232,24.662859,1403800
6910,2007-08-03,30.254403999999997,30.362036,29.109589,29.109589,23.795042000000002,1535000
6911,2007-08-06,29.222113,29.315069,28.664383,29.163403999999996,23.839029,1925400
6912,2007-08-07,28.918787,29.036203000000004,28.302349,28.522505,23.315142,2942700
6913,2007-08-08,28.542074,28.542074,26.63405,27.054794,22.115391,3851300
6914,2007-08-09,27.054794,27.054794,24.574364000000003,24.921722,20.371754,5006100
6915,2007-08-10,25.097847,27.803328000000004,24.951076999999998,27.089040999999998,22.143385000000002,4124700
6916,2007-08-13,27.446184000000002,28.625244,25.479452,27.490215000000003,22.471323,3000500
6917,2007-08-14,27.656554999999997,27.915852,27.005871000000003,27.509784999999997,22.487314,1996900
6918,2007-08-15,27.514677000000002,28.101761,26.428571999999996,26.467709999999997,21.635494,1600400
6919,2007-08-16,26.330725,26.87867,25.684931,26.800392,22.019367000000003,2323000
6920,2007-08-17,27.460860999999998,27.534246000000003,26.374756,26.629158,21.878675,1789300
6921,2007-08-20,26.643835,27.705478999999997,26.555773,27.588062,22.666519,1453000
6922,2007-08-21,27.636986,28.375734,27.294521000000003,27.827789000000003,22.86347,1577900
6923,2007-08-22,28.05773,28.586105,28.05773,28.424658,23.353868,1478600
6924,2007-08-23,28.620352,29.163403999999996,28.620352,29.016634000000003,23.840244000000002,1874700
6925,2007-08-24,29.060665000000004,29.598825,28.928571999999996,29.500978000000003,24.238182000000002,1251900
6926,2007-08-27,29.37867,29.37867,28.703521999999996,28.840509,23.695539,1227400
6927,2007-08-28,28.723090999999997,28.909002,28.605675,28.635029,23.526711,1291300
6928,2007-08-29,28.713306,29.109589,28.498043,29.109589,23.916618,1118000
6929,2007-08-30,28.737768,29.109589,28.698628999999997,28.967709999999997,23.800045,1071200
6930,2007-08-31,29.21722,29.496086,29.036203000000004,29.251469,24.033188,997600
6931,2007-09-04,29.310177000000003,29.633072,29.006849,29.417809000000002,24.169853,1097000
6932,2007-09-05,29.114481,29.574364000000003,28.899217999999998,29.510763,24.24622,1347600
6933,2007-09-06,29.530333000000002,29.574364000000003,29.212328000000003,29.373777,24.133671,1299300
6934,2007-09-07,29.109589,29.192759000000002,28.620352,28.786694,23.651320000000002,1640100
6935,2007-09-10,28.811155,28.864971,27.969666999999998,28.052837,23.048379999999998,1947500
6936,2007-09-11,28.219177000000002,28.664383,28.2045,28.649706,23.538764999999998,1281700
6937,2007-09-12,28.649706,29.075342,28.498043,28.835617,23.691517,1312400
6938,2007-09-13,29.104696,29.285715000000003,28.997065000000003,29.080235,23.892494,940000
6939,2007-09-14,28.825832000000002,29.398239,28.767124,29.344423,24.109556,855000
6940,2007-09-17,29.290607,29.652641,29.192759000000002,29.417809000000002,24.169853,1734900
6941,2007-09-18,29.515656,30.792564000000002,29.515656,30.792564000000002,25.299353,2254300
6942,2007-09-19,30.856165,30.944227,30.337574,30.660469,25.190821,2590500
6943,2007-09-20,30.572407000000002,30.821918,30.499021999999997,30.601761,25.142599,1038300
6944,2007-09-21,30.738746999999996,30.772995,30.151663,30.313112,24.905437,2478300
6945,2007-09-24,30.210371000000002,30.303328000000004,29.701565000000002,29.990215000000003,24.640137,2000200
6946,2007-09-25,29.187865999999996,29.730919,28.502934999999997,29.662426,24.370835999999997,3255600
6947,2007-09-26,29.784737,29.784737,29.080235,29.456946999999996,24.202003,2865200
6948,2007-09-27,29.456946999999996,30.044031,29.05088,29.652641,24.362793,3699600
6949,2007-09-28,29.652641,29.809198,29.354208,29.456946999999996,24.202003,2473400
6950,2007-10-01,29.393347,30.039139000000002,29.363993,30.024462,24.668278,1542600
6951,2007-10-02,30.058708000000003,30.376713,29.951077,30.332682000000002,24.92152,1280100
6952,2007-10-03,30.283758000000002,30.283758000000002,29.907045,30.068493,24.704456,1408500
6953,2007-10-04,30.205478999999997,30.210371000000002,29.858121999999998,30.024462,24.668278,1015400
6954,2007-10-05,30.401175,32.04501,30.332682000000002,31.849315999999998,26.167595000000002,3389900
6955,2007-10-08,31.746574,31.903131,31.355186,31.457926,25.846018,1317900
6956,2007-10-09,31.629158,32.485321,31.604696,32.416828,26.633865000000004,1548100
6957,2007-10-10,32.578278000000005,32.778866,31.893347,32.446182,26.657976,2295200
6958,2007-10-11,32.729942,33.752445,32.661449,32.97945,27.096110999999997,3489100
6959,2007-10-12,32.935421000000005,33.018593,32.216244,32.534248,26.730334999999997,1779500
6960,2007-10-15,32.568493,32.729942,31.780822999999998,31.976516999999998,26.272102,1490600
6961,2007-10-16,31.77593,31.971624,31.457926,31.727005,26.067106,1243700
6962,2007-10-17,32.02055,32.02055,31.213306,31.531311,25.906315,1125200
6963,2007-10-18,31.453033,31.756361,31.188845,31.521526,25.898281,710600
6964,2007-10-19,31.193737,31.379648,30.954012,30.954012,25.432005,1357800
6965,2007-10-22,29.500978000000003,30.572407000000002,29.476516999999998,30.048923,24.688375,3017100
6966,2007-10-23,30.044031,30.445206,29.589040999999998,30.078278000000005,24.7125,1612100
6967,2007-10-24,29.980431,30.009784999999997,29.271038,29.858121999999998,24.531616,1599000
6968,2007-10-25,29.877691,29.877691,29.212328000000003,29.662426,24.370835999999997,1210200
6969,2007-10-26,29.936398999999998,30.14677,29.525440000000003,29.936398999999998,24.595926000000002,1228800
6970,2007-10-29,29.804306,29.936398999999998,28.664383,29.080235,23.892494,1813800
6971,2007-10-30,28.762232,29.143835,28.708414,28.806263,23.667408,1926800
6972,2007-10-31,29.080235,29.138942999999998,28.351273,28.727983000000002,23.603081,1679700
6973,2007-11-01,28.28278,28.370842,27.343445000000003,27.377691,22.493676999999998,1850800
6974,2007-11-02,27.592955,27.862036,26.741682,27.612524,22.686615,2453200
6975,2007-11-05,27.431507,27.509784999999997,26.981409000000003,27.206457,22.352992999999998,2067000
6976,2007-11-06,27.186888,27.377691,27.005871000000003,27.191779999999998,22.340929,1375200
6977,2007-11-07,26.682973999999998,27.270059999999997,26.40411,26.40411,21.693783,1846900
6978,2007-11-08,26.531311,27.284737,26.492171999999997,27.167317999999998,22.320829,2352800
6979,2007-11-09,26.908023999999997,27.739725,26.888454,27.113503,22.276619,1897800
6980,2007-11-12,27.005871000000003,27.103718,25.836596,25.86595,21.251619,2018800
6981,2007-11-13,25.836596,26.785715000000003,25.743639,26.051859,21.404366,2037200
6982,2007-11-14,26.081213,26.501957,25.993151,26.090998000000003,21.436514000000003,2021500
6983,2007-11-15,25.909981,26.027397,24.814091,25.004892,20.544173999999998,2110800
6984,2007-11-16,25.097847,25.190801999999998,24.657534,24.916829999999997,20.471825,1931100
6985,2007-11-19,24.740704,24.877691,23.90411,23.96771,19.692010999999997,1946500
6986,2007-11-20,23.96771,24.305285,23.625244,24.158511999999998,19.848779999999998,2063400
6987,2007-11-21,23.806263,23.933464,23.424657999999997,23.610567,19.507229000000002,1458100
6988,2007-11-23,23.674167999999998,23.718199,23.189823,23.556751000000002,19.462760999999997,636900
6989,2007-11-26,23.51272,23.928572,23.077299,23.077299,19.066637,1624900
6990,2007-11-27,23.150684,23.356165,22.778866,22.950098,18.96154,2242200
6991,2007-11-28,23.096869,23.938356,23.096869,23.938356,19.778042000000003,1944400
6992,2007-11-29,23.727983,23.982388,23.649706,23.879648,19.729536,1307300
6993,2007-11-30,24.231897,24.422701,23.850294,24.090019,19.903343,2036600
6994,2007-12-03,24.05088,24.452054999999998,23.830725,23.972603,19.806334,1524600
6995,2007-12-04,23.845402,23.933464,23.297457,23.326811,19.272776,1902500
6996,2007-12-05,22.495108,24.07045,22.495108,23.659491,19.547642,1892300
6997,2007-12-06,23.649706,24.114481,23.537182,24.109589,19.919525,2107500
6998,2007-12-07,24.227005,24.315069,23.997065,24.187866,19.984194,1441800
6999,2007-12-10,24.187866,24.706457,24.041096,24.574364000000003,20.303524,1159700
7000,2007-12-11,24.579256,24.623287,23.913895,23.972603,19.806334,2284300
7001,2007-12-12,24.549902,24.686888,23.850294,24.256361,20.040781,2102400
7002,2007-12-13,24.300392000000002,24.300392000000002,23.571428,24.016634,19.842716,2129000
7003,2007-12-14,23.82094,23.977495,23.361057000000002,23.454012,19.377879999999998,1468200
7004,2007-12-17,23.307241,23.307241,22.940313,22.940313,18.953449,1694000
7005,2007-12-18,23.101761,23.180038,22.695694,23.106653,19.090876,1606900
7006,2007-12-19,23.062622,23.091976000000003,22.656554999999997,22.852251000000003,18.880699,1032200
7007,2007-12-20,22.994129,23.003914,22.402153,22.769081,18.811979,1671900
7008,2007-12-21,23.116438,23.321918,22.930529,23.087084,19.074718,1417900
7009,2007-12-24,23.087084,23.36595,23.077299,23.253426,19.212149,282200
7010,2007-12-26,23.175145999999998,23.175145999999998,22.950098,23.087084,19.074718,638100
7011,2007-12-27,23.082191,23.116438,22.578278,22.764189000000002,18.80794,920800
7012,2007-12-28,22.705479,23.131114999999998,22.705479,23.082191,19.070673,1106400
7013,2007-12-31,22.940313,23.454012,22.857143,23.2045,19.171726,1109200
7014,2008-01-02,23.214285,23.639920999999998,22.940313,22.964775,18.973661,1245400
7015,2008-01-03,22.994129,23.091976000000003,22.504892,22.568493,18.646254000000003,1680300
7016,2008-01-04,22.333660000000002,22.407045,21.956947,21.966732,18.149069,1564400
7017,2008-01-07,22.142857,22.235810999999998,21.560665,22.181995,18.326923,2025100
7018,2008-01-08,22.113503,22.260275,21.325832000000002,21.40411,17.684233,1562000
7019,2008-01-09,21.379648,21.71722,21.159491,21.71722,17.942923999999998,2019800
7020,2008-01-10,21.477495,22.490215,21.281801,22.255383,18.387554,2419800
7021,2008-01-11,22.020548,22.206457,21.800392000000002,22.030333,18.201618,2170700
7022,2008-01-14,22.142857,22.343445000000003,21.839531,22.328768,18.448191,1304200
7023,2008-01-15,22.103718,22.294521,21.805285,21.956947,18.140989,1918700
7024,2008-01-16,22.015656,22.079256,21.55088,21.619373,17.862083,1679700
7025,2008-01-17,21.727005,21.727005,20.567514000000003,20.587084,17.009199,2314400
7026,2008-01-18,20.596869,21.002935,20.327789000000003,20.645792,17.057701,2030500
7027,2008-01-22,19.818983,21.144814,19.481409,20.939335,17.300228,1975500
7028,2008-01-23,20.200585999999998,21.771038,20.058708,21.722113,17.94697,2029800
7029,2008-01-24,21.996086,22.015656,21.311155,21.472603,17.740818,1494500
7030,2008-01-25,21.531311,21.834639000000003,21.037182,21.203522,17.518501,1527000
7031,2008-01-28,21.037182,21.325832000000002,20.611546,21.193737,17.510412,2742600
7032,2008-01-29,21.369864,21.609589,21.046967000000002,21.330725,17.6236,1830800
7033,2008-01-30,21.281801,22.260275,21.090998000000003,21.678082,17.910597,2316600
7034,2008-01-31,21.379648,22.460860999999998,21.281801,22.274952,18.403723,1659300
7035,2008-02-01,22.27006,23.136007,22.196672,23.03816,19.034292,1453200
7036,2008-02-04,23.043053,23.111546,22.460860999999998,22.470646,18.565409,1373700
7037,2008-02-05,22.030333,22.539139000000002,21.952054999999998,21.966732,18.149069,1211400
7038,2008-02-06,21.971624,22.255383,21.604696,21.712328,17.938881,1718700
7039,2008-02-07,21.531311,22.113503,21.506849,21.844423000000003,18.048012,1232900
7040,2008-02-08,21.682973999999998,22.255383,21.682973999999998,22.069471,18.233963,1016200
7041,2008-02-11,22.103718,22.255383,21.751469,22.064579000000002,18.229912,880900
7042,2008-02-12,22.103718,22.681017,22.059687,22.338552,18.456267999999998,1397200
7043,2008-02-13,22.720156,22.778866,22.235810999999998,22.421722,18.524986,962300
7044,2008-02-14,22.392367999999998,22.573385000000002,22.030333,22.098825,18.368422,1388800
7045,2008-02-15,22.074364000000003,22.113503,21.741682,22.069471,18.344027,1021300
7046,2008-02-19,22.260275,22.994129,22.230919,22.597847,18.783215,1537400
7047,2008-02-20,22.597847,22.783758,22.260275,22.710371,18.876742999999998,1441000
7048,2008-02-21,23.635029,23.635029,22.382584,22.426614999999998,18.640886,1126600
7049,2008-02-22,22.504892,22.74951,22.137964,22.725048,18.888939,1175000
7050,2008-02-25,22.64677,22.818005,22.172210999999997,22.715263,18.8808,1370900
7051,2008-02-26,22.426614999999998,22.945206,22.426614999999998,22.739725,18.901138,1018300
7052,2008-02-27,22.539139000000002,22.881605,22.421722,22.514677,18.714085,1296500
7053,2008-02-28,22.402153,22.495108,22.123287,22.343445000000003,18.571753,780300
7054,2008-02-29,21.96184,22.157534,21.48728,21.609589,17.961776999999998,1231300
7055,2008-03-03,21.741682,21.790607,21.453032999999998,21.741682,18.071571,1044800
7056,2008-03-04,21.712328,21.746574,21.061644,21.472603,17.847918,1301000
7057,2008-03-05,21.609589,22.436398999999998,21.472603,22.260275,18.502625,2681100
7058,2008-03-06,22.064579000000002,22.172210999999997,21.599804000000002,21.800392000000002,18.120375,2086500
7059,2008-03-07,21.673189,21.917809,21.438356,21.624266,17.973979999999997,2349900
7060,2008-03-10,21.506849,21.805285,21.120352,21.213306,17.632391000000002,2228100
7061,2008-03-11,21.94227,22.504892,21.658511999999998,22.504892,18.705948,2052500
7062,2008-03-12,22.509785,22.994129,22.392367999999998,22.578278,18.766949,1445900
7063,2008-03-13,22.382584,23.136007,22.177103,23.047945000000002,19.157331,1834600
7064,2008-03-14,23.013699,23.238747,22.387476,22.886497,19.023134,1954800
7065,2008-03-17,23.796478,24.21722,23.052837,23.894325,19.860838,3099100
7066,2008-03-18,24.305285,24.305285,23.238747,23.811155,19.791714000000002,2110200
7067,2008-03-19,24.055773000000002,24.055773000000002,22.857143,22.857143,18.998737,1821400
7068,2008-03-20,22.030333,23.409981,22.030333,22.886497,19.023134,1874500
7069,2008-03-24,22.901175,23.786694,22.901175,23.488258,19.523319,1262300
7070,2008-03-25,23.683951999999998,24.403131,23.385519,24.339531,20.230885999999998,5010400
7071,2008-03-26,24.266146,24.339531,23.757339,23.816048000000002,19.795773999999998,1383700
7072,2008-03-27,23.816048000000002,23.855186,23.277887,23.277887,19.348454999999998,1236000
7073,2008-03-28,23.434442999999998,23.439335,22.97456,23.03816,19.149197,1138500
7074,2008-03-31,22.798435,23.375734,22.798435,23.1409,19.234598000000002,1191000
7075,2008-04-01,23.542074,23.830725,22.999022,23.635029,19.645309,2378600
7076,2008-04-02,23.59589,23.874756,23.468689,23.781801,19.767315,2143500
7077,2008-04-03,23.561644,24.412916,23.561644,24.109589,20.039764,1395000
7078,2008-04-04,24.373777,25.445206,24.104696,25.073385000000002,20.840864,2476300
7079,2008-04-07,25.440313,25.709393,25.132092999999998,25.239725,20.979126,2112200
7080,2008-04-08,25.220156,25.62133,25.14677,25.55773,21.243454,3919900
7081,2008-04-09,25.680038,25.76321,24.926614999999998,25.029354,20.804261999999998,950800
7082,2008-04-10,24.926614999999998,25.127201,24.667317999999998,25.034246,20.808334,1030700
7083,2008-04-11,24.809198000000002,25.166339999999998,24.701565,24.77006,20.588741,840600
7084,2008-04-14,24.887476,25.259296,24.789629,24.955969,20.743269,848000
7085,2008-04-15,25.122309,25.464775,24.740704,25.122309,20.881523,1062600
7086,2008-04-16,25.215263,25.978474,25.190801999999998,25.954012,21.572845,1481000
7087,2008-04-17,25.94912,26.09589,25.410959,25.86595,21.499647,1156400
7088,2008-04-18,26.09589,26.40411,26.027397,26.242661,21.812756,951000
7089,2008-04-21,26.071428,26.286694,25.709393,25.978474,21.593176,1123900
7090,2008-04-22,25.92955,25.92955,24.681995,25.132092999999998,20.889666000000002,1651100
7091,2008-04-23,25.078278,25.195694,24.696672,24.760275,20.58061,1339000
7092,2008-04-24,24.858122,25.132092999999998,24.315069,24.843445000000003,20.649738,924500
7093,2008-04-25,25.029354,25.753426,24.941292,25.684931,21.349178,964900
7094,2008-04-28,25.993151,25.993151,25.459882999999998,25.591976000000003,21.271921,1103500
7095,2008-04-29,26.086105,26.829746000000004,26.086105,26.330725,21.88596,3068600
7096,2008-04-30,26.815069,26.834639000000003,25.851273000000003,25.939335,21.560638,1892100
7097,2008-05-01,26.037182,26.614481,25.807241,26.594912,22.105553,2054000
7098,2008-05-02,26.65362,26.893347,26.046967000000002,26.443248999999998,21.979488,1645400
7099,2008-05-05,26.545988,27.054794,26.374756,27.054794,22.487804,994200
7100,2008-05-06,27.054794,27.411938,26.888454,27.358121999999998,22.739937,976800
7101,2008-05-07,27.592955,27.602739,27.309198,27.446184000000002,22.813131,1601600
7102,2008-05-08,27.671232,27.676125,27.367907000000002,27.676125,23.00425,1089600
7103,2008-05-09,27.632092999999998,27.632092999999998,26.971624,27.519569,22.874121,1303400
7104,2008-05-12,27.446184000000002,28.126223,27.446184000000002,28.072407000000002,23.333635,798700
7105,2008-05-13,28.321918,28.321918,27.470646000000002,27.857143,23.154715,1060000
7106,2008-05-14,28.033268,28.493151,27.857143,28.277887,23.504431,1276600
7107,2008-05-15,28.51272,28.51272,27.954990000000002,28.253426,23.484092999999998,1176700
7108,2008-05-16,28.277887,28.380627,27.832682000000002,28.375734,23.585758,909100
7109,2008-05-19,28.424658,28.463796999999996,28.111546,28.253426,23.484092999999998,944900
7110,2008-05-20,28.082190999999998,28.111546,27.827789000000003,28.043053000000004,23.309244,1041400
7111,2008-05-21,28.038159999999998,28.277887,27.519569,27.822896999999998,23.12624,1169300
7112,2008-05-22,27.147748999999997,27.279844,26.560665000000004,26.893347,22.353609,2328500
7113,2008-05-23,26.727005,26.883562,26.076321,26.541096000000003,22.171741,1508600
7114,2008-05-27,26.384541,27.093933000000003,26.374756,27.069471000000004,22.613132,1356100
7115,2008-05-28,27.098825,28.468689,26.991194,28.468689,23.782001,2123900
7116,2008-05-29,28.502934999999997,28.659491,28.126223,28.51272,23.818781,1838300
7117,2008-05-30,27.240703999999997,27.495108000000002,26.125244,26.257339,21.93469,4171800
7118,2008-06-02,26.203522,26.541096000000003,26.130136,26.433464,22.081825,1475500
7119,2008-06-03,26.722113,26.854208,26.330725,26.63405,22.249388,1894700
7120,2008-06-04,26.619373,27.754403999999997,26.330725,27.270059999999997,22.780706,1868600
7121,2008-06-05,27.490215000000003,27.876713,27.421721999999995,27.87182,23.283394,954900
7122,2008-06-06,27.886497,28.12133,27.172210999999997,27.191779999999998,22.715304999999997,1347600
7123,2008-06-09,27.289628999999998,27.504891999999998,26.751469,27.064579,22.609045000000002,1637200
7124,2008-06-10,26.663403999999996,26.751469,25.954012,26.188845,21.877482999999998,1870800
7125,2008-06-11,25.934442999999998,26.208414,25.337574,25.337574,21.166344,1411500
7126,2008-06-12,25.45499,25.998043,25.450098,25.758318,21.517834,1064900
7127,2008-06-13,26.027397,26.526419,25.939335,26.379648,22.036873,1079600
7128,2008-06-16,26.252446999999997,26.741682,26.139920999999998,26.545988,22.175826999999998,913600
7129,2008-06-17,26.834639000000003,26.8591,26.291586,26.448140999999996,22.094088,1630200
7130,2008-06-18,26.301371000000003,26.301371000000003,25.117416,25.391389999999998,21.211306,2244100
7131,2008-06-19,25.562622,26.286694,25.53816,26.09589,21.799826,2357700
7132,2008-06-20,25.655576999999997,25.831703,24.647748999999997,24.730919,20.659565,2174800
7133,2008-06-23,24.921722,25.073385000000002,24.584148000000003,24.784737,20.704532999999998,1700800
7134,2008-06-24,24.540117000000002,24.540117000000002,23.586105,23.586105,19.703222,2641200
7135,2008-06-25,24.266146,26.042074,24.207435999999998,25.768103,21.525999,3749100
7136,2008-06-26,25.699607999999998,25.699607999999998,24.373777,24.417809,20.398001,2849700
7137,2008-06-27,24.584148000000003,24.701565,23.972603,24.055773000000002,20.09556,2810000
7138,2008-06-30,24.05088,24.05088,23.561644,23.581213,19.699133,1389500
7139,2008-07-01,23.361057000000002,23.816048000000002,23.028376,23.772017,19.858526,1800300
7140,2008-07-02,23.864971,23.957926,22.563601000000002,22.617416,18.893995,2070700
7141,2008-07-03,22.759296,23.101761,22.314091,22.881605,19.114698,1101100
7142,2008-07-07,22.808220000000002,23.380627,22.363014,22.641878,18.914429000000002,1947900
7143,2008-07-08,22.480431,23.2045,22.426614999999998,23.047945000000002,19.253653,2033100
7144,2008-07-09,23.468689,23.816048000000002,22.886497,22.969667,19.188263,1938100
7145,2008-07-10,23.194715,23.796478,22.862036,23.194715,19.376248999999998,2221400
7146,2008-07-11,21.526419,22.230919,19.246574,20.107632000000002,16.797388,8434900
7147,2008-07-14,19.955969,20.591976000000003,19.823875,20.117416,16.805569000000002,3918900
7148,2008-07-15,19.858122,19.863014,18.561644,18.615459,15.550870999999999,4940500
7149,2008-07-16,18.473581,18.948141,18.131114999999998,18.860079000000002,15.755218,4498600
7150,2008-07-17,19.843445000000003,19.85323,18.600782000000002,19.657534,16.421389,3668900
7151,2008-07-18,19.711349,19.926614999999998,19.207435999999998,19.481409,16.274263,3308400
7152,2008-07-21,19.593933,19.916829999999997,19.280823,19.848337,16.580782,1984700
7153,2008-07-22,19.520548,20.004892,19.3591,19.970646,16.682962,2642200
7154,2008-07-23,19.990215,20.62133,19.965754,20.415851999999997,17.054869,2479500
7155,2008-07-24,21.281801,21.281801,19.931507,20.039139000000002,16.740175,3094800
7156,2008-07-25,20.141878,20.264189000000002,19.114481,19.975538,16.687044,2388400
7157,2008-07-28,20.14677,20.606653,19.941292,20.0,16.707481,1871600
7158,2008-07-29,19.877691,20.45499,19.686888,20.366928,17.014006,1777000
7159,2008-07-30,20.445206,20.841488000000002,20.278866,20.709393,17.300079,2227900
7160,2008-07-31,20.743639,20.821918,20.117416,20.435420999999998,17.071215,2069100
7161,2008-08-01,20.6409,20.694715,20.210371,20.420744,17.058956,1635800
7162,2008-08-04,20.479452,20.591976000000003,19.006849,19.080235000000002,15.939129999999999,2042900
7163,2008-08-05,19.036203,19.955969,18.864971,19.823875,16.56035,2279600
7164,2008-08-06,19.823875,20.479452,19.701565,19.892367999999998,16.617563,2547600
7165,2008-08-07,19.667317999999998,19.667317999999998,19.129158,19.222113,16.057648,1912900
7166,2008-08-08,19.090019,19.535225,19.006849,19.344423000000003,16.15983,1568900
7167,2008-08-11,19.006849,19.726027,18.913895,19.363993,16.176172,1485900
7168,2008-08-12,19.158511999999998,19.745596,19.075342000000003,19.104696,15.959564000000002,1929900
7169,2008-08-13,19.080235000000002,19.251469,18.546967000000002,19.187866,16.029042999999998,1903900
7170,2008-08-14,19.148726999999997,19.637964,18.742661,19.456947,16.253828,1910500
7171,2008-08-15,19.447163,20.068493,19.324854000000002,19.916829999999997,16.637997,1856900
7172,2008-08-18,19.848337,19.975538,19.510763,19.559687,16.450779,1052400
7173,2008-08-19,19.730919,19.730919,19.207435999999998,19.383562,16.30265,1278700
7174,2008-08-20,19.486301,19.559687,18.982388,19.417809,16.331451,1367200
7175,2008-08-21,19.344423000000003,19.535225,18.493151,19.363993,16.286182,966600
7176,2008-08-22,19.779844,19.823875,19.44227,19.735810999999998,16.598904,912400
7177,2008-08-25,19.584148000000003,19.677103,18.953032999999998,19.065557000000002,16.035189000000003,1243300
7178,2008-08-26,19.065557000000002,19.349316,19.055773000000002,19.256361,16.195667,1242900
7179,2008-08-27,19.334639000000003,19.911938,19.114481,19.745596,16.607141,1336300
7180,2008-08-28,19.863014,20.440313,19.843445000000003,20.313112,17.084452,1249400
7181,2008-08-29,20.185909,20.342466,19.921722,20.024462,16.841686,1013200
7182,2008-09-02,20.122309,20.821918,19.960860999999998,20.058708,16.87048,1963400
7183,2008-09-03,19.902153,20.313112,19.75049,20.107632000000002,16.911634,1446300
7184,2008-09-04,19.965754,20.102739,18.835617000000003,19.011742,15.989923000000001,1629600
7185,2008-09-05,18.850294,18.962818,17.915851999999997,18.424657999999997,15.496157,2888500
7186,2008-09-08,19.222113,19.222113,18.458904,18.718199,15.743043,3025500
7187,2008-09-09,18.483366,18.938356,18.136007,18.145792,15.261616,2697800
7188,2008-09-10,18.42955,19.031311,18.126223,18.762232,15.780082,2523500
7189,2008-09-11,18.34638,18.889433,18.12133,18.889433,15.887061,1778200
7190,2008-09-12,18.806263,19.065557000000002,18.615459,18.835617000000003,15.841794,2355700
7191,2008-09-15,17.186888,18.566536,15.484344,15.831701999999998,13.315339999999999,6528700
7192,2008-09-16,15.450098,16.976517,15.058708,15.313111,12.879171000000001,11384600
7193,2008-09-17,15.650685000000001,16.296478,14.921722,14.951077,12.574682000000001,7568300
7194,2008-09-18,15.254403,15.562622,13.478473999999999,14.315068,12.039767999999999,7383100
7195,2008-09-19,14.187867,16.149706,14.187867,15.357142000000001,12.916208000000001,5549200
7196,2008-09-22,15.293542,15.503914000000002,14.07045,14.158513000000001,11.908097,3089300
7197,2008-09-23,14.344422,14.642857999999999,13.909002,13.987279999999998,11.764073,3638100
7198,2008-09-24,14.153621,14.510763,14.045988000000001,14.359098999999999,12.076797000000001,3705500
7199,2008-09-25,14.461839999999999,15.508806,14.363992000000001,15.18591,12.772194,4973000
7200,2008-09-26,15.18591,15.18591,14.368884,14.706458,12.368945,3079200
7201,2008-09-29,14.486301000000001,14.559687,13.175147,13.458904,11.319682,3306100
7202,2008-09-30,13.458904,14.383562,13.116438,14.305284,12.031537,3133400
7203,2008-10-01,14.187867,14.476517000000001,13.806262,14.222114000000001,11.961585000000001,2923700
7204,2008-10-02,14.329745,14.329745,13.209394,13.356164000000001,11.233272999999999,3451400
7205,2008-10-03,13.590998,14.589041,13.419765,13.507828,11.360832,3215600
7206,2008-10-06,13.233854999999998,13.44912,12.255382,13.214285999999998,11.113946,4218200
7207,2008-10-07,13.424657999999999,13.590998,12.426615,12.426615,10.451471000000002,4457300
7208,2008-10-08,12.098825,13.561644,11.717221,12.842464999999999,10.801224000000001,5038800
7209,2008-10-09,13.209394,13.644814000000002,11.653621000000001,11.653621000000001,9.801341,5873200
7210,2008-10-10,11.081213,13.209394,9.985323,12.113503,10.188124,6842200
7211,2008-10-13,12.89139,13.762231,12.279843,13.762231,11.574797,3834700
7212,2008-10-14,14.481409,14.740704999999998,12.994129,13.341486999999999,11.220928,3532000
7213,2008-10-15,13.062622,13.062622,11.428572,11.428572,9.612062,3316700
7214,2008-10-16,11.477495,12.509785,11.252446,12.480431,10.496732000000002,3660300
7215,2008-10-17,12.079255999999999,13.087083999999999,11.741683,12.426615,10.451471000000002,3491900
7216,2008-10-20,12.196672999999999,13.204501,12.196672999999999,12.945205999999999,10.887634,2509000
7217,2008-10-21,12.377691,12.798434,11.766145,11.971624,10.068799,3545100
7218,2008-10-22,11.741683,11.819961,10.709394,11.120352,9.352832000000001,3431000
7219,2008-10-23,11.169276,11.834638,10.856164,11.69276,9.83426,3722300
7220,2008-10-24,10.777886,11.159492,10.347358,10.738748,9.031879,4762700
7221,2008-10-27,10.543053,10.919765,10.029354,10.112524,8.505191,2260600
7222,2008-10-28,10.362035,10.963797,9.823874,10.963797,9.221158,2753800
7223,2008-10-29,10.993151,11.751468,10.949119999999999,11.232877,9.447472,3229900
7224,2008-10-30,10.406067,11.007828,9.584147999999999,10.753425,9.044222999999999,6451400
7225,2008-10-31,10.870841,11.291585000000001,10.601761,11.051859,9.295225,3500700
7226,2008-11-03,11.051859,11.482388,10.890411,11.066536,9.307568,1809700
7227,2008-11-04,11.506849,11.736791,11.262231,11.609589,9.764307,3162600
7228,2008-11-05,11.453033,11.453033,10.425636,10.508806,8.838488,4168100
7229,2008-11-06,10.445205999999999,10.704500999999999,9.706458,9.750489,8.200704,3055300
7230,2008-11-07,9.809197,10.249511,9.623287,9.985323,8.398211,1926000
7231,2008-11-10,10.322896,10.655578,9.637965,9.79452,8.237731,1701600
7232,2008-11-11,9.642858,9.677104,8.703522999999999,9.368884,7.879749,3631500
7233,2008-11-12,9.148728,9.182975,8.454011999999999,8.463797,7.118521,4254500
7234,2008-11-13,8.51272,9.045988000000001,8.184932,8.757339,7.365407,24210100
7235,2008-11-14,8.189824,8.80137,8.189824,8.454011999999999,7.110291999999999,7286800
7236,2008-11-17,8.380627,8.69863,8.126224,8.16047,6.863408,5357500
7237,2008-11-18,8.180039,8.24364,7.157534,7.636986,6.423127,9680500
7238,2008-11-19,7.646771,7.925636,6.966732,7.005871000000001,5.8923239999999995,4641900
7239,2008-11-20,6.8591,6.8591,5.225048999999999,5.244618,4.411016,6979800
7240,2008-11-21,5.865949,5.865949,5.10274,5.332681,4.48508,5779600
7241,2008-11-24,5.376712,5.489237,4.486301,4.677104,3.933704,8738100
7242,2008-11-25,4.867906,4.867906,4.241683,4.437377,3.732079,7016600
7243,2008-11-26,4.246575,4.779843,3.923679,4.667319,3.9582019999999996,7814000
7244,2008-11-28,4.642857,4.887475,4.515656,4.672211,3.9623510000000004,1504100
7245,2008-12-01,4.613503,4.613503,3.923679,3.928571,3.331694,5912600
7246,2008-12-02,3.96771,4.354208,3.962818,4.329746,3.6719169999999997,5917700
7247,2008-12-03,4.25636,4.44227,4.016634,4.388454,3.7217050000000005,5591100
7248,2008-12-04,4.315069,4.44227,4.109589,4.182974,3.547444,4151300
7249,2008-12-05,4.148728,4.368885,3.9383559999999997,4.334638,3.676068,4722200
7250,2008-12-08,4.4520550000000005,4.652642,4.354208,4.437377,3.7631949999999996,5118100
7251,2008-12-09,4.505871,4.598826,4.285714,4.412916,3.7424510000000004,4466300
7252,2008-12-10,4.456947,4.647749,4.417808,4.5499019999999994,3.858623,3985300
7253,2008-12-11,4.554794,4.647749,4.217221,4.280822,3.630425,3347000
7254,2008-12-12,4.25636,4.892368,4.158513,4.608611,3.908412,5022500
7255,2008-12-15,4.71135,5.058708,4.681996,4.980430999999999,4.223741,5168000
7256,2008-12-16,5.0,5.37182,4.91683,5.220157,4.427045,3530600
7257,2008-12-17,5.136986,5.401174,5.039139,5.3033269999999995,4.497579,3884400
7258,2008-12-18,5.430528,5.768102,5.225048999999999,5.626223,4.771418,5485000
7259,2008-12-19,5.6409,5.724071,5.513699,5.675147,4.812907,4864300
7260,2008-12-22,5.675147,5.714286,5.019569000000001,5.176125,4.389703,2726900
7261,2008-12-23,5.352251,5.352251,4.990215,5.0342459999999996,4.269382,1849800
7262,2008-12-24,5.073386,5.16634,4.89726,4.951077,4.198848,814700
7263,2008-12-26,4.990215,5.029354,4.7945199999999994,4.867906,4.128314,1621300
7264,2008-12-29,4.848337,4.867906,4.5499019999999994,4.657534,3.949903,1712000
7265,2008-12-30,4.637965,4.7945199999999994,4.564579,4.7064580000000005,3.991394,2572100
7266,2008-12-31,4.71135,5.225048999999999,4.71135,5.141879,4.3606620000000005,2558400
7267,2009-01-02,5.161448,5.410959,5.048923,5.391389,4.5722629999999995,2044000
7268,2009-01-05,5.415851,5.415851,5.136986,5.254403,4.4560889999999995,2806800
7269,2009-01-06,5.318004,5.900196,5.318004,5.841487,4.953975,3951600
7270,2009-01-07,5.675147,5.772994000000001,5.484344,5.552837,4.709181,3005400
7271,2009-01-08,5.5381599999999995,5.831703,5.406066,5.782779,4.9041879999999995,3156700
7272,2009-01-09,5.7974559999999995,5.998043,5.758317,5.787671,4.908336,2945400
7273,2009-01-12,5.528376000000001,5.528376000000001,5.039139,5.127202,4.348212999999999,4413200
7274,2009-01-13,5.117417,5.18591,4.91683,5.063601,4.294274,3816300
7275,2009-01-14,5.107632,5.107632,4.774951000000001,4.83366,4.09927,3386700
7276,2009-01-15,4.848337,4.941292,4.44227,4.882583,4.14076,4072000
7277,2009-01-16,4.951077,4.990215,4.618395,4.89726,4.153206,2423300
7278,2009-01-20,4.985323,4.985323,4.408023,4.456947,3.779792,3566500
7279,2009-01-21,4.505871,4.7994129999999995,4.476516999999999,4.7994129999999995,4.070226,3080100
7280,2009-01-22,4.721134999999999,4.721134999999999,4.44227,4.564579,3.8710709999999997,2732400
7281,2009-01-23,4.481408999999999,4.848337,4.432485,4.755382,4.032886,2807200
7282,2009-01-26,4.848337,4.89726,4.5401169999999995,4.652642,3.945754,2574200
7283,2009-01-27,4.481408999999999,4.765166000000001,4.349315,4.677104,3.9665,4282300
7284,2009-01-28,4.863014,4.863014,4.4618400000000005,4.642857,3.9374559999999996,5681900
7285,2009-01-29,4.589041,4.589041,3.977495,4.0362029999999995,3.4229730000000003,5565800
7286,2009-01-30,4.143836,4.280822,3.8845400000000003,3.923679,3.3275449999999998,4472200
7287,2009-02-02,3.8649709999999997,4.031311,3.713307,3.8600779999999997,3.273607,4403500
7288,2009-02-03,3.9090019999999996,3.9090019999999996,3.483366,3.556751,3.016365,4614900
7289,2009-02-04,3.5909980000000004,3.669276,3.3757339999999996,3.4001959999999998,2.883596,4486500
7290,2009-02-05,3.4001959999999998,3.537182,3.253425,3.4050879999999997,2.887744,4647400
7291,2009-02-06,3.419765,3.703522,3.3806260000000004,3.6007830000000003,3.053707,4091200
7292,2009-02-09,3.6594910000000005,4.19276,3.6252449999999996,4.0362029999999995,3.4229730000000003,5800000
7293,2009-02-10,4.0459879999999995,4.0459879999999995,3.786693,3.830724,3.248713,5781400
7294,2009-02-11,3.8600779999999997,4.065558,3.816047,3.8992169999999997,3.3068,6303000
7295,2009-02-12,3.8405089999999995,4.016634,3.820939,4.016634,3.4063769999999995,6177700
7296,2009-02-13,3.997065,4.065558,3.742661,3.776908,3.203074,3655400
7297,2009-02-17,3.6545989999999997,3.6937379999999997,3.3317019999999995,3.3365949999999995,2.857415,4520300
7298,2009-02-18,3.3708419999999997,3.468689,3.180039,3.297456,2.823897,5060700
7299,2009-02-19,3.32681,3.463796,3.1409,3.1506849999999997,2.6982049999999997,4043600
7300,2009-02-20,3.043053,3.175147,2.9843439999999997,3.126223,2.6772560000000003,4247600
7301,2009-02-23,3.233855,3.233855,2.798434,2.822896,2.417491,5508300
7302,2009-02-24,2.920744,3.116438,2.822896,3.101761,2.656307,5356500
7303,2009-02-25,3.121331,3.121331,2.876712,2.8864970000000003,2.471957,5502800
7304,2009-02-26,2.935421,3.1066540000000002,2.803327,2.818004,2.4133009999999997,4794800
7305,2009-02-27,2.7641880000000003,2.935421,2.715264,2.8913889999999998,2.476148,5568600
7306,2009-03-02,2.915851,3.003914,2.842466,2.881605,2.467768,5180500
7307,2009-03-03,2.945205,3.018591,2.671233,2.7397259999999997,2.3462650000000003,5267700
7308,2009-03-04,2.87182,2.959882,2.803327,2.925636,2.505476,4079000
7309,2009-03-05,2.798434,2.8913889999999998,2.6174169999999997,2.793542,2.392353,5169800
7310,2009-03-06,2.7641880000000003,2.97456,2.7641880000000003,2.97456,2.547374,4850800
7311,2009-03-09,2.930528,3.170254,2.8913889999999998,3.062622,2.622788,4599000
7312,2009-03-10,3.175147,3.3757339999999996,3.087084,3.3365949999999995,2.857415,4070800
7313,2009-03-11,3.3855190000000004,3.542074,3.258317,3.32681,2.8490349999999998,3068000
7314,2009-03-12,3.32681,3.5812129999999995,3.209393,3.5616440000000003,3.050144,2659400
7315,2009-03-13,3.605675,3.605675,3.356164,3.488258,2.987299,2467900
7316,2009-03-16,3.517612,3.6252449999999996,3.42955,3.4442269999999997,2.94959,2157200
7317,2009-03-17,3.424658,3.571429,3.3855190000000004,3.571429,3.0585240000000002,3122200
7318,2009-03-18,3.556751,3.752446,3.449119,3.6888449999999997,3.159078,3885200
7319,2009-03-19,3.737769,3.8111550000000003,3.6301370000000004,3.6594910000000005,3.13394,3026300
7320,2009-03-20,3.6399220000000003,3.6545989999999997,3.32681,3.473581,2.974729,4248600
7321,2009-03-23,3.5812129999999995,4.0459879999999995,3.5812129999999995,4.0459879999999995,3.4649300000000003,4064900
7322,2009-03-24,3.98728,4.447163,3.928571,4.3052839999999994,3.686988,5614000
7323,2009-03-25,4.383562,4.623288,4.114481,4.275929,3.6618489999999997,4640900
7324,2009-03-26,4.373777,4.726026999999999,4.354208,4.681996,4.0096,7154200
7325,2009-03-27,4.9657540000000004,5.220157,4.770059,5.0342459999999996,4.311261,8631600
7326,2009-03-30,4.858121,4.858121,4.662426,4.7945199999999994,4.105964,5347300
7327,2009-03-31,4.970646,5.141879,4.828767,5.053816,4.3280199999999995,4995700
7328,2009-04-01,5.381605,5.895303,5.264188,5.82681,4.990003,12013400
7329,2009-04-02,5.944227,6.722114,5.939335,6.428571,5.505343,11826300
7330,2009-04-03,6.4530330000000005,6.687867,6.364971,6.678082000000001,5.719021,9051600
7331,2009-04-06,6.443249,6.59002,6.169276,6.482387999999999,5.551431,7149200
7332,2009-04-07,6.345401,6.428571,6.183953,6.188846,5.300045,4591800
7333,2009-04-08,6.2182,6.575342999999999,6.2182,6.477494999999999,5.5472410000000005,5251400
7334,2009-04-09,6.658513,7.079257000000001,6.658513,7.020548,6.012303,6530900
7335,2009-04-13,6.903131,7.328767,6.854208,7.235811999999999,6.196655000000001,5257500
7336,2009-04-14,7.21135,7.475538,7.02544,7.108611,6.087721,6693800
7337,2009-04-15,7.093934,7.509785000000001,7.093934,7.426614,6.360054,5686400
7338,2009-04-16,7.529354,8.194716,7.411936999999999,8.12133,6.955,7262900
7339,2009-04-17,8.116438,8.953033,7.994128999999999,8.860078,7.5876529999999995,8687800
7340,2009-04-20,8.517612,8.517612,7.5440309999999995,7.58317,6.494127,9406400
7341,2009-04-21,7.5,8.317025,7.093934,8.199608999999999,7.022038,7907000
7342,2009-04-22,8.116438,8.850292999999999,7.97456,8.595889999999999,7.361409,5819600
7343,2009-04-23,8.659492,8.791585000000001,8.253425,8.625245,7.386547,6117000
7344,2009-04-24,8.762231,9.461839999999999,8.708414999999999,9.319961,7.981492,6453300
7345,2009-04-27,9.124266,9.305284,8.708414999999999,8.80137,7.537377,5340900
7346,2009-04-28,8.615459,9.349314999999999,8.32681,9.075342,7.7720009999999995,5991300
7347,2009-04-29,9.19276,9.584147999999999,9.129159,9.417809,8.065284,4979100
7348,2009-04-30,10.26908,11.169276,10.029354,10.74364,9.20071,11959200
7349,2009-05-01,10.772994,11.492172,10.611546,11.276908,9.657396,5877900
7350,2009-05-04,11.355186,12.76908,11.355186,12.734834,10.905942999999999,7399400
7351,2009-05-05,12.656556,13.067514,11.942269999999999,12.221135,10.466016999999999,7986100
7352,2009-05-06,12.597847,12.945205999999999,12.020548,12.734834,10.905942999999999,6318400
7353,2009-05-07,13.013699,13.140901000000001,11.433464,11.775929,10.08475,7868500
7354,2009-05-08,11.912916000000001,12.695694999999999,11.67319,12.695694999999999,10.872423,6122300
7355,2009-05-11,12.446183999999999,12.446183999999999,11.69276,11.932486,10.218823,5835000
7356,2009-05-12,12.167319,12.363013,11.090997999999999,11.541096000000001,9.883641,6629900
7357,2009-05-13,10.958903999999999,11.741683,10.768102,11.115459,9.51913,7407600
7358,2009-05-14,10.954011999999999,12.21135,10.797456,12.030333,10.302614,6606800
7359,2009-05-15,11.947163,12.475538,11.638944,11.829744999999999,10.130836,3250300
7360,2009-05-18,11.981409,13.033268,11.981409,12.97456,11.111238,4297100
7361,2009-05-19,12.866927,13.282779000000001,12.671233,12.76908,10.93527,4859800
7362,2009-05-20,12.901175,13.713307,12.818004,13.096869,11.215983999999999,4514700
7363,2009-05-21,12.886497,12.915852000000001,11.996086,12.421722,10.637801,4191200
7364,2009-05-22,12.573385,12.940313,12.255382,12.734834,10.905942999999999,3018700
7365,2009-05-26,12.602739,13.204501,12.485323,13.175147,11.315621,3912800
7366,2009-05-27,13.165362,13.370841,12.607632,12.690803,10.899637,4447300
7367,2009-05-28,12.759295,13.082191,12.387476,12.979452,11.147548,3619500
7368,2009-05-29,13.052837,13.277885999999999,12.749511,13.111545999999999,11.260995,3143200
7369,2009-06-01,13.30724,14.168298000000002,13.30724,13.928572,11.962711,3934400
7370,2009-06-02,13.943249,14.236791,13.630137,13.923679000000002,11.958505,2425600
7371,2009-06-03,13.7182,13.889432999999999,13.380626999999999,13.679060999999999,11.748415,3781100
7372,2009-06-04,13.747554000000001,14.324853,13.468689000000001,14.202544,12.19801,2958000
7373,2009-06-05,14.432485999999999,14.579255999999999,14.016634,14.295499,12.27785,2457500
7374,2009-06-08,14.104695999999999,14.138944,13.69863,13.982388,12.008929,2243200
7375,2009-06-09,14.045988000000001,14.672212,14.031310999999999,14.461839999999999,12.420713000000001,3358400
7376,2009-06-10,14.598825,14.672212,13.830723999999998,14.148728,12.151796000000001,3171400
7377,2009-06-11,14.182975,14.427593,13.713307,13.772016,11.828249000000001,3298600
7378,2009-06-12,13.649707000000001,13.708414999999999,13.052837,13.385519,11.4963,3055900
7379,2009-06-15,13.150685000000001,13.258317000000002,12.78865,12.881605,11.063511,2211100
7380,2009-06-16,13.101761,13.253425,12.592955,12.617416,10.83661,2643900
7381,2009-06-17,12.568493,12.602739,11.873776,12.397261,10.647523,3118300
7382,2009-06-18,12.363013,12.793542,12.167319,12.353228999999999,10.609706,2022700
7383,2009-06-19,12.945205999999999,12.945205999999999,12.475538,12.715264,10.920646000000001,4112100
7384,2009-06-22,12.504892,12.622309,11.594911999999999,11.829744999999999,10.160108000000001,3491700
7385,2009-06-23,12.064579,12.617416,11.849314999999999,12.485323,10.723158,4510900
7386,2009-06-24,12.725049,13.356164000000001,12.656556,13.233854999999998,11.366046,5075800
7387,2009-06-25,13.136007999999999,13.546967,13.062622,13.424657999999999,11.529917999999999,2435200
7388,2009-06-26,13.414873000000002,13.571428,12.964775,13.136007999999999,11.282008,3278500
7389,2009-06-29,13.067514,13.835616,13.067514,13.69863,11.765222,4084500
7390,2009-06-30,13.928572,13.928572,13.380626999999999,13.723092000000001,11.786233,2701700
7391,2009-07-01,13.889432999999999,14.153621,13.762231,13.796477,11.849259,1581800
7392,2009-07-02,13.463797,13.527397,13.028376,13.028376,11.189564,2125900
7393,2009-07-06,12.862035,12.940313,11.922701,12.539139,10.76938,4215700
7394,2009-07-07,12.133073,12.553816000000001,12.133073,12.240705,10.513065,2621600
7395,2009-07-08,12.23092,12.407045,11.624266,11.937378,10.252549,2590100
7396,2009-07-09,12.030333,12.29452,11.859099,12.152642,10.437434,2009600
7397,2009-07-10,12.054794000000001,12.617416,11.903131,12.309197,10.571892,2618300
7398,2009-07-13,12.323874,12.548923,11.810176,12.524462,10.756775,2043300
7399,2009-07-14,12.622309,12.813111,12.289628,12.729941,10.933253,2725800
7400,2009-07-15,13.008806,13.923679000000002,13.008806,13.894325,11.933295,3550200
7401,2009-07-16,13.840507999999998,14.187867,13.576320999999998,14.016634,12.03834,2537800
7402,2009-07-17,13.943249,14.011742000000002,13.625245000000001,13.884541,11.924894,1441200
7403,2009-07-20,13.957926,14.17319,13.527397,14.026419,12.046747,2461900
7404,2009-07-21,14.143835999999999,14.334638,13.933464,14.251468,12.240032000000001,2366100
7405,2009-07-22,14.080235,14.91683,14.07045,14.79452,12.706441,3894800
7406,2009-07-23,14.696673,15.591976,14.628181,15.264188,13.109820000000001,4120200
7407,2009-07-24,13.884541,14.642857999999999,13.043053,14.280822,12.265241,8260000
7408,2009-07-27,14.677104,15.469667000000001,14.589041,15.445205999999999,13.265285999999998,4189100
7409,2009-07-28,15.366926999999999,15.636007999999999,15.166341000000001,15.484344,13.2989,3295700
7410,2009-07-29,15.293542,15.425635999999999,15.058708,15.239726000000001,13.088808,1792300
7411,2009-07-30,15.464775,16.267124,15.464775,15.821918,13.588832,2539400
7412,2009-07-31,15.772994,16.501957,15.733854999999998,16.213306,13.92498,3007500
7413,2009-08-03,16.65362,16.922701,16.413895,16.922701,14.53425,2530000
7414,2009-08-04,16.663404,17.509785,16.585127,17.460860999999998,14.996453,2953500
7415,2009-08-05,17.304306,17.597847,17.064579000000002,17.294521,14.853591,2954800
7416,2009-08-06,17.338552,17.367907000000002,16.575342000000003,16.868885000000002,14.488029000000001,3480700
7417,2009-08-07,17.240704,17.607632000000002,16.87867,17.529354,15.055279999999998,2206400
7418,2009-08-10,17.5,17.5,16.976517,17.260275,14.824185,2395300
7419,2009-08-11,17.113503,17.35323,16.87867,17.211349,14.782156,2113900
7420,2009-08-12,17.235810999999998,17.358122,16.971624,17.089041,14.677114000000001,3026100
7421,2009-08-13,17.25049,17.377691,16.976517,17.172210999999997,14.748548000000001,3234800
7422,2009-08-14,17.089041,17.089041,16.413895,16.63405,14.286339000000002,3274800
7423,2009-08-17,16.149706,16.149706,15.318004,15.650685000000001,13.441766000000001,2953500
7424,2009-08-18,15.694716,16.247553,15.591976,16.242661,13.982970000000002,2239800
7425,2009-08-19,15.905088000000001,16.218199,15.322896,16.081213,13.843981,2257100
7426,2009-08-20,16.090998000000003,16.57045,16.007828,16.516634,14.218826000000002,1472700
7427,2009-08-21,16.57045,17.822897,16.57045,17.803328,15.326518,3500500
7428,2009-08-24,18.458904,18.82094,17.920744,18.243639,15.705570999999999,4313400
7429,2009-08-25,17.617416,18.302349,17.617416,17.876713,15.389692000000002,2793900
7430,2009-08-26,17.690801999999998,18.033268,17.294521,17.994129,15.490770000000001,2064000
7431,2009-08-27,17.862036,18.214285,17.397261,18.03816,15.528682,1370700
7432,2009-08-28,18.22407,18.331703,18.013699,18.272995,15.730846,1288500
7433,2009-08-31,17.959882999999998,18.077299,17.636986,17.945206,15.448656,1224700
7434,2009-09-01,17.475538,18.22407,17.035225,17.142857,14.757929999999998,2229100
7435,2009-09-02,17.054794,17.548923000000002,16.8591,17.27006,14.867441,1653500
7436,2009-09-03,17.436398999999998,17.504892,17.040117000000002,17.451076999999998,15.023268,1404600
7437,2009-09-04,17.436398999999998,17.881605,17.221134,17.818005,15.339151000000001,1334100
7438,2009-09-08,18.072407000000002,18.483366,17.915851999999997,18.473581,15.903523999999999,1753100
7439,2009-09-09,18.522505,19.222113,18.312134,19.15362,16.488951,3490500
7440,2009-09-10,19.080235000000002,19.672210999999997,18.913895,19.662426,16.926973,2668200
7441,2009-09-11,19.779844,19.955969,18.845402,19.13405,16.472115,2139400
7442,2009-09-14,18.997065,19.848337,18.82094,19.804306,17.049122,1870400
7443,2009-09-15,20.058708,21.545988,20.039139000000002,21.438356,18.455837,4332000
7444,2009-09-16,21.316048000000002,21.893347,21.316048000000002,21.438356,18.455837,3634800
7445,2009-09-17,21.443248999999998,21.751469,20.499022,20.680038,17.803015,3105000
7446,2009-09-18,20.831703,21.565557000000002,20.587084,21.355186,18.384237,5068000
7447,2009-09-21,21.007828,22.015656,20.914873,21.829746,18.792772,2465600
7448,2009-09-22,21.996086,22.407045,21.457926,21.594912,18.590616,2760600
7449,2009-09-23,21.912916,22.123287,21.272017,21.286694,18.325277,2671300
7450,2009-09-24,21.340509,21.594912,20.47456,20.728962,17.845132999999997,1902500
7451,2009-09-25,20.503914,20.880627,20.122309,20.435420999999998,17.59243,1632700
7452,2009-09-28,20.636007,21.144814,20.543053,20.870842,17.967281,1948500
7453,2009-09-29,20.836596,21.614481,20.836596,21.438356,18.455837,1985500
7454,2009-09-30,21.433464,21.526419,20.616438,21.144814,18.203138,2812900
7455,2009-10-01,20.939335,20.963797,19.574364000000003,19.662426,16.926973,3319200
7456,2009-10-02,19.300392000000002,19.300392000000002,18.561644,18.698629,16.097269,4626700
7457,2009-10-05,18.845402,20.14677,18.801371,20.136986,17.335518,3228700
7458,2009-10-06,20.459882999999998,20.616438,19.500978,20.107632000000002,17.310244,2680900
7459,2009-10-07,19.975538,20.190801999999998,19.412916,19.818983,17.061752,2534700
7460,2009-10-08,20.044031,20.547945000000002,19.848337,20.225048,17.411322,2369800
7461,2009-10-09,20.063601000000002,20.366928,19.838552,20.127201,17.327085,1335300
7462,2009-10-12,20.386497,20.777887,20.112524,20.660469,17.786163000000002,1632700
7463,2009-10-13,20.552837,20.802349,20.171232,20.499022,17.647188,2584000
7464,2009-10-14,20.836596,21.247553,20.826811,21.042074,18.114685,2445600
7465,2009-10-15,20.909981,20.954012,20.410959,20.914873,18.00518,2152700
7466,2009-10-16,20.596869,20.748531,20.24951,20.523483,17.668238,1928500
7467,2009-10-19,20.680038,20.880627,20.342466,20.47456,17.626125,2359300
7468,2009-10-20,20.450098,20.606653,20.058708,20.459882999999998,17.613489,1798300
7469,2009-10-21,20.499022,20.792564000000002,19.784737,19.858122,17.095444,1761100
7470,2009-10-22,19.946184,20.680038,19.510763,20.469667,17.62191,2330300
7471,2009-10-23,20.601761,20.841488000000002,19.85323,20.009785,17.226009,2451700
7472,2009-10-26,20.215263,20.665360999999997,19.085127,19.271038,16.590034,3194100
7473,2009-10-27,19.339531,19.721134,18.948141,19.256361,16.5774,2974600
7474,2009-10-28,18.248531,18.786694,16.384541,16.893347,14.54313,10979100
7475,2009-10-29,17.72994,17.72994,16.335617000000003,17.123287,14.741079999999998,6059400
7476,2009-10-30,16.971624,17.049902,16.286694,16.898239,14.547345000000002,5736400
7477,2009-11-02,17.049902,17.529354,16.643835,17.069471,14.694752,3061900
7478,2009-11-03,16.805285,17.348337,16.805285,16.976517,14.614733,4022300
7479,2009-11-04,17.27006,17.294521,16.63405,16.702543,14.378872,4321000
7480,2009-11-05,16.873777,17.529354,16.501957,17.519569,15.082232999999999,2961500
7481,2009-11-06,17.265167,17.764189000000002,17.137964,17.343445000000003,14.930614000000002,2045000
7482,2009-11-09,17.519569,18.517612,17.480431,18.44912,15.882463000000001,2883400
7483,2009-11-10,18.22407,18.317026000000002,17.74951,18.101761,15.583426000000001,2171500
7484,2009-11-11,18.370842,18.542074,17.984344,18.26321,15.722419,1628200
7485,2009-11-12,18.2045,18.414873,17.837574,17.910959,15.419176,2547200
7486,2009-11-13,17.97456,18.468689,17.964775,18.321918,15.772960999999999,2172900
7487,2009-11-16,18.502935,18.957926,18.424657999999997,18.801371,16.185709,2243600
7488,2009-11-17,18.546967000000002,18.855186,18.351273000000003,18.605675,16.017241000000002,1790100
7489,2009-11-18,18.644814,18.757339,18.312134,18.439335,15.874045,1488400
7490,2009-11-19,18.150684,18.248531,17.666339999999998,17.72994,15.263342000000002,2234000
7491,2009-11-20,17.534246,17.778866,17.108610000000002,17.460860999999998,15.031692000000001,3106800
7492,2009-11-23,17.808220000000002,18.189823,17.318983,17.451076999999998,15.023268,1980600
7493,2009-11-24,17.397261,17.519569,17.015656,17.407045,14.985364,2379800
7494,2009-11-25,17.485323,17.989237,17.421722,17.832682000000002,15.351787,1464900
7495,2009-11-27,17.245596,17.734833,16.917809,17.446184,15.050023999999999,878300
7496,2009-11-30,17.411938,17.583170000000003,17.167317999999998,17.578278,15.163977,2277800
7497,2009-12-01,17.793543,18.150684,17.622309,17.915851999999997,15.455186999999999,2031700
7498,2009-12-02,17.901175,18.752447,17.881605,18.683951999999998,16.11779,2761400
7499,2009-12-03,18.654598,19.178082,18.625244,18.811155,16.227524,3973700
7500,2009-12-04,18.997065,19.54501,18.742661,19.026419,16.413216000000002,2780800
7501,2009-12-07,19.085127,19.324854000000002,18.997065,19.197651,16.560938,2405700
7502,2009-12-08,18.933464,19.001957,18.556751000000002,18.620352,16.062923,2905100
7503,2009-12-09,18.59589,19.075342000000003,18.356165,18.556751000000002,16.008059,2074800
7504,2009-12-10,18.850294,18.864971,18.419764999999998,18.757339,16.181101,1742500
7505,2009-12-11,18.840509,19.212328,18.683951999999998,19.197651,16.560938,1643100
7506,2009-12-14,19.505871,19.549902,19.026419,19.535225,16.852142,1191200
7507,2009-12-15,19.447163,19.677103,19.075342000000003,19.408023999999997,16.742410999999997,1845900
7508,2009-12-16,19.476517,20.073385000000002,19.437378,19.823875,17.101145000000002,1832200
7509,2009-12-17,19.427592999999998,19.721134,19.427592999999998,19.432485999999997,16.763514,1504300
7510,2009-12-18,19.608610000000002,19.755383,18.98728,19.393347,16.729751999999998,2487900
7511,2009-12-21,19.62818,19.662426,19.021526,19.324854000000002,16.67067,1773300
7512,2009-12-22,19.329746,19.569471,19.197651,19.554794,16.869026,1377000
7513,2009-12-23,19.579256,19.686888,19.148726999999997,19.231897,16.590477,1496400
7514,2009-12-24,19.280823,19.52544,19.178082,19.310177,16.658007,376900
7515,2009-12-28,19.447163,19.491194,19.21722,19.388454,16.725538,870300
7516,2009-12-29,19.398239,19.471624,19.261253,19.403131,16.738194,803400
7517,2009-12-30,19.412916,19.691779999999998,19.363993,19.62818,16.932329,1475500
7518,2009-12-31,19.686888,19.686888,19.344423000000003,19.383562,16.721315,1595700
7519,2010-01-04,19.530333,20.14677,19.520548,20.136986,17.371248,2213000
7520,2010-01-05,20.122309,20.122309,19.774952,20.019569,17.269972,2851700
7521,2010-01-06,20.019569,20.357143,19.823875,20.357143,17.561172,2963100
7522,2010-01-07,20.264189000000002,20.332682000000002,19.818983,19.911938,17.177113000000002,2977900
7523,2010-01-08,19.863014,19.955969,19.535225,19.872799,17.143356,2908200
7524,2010-01-11,20.176125,20.322897,20.048923000000002,20.318005,17.527409,1976900
7525,2010-01-12,20.107632000000002,20.303328,19.584148000000003,19.823875,17.101145000000002,2430300
7526,2010-01-13,19.887476,20.171232,18.962818,20.141878,17.375475,3068800
7527,2010-01-14,20.092955,20.141878,19.774952,19.941292,17.20244,1150100
7528,2010-01-15,19.897261,19.990215,19.608610000000002,19.691779999999998,16.987198,1464900
7529,2010-01-19,19.706457,20.117416,19.520548,20.107632000000002,17.345934,2451700
7530,2010-01-20,19.887476,20.102739,19.672210999999997,20.019569,17.269972,1645600
7531,2010-01-21,20.019569,20.278866,19.427592999999998,19.510763,16.831045,2045600
7532,2010-01-22,19.44227,19.579256,18.90411,18.938356,16.337246,1425200
7533,2010-01-25,19.227005,19.633072,19.178082,19.388454,16.725538,2013300
7534,2010-01-26,20.112524,21.438356,20.112524,20.954012,18.076061,6291400
7535,2010-01-27,20.958904,21.345402,20.484344,20.958904,18.080285999999997,3492500
7536,2010-01-28,21.002935,21.042074,20.352251000000003,20.508806,17.692013,2355000
7537,2010-01-29,20.636007,20.895304,19.765167,19.77006,17.054726000000002,2675300
7538,2010-02-01,20.273973,21.242661,20.132092999999998,21.149706,18.244877,5094800
7539,2010-02-02,21.193737,21.448141,20.905088,21.369864,18.434798999999998,2389400
7540,2010-02-03,21.164382999999997,21.829746,21.164382999999997,21.360079000000002,18.426357,2815400
7541,2010-02-04,21.154598,21.296478,20.499022,20.518591,17.700441,2275100
7542,2010-02-05,20.547945000000002,20.6409,19.569471,20.376713,17.578053,3949400
7543,2010-02-08,20.435420999999998,20.601761,19.887476,19.911938,17.177113000000002,2044200
7544,2010-02-09,20.239725,20.547945000000002,19.921722,20.303328,17.514742000000002,2707600
7545,2010-02-10,20.273973,20.636007,19.960860999999998,20.308220000000002,17.518972,1703000
7546,2010-02-11,20.122309,21.223091,19.985323,21.056751000000002,18.164692000000002,3300400
7547,2010-02-12,20.792564000000002,21.771038,20.601761,21.555773000000002,18.595179,3196800
7548,2010-02-16,21.810177,22.059687,21.624266,22.02544,19.000338,1941800
7549,2010-02-17,22.093933,22.813112,22.04501,22.64677,19.568932,3949400
7550,2010-02-18,22.671232,22.87182,22.402153,22.734833,19.645029,2110400
7551,2010-02-19,22.666339999999998,22.999022,22.553816,22.773973,19.678848000000002,2093400
7552,2010-02-22,22.74951,22.866928,22.529354,22.563601000000002,19.497066,2342400
7553,2010-02-23,22.441292,22.744617,22.069471,22.162426,19.150408,3082700
7554,2010-02-24,22.314091,23.1409,22.186888,23.12133,19.978996,3477600
7555,2010-02-25,22.715263,23.136007,22.284737,23.072407000000002,19.936716,2866300
7556,2010-02-26,23.043053,23.219177,22.803328,23.033268,19.902905,1894700
7557,2010-03-01,23.214285,24.094912,23.013699,23.997065,20.735714,3041600
7558,2010-03-02,24.109589,24.46184,24.080235000000002,24.256361,20.959768,3008900
7559,2010-03-03,24.373777,24.789629,24.222113,24.633072,21.285273,2916900
7560,2010-03-04,24.608610000000002,24.921722,24.422701,24.505871,21.175369,2709500
7561,2010-03-05,24.178082,25.185909,23.933464,25.048923000000002,21.644614999999998,3675100
7562,2010-03-08,25.078278,25.234833,24.843445000000003,24.863014,21.483974,3306100
7563,2010-03-09,24.677103,25.151663,24.677103,24.990215,21.593887,2089300
7564,2010-03-10,24.916829999999997,25.47456,24.735810999999998,25.205479,21.779896,2737500
7565,2010-03-11,25.048923000000002,25.406067,24.623287,25.357143,21.910948,2413500
7566,2010-03-12,25.562622,25.636007,25.132092999999998,25.55773,22.08427,1611800
7567,2010-03-15,25.55773,26.169275,25.347359,25.958904,22.430925,3455300
7568,2010-03-16,26.135029,26.154598,25.401175,25.572407000000002,22.096957999999997,2362000
7569,2010-03-17,25.78278,26.467709999999997,25.689823,26.227983000000002,22.663429,1723900
7570,2010-03-18,26.291586,26.438356,25.645792,25.84638,22.333691,1571400
7571,2010-03-19,24.907045,26.027397,24.814091,24.907045,21.522017,4328900
7572,2010-03-22,24.672210999999997,25.86595,24.46184,25.689823,22.19841,2377700
7573,2010-03-23,25.826811,26.340509,25.62133,26.022505,22.485876,2149000
7574,2010-03-24,25.905088,26.272016999999998,25.714285,26.139920999999998,22.587339,2230000
7575,2010-03-25,26.369864,26.624266,25.802349,25.826811,22.316784,1954000
7576,2010-03-26,25.895304,26.394325,25.895304,26.120352,22.570427,1584500
7577,2010-03-29,26.296478000000004,26.643835,26.144814,26.262232,22.693029,1551600
7578,2010-03-30,26.296478000000004,26.453033,25.72407,26.198629,22.638067000000003,1782900
7579,2010-03-31,26.061644,26.467709999999997,25.728962,25.817026000000002,22.308332,2172500
7580,2010-04-01,26.472603000000003,26.947163,26.301371000000003,26.937378000000002,23.276413,2453800
7581,2010-04-05,26.986301,27.930528999999996,26.986301,27.930528999999996,24.134592,2940200
7582,2010-04-06,27.744616999999998,28.855186,27.607632000000002,28.635029,24.743343,4131300
7583,2010-04-07,28.639921,29.168296999999995,28.454012,28.590998,24.705297,3474300
7584,2010-04-08,28.444227,29.036203000000004,28.091976000000003,28.992171999999997,25.051947,3130900
7585,2010-04-09,29.094912,29.461840000000002,28.752446999999997,29.461840000000002,25.457788,3032000
7586,2010-04-12,29.530333000000002,29.633072,28.542074,29.339531,25.352097,3981700
7587,2010-04-13,29.173189,29.662426,28.962818,29.197651,25.229504000000002,3556900
7588,2010-04-14,29.481409000000003,30.503914,29.300392,30.425635999999997,26.290602000000003,2932900
7589,2010-04-15,30.278865999999997,30.278865999999997,29.672210999999997,29.911938,25.846714000000002,2030500
7590,2010-04-16,29.677103000000002,29.936398999999998,28.899217999999998,29.354208,25.364779000000002,2208900
7591,2010-04-19,29.148727,29.300392,27.808220000000002,28.820940000000004,24.90399,3020600
7592,2010-04-20,29.045988,29.530333000000002,29.016634000000003,29.212328000000003,25.242178,2641200
7593,2010-04-21,29.256361,29.589040999999998,29.080235,29.408023999999997,25.411289,2385500
7594,2010-04-22,29.006849,29.726027000000002,28.884541,29.662426,25.631113,2339500
7595,2010-04-23,29.779844,31.179059999999996,29.765166999999998,30.958903999999997,26.751396000000003,3200900
7596,2010-04-26,30.944227,31.159491,30.342465999999998,30.484344,26.34132,2444600
7597,2010-04-27,30.200585999999998,30.396282,28.816048,29.021526,25.077316,2882000
7598,2010-04-28,29.574364000000003,30.327789000000003,29.388454,29.887476,25.825579,3806300
7599,2010-04-29,30.327789000000003,31.002934999999997,29.892367999999998,30.954012,26.747165999999996,2134100
7600,2010-04-30,30.998043,30.998043,29.129158,29.138942999999998,25.178767999999998,3004400
7601,2010-05-03,29.417809000000002,30.313112,29.3591,29.730919,25.6903,3198200
7602,2010-05-04,29.354208,29.388454,28.454012,28.909002,24.980085,3274400
7603,2010-05-05,28.414872999999996,29.207435999999998,27.89139,28.297457,24.451651000000002,3574500
7604,2010-05-06,28.013699,28.674167999999998,24.496086,26.805284999999998,23.162277,4009700
7605,2010-05-07,26.94227,27.314090999999998,25.543053,26.100782000000002,22.553518,3363600
7606,2010-05-10,27.734833000000002,28.160469,27.274952000000003,27.994128999999997,24.189543,4106600
7607,2010-05-11,27.372799,28.923678999999996,27.343445000000003,28.571428000000004,24.688387,2827200
7608,2010-05-12,28.889433,29.696671999999996,28.659491,29.647748999999997,25.618427,2469300
7609,2010-05-13,29.456946999999996,30.254403999999997,29.227005,29.432485999999997,25.432426,2133100
7610,2010-05-14,28.977495,29.143835,27.558708000000003,27.857143,24.071182,2781000
7611,2010-05-17,27.915852,28.189822999999997,26.492171999999997,27.514677000000002,23.775254999999998,2700700
7612,2010-05-18,28.043053000000004,28.326811,26.668296999999995,26.927592999999998,23.267960000000002,2325400
7613,2010-05-19,26.702543,27.010763,25.753426,26.55088,22.942442,2397200
7614,2010-05-20,25.572407000000002,25.675145999999998,24.633072,24.633072,21.285273,4665400
7615,2010-05-21,23.972603,25.684931,23.801371,25.283758,21.84753,3898500
7616,2010-05-24,25.112524,26.154598,25.088062,25.430529,21.974358,3106400
7617,2010-05-25,24.168297,25.464775,24.15362,25.347359,21.902491,3309200
7618,2010-05-26,25.733854,26.311155,25.14677,25.205479,21.779896,6560200
7619,2010-05-27,26.09589,27.230919,25.831703,27.230919,23.530064000000003,3011800
7620,2010-05-28,26.966732,26.991194,25.934442999999998,26.227983000000002,22.724676000000002,2937800
7621,2010-06-01,25.895304,26.301371000000003,24.975538,24.985323,21.647999,2370800
7622,2010-06-02,25.342466,25.680038,24.686888,25.670254,22.241447,2704200
7623,2010-06-03,25.792564000000002,26.125244,25.220156,25.675145999999998,22.245687,1990400
7624,2010-06-04,24.863014,25.817026000000002,24.535225,24.613503,21.325844,2549000
7625,2010-06-07,24.706457,24.77006,23.341488000000002,23.42955,20.300034,3771500
7626,2010-06-08,23.419764999999998,24.060665,22.95499,24.041096,20.829895,3858800
7627,2010-06-09,24.363993,24.995108,24.055773000000002,24.212328,20.978262,2468700
7628,2010-06-10,24.843445000000003,25.508806,24.75049,25.401175,22.008303,1572200
7629,2010-06-11,24.931507,25.978474,24.931507,25.958904,22.491543,2003900
7630,2010-06-14,26.443248999999998,26.785715000000003,25.978474,26.120352,22.631424,2312900
7631,2010-06-15,26.477495,27.309198,26.301371000000003,27.211349,23.576693,2357300
7632,2010-06-16,26.908023999999997,27.089040999999998,26.418787,26.565557000000002,23.017159,1944200
7633,2010-06-17,26.976516999999998,27.079256,25.870842,26.839531,23.254545,2336900
7634,2010-06-18,26.981409000000003,27.788651,26.981409000000003,27.592955,23.907326,2274700
7635,2010-06-21,28.463796999999996,28.938356,27.475538,27.783758000000002,24.072639000000002,2807200
7636,2010-06-22,27.813112,28.008806,26.467709999999997,26.501957,22.962051000000002,2081400
7637,2010-06-23,26.521526,26.898239,26.066536,26.55088,23.00444,1781900
7638,2010-06-24,26.203522,26.448140999999996,24.877691,24.955969,21.622567999999998,2918600
7639,2010-06-25,25.136986,25.435420999999998,24.62818,25.190801999999998,21.826033,3367200
7640,2010-06-28,25.435420999999998,25.733854,24.897261,25.024462,21.681911,2004700
7641,2010-06-29,24.491194,24.564579000000002,23.405088,23.610567,20.456875,3328200
7642,2010-06-30,23.488258,24.148726999999997,22.685909,22.710371,19.676920000000003,3834900
7643,2010-07-01,22.583170000000003,22.827789000000003,21.501957,22.255383,19.282703,3001800
7644,2010-07-02,22.431507,22.5,21.453032999999998,21.707435999999998,18.807938,2381400
7645,2010-07-06,22.133072,22.470646,20.924657999999997,21.125244,18.303518,2874800
7646,2010-07-07,21.139920999999998,22.35323,21.139920999999998,22.348337,19.363243,2667600
7647,2010-07-08,22.534246,23.34638,22.534246,23.326811,20.211016,3545700
7648,2010-07-09,23.370842,23.747553,23.214285,23.517612,20.376337,1561200
7649,2010-07-12,23.126223,23.625244,22.818005,23.180038,20.083853,1473700
7650,2010-07-13,23.713306,24.011742,23.424657999999997,23.67906,20.516223999999998,1726700
7651,2010-07-14,23.527397,24.090019,23.160469,23.840509,20.656105,1835700
7652,2010-07-15,23.478474,23.860079000000002,23.214285,23.786694,20.60947,1790500
7653,2010-07-16,23.590998000000003,23.590998000000003,22.661448,22.739725,19.702345,1267400
7654,2010-07-19,22.915851999999997,22.984344,22.367907000000002,22.935420999999998,19.871904,1606100
7655,2010-07-20,22.529354,23.409981,22.162426,23.331703,20.21526,2670600
7656,2010-07-21,23.581213,23.781801,22.999022,23.194715,20.096571,2039500
7657,2010-07-22,23.615459,24.334639000000003,23.590998000000003,24.207435999999998,20.97401,2753200
7658,2010-07-23,24.657534,25.362036,24.412916,25.073385000000002,21.724298,3306700
7659,2010-07-26,24.985323,25.714285,24.951076999999998,25.552837,22.139711,1756000
7660,2010-07-27,25.777887,25.978474,25.044031,25.283758,21.906574,1752900
7661,2010-07-28,25.151663,25.469667,24.916829999999997,25.171232,21.809072,1792300
7662,2010-07-29,25.440313,25.689823,24.62818,25.298435,21.919287,1527800
7663,2010-07-30,24.765167,25.220156,24.657534,24.877691,21.554745,2026200
7664,2010-08-02,25.631114999999998,25.900195999999998,25.200585999999998,25.743639,22.305025,1673000
7665,2010-08-03,25.636007,25.768103,25.078278,25.278866,21.902336,1993100
7666,2010-08-04,25.376713,25.78278,25.190801999999998,25.753426,22.313507,1866700
7667,2010-08-05,25.435420999999998,25.821918,25.381605,25.680038,22.24992,1022800
7668,2010-08-06,25.200585999999998,25.684931,24.789629,25.322897,21.940479,1309900
7669,2010-08-09,25.616438,25.787672,25.195694,25.665360999999997,22.237198,1098800
7670,2010-08-10,25.225048,25.401175,24.809198000000002,25.171232,21.809072,1634100
7671,2010-08-11,24.349316,24.530333,23.693737,24.231897,20.995213,3796300
7672,2010-08-12,23.576321,24.476517,23.507828,24.148726999999997,20.923147,2623600
7673,2010-08-13,24.090019,24.85323,23.982388,24.016634,20.808701,2584800
7674,2010-08-16,23.737768,24.549902,23.737768,24.256361,21.016403,1841600
7675,2010-08-17,24.696672,25.200585999999998,24.520548,24.818983,21.503876,1632500
7676,2010-08-18,24.711349,24.711349,24.324854000000002,24.564579000000002,21.346577,1548100
7677,2010-08-19,24.383562,24.549902,23.639920999999998,23.869864,20.742872,1678900
7678,2010-08-20,23.698629,23.762232,23.409981,23.581213,20.492035,1482100
7679,2010-08-23,23.811155,23.928572,23.385519,23.395304,20.330473,2159800
7680,2010-08-24,22.886497,23.023483,22.348337,22.35323,19.424920999999998,2048200
7681,2010-08-25,22.113503,22.607632000000002,21.751469,22.446184,19.505699,1728400
7682,2010-08-26,22.622309,22.95499,22.196672,22.216242,19.30588,1504100
7683,2010-08-27,22.529354,23.189823,21.912916,23.101761,20.075394,1867100
7684,2010-08-30,22.896282,23.184931,22.690801999999998,22.72994,19.752279,1073300
7685,2010-08-31,22.583170000000003,23.160469,22.411938,22.72994,19.752279,2059700
7686,2010-09-01,23.243639,23.948141,23.155576999999997,23.90411,20.772635,2038400
7687,2010-09-02,23.982388,24.422701,23.90411,24.285715,21.104242000000003,1501700
7688,2010-09-03,24.911938,25.034246,24.452054999999998,24.882584,21.622923,1878400
7689,2010-09-07,24.672210999999997,24.721134,23.899217999999998,23.933464,20.798138,1616300
7690,2010-09-08,24.055773000000002,24.339531,23.879648,24.065557000000002,20.912933,917700
7691,2010-09-09,24.54501,24.735810999999998,24.045988,24.192759,21.023464,971900
7692,2010-09-10,24.231897,24.261253,23.850294,23.918787,20.785379000000002,1073500
7693,2010-09-13,24.344423000000003,24.872799,24.290607,24.779844,21.533644,1407700
7694,2010-09-14,24.642857,24.843445000000003,24.158511999999998,24.197651,21.027718,1963000
7695,2010-09-15,24.109589,24.109589,23.615459,23.830725,20.708862,2129200
7696,2010-09-16,23.727983,23.953032999999998,23.439335,23.649706,20.551556,1413000
7697,2010-09-17,23.727983,23.776909,22.950098,22.979452,19.969101000000002,1948900
7698,2010-09-20,23.150684,23.44912,22.734833,23.160469,20.126410999999997,2299000
7699,2010-09-21,23.189823,23.189823,22.020548,22.089041,19.195335,3444700
7700,2010-09-22,22.02544,22.636986,21.947163,22.260275,19.344143,2096500
7701,2010-09-23,22.02544,22.950098,21.898239,22.602739,19.641739,2490800
7702,2010-09-24,23.023483,23.51272,22.945206,23.434442999999998,20.364491,1768200
7703,2010-09-27,23.34638,23.537182,23.082191,23.356165,20.296464999999998,1862000
7704,2010-09-28,23.458904,24.246574,23.087084,24.158511999999998,20.993706,2960100
7705,2010-09-29,24.036203,24.447163,23.762232,24.261253,21.082987,3469200
7706,2010-09-30,24.46184,24.564579000000002,23.67906,23.860079000000002,20.734367000000002,3328800
7707,2010-10-01,24.075342000000003,24.222113,23.835617000000003,23.96771,20.827904,2615900
7708,2010-10-04,24.011742,24.143835,23.287672,23.458904,20.38575,1739600
7709,2010-10-05,23.879648,24.941292,23.860079000000002,24.784737,21.537895000000002,2475600
7710,2010-10-06,24.774952,25.014677,24.637964,24.789629,21.542143,1702200
7711,2010-10-07,24.951076999999998,25.410959,24.618395,25.347359,22.026815,2058500
7712,2010-10-08,25.391389999999998,26.48728,25.313112,26.227983000000002,22.792072,2657200
7713,2010-10-11,26.227983000000002,26.306263,26.076321,26.203522,22.770819,1287500
7714,2010-10-12,25.978474,26.203522,25.7045,26.042074,22.630522,1390700
7715,2010-10-13,26.272016999999998,26.438356,25.983366,26.198629,22.766567000000002,1262500
7716,2010-10-14,26.193737,26.198629,25.53816,25.655576999999997,22.294657,1317100
7717,2010-10-15,25.831703,25.944226999999998,25.37182,25.753426,22.379683,1805000
7718,2010-10-18,25.84638,25.84638,25.259296,25.337574,22.018310999999997,1609200
7719,2010-10-19,24.990215,25.55773,24.794521,25.044031,21.763223999999997,1918400
7720,2010-10-20,25.092955,25.826811,25.0,25.528376,22.184116,1154200
7721,2010-10-21,25.606653,25.944226999999998,25.357143,25.606653,22.25214,1355900
7722,2010-10-22,25.792564000000002,25.885519,25.342466,25.440313,22.10759,998900
7723,2010-10-25,25.807241,26.418787,25.807241,25.944226999999998,22.545485,2066000
7724,2010-10-26,25.127201,25.401175,24.383562,24.985323,21.712196,4607900
7725,2010-10-27,24.62818,24.985323,24.383562,24.946184,21.678188000000002,2781200
7726,2010-10-28,25.097847,25.352251000000003,25.063601000000002,25.166339999999998,21.869505,2352800
7727,2010-10-29,25.048923000000002,25.489237,24.990215,25.259296,21.950285,1995700
7728,2010-11-01,25.464775,25.6409,24.902153,25.083170000000003,21.797235,2176000
7729,2010-11-02,25.278866,25.308220000000002,24.662426,24.833660000000002,21.580414,2634700
7730,2010-11-03,24.980431,24.990215,24.21722,24.417809,21.21903,2759600
7731,2010-11-04,24.843445000000003,25.195694,24.726027,24.848337,21.593163,1752700
7732,2010-11-05,24.985323,25.195694,24.711349,24.921722,21.656937,1821400
7733,2010-11-08,26.203522,27.798434999999998,26.203522,27.299414000000002,23.723143,5866800
7734,2010-11-09,27.35323,27.35323,25.856165,26.090998000000003,22.673037,3432600
7735,2010-11-10,26.120352,26.311155,25.84638,26.081213,22.664532,2326400
7736,2010-11-11,25.694715,25.963797,25.53816,25.861057000000002,22.473219,2228300
7737,2010-11-12,25.55773,25.895304,25.161448,25.376713,22.052322,1740000
7738,2010-11-15,25.508806,26.017612,25.313112,25.547945000000002,22.201118,2163300
7739,2010-11-16,25.322897,25.489237,25.181017,25.264189000000002,21.954539999999998,2949200
7740,2010-11-17,25.298435,25.518591,25.176125,25.37182,22.048063,2885300
7741,2010-11-18,25.665360999999997,26.208414,25.572407000000002,25.988258,22.583752,2155600
7742,2010-11-19,25.94912,26.164382999999997,25.503914,26.081213,22.664532,1259100
7743,2010-11-22,26.017612,26.017612,25.410959,25.660469,22.298903,1685000
7744,2010-11-23,25.264189000000002,25.264189000000002,24.765167,24.955969,21.686699,3144200
7745,2010-11-24,25.171232,25.768103,25.171232,25.655576999999997,22.294657,1159900
7746,2010-11-26,25.841488000000002,25.870842,25.210371,25.293543,21.980042,577000
7747,2010-11-29,25.053816,25.254404,24.618395,25.132092999999998,21.903295999999997,1775400
7748,2010-11-30,25.14677,25.200585999999998,24.828768,24.892367999999998,21.694378,2498100
7749,2010-12-01,25.401175,25.469667,24.965754,25.464775,22.193245,2413500
7750,2010-12-02,25.577299,25.934442999999998,25.318005,25.909981,22.581253,1345900
7751,2010-12-03,25.753426,25.885519,25.494129,25.768103,22.457596,1639400
7752,2010-12-06,25.577299,25.675145999999998,25.396282,25.425635999999997,22.159129999999998,2294700
7753,2010-12-07,25.768103,25.836596,24.584148000000003,24.677103,21.506763,3929700
7754,2010-12-08,24.740704,24.926614999999998,23.909001999999997,24.44227,21.302099,3857800
7755,2010-12-09,24.657534,24.799414000000002,24.187866,24.755383,21.574982000000002,1999000
7756,2010-12-10,24.867907000000002,25.78278,24.838552,25.469667,22.197508,2097100
7757,2010-12-13,25.53816,25.636007,25.225048,25.288651,22.039749,1852400
7758,2010-12-14,25.362036,25.826811,25.362036,25.78278,22.47039,1993100
7759,2010-12-15,25.792564000000002,26.208414,25.396282,25.425635999999997,22.159129999999998,2737300
7760,2010-12-16,25.469667,25.900195999999998,25.386497,25.758318,22.449076,1242500
7761,2010-12-17,25.7045,25.905088,25.499022,25.53816,22.2572,1613700
7762,2010-12-20,25.699607999999998,25.714285,25.234833,25.410959,22.146345,1979200
7763,2010-12-21,25.484344,26.159491,25.362036,25.998043,22.658003,2099300
7764,2010-12-22,25.939335,26.242661,25.611546,26.007828,22.666531,2863600
7765,2010-12-23,25.547945000000002,25.733854,25.039139000000002,25.362036,22.103707999999997,2131800
7766,2010-12-27,25.171232,25.200585999999998,24.867907000000002,25.048923000000002,21.830814,1341800
7767,2010-12-28,25.034246,25.063601000000002,24.858122,24.946184,21.741278,1333900
7768,2010-12-29,24.951076999999998,25.220156,24.872799,25.092955,21.86919,1061000
7769,2010-12-30,24.936398999999998,25.357143,24.633072,25.039139000000002,21.82229,2502200
7770,2010-12-31,25.019569,25.181017,24.848337,24.882584,21.685844,1600200
7771,2011-01-03,25.171232,26.01272,25.107632000000002,25.831703,22.513029,2956400
7772,2011-01-04,25.968689,26.002935,25.821918,25.919764999999998,22.589769,2337500
7773,2011-01-05,25.733854,26.350294,25.631114999999998,26.296478000000004,22.918087,2285100
7774,2011-01-06,26.40411,26.40411,26.071428,26.286694,22.909571,1841800
7775,2011-01-07,26.345402000000004,26.482388,26.027397,26.247553000000003,22.875454,1497600
7776,2011-01-10,26.110567,26.609589,25.84638,26.438356,23.04175,1511300
7777,2011-01-11,26.629158,26.790607,26.457926,26.55088,23.139810999999998,1129100
7778,2011-01-12,26.736790000000003,27.142857,26.707435999999998,26.991194,23.523552,1691200
7779,2011-01-13,26.956946999999996,27.098825,26.643835,26.722113,23.289051,904400
7780,2011-01-14,26.692759000000002,27.177103000000002,26.629158,27.064579,23.587513,1242900
7781,2011-01-18,27.040117,27.167317999999998,26.824854,27.133072,23.647209,1402300
7782,2011-01-19,27.040117,27.367907000000002,26.374756,26.501957,23.097181,1834000
7783,2011-01-20,26.350294,26.712328000000003,26.061644,26.453033,23.054537,1867100
7784,2011-01-21,26.707435999999998,26.77593,26.100782000000002,26.149706,22.790176000000002,1990800
7785,2011-01-24,26.193737,26.453033,25.787672,26.056751000000002,22.709167,2637300
7786,2011-01-25,26.663403999999996,28.268103000000004,26.511741999999998,28.126223,24.51277,6045700
7787,2011-01-26,28.033268,28.948140999999996,27.999021999999997,28.468689,24.811234,3966100
7788,2011-01-27,28.498043,29.15362,28.317026000000002,29.090019,25.352743,2923500
7789,2011-01-28,29.006849,29.368885,28.199608,28.351273,24.708906,2509400
7790,2011-01-31,28.571428000000004,28.718199,28.233853999999997,28.405088,24.755806,1865900
7791,2011-02-01,28.727983000000002,29.354208,28.669275,29.026419,25.297306,1628600
7792,2011-02-02,28.899217999999998,29.569471000000004,28.899217999999998,29.090019,25.352743,1492500
7793,2011-02-03,29.055773,29.354208,28.884541,29.021526,25.293041,1353500
7794,2011-02-04,29.080235,29.13405,28.767124,28.879648,25.169388,1292400
7795,2011-02-07,28.899217999999998,29.07045,28.747553000000003,28.767124,25.071327,1336500
7796,2011-02-08,28.864971,28.864971,28.502934999999997,28.566536,24.896511,1483500
7797,2011-02-09,28.507828000000003,28.644814,28.155577,28.209393,24.585248999999997,2154700
7798,2011-02-10,28.091976000000003,28.674167999999998,28.05773,28.331703000000005,24.691847,1347800
7799,2011-02-11,28.238746999999996,28.776909000000003,28.131115,28.576321000000004,24.905037,1263600
7800,2011-02-14,28.522505,29.192759000000002,28.424658,28.948140999999996,25.22909,1321600
7801,2011-02-15,28.835617,29.065557000000002,28.659491,28.845402000000004,25.139549,1298900
7802,2011-02-16,28.928571999999996,29.809198,28.928571999999996,29.662426,25.917553,2653700
7803,2011-02-17,29.476516999999998,30.039139000000002,29.398239,29.882584,26.109911,1158300
7804,2011-02-18,29.907045,29.911938,29.481409000000003,29.794521000000003,26.032963,904600
7805,2011-02-22,29.163403999999996,29.231896999999996,28.532290000000003,28.649706,25.032684,1868400
7806,2011-02-23,28.630136,28.928571999999996,27.294521000000003,27.725047999999997,24.224771,1506000
7807,2011-02-24,27.720156,28.150684000000002,26.751469,27.318983000000003,23.869965,2203800
7808,2011-02-25,27.632092999999998,28.248531,27.480431,27.759296000000003,24.254696,1071200
7809,2011-02-28,27.881605,28.033268,27.093933000000003,27.544031,24.066599,1668900
7810,2011-03-01,27.734833000000002,27.788651,27.084148,27.402153000000002,23.942636,1852800
7811,2011-03-02,27.274952000000003,27.803328000000004,27.113503,27.289628999999998,23.84432,1802800
7812,2011-03-03,27.641878000000002,28.395304,27.563601000000002,28.233853999999997,24.669335999999998,1528500
7813,2011-03-04,28.180038,28.258318,27.490215000000003,27.862036,24.34446,985200
7814,2011-03-07,28.072407000000002,28.493151,27.377691,27.534246000000003,24.058052,1092100
7815,2011-03-08,27.66634,27.798434999999998,27.33366,27.66634,24.173470000000002,1439100
7816,2011-03-09,27.695694,27.695694,27.069471000000004,27.260275,23.818668,1353700
7817,2011-03-10,26.873777,27.446184000000002,26.590019,26.981409000000003,23.575008,1323000
7818,2011-03-11,26.824854,27.475538,26.761253000000004,27.416829999999997,23.955463,1028900
7819,2011-03-14,28.326811,29.324854,27.739725,28.008806,24.472696,2604200
7820,2011-03-15,27.059687,27.700585999999998,27.010763,27.553815999999998,24.07515,1575300
7821,2011-03-16,27.460860999999998,27.651663,26.937378000000002,27.397261,23.938364,1552400
7822,2011-03-17,28.184931,28.899217999999998,27.813112,27.862036,24.34446,1537900
7823,2011-03-18,28.184931,28.380627,27.641878000000002,28.082190999999998,24.536821,1638200
7824,2011-03-21,28.635029,29.104696,28.458903999999997,28.928571999999996,25.276344,2519800
7825,2011-03-22,28.757339,28.923678999999996,28.033268,28.36595,24.784755999999998,1323600
7826,2011-03-23,28.253426,28.253426,27.857143,28.008806,24.472696,1080600
7827,2011-03-24,28.160469,28.248531,27.632092999999998,28.003914,24.468420000000002,1033200
7828,2011-03-25,27.994128999999997,28.336596000000004,27.720156,27.818005,24.305985999999997,1807100
7829,2011-03-28,27.857143,28.424658,27.857143,28.106653,24.558186,1194900
7830,2011-03-29,28.072407000000002,28.228962,27.818005,28.228962,24.66506,886800
7831,2011-03-30,28.385519,28.498043,28.116438,28.155577,24.600937,904200
7832,2011-03-31,28.131115,28.581213,28.072407000000002,28.258318,24.69071,1543800
7833,2011-04-01,28.405088,28.532290000000003,28.263209999999997,28.375734,24.793303,1042400
7834,2011-04-04,28.478474,28.953033,28.409981,28.732876,25.105352,1490600
7835,2011-04-05,28.576321000000004,29.633072,28.576321000000004,29.090019,25.417402,1577100
7836,2011-04-06,29.452054999999998,29.618395,29.114481,29.461840000000002,25.742285,1596700
7837,2011-04-07,29.452054999999998,29.569471000000004,28.90411,29.163403999999996,25.481529000000002,1940500
7838,2011-04-08,29.324854,29.422701,28.556751000000002,28.708414,25.083981,1662700
7839,2011-04-11,28.713306,28.791586,28.091976000000003,28.145792,24.592388,1234100
7840,2011-04-12,27.822896999999998,27.994128999999997,27.544031,27.597846999999998,24.113623,1470000
7841,2011-04-13,27.710371000000002,27.87182,27.397261,27.607632000000002,24.122168,1506400
7842,2011-04-14,27.314090999999998,27.636986,27.265166999999998,27.304306,23.85714,1562400
7843,2011-04-15,27.363014,27.999021999999997,27.294521000000003,27.803328000000004,24.293158,1174600
7844,2011-04-18,27.309198,27.387476,26.937378000000002,27.162426,23.733173,1341800
7845,2011-04-19,27.216241999999998,27.539139000000002,26.981409000000003,27.152641,23.724626999999998,1935600
7846,2011-04-20,27.622309,27.769081,27.465753999999997,27.563601000000002,24.083694,1759800
7847,2011-04-21,27.798434999999998,28.116438,27.495108000000002,27.930528999999996,24.404304999999997,1284600
7848,2011-04-25,27.935421,28.170253999999996,27.676125,27.910959000000002,24.387204999999998,1357800
7849,2011-04-26,30.318005,31.276909000000003,29.843445000000003,30.895304,26.994781,5927600
7850,2011-04-27,31.002934999999997,31.276909000000003,30.019569,30.136986,26.332193,2637500
7851,2011-04-28,30.107632000000002,30.499021999999997,29.794521000000003,30.39139,26.554482,2478100
7852,2011-04-29,30.39139,30.562621999999998,30.092955,30.37182,26.537385999999998,1483900
7853,2011-05-02,30.567514000000003,30.567514000000003,29.838552000000004,29.995108000000002,26.208233,1663200
7854,2011-05-03,29.892367999999998,30.151663,29.569471000000004,29.941291999999997,26.161209,1817300
7855,2011-05-04,29.911938,30.048923,29.354208,29.496086,25.772209,1850400
7856,2011-05-05,29.202543,29.995108000000002,29.085127000000004,29.721134000000003,25.968842000000002,2056400
7857,2011-05-06,30.229940000000003,30.616438,30.078278000000005,30.396282,26.558753999999997,1863300
7858,2011-05-09,30.366928,30.606653,30.16634,30.381605,26.545928999999997,987000
7859,2011-05-10,30.714284999999997,31.046967,30.489237,30.880627,26.981951000000002,941600
7860,2011-05-11,30.807240999999998,30.831703000000005,30.083170000000003,30.308220000000002,26.48181,716800
7861,2011-05-12,30.171232,30.381605,29.877691,30.288651,26.464712,676500
7862,2011-05-13,30.269081,30.650684000000002,29.911938,29.941291999999997,26.161209,869100
7863,2011-05-16,29.799414000000002,30.342465999999998,29.432485999999997,29.456946999999996,25.738014,948200
7864,2011-05-17,29.324854,29.647748999999997,28.957926,29.579256,25.844877,1284800
7865,2011-05-18,29.662426,29.789628999999998,29.227005,29.726027000000002,25.97312,1460200
7866,2011-05-19,30.019569,30.190802,29.672210999999997,30.088062,26.289454,1109600
7867,2011-05-20,29.955969,29.990215000000003,29.393347,29.461840000000002,25.742285,983500
7868,2011-05-23,28.967709999999997,29.491194,28.737768,29.452054999999998,25.73374,1881500
7869,2011-05-24,29.62818,29.838552000000004,28.938356,29.388454,25.678169,1204300
7870,2011-05-25,29.114481,29.85323,29.114481,29.750490000000003,25.994488,853900
7871,2011-05-26,29.579256,29.818983000000003,29.178082,29.686888,25.938923000000003,847400
7872,2011-05-27,29.735810999999998,30.088062,29.637964,29.951077,26.169757999999998,836400
7873,2011-05-31,32.436398,33.982388,32.245598,33.434441,29.297102000000002,8401200
7874,2011-06-01,33.023483,33.047947,32.465752,32.754402,28.701202000000002,4985100
7875,2011-06-02,32.862034,33.199608000000005,32.568493,32.803326,28.744076,2869900
7876,2011-06-03,32.235813,32.607632,31.609589,31.673189,27.753791999999997,1874300
7877,2011-06-06,31.594912,31.947163,31.046967,31.198628999999997,27.337952,1880200
7878,2011-06-07,31.208414,31.208414,30.454990000000002,30.680038,26.883539000000003,2834400
7879,2011-06-08,30.523483000000002,30.885519,30.215263,30.234833000000002,26.493427,1667000
7880,2011-06-09,30.459883,30.92955,30.205478999999997,30.547945000000002,26.767788,1573600
7881,2011-06-10,30.440313,30.768103000000004,30.200585999999998,30.332682000000002,26.579168,1509000
7882,2011-06-13,30.396282,30.464775,29.779844,29.970646000000002,26.261921,1286900
7883,2011-06-14,30.459883,30.934442999999998,30.136986,30.826811,27.012144,1698500
7884,2011-06-15,30.469666999999998,30.787671999999997,29.726027000000002,29.804306,26.116167,2569900
7885,2011-06-16,29.809198,29.863014,28.909002,29.422701,25.781792000000003,1743700
7886,2011-06-17,29.721134000000003,29.877691,29.065557000000002,29.222113,25.606028,1860000
7887,2011-06-20,29.559687,30.78278,29.486301,30.591976000000003,26.806368,2505900
7888,2011-06-21,30.817026000000002,31.198628999999997,30.611546,30.924658,27.097887,1511100
7889,2011-06-22,31.159491,31.423678999999996,30.709393,30.743639,26.939268,1248800
7890,2011-06-23,30.430528999999996,30.998043,29.970646000000002,30.958903999999997,27.127896999999997,1703200
7891,2011-06-24,30.934442999999998,31.01272,30.244616999999998,30.474559999999997,26.703484999999997,2178600
7892,2011-06-27,30.518590999999997,30.606653,30.205478999999997,30.362036,26.604886999999998,1750800
7893,2011-06-28,30.469666999999998,31.042074,30.283758000000002,30.963796999999996,27.132177000000002,1561400
7894,2011-06-29,31.066536,31.257339,30.841488000000002,31.139921,27.286512,1446900
7895,2011-06-30,31.164383,31.766146000000003,31.120352,31.614481,27.702340999999997,1707500
7896,2011-07-01,31.565557000000002,32.451077000000005,31.457926,32.377689000000004,28.371115000000003,1410900
7897,2011-07-05,32.289627,32.367905,31.560665000000004,32.211349,28.225359,1834600
7898,2011-07-06,32.152640999999996,32.578278000000005,31.834639000000003,32.407043,28.396833,1662700
7899,2011-07-07,32.656555,32.754402,32.397259000000005,32.495106,28.474003000000003,1372500
7900,2011-07-08,31.952054999999998,32.147751,31.668296999999995,32.005871,28.045310999999998,1299300
7901,2011-07-11,31.443248999999998,31.580235,31.022505,31.218199,27.355106,1419100
7902,2011-07-12,31.149706,31.154597999999996,30.587084,30.626223,26.836384000000002,1942600
7903,2011-07-13,30.909981,31.281801,30.709393,30.792564000000002,26.982138,1756000
7904,2011-07-14,30.998043,31.183952,30.55773,30.72407,26.922123,1920300
7905,2011-07-15,30.870842,30.968689,30.381605,30.954012,27.123608,1113300
7906,2011-07-18,30.768103000000004,30.875734,30.259296000000003,30.6409,26.849237,1844500
7907,2011-07-19,30.905088,31.276909000000003,30.665360999999997,31.203521999999996,27.342243,1297500
7908,2011-07-20,31.707435999999998,32.162426,31.457926,31.7955,27.860962,2292300
7909,2011-07-21,32.005871,32.465752,31.873777,32.049904,28.083878000000002,1466900
7910,2011-07-22,31.849315999999998,32.00098,31.555773,31.8591,27.916695,764200
7911,2011-07-25,31.413895,32.245598,31.291586,31.908023999999997,27.959566,2083600
7912,2011-07-26,31.87867,32.069472999999995,31.374756,31.40411,27.518010999999998,1103700
7913,2011-07-27,31.369864,31.369864,30.16634,30.195694,26.459134999999996,3221700
7914,2011-07-28,30.763209999999997,31.751469,30.254403999999997,30.401175,26.639184999999998,3349700
7915,2011-07-29,29.62818,30.415852,29.412916,29.960860999999998,26.253355,2514700
7916,2011-08-01,30.454990000000002,30.601761,29.603718,29.799414000000002,26.111883,3051600
7917,2011-08-02,29.598825,29.760275,28.072407000000002,28.131115,24.650028,4560700
7918,2011-08-03,28.131115,28.361057000000002,27.323875,28.2045,24.714336,4047300
7919,2011-08-04,27.710371000000002,27.925635999999997,26.560665000000004,26.57045,23.282488,6614300
7920,2011-08-05,26.956946999999996,27.040117,25.440313,26.056751000000002,22.832359,5559800
7921,2011-08-08,24.936398999999998,25.601761,23.816048000000002,24.124266,21.139006,6453100
7922,2011-08-09,24.726027,25.616438,24.13405,25.440313,22.292204,4926600
7923,2011-08-10,24.647748999999997,25.406067,24.300392000000002,24.349316,21.336206,3277300
7924,2011-08-11,24.530333,25.900195999999998,24.21722,25.47456,22.322216,2428400
7925,2011-08-12,25.601761,26.311155,25.352251000000003,25.777887,22.588001000000002,1789100
7926,2011-08-15,26.022505,26.751469,26.022505,26.71722,23.411097,3177100
7927,2011-08-16,26.335617,26.71722,26.198629,26.585127000000004,23.295351,2881600
7928,2011-08-17,26.722113,27.093933000000003,25.870842,26.002935,22.858826,2405700
7929,2011-08-18,25.048923000000002,25.166339999999998,23.698629,23.972603,21.073982,2319300
7930,2011-08-19,23.493151,24.310177,23.2045,23.233854,20.424564,1921700
7931,2011-08-22,24.026419,24.05088,22.588062,22.700585999999998,19.955773999999998,2381800
7932,2011-08-23,22.886497,23.669275,22.451076999999998,23.669275,20.807335000000002,2135300
7933,2011-08-24,23.551859,24.662426,23.444226999999998,24.559687,21.59008,2385500
7934,2011-08-25,24.608610000000002,24.911938,23.664382999999997,23.757339,20.884752,1066100
7935,2011-08-26,23.51272,24.681995,23.297457,24.388454,21.439557999999998,1189400
7936,2011-08-29,24.789629,25.445206,24.62818,25.401175,22.329821,1658000
7937,2011-08-30,25.195694,25.86595,24.814091,25.650684,22.549170999999998,1401900
7938,2011-08-31,25.905088,26.453033,25.72407,25.934442999999998,22.798601,1123300
7939,2011-09-01,25.856165,26.071428,25.112524,25.185909,22.140583,833900
7940,2011-09-02,24.456947,24.828768,24.080235000000002,24.368885000000002,21.42235,1122500
7941,2011-09-06,23.409981,23.737768,23.03816,23.698629,20.833139000000003,1977700
7942,2011-09-07,24.168297,24.77006,23.982388,24.686888,21.701902,1551300
7943,2011-09-08,24.452054999999998,24.848337,23.90411,24.187866,21.263223999999997,1522500
7944,2011-09-09,23.840509,24.241682,23.209393,23.36595,20.540688,1977900
7945,2011-09-12,23.008806,23.669275,22.676125,23.22407,20.415964000000002,2136300
7946,2011-09-13,23.419764999999998,24.099804000000002,23.238747,23.894325,21.005171,1737400
7947,2011-09-14,24.197651,25.308220000000002,24.031311,24.745596,21.753513,2364700
7948,2011-09-15,25.092955,25.596869,24.755383,25.464775,22.385735,1953600
7949,2011-09-16,25.6409,25.812134,25.151663,25.420744,22.347025,1529900
7950,2011-09-19,24.760275,25.078278,24.354208,24.902153,21.891138,1493700
7951,2011-09-20,25.151663,25.347359,24.349316,24.388454,21.439557999999998,1696900
7952,2011-09-21,24.44227,24.686888,23.219177,23.277887,20.463272,3128500
7953,2011-09-22,22.465754,22.641878,21.697651,22.040117000000002,19.375162,3852500
7954,2011-09-23,21.956947,22.558708,21.922701,22.157534,19.478379999999998,1871000
7955,2011-09-26,22.333660000000002,22.773973,21.575342000000003,22.695694,19.951473,1330800
7956,2011-09-27,23.473581,23.98728,22.959882999999998,23.131114999999998,20.334244,1631900
7957,2011-09-28,23.253426,23.253426,21.903131,21.937378,19.284842,2051500
7958,2011-09-29,22.455969,22.676125,21.643835,21.976517,19.319256,2339500
7959,2011-09-30,21.413895,22.181995,21.355186,21.594912,18.983789,3143400
7960,2011-10-03,21.457926,21.981409,20.924657999999997,20.934442999999998,18.403179,2753800
7961,2011-10-04,20.699607999999998,21.423679,20.112524,21.379648,18.794556,3270400
7962,2011-10-05,21.40411,21.722113,21.183951999999998,21.673189,19.052599,4091600
7963,2011-10-06,21.658511999999998,21.986301,21.46771,21.96184,19.306355,2969900
7964,2011-10-07,22.04501,22.495108,21.536203,21.7955,19.160122,2200300
7965,2011-10-10,22.372799,22.906067,22.260275,22.832682000000002,20.071896,1390100
7966,2011-10-11,22.612524,23.131114999999998,22.411938,22.705479,19.960068,1046700
7967,2011-10-12,23.03816,23.972603,22.901175,23.556751000000002,20.708414,1772500
7968,2011-10-13,23.28278,23.28278,22.568493,23.184931,20.381556,1254600
7969,2011-10-14,23.498043,23.933464,23.297457,23.860079000000002,20.975057999999997,1094500
7970,2011-10-17,23.556751000000002,23.669275,22.705479,22.837574,20.076197,1138000
7971,2011-10-18,22.832682000000002,23.855186,22.495108,23.703522,20.83744,1270500
7972,2011-10-19,23.468689,24.148726999999997,23.03816,23.126223,20.329945000000002,2156000
7973,2011-10-20,23.126223,23.307241,22.451076999999998,23.072407000000002,20.282632999999997,1428300
7974,2011-10-21,23.483366,24.05088,23.439335,24.006849,21.104094,1332600
7975,2011-10-24,24.163404,25.151663,23.957926,25.112524,22.076073,1529900
7976,2011-10-25,24.955969,25.063601000000002,24.329746,24.456947,21.499771,1647800
7977,2011-10-26,24.921722,25.396282,24.036203,25.239725,22.187895,1193900
7978,2011-10-27,26.130136,27.040117,25.94912,26.87867,23.628667999999998,2256900
7979,2011-10-28,26.541096000000003,27.363014,26.340509,27.186888,23.899622,3326800
7980,2011-10-31,26.678082,26.702543,25.890411,25.909981,22.777113,1482700
7981,2011-11-01,24.789629,25.420744,24.608610000000002,24.980431,21.959953,1958700
7982,2011-11-02,25.797457,26.01272,25.244617,25.817026000000002,22.695395,2341400
7983,2011-11-03,26.247553000000003,26.604696,25.62133,26.482388,23.2803,1673000
7984,2011-11-04,26.276909000000003,26.477495,25.856165,26.272016999999998,23.095373000000002,1318300
7985,2011-11-07,26.17906,26.369864,25.587084,26.130136,22.970646,1074900
7986,2011-11-08,26.428571999999996,27.079256,26.066536,27.005871000000003,23.740482,3188800
7987,2011-11-09,25.122309,25.572407000000002,23.635029,24.481409,21.521271,6589200
7988,2011-11-10,25.660469,25.92955,24.833660000000002,25.073385000000002,22.041664,2586200
7989,2011-11-11,25.528376,26.286694,25.469667,25.680038,22.574966,2774300
7990,2011-11-14,25.469667,25.753426,25.234833,25.450098,22.372837,1878800
7991,2011-11-15,26.071428,27.010763,25.552837,26.71722,23.486742,4703400
7992,2011-11-16,26.643835,27.994128999999997,26.594912,27.000978000000003,23.736183,5452700
7993,2011-11-17,27.152641,27.152641,25.631114999999998,25.924657999999997,22.790014000000003,3022000
7994,2011-11-18,26.135029,26.159491,25.459882999999998,25.655576999999997,22.553465,2081400
7995,2011-11-21,25.058708,25.283758,24.706457,25.136986,22.097579999999997,2057000
7996,2011-11-22,25.117416,25.435420999999998,24.549902,24.686888,21.701902,1829300
7997,2011-11-23,24.46184,24.520548,23.762232,23.845402,20.962166,2282500
7998,2011-11-25,23.737768,24.222113,23.527397,23.581213,20.729923,620100
7999,2011-11-28,24.608610000000002,24.926614999999998,24.280823,24.491194,21.529873000000002,2123100
8000,2011-11-29,24.168297,24.662426,24.168297,24.388454,21.514767000000003,1403000
8001,2011-11-30,25.631114999999998,27.318983000000003,25.577299,27.211349,24.005039,4284000
8002,2011-12-01,27.020547999999998,27.602739,26.712328000000003,27.015656,23.832404999999998,1880000
8003,2011-12-02,27.416829999999997,27.66634,27.035225,27.181995,23.979145000000003,2187400
8004,2011-12-05,28.013699,28.625244,27.411938,27.739725,24.471159,2698400
8005,2011-12-06,27.739725,28.292564000000002,27.441291999999997,27.940313,24.648111,1657600
8006,2011-12-07,27.651663,28.409981,27.33366,28.175146,24.855276,2317000
8007,2011-12-08,27.734833000000002,28.106653,27.123287,27.250490000000003,24.039573999999998,1762500
8008,2011-12-09,27.294521000000003,27.881605,26.996086,27.588062,24.33736,1806000
8009,2011-12-12,27.348337,27.421721999999995,26.330725,26.614481,23.4785,2378800
8010,2011-12-13,26.898239,27.186888,25.709393,25.963797,22.904488,2366100
8011,2011-12-14,26.125244,26.384541,25.606653,25.733854,22.701639,3108100
8012,2011-12-15,26.286694,27.020547999999998,26.139920999999998,26.815069,23.655453,2943300
8013,2011-12-16,27.074364000000003,27.504891999999998,26.844423,27.084148,23.892832000000002,2771200
8014,2011-12-19,27.064579,27.186888,25.968689,26.100782000000002,23.025335000000002,1618800
8015,2011-12-20,26.761253000000004,27.382584,26.682973999999998,27.206457,24.000726999999998,1900700
8016,2011-12-21,27.162426,27.431507,26.829746000000004,27.426615,24.194945999999998,2739300
8017,2011-12-22,27.632092999999998,28.380627,27.632092999999998,27.964775,24.669691,1839600
8018,2011-12-23,28.165360999999997,28.434442999999998,27.984344,28.233853999999997,24.907066,876800
8019,2011-12-27,28.052837,28.561644,28.052837,28.150684000000002,24.833696,774400
8020,2011-12-28,28.131115,28.326811,27.710371000000002,27.720156,24.453897,1657400
8021,2011-12-29,27.886497,28.326811,27.764189000000002,28.175146,24.855276,699800
8022,2011-12-30,28.096869,28.214284999999997,27.935421,27.964775,24.669691,908700
8023,2012-01-03,28.796478000000004,28.864971,28.312134000000004,28.321918,24.984749,1435500
8024,2012-01-04,28.1409,29.207435999999998,28.047945000000002,28.664383,25.286869,1912100
8025,2012-01-05,28.454012,28.913895,27.803328000000004,28.654597999999996,25.278236,2184200
8026,2012-01-06,28.674167999999998,29.354208,28.478474,29.026419,25.606241,1652700
8027,2012-01-09,29.05088,29.319962,28.620352,29.104696,25.675297,1674200
8028,2012-01-10,29.408023999999997,29.476516999999998,28.796478000000004,28.864971,25.463810000000002,1860800
8029,2012-01-11,28.786694,29.124266,28.727983000000002,28.772016999999998,25.381811,2369200
8030,2012-01-12,28.933464,29.315069,28.36595,29.197651,25.757299,1878400
8031,2012-01-13,28.962818,29.085127000000004,28.517612,29.080235,25.653715,1137600
8032,2012-01-17,29.408023999999997,29.579256,28.90411,29.099804,25.670979,1220800
8033,2012-01-18,29.192759000000002,29.965753999999997,28.899217999999998,29.926615,26.400362,1995900
8034,2012-01-19,29.990215000000003,30.225047999999997,29.271038,30.132092999999998,26.581635,3426300
8035,2012-01-20,30.048923,30.264189000000002,29.946184000000002,30.14677,26.594582,1893700
8036,2012-01-23,30.161447999999996,30.264189000000002,29.334639000000003,29.618395,26.128462,2869900
8037,2012-01-24,30.342465999999998,31.330725,30.342465999999998,30.958903999999997,27.311021999999998,4971800
8038,2012-01-25,30.998043,31.457926,30.743639,31.301371000000003,27.613138,2315000
8039,2012-01-26,31.374756,31.7955,31.139921,31.286694,27.600187,1834600
8040,2012-01-27,31.203521999999996,31.800392,31.125244,31.555773,27.837568,1573200
8041,2012-01-30,31.213306,31.213306,30.543053000000004,30.978474,27.328287,1901900
8042,2012-01-31,31.272016999999998,31.272016999999998,30.611546,30.851273,27.216074,2043100
8043,2012-02-01,31.139921,31.555773,31.046967,31.374756,27.677874,1609000
8044,2012-02-02,31.555773,31.727005,31.389433,31.521526,27.807353999999997,1758800
8045,2012-02-03,32.240704,32.411938,31.687865999999996,32.206459,28.411578999999996,1755500
8046,2012-02-06,31.996086,32.216244,31.908023999999997,32.142857,28.355471,831700
8047,2012-02-07,31.952054999999998,32.157536,31.819962,31.981409000000003,28.213043,1849800
8048,2012-02-08,32.162426,32.353229999999996,31.922701,32.186890000000005,28.394318,1769200
8049,2012-02-09,32.289627,32.304306,31.555773,31.868885,28.113778999999997,1919900
8050,2012-02-10,31.345402000000004,31.77593,31.081213,31.360079,27.664927000000002,1512700
8051,2012-02-13,31.751469,31.751469,31.306263,31.57045,27.850513,1046300
8052,2012-02-14,31.453033,31.497065000000003,30.787671999999997,31.183952,27.509548,1195700
8053,2012-02-15,31.296478000000004,31.399217999999998,30.611546,30.797457,27.243399,1490000
8054,2012-02-16,30.841488000000002,31.369864,30.665360999999997,31.291586,27.680506,995200
8055,2012-02-17,31.575342,31.800392,31.389433,31.697651,28.039713,1914800
8056,2012-02-21,31.766146000000003,31.893347,31.183952,31.267124,27.658869,1411300
8057,2012-02-22,30.978474,31.056751000000002,30.156554999999997,30.55773,27.031338,2976000
8058,2012-02-23,30.631115,31.002934999999997,30.278865999999997,30.861057000000002,27.29966,1098600
8059,2012-02-24,30.714284999999997,30.944227,30.459883,30.851273,27.291002000000002,1111500
8060,2012-02-27,30.611546,31.389433,30.454990000000002,31.066536,27.481426000000003,1398000
8061,2012-02-28,31.086105,31.355186,30.934442999999998,31.164383,27.567984000000003,1497400
8062,2012-02-29,31.198628999999997,31.590019,31.066536,31.09589,27.507395000000002,1463200
8063,2012-03-01,31.149706,31.516634000000003,31.051859000000004,31.325832000000002,27.710797999999997,1537200
8064,2012-03-02,31.218199,31.590019,30.870842,30.934442999999998,27.36458,1164000
8065,2012-03-05,30.802349,30.836596000000004,29.980431,30.171232,26.689445000000003,1158100
8066,2012-03-06,29.765166999999998,29.765166999999998,29.021526,29.231896999999996,25.858508999999998,1286000
8067,2012-03-07,29.368885,29.62818,29.07045,29.500978000000003,26.096532999999997,1096100
8068,2012-03-08,29.809198,30.229940000000003,29.584148,30.014677000000002,26.550955,563900
8069,2012-03-09,30.0,30.440313,29.941291999999997,30.200585999999998,26.715408,576600
8070,2012-03-12,30.254403999999997,30.254403999999997,29.672210999999997,29.686888,26.260996000000002,760300
8071,2012-03-13,29.770059999999997,30.004891999999998,29.647748999999997,29.843445000000003,26.399471000000002,1987500
8072,2012-03-14,29.760275,30.342465999999998,29.760275,30.088062,26.61587,770300
8073,2012-03-15,30.0,30.924658,30.0,30.919765,27.351599,946100
8074,2012-03-16,31.022505,31.139921,30.450097999999997,30.513699,26.992388000000002,1228800
8075,2012-03-19,30.357143,30.919765,30.254403999999997,30.562621999999998,27.035664,894800
8076,2012-03-20,30.347359,30.567514000000003,30.112524,30.298434999999998,26.801964,445300
8077,2012-03-21,30.269081,30.318005,29.711349,29.955969,26.49902,1706700
8078,2012-03-22,29.574364000000003,29.730919,29.481409000000003,29.618395,26.200401,1403000
8079,2012-03-23,29.520547999999998,30.088062,29.13405,29.975538,26.516329,1516200
8080,2012-03-26,30.215263,30.552837,30.112524,30.513699,26.992388000000002,1684800
8081,2012-03-27,30.440313,30.665360999999997,30.239725,30.596869,27.065964,1431400
8082,2012-03-28,30.445206,30.547945000000002,29.60861,29.951077,26.494685999999998,961000
8083,2012-03-29,29.779844,29.980431,29.564579,29.872799,26.425451000000002,825500
8084,2012-03-30,30.092955,30.156554999999997,29.657534000000002,29.872799,26.425451000000002,1370500
8085,2012-04-02,29.892367999999998,30.626223,29.691779999999998,30.318005,26.819278999999998,1580800
8086,2012-04-03,30.37182,30.958903999999997,30.37182,30.914872999999996,27.34726,1427500
8087,2012-04-04,30.728962,30.728962,30.303328000000004,30.342465999999998,26.840919,1895100
8088,2012-04-05,30.181016999999997,30.547945000000002,29.931507,30.029353999999998,26.563934000000003,765400
8089,2012-04-09,29.481409000000003,29.481409000000003,29.021526,29.158511999999998,25.793591,1952600
8090,2012-04-10,29.354208,29.745596000000003,28.639921,28.752446999999997,25.434379999999997,2255300
8091,2012-04-11,29.143835,29.422701,28.967709999999997,29.280822999999998,25.901787,1279100
8092,2012-04-12,29.280822999999998,30.269081,29.280822999999998,30.161447999999996,26.680785999999998,988600
8093,2012-04-13,29.965753999999997,30.244616999999998,29.774952000000003,29.882584,26.434107,1211200
8094,2012-04-16,30.019569,30.489237,29.828768,30.288651,26.793309999999998,985400
8095,2012-04-17,30.577299,31.369864,30.484344,31.046967,27.464121000000002,1259500
8096,2012-04-18,30.993151,31.115459,30.655577,30.826811,27.269365000000004,849000
8097,2012-04-19,30.856165,31.536203000000004,30.719177000000002,31.335617,27.719456,1657600
8098,2012-04-20,31.673189,31.673189,31.320940000000004,31.448140999999996,27.818987,1511100
8099,2012-04-23,30.905088,31.311155,30.743639,31.110567,27.52038,2594000
8100,2012-04-24,31.179059999999996,32.289627,31.115459,31.682973999999998,28.026726,2431900
8101,2012-04-25,31.908023999999997,32.436398,31.712328000000003,32.343445,28.610983,2363000
8102,2012-04-26,32.221134,32.646770000000004,31.922701,32.583172,28.823044,1560500
8103,2012-04-27,32.685909,32.715263,32.35812,32.402153000000006,28.662912,1504900
8104,2012-04-30,32.402153000000006,32.495106,32.00098,32.226028,28.507111,1286000
8105,2012-05-01,32.289627,32.803326,32.064578999999995,32.480431,28.732160999999998,1518600
8106,2012-05-02,32.284737,32.827789,32.250488,32.754402,28.974512,890700
8107,2012-05-03,32.710373,32.930527000000005,32.167320000000004,32.328765999999995,28.597997999999997,1191800
8108,2012-05-04,32.201565,32.299412,31.614481,31.947163,28.260427000000004,1068600
8109,2012-05-07,31.849315999999998,32.632095,31.800392,32.534248,28.779764,1482900
8110,2012-05-08,32.284737,32.534248,31.912916,32.441292,28.697540000000004,2189100
8111,2012-05-09,31.991194,32.969666,31.810177000000003,32.583172,28.823044,2230400
8112,2012-05-10,32.876713,32.886497,32.167320000000004,32.436398,28.693205,1083100
8113,2012-05-11,32.216244,33.067516,32.147751,32.930527000000005,29.130309999999998,1644300
8114,2012-05-14,32.534248,32.685909,31.961840000000002,32.059689,28.359968,1139900
8115,2012-05-15,32.098827,32.485321,31.863993,32.113503,28.407574,2145500
8116,2012-05-16,32.260273,32.490215,31.731896999999996,31.761253000000004,28.095976,1376600
8117,2012-05-17,31.849315999999998,31.922701,30.269081,30.342465999999998,26.840919,1532100
8118,2012-05-18,30.450097999999997,30.577299,29.887476,30.0,26.537975,1580200
8119,2012-05-21,30.019569,31.409002,30.004891999999998,31.335617,27.719456,1270100
8120,2012-05-22,31.394325,31.443248999999998,30.606653,30.787671999999997,27.234751,1801500
8121,2012-05-23,30.567514000000003,31.364971,30.273972999999998,31.296478000000004,27.684834000000002,1158900
8122,2012-05-24,31.629158,31.903131,31.183952,31.903131,28.221472,1438100
8123,2012-05-25,32.00098,32.167320000000004,31.320940000000004,31.506849,27.870929999999998,1278300
8124,2012-05-29,31.952054999999998,32.436398,31.800392,32.323875,28.593668,1593000
8125,2012-05-30,31.815069,31.824854,31.017612,31.237768,27.727324,1157500
8126,2012-05-31,31.218199,31.555773,30.616438,31.276909000000003,27.762071999999996,1352500
8127,2012-06-01,30.352251000000003,30.792564000000002,29.672210999999997,29.863014,26.507059,1743100
8128,2012-06-04,29.877691,30.053815999999998,28.845402000000004,29.83366,26.481005,2107700
8129,2012-06-05,29.633072,30.318005,29.633072,30.269081,26.8675,1146800
8130,2012-06-06,30.748531,31.545988,30.616438,31.497065000000003,27.957478000000002,1992600
8131,2012-06-07,32.201565,32.725048,31.541096000000003,31.648727,28.092096,1888400
8132,2012-06-08,31.457926,32.040119,31.350294,31.966732,28.374369,1251900
8133,2012-06-11,32.382584,32.509785,31.232876,31.267124,27.753378,1048700
8134,2012-06-12,31.575342,32.363014,31.320940000000004,32.289627,28.660973,1527800
8135,2012-06-13,32.133072,32.343445,31.413895,31.682973999999998,28.122497999999997,1253100
8136,2012-06-14,31.687865999999996,32.177105,31.48728,31.971624,28.378708000000003,1105800
8137,2012-06-15,32.137966,32.578278000000005,31.952054999999998,32.504894,28.852051,1443400
8138,2012-06-18,32.289627,33.091976,32.201565,32.896282,29.199457000000002,2086700
8139,2012-06-19,33.136009,34.090019,33.111546000000004,33.595890000000004,29.820444000000002,2606700
8140,2012-06-20,33.581215,34.241684,33.537182,34.001957,30.180878000000003,2280400
8141,2012-06-21,34.094913,34.163406,32.656555,32.925636,29.225513,1620000
8142,2012-06-22,33.26321,33.757339,32.925636,33.292564,29.551209999999998,2743200
8143,2012-06-25,33.087086,33.546966999999995,32.676125,33.052837,29.338419000000002,1543600
8144,2012-06-26,33.106654999999996,33.703522,33.082190999999995,33.542076,29.772675,2213000
8145,2012-06-27,33.664383,33.874756,33.566536,33.737770000000005,29.946388,2786100
8146,2012-06-28,33.277885,33.561646,32.778866,33.45401,29.694511,1984500
8147,2012-06-29,34.21233,34.217220000000005,33.625244,33.909,30.098364,1759400
8148,2012-07-02,33.874756,34.109589,33.400196,33.757339,29.963753000000004,1253700
8149,2012-07-03,33.757339,33.889431,33.586104999999996,33.850291999999996,30.046251,1237000
8150,2012-07-05,33.781799,34.393345000000004,33.767124,34.310177,30.454454,2002000
8151,2012-07-06,33.967709,34.217220000000005,33.835617,34.104698,30.272078000000004,1188500
8152,2012-07-09,33.957924,34.114483,33.45401,33.742661,29.950727,698200
8153,2012-07-10,34.075344,34.124268,33.091976,33.302349,29.559887,848200
8154,2012-07-11,33.473579,33.527397,32.729942,33.312134,29.568581,1420300
8155,2012-07-12,32.866928,33.581215,32.553818,33.365947999999996,29.616348,1194500
8156,2012-07-13,33.566536,33.864971000000004,33.414871000000005,33.556751,29.785704,1620400
8157,2012-07-16,33.385517,33.737770000000005,33.077301,33.551860999999995,29.781364,1097000
8158,2012-07-17,33.683952000000005,33.982388,33.268101,33.953033000000005,30.137451000000002,1958900
8159,2012-07-18,33.830723,34.256359,33.620354,34.060665,30.232994,1301200
8160,2012-07-19,34.099804,34.319962,33.723091,33.933464,30.120081,1534400
8161,2012-07-20,33.713306,34.202545,33.566536,33.909,30.098364,1023400
8162,2012-07-23,33.155578999999996,33.189823,32.147751,32.548922999999995,28.891132,2482200
8163,2012-07-24,32.646770000000004,32.788651,31.873777,32.274952,28.647949,1758800
8164,2012-07-25,32.382584,32.700588,32.02544,32.690804,29.017069,2323200
8165,2012-07-26,33.405087,33.405087,32.02544,33.101760999999996,29.381844,2526300
8166,2012-07-27,33.238747,34.804306,33.238747,34.486301,30.610796,2837200
8167,2012-07-30,34.549904,35.391388,34.549904,35.078278000000005,31.136248,2876100
8168,2012-07-31,34.877689000000004,35.078278000000005,34.408024,34.437378,30.567365999999996,1433400
8169,2012-08-01,34.589043,34.686890000000005,33.610569,33.683952000000005,29.898609000000004,1804000
8170,2012-08-02,33.444225,33.997063,33.126225,33.933464,30.120081,1188100
8171,2012-08-03,34.69178,34.794521,34.031310999999995,34.442268,30.571703000000003,1386400
8172,2012-08-06,34.540119,34.735813,34.40313,34.437378,30.567365999999996,1124800
8173,2012-08-07,34.584148,34.726028,34.491192,34.559689,30.675929999999997,1447500
8174,2012-08-08,34.50098,35.004894,34.412914,34.882584,30.96254,1858400
8175,2012-08-09,34.833659999999995,35.034248,34.642857,34.818981,30.906084000000003,2067000
8176,2012-08-10,34.677105,35.689823,34.373775,35.665363,31.657346999999998,2247900
8177,2012-08-13,35.587086,35.689823,35.254402,35.616440000000004,31.613926,1523500
8178,2012-08-14,35.782779999999995,36.081215,35.410957,36.046966999999995,31.996073,1640700
8179,2012-08-15,36.046966999999995,36.423679,35.59687,36.232876,32.259605,1045900
8180,2012-08-16,36.159492,36.663406,36.135028999999996,36.345402,32.359790999999994,1312400
8181,2012-08-17,36.340508,36.467709,36.066536,36.301369,32.320595000000004,1448100
8182,2012-08-20,36.320938,36.335617,35.94912,36.144814000000004,32.18119,937700
8183,2012-08-21,36.340508,36.423679,35.684933,35.836594,31.906784000000002,1041600
8184,2012-08-22,35.841488,36.335617,35.772995,36.227985,32.255238,1421600
8185,2012-08-23,36.198631,36.252445,35.836594,35.95401,32.011333,965100
8186,2012-08-24,35.900196,35.978474,35.552837,35.95401,32.011333,878700
8187,2012-08-27,36.012722,36.012722,35.49902,35.601760999999996,31.697695,747400
8188,2012-08-28,35.562622,35.836594,35.406067,35.709393,31.793526,733300
8189,2012-08-29,35.821918,35.821918,35.269081,35.591976,31.688992,1070400
8190,2012-08-30,35.185909,35.601760999999996,35.122310999999996,35.567516,31.667212,821400
8191,2012-08-31,35.738747,36.223091,35.557732,36.022507,32.072308,958400
8192,2012-09-04,35.963795000000005,36.149708000000004,35.298435,36.07143,32.115871000000006,1604100
8193,2012-09-05,36.056751,36.673190999999996,35.900196,36.501957,32.499179999999996,1321800
8194,2012-09-06,36.682976000000004,37.226028,36.624268,36.937378,32.886848,1145200
8195,2012-09-07,36.942268,37.289627,36.580234999999995,36.638943,32.621128000000006,1338200
8196,2012-09-10,36.707436,37.920742,36.594913,37.539139,33.422623,1834800
8197,2012-09-11,37.597846999999994,37.64188,36.854206,37.181995,33.104649,1093700
8198,2012-09-12,37.328765999999995,37.514679,36.658512,37.049904,32.98703,863900
8199,2012-09-13,37.147751,37.97456,36.815067,37.514679,33.400847999999996,2502000
8200,2012-09-14,38.28767,38.292564,37.265167,37.377689000000004,33.278877,1631100
8201,2012-09-17,37.230919,37.377689000000004,36.90313,36.976517,32.921703,783600
8202,2012-09-18,36.893345000000004,37.02055,36.374756,36.438354,32.442551,1590600
8203,2012-09-19,36.482388,37.446182,36.482388,36.707436,32.682117,1568700
8204,2012-09-20,36.536204999999995,36.819962,36.320938,36.707436,32.682117,1217600
8205,2012-09-21,36.888453999999996,36.888453999999996,36.291584,36.384541,32.394642,2677600
8206,2012-09-24,36.267124,36.521526,35.797455,36.056751,32.102795,1281300
8207,2012-09-25,35.298435,35.714287,33.816047999999995,33.889431,30.173132,7662900
8208,2012-09-26,33.737770000000005,34.285713,33.610569,34.031310999999995,30.299459000000002,2208900
8209,2012-09-27,34.109589,35.47945,34.05088,35.440311,31.553949,3125400
8210,2012-09-28,35.181019,35.303326,34.779841999999995,35.029354,31.188066,1784000
8211,2012-10-01,35.181019,35.547947,34.867905,35.161449,31.305670000000003,2410000
8212,2012-10-02,35.254402,35.327789,34.735813,34.980431,31.144509999999997,1563400
8213,2012-10-03,35.225048,35.528378000000004,35.097846999999994,35.122310999999996,31.270826,1869800
8214,2012-10-04,35.259296,35.768101,35.259296,35.758316,31.837088,1129900
8215,2012-10-05,35.909981,36.448139000000005,35.62133,35.714287,31.797884000000003,947100
8216,2012-10-08,34.926613,34.941292,34.036204999999995,34.794521,30.978983000000003,1930300
8217,2012-10-09,34.779841999999995,34.911938,34.21233,34.319962,30.556463,1621900
8218,2012-10-10,34.324852,34.456947,33.977493,34.05088,30.316889,1118000
8219,2012-10-11,34.310177,34.623287,33.972603,33.982388,30.255909000000003,980500
8220,2012-10-12,33.943249,34.041096,33.400196,33.708416,30.011974,977800
8221,2012-10-15,33.869862,34.285713,33.292564,34.275928,30.51725,1184900
8222,2012-10-16,34.398239000000004,34.799412,34.055775,34.173190999999996,30.425783000000003,1585700
8223,2012-10-17,34.041096,34.589043,33.899215999999996,34.471621999999996,30.691481,1877000
8224,2012-10-18,34.37867,34.848335,34.227005,34.735813,30.926708,919100
8225,2012-10-19,34.584148,34.677105,33.977493,34.227005,30.4737,1312600
8226,2012-10-22,34.280823,35.210373,33.948139000000005,34.315067,30.552109,634000
8227,2012-10-23,33.688846999999996,33.747555,32.857143,33.649708000000004,29.959705,2910200
8228,2012-10-24,33.864971000000004,34.109589,33.644814000000004,33.723091,30.025036,1299900
8229,2012-10-25,34.016636,34.016636,32.950096,33.517612,29.842096,2164100
8230,2012-10-26,33.659492,33.840508,33.101760999999996,33.630138,29.942282000000002,1446500
8231,2012-10-31,33.840508,35.611546000000004,33.840508,34.809196,30.992047999999997,2641000
8232,2012-11-01,34.897259000000005,35.92955,34.897259000000005,35.880627000000004,31.945985999999998,1795800
8233,2012-11-02,36.227985,36.227985,34.804306,34.85812,31.035603000000002,1938300
8234,2012-11-05,34.809196,35.469666,34.427593,35.401173,31.519112,1584900
8235,2012-11-06,35.489235,36.164383,35.469666,35.939335,31.998262,1283200
8236,2012-11-07,35.210373,35.958904,34.941292,35.337574,31.462477000000003,1320000
8237,2012-11-08,35.234833,35.415852,34.745598,34.779841999999995,30.965915999999996,964700
8238,2012-11-09,34.711349,35.49902,34.280823,35.362034,31.484246999999996,1114100
8239,2012-11-12,35.547947,35.62133,35.127201,35.259296,31.392796,986000
8240,2012-11-13,34.838551,35.655578999999996,34.838551,35.200588,31.340519,1009100
8241,2012-11-14,35.357143,35.543053,34.408024,34.427593,30.652288000000002,1109600
8242,2012-11-15,34.334637,34.417809000000005,33.077301,33.405087,29.741913,2441900
8243,2012-11-16,33.566536,33.591,33.033268,33.400196,29.737546999999996,1356600
8244,2012-11-19,33.889431,34.182976000000004,32.886497,34.041096,30.308184000000004,1090400
8245,2012-11-20,34.021526,34.481407,33.718201,34.016636,30.286388,1063900
8246,2012-11-21,34.104698,34.104698,33.762229999999995,33.879646,30.164433000000002,693300
8247,2012-11-23,34.085128999999995,34.50098,34.085128999999995,34.373775,30.604374,422200
8248,2012-11-26,34.075344,34.163406,32.97456,33.830723,30.120869,2751000
8249,2012-11-27,33.884541,34.466732,33.723091,34.178082,30.430143,1430100
8250,2012-11-28,33.904109999999996,34.613503,33.502937,34.54501,30.756829999999997,1037700
8251,2012-11-29,34.765167,34.774952,34.300391999999995,34.50098,30.815826,983300
8252,2012-11-30,34.52544,34.863014,34.143837,34.696674,30.990614,1093900
8253,2012-12-03,35.063602,35.063602,34.246574,34.471621999999996,30.789597999999998,2007200
8254,2012-12-04,34.540119,35.993149,34.476517,35.665363,31.855831,2471800
8255,2012-12-05,35.743641,36.863991,35.724072,36.594913,32.686096,2603000
8256,2012-12-06,36.472603,36.810177,36.174168,36.73679,32.812816999999995,1690100
8257,2012-12-07,36.775928,37.402153000000006,36.702545,37.372799,33.380894,1628600
8258,2012-12-10,37.314091,37.539139,37.118396999999995,37.470646,33.468296,882500
8259,2012-12-11,37.661449,37.769081,37.436398,37.573387,33.560055,1166900
8260,2012-12-12,38.033268,38.463795000000005,37.705479,37.813109999999995,33.774162,1547500
8261,2012-12-13,37.690804,37.886497,37.103718,37.221134,33.245426,2183800
8262,2012-12-14,37.196674,37.681019,36.893345000000004,37.059689,33.101231,2391800
8263,2012-12-17,37.230919,38.155578999999996,37.172211,38.111546000000004,34.040729999999996,1517800
8264,2012-12-18,38.312134,38.860077000000004,37.940311,38.727985,34.591328000000004,1682600
8265,2012-12-19,38.747555,38.899215999999996,38.145794,38.405087,34.302917,1975300
8266,2012-12-20,38.527397,39.549904,38.42955,39.52544,35.303608000000004,2350600
8267,2012-12-21,38.791584,39.476517,38.747555,39.19276,35.006465999999996,2552700
8268,2012-12-24,39.026421,39.178082,38.904109999999996,39.031310999999995,34.862259,341300
8269,2012-12-26,39.124268,39.202545,38.693737,39.031310999999995,34.862259,982900
8270,2012-12-27,39.036204999999995,39.090019,38.351273,38.933464,34.774868,697000
8271,2012-12-28,38.752445,39.031310999999995,38.600784000000004,38.679062,34.547641999999996,776700
8272,2012-12-31,38.605675,39.40313,38.527397,39.339531,35.137547,1094500
8273,2013-01-02,40.244617,41.453033000000005,40.244617,41.345402,36.929165000000005,2689200
8274,2013-01-03,41.355185999999996,41.555775,40.342464,40.636009,36.295551,1513900
8275,2013-01-04,40.80724,41.472603,40.508808,41.457924,37.029675,1544800
8276,2013-01-07,41.281799,41.409,40.880627000000004,41.110569,36.719414,1323800
8277,2013-01-08,41.081215,41.144814000000004,40.714287,41.07143,36.684467,1243700
8278,2013-01-09,41.208416,41.634052000000004,41.105675,41.340508,36.924797,1252100
8279,2013-01-10,41.643837,42.382584,41.501957,42.255383,37.741951,1699300
8280,2013-01-11,41.942268,42.397259000000005,41.369862,41.423679,36.999088,1798500
8281,2013-01-14,41.536204999999995,41.707436,41.183952000000005,41.272015,36.863621,1074300
8282,2013-01-15,41.139922999999996,41.609589,41.066536,41.560665,37.121449,1025600
8283,2013-01-16,41.453033000000005,41.590019,41.149708000000004,41.267124,36.859253,836800
8284,2013-01-17,41.541096,41.834637,41.325832,41.69276,37.239441,820800
8285,2013-01-18,41.775928,41.775928,41.325832,41.580234999999995,37.138923999999996,781600
8286,2013-01-22,41.624268,41.952053,41.482388,41.678082,37.226321999999996,953300
8287,2013-01-23,41.815067,42.397259000000005,41.69276,42.123287,37.623974,1722800
8288,2013-01-24,42.196674,42.544033,41.761253,41.961838,37.479763,1273200
8289,2013-01-25,42.181995,42.382584,42.128181,42.240704,37.728848,1342700
8290,2013-01-28,42.137966,42.181995,41.438354,41.844421000000004,37.374889,2100200
8291,2013-01-29,38.532291,40.117416,37.294521,39.349315999999995,35.146301,11629100
8292,2013-01-30,39.280823,39.349315999999995,38.321918,38.498043,34.385944,2882600
8293,2013-01-31,38.331703000000005,39.354206,37.646770000000004,38.409981,34.307293,2665700
8294,2013-02-01,38.688846999999996,38.727985,38.199608000000005,38.659492,34.530151000000004,2743200
8295,2013-02-04,38.498043,38.703522,38.184933,38.341488,34.246109000000004,2034500
8296,2013-02-05,38.615459,38.913895000000004,38.390411,38.605675,34.482085999999995,1786200
8297,2013-02-06,38.556751,38.962818,38.26321,38.414871000000005,34.311671999999994,2168000
8298,2013-02-07,38.493149,38.659492,37.734833,37.989235,33.931488,1535000
8299,2013-02-08,37.989235,38.272995,37.739727,38.091976,34.023266,2053800
8300,2013-02-11,38.199608000000005,38.28767,37.788651,37.906067,33.857208,1601800
8301,2013-02-12,37.935421000000005,38.400196,37.935421000000005,38.204502000000005,34.123768,1304400
8302,2013-02-13,38.204502000000005,38.576321,37.862034,38.258316,34.270573,1674000
8303,2013-02-14,37.984344,38.591,37.852249,38.556751,34.537907000000004,1637800
8304,2013-02-15,38.654598,39.427593,38.42955,39.168296999999995,35.085701,3154900
8305,2013-02-19,39.168296999999995,39.662426,39.109589,39.422699,35.313595,1977500
8306,2013-02-20,39.368885,39.442268,37.881603000000005,37.964775,34.007629,1911100
8307,2013-02-21,37.822895,37.822895,36.604698,36.893345000000004,33.047878000000004,3066800
8308,2013-02-22,37.074364,37.729942,36.795497999999995,37.700588,33.770981,2309100
8309,2013-02-25,37.891388,37.945206,36.585128999999995,36.594913,32.780547999999996,1764500
8310,2013-02-26,36.678082,36.991192,36.389431,36.986301,33.131134,951600
8311,2013-02-27,38.879646,38.879646,37.480431,38.346378,34.349457,2204200
8312,2013-02-28,38.365947999999996,38.483364,38.028378000000004,38.145794,34.169769,1892900
8313,2013-03-01,37.813109999999995,38.013699,37.274952,37.930527000000005,33.976952000000004,2153100
8314,2013-03-04,37.842464,38.28767,37.656555,38.1409,34.165401,944500
8315,2013-03-05,38.414871000000005,38.698631,38.008808,38.091976,34.121578,1505400
8316,2013-03-06,38.326809000000004,38.42955,37.822895,37.901173,33.950661,1259700
8317,2013-03-07,37.915852,38.321918,37.852249,38.067516,34.099663,900900
8318,2013-03-08,38.405087,39.104698,38.28767,38.825832,34.778934,2158200
8319,2013-03-11,38.776909,39.951077000000005,38.605675,39.848335,35.694859,2267000
8320,2013-03-12,39.618396999999995,39.946182,39.295497999999995,39.672211,35.53709,1358800
8321,2013-03-13,39.569472999999995,39.740704,39.055775,39.574364,35.449463,902800
8322,2013-03-14,39.814091,39.843445,39.099804,39.54501,35.423157,1879600
8323,2013-03-15,39.398239000000004,39.975536,39.275928,39.637966,35.50642,1739600
8324,2013-03-18,39.412914,39.412914,38.943249,39.153622,35.072556,1724700
8325,2013-03-19,39.261253,39.393345000000004,38.483364,38.786694,34.743877000000005,1759400
8326,2013-03-20,38.850291999999996,39.285713,38.850291999999996,39.148727,35.068176,854800
8327,2013-03-21,38.708416,39.231899,38.238747,38.439335,34.432728000000004,1436100
8328,2013-03-22,38.351273,38.380627000000004,36.775928,37.348335,33.455452,3797700
8329,2013-03-25,36.203522,36.932484,35.958904,36.893345000000004,33.047878000000004,4637200
8330,2013-03-26,36.69276,37.167320000000004,36.379646,36.653622,32.833138,3041400
8331,2013-03-27,36.120354,36.188846999999996,35.278866,35.59687,31.886538,6789100
8332,2013-03-28,35.587086,36.360077000000004,35.47456,36.350291999999996,32.561428,2866900
8333,2013-04-01,36.350291999999996,36.409,35.650684000000005,36.291584,32.508835,3156100
8334,2013-04-02,36.643837,38.473579,36.57045,37.133072,33.262623,7027800
8335,2013-04-03,37.093933,37.172211,36.115459,36.565559,32.754257,3933400
8336,2013-04-04,36.54599,37.108612,36.281799,37.059689,33.19688,1776400
8337,2013-04-05,36.511742,36.8591,36.139922999999996,36.805283,32.968994,1477800
8338,2013-04-08,36.824852,36.922699,36.335617,36.73679,32.907639,1427900
8339,2013-04-09,36.873775,37.436398,36.599804,37.338551,33.446678000000006,1566700
8340,2013-04-10,37.421721999999995,37.842464,37.172211,37.729942,33.797272,2515700
8341,2013-04-11,37.725048,38.595890000000004,37.725048,38.566536,34.546669,2465000
8342,2013-04-12,40.782779999999995,42.646770000000004,40.728962,42.397259000000005,37.978092,11948600
8343,2013-04-15,42.304306,42.666340000000005,40.870841999999996,41.340508,37.031498,4839900
8344,2013-04-16,42.318981,42.318981,41.413895000000004,41.771038,37.417156,4349000
8345,2013-04-17,41.531310999999995,41.87867,41.095890000000004,41.717220000000005,37.36895,3502500
8346,2013-04-18,41.771038,42.181995,41.135028999999996,41.218201,36.921946999999996,3591500
8347,2013-04-19,41.335617,42.588062,41.218201,42.421721999999995,38.000027,2603400
8348,2013-04-22,42.504894,42.715263,41.824852,42.304306,37.894844,2194600
8349,2013-04-23,42.573387,42.891388,42.069472999999995,42.563602,38.127125,2932300
8350,2013-04-24,42.910957,44.134052000000004,42.186890000000005,42.64188,38.197224,4601400
8351,2013-04-25,42.069472999999995,42.891388,41.90313,42.504894,38.07452,2442900
8352,2013-04-26,42.485321,42.534248,41.707436,42.02055,37.640648,2056400
8353,2013-04-29,42.181995,42.230919,41.585128999999995,41.819962,37.460983,2198500
8354,2013-04-30,41.883559999999996,42.02055,41.501957,41.687866,37.342655,2244100
8355,2013-05-01,41.775928,41.883559999999996,41.306263,41.399215999999996,37.084091,2408000
8356,2013-05-02,41.472603,42.133072,41.404109999999996,41.956947,37.583687,1346300
8357,2013-05-03,42.02544,43.194717,41.590019,42.984344,38.503994,2126900
8358,2013-05-06,42.886497,43.228962,42.578278000000005,43.033268,38.547813,1424200
8359,2013-05-07,43.346378,43.463795000000005,42.783756,43.047947,38.560970000000005,1544200
8360,2013-05-08,42.994129,43.742661,42.832679999999996,43.742661,39.183285,1375600
8361,2013-05-09,43.542076,43.566536,43.175148,43.321918,38.806389,1391900
8362,2013-05-10,43.30724,43.478474,42.940311,43.189823,38.688057,1856700
8363,2013-05-13,43.175148,43.209393,42.539139,42.651665,38.205996999999996,1137200
8364,2013-05-14,42.759296,43.282779999999995,42.759296,43.180038,38.679295,1583600
8365,2013-05-15,43.253426,44.37867,43.253426,44.041096,39.450596000000004,3144800
8366,2013-05-16,44.016636,44.036204999999995,43.248531,43.380627000000004,38.858978,2123500
8367,2013-05-17,43.674168,43.786694,43.072407,43.595890000000004,39.051804,1917600
8368,2013-05-20,43.498043,43.845402,43.228962,43.512722,38.977306,2134300
8369,2013-05-21,43.806263,44.574364,43.742661,43.796478,39.231472,2221000
8370,2013-05-22,43.796478,44.412914,43.160469,43.45401,38.924702,2207900
8371,2013-05-23,42.847359000000004,43.723091,42.563602,43.591,39.047413,3262600
8372,2013-05-24,43.1409,43.439335,42.862034,43.42955,38.902809000000005,2023300
8373,2013-05-28,43.899215999999996,44.388453999999996,43.507828,43.693737,39.139454,2379400
8374,2013-05-29,43.576321,43.635028999999996,42.842464,43.155578999999996,38.805122,1929300
8375,2013-05-30,43.043053,43.277885,42.813109999999995,43.155578999999996,38.805122,1856700
8376,2013-05-31,42.818005,43.987278,42.818005,43.502937,39.117447,7028400
8377,2013-06-03,43.512722,43.639922999999996,42.734833,43.282779999999995,38.919491,2199900
8378,2013-06-04,42.00098,43.331703000000005,41.819962,42.871819,38.549965,1605700
8379,2013-06-05,42.778866,42.886497,41.741684,41.868885,37.648125,2020900
8380,2013-06-06,41.90313,42.270058,41.330723,41.90313,37.678921,1908000
8381,2013-06-07,42.133072,42.592957,41.810177,42.475536,38.193619,1199800
8382,2013-06-10,42.490215,42.490215,41.927593,42.284737,38.022057000000004,1257800
8383,2013-06-11,42.123287,42.915852,42.035225,42.108612,37.863696999999995,1865300
8384,2013-06-12,42.519569,42.544033,41.585128999999995,41.815067,37.599734999999995,1108200
8385,2013-06-13,41.71233,42.818005,41.619372999999996,42.548922999999995,38.259605,1049500
8386,2013-06-14,42.451077000000005,42.578278000000005,42.015656,42.181995,37.929676,841900
8387,2013-06-17,42.411938,42.588062,42.015656,42.123287,37.876884000000004,1066100
8388,2013-06-18,42.196674,42.720158000000005,42.167320000000004,42.436398,38.158424,1245400
8389,2013-06-19,42.485321,42.627201,42.005871,42.035225,37.797703000000006,1239200
8390,2013-06-20,41.472603,41.629158000000004,41.061646,41.272015,37.11142,1816000
8391,2013-06-21,41.272015,41.42857,40.743641,41.188846999999996,37.036644,2580900
8392,2013-06-24,40.670254,40.758316,39.628181,40.083172,36.042446000000005,2506700
8393,2013-06-25,40.215263,40.528378000000004,39.833659999999995,40.528378000000004,36.44276,1316100
8394,2013-06-26,40.94912,41.262229999999995,40.435421000000005,41.022507,36.88707,1062800
8395,2013-06-27,41.433464,41.609589,41.110569,41.492172,37.309395,987400
8396,2013-06-28,41.311153000000004,41.453033000000005,40.709393,40.851273,36.733109000000006,2289800
8397,2013-07-01,40.993149,41.678082,40.94912,41.325832,37.159821,1659900
8398,2013-07-02,41.237770000000005,41.653622,40.821918,40.958904,36.829884,1159300
8399,2013-07-03,40.684933,41.002937,40.503914,40.768101,36.658318,462500
8400,2013-07-05,41.135028999999996,41.541096,40.95401,41.457924,37.278595,767900
8401,2013-07-08,41.634052000000004,41.834637,41.42857,41.501957,37.318191999999996,807500
8402,2013-07-09,41.873775,42.118396999999995,41.751469,41.771038,37.560139,1059200
8403,2013-07-10,41.771038,41.981407,41.653622,41.790607,37.577746999999995,925900
8404,2013-07-11,42.177105,42.274952,41.697651,42.079258,37.837292,1343300
8405,2013-07-12,41.991192,42.377689000000004,41.717220000000005,42.118396999999995,37.872486,901600
8406,2013-07-15,42.343445,42.470646,42.010765,42.084148,37.841685999999996,879500
8407,2013-07-16,42.137966,42.137966,41.179062,41.565559,37.375378000000005,1536400
8408,2013-07-17,41.634052000000004,42.118396999999995,41.42857,42.108612,37.863696999999995,1346300
8409,2013-07-18,42.074364,42.436398,42.030334,42.421721999999995,38.145229,1150700
8410,2013-07-19,42.196674,42.906067,42.103718,42.891388,38.567554,1139100
8411,2013-07-22,42.759296,43.091976,42.695694,43.091976,38.747925,1255800
8412,2013-07-23,43.165363,43.356163,42.989235,43.243641,38.884304,1433400
8413,2013-07-24,43.243641,43.361057,41.849315999999995,42.284737,38.022057000000004,2785700
8414,2013-07-25,42.671234000000005,44.04599,41.956947,43.272995,38.91069,3054700
8415,2013-07-26,43.057732,43.057732,42.255383,42.460861,38.180428000000006,1426000
8416,2013-07-29,42.475536,42.945206,41.996086,42.074364,37.83289,1109600
8417,2013-07-30,42.113503,42.539139,41.829746,42.377689000000004,38.105656,920600
8418,2013-07-31,42.588062,42.827789,42.284737,42.485321,38.202422999999996,1008700
8419,2013-08-01,42.862034,43.277885,42.529354,42.759296,38.44878,2169200
8420,2013-08-02,42.725048,42.915852,42.186890000000005,42.778866,38.466381,1445900
8421,2013-08-05,42.656555,43.067516,42.00098,42.930527000000005,38.602748999999996,733500
8422,2013-08-06,42.901173,43.12133,42.431507,43.101760999999996,38.756714,1299500
8423,2013-08-07,43.033268,43.072407,42.617416,42.959881,38.629143,1162600
8424,2013-08-08,43.170254,43.630138,43.106654999999996,43.561646,39.170254,1264800
8425,2013-08-09,43.493149,44.011742,43.243641,43.899215999999996,39.473789000000004,813100
8426,2013-08-12,43.674168,44.52055,43.444225,44.231899,39.772934,1292600
8427,2013-08-13,44.222115,44.584148,44.075344,44.456947,39.975288,908100
8428,2013-08-14,44.985321,44.985321,43.904109999999996,44.04599,39.754509000000006,1157900
8429,2013-08-15,43.654598,43.654598,42.852249,43.062622,38.866955,622800
8430,2013-08-16,42.876713,43.488258,42.759296,43.136009,38.933197,885400
8431,2013-08-19,42.950096,43.052837,41.922699,42.035225,37.939659000000006,1280100
8432,2013-08-20,42.093933,43.008808,41.956947,42.910957,38.730064,1333900
8433,2013-08-21,42.857143,43.214287,42.646770000000004,42.803326,38.632919,1375400
8434,2013-08-22,42.602740999999995,42.940311,42.245598,42.842464,38.668243,1546600
8435,2013-08-23,42.857143,43.072407,42.397259000000005,42.764187,38.597590999999994,1022600
8436,2013-08-26,42.734833,43.047947,42.646770000000004,42.720158000000005,38.55785,1232100
8437,2013-08-27,42.245598,42.690804,42.133072,42.186890000000005,38.076546,1393500
8438,2013-08-28,42.270058,42.602740999999995,42.093933,42.367905,38.239914,1258000
8439,2013-08-29,42.382584,43.12133,42.382584,42.813109999999995,38.641754,689200
8440,2013-08-30,42.822895,43.043053,42.177105,42.666340000000005,38.509285,1043400
8441,2013-09-03,43.277885,43.385517,42.338551,42.793541,38.624092,1571800
8442,2013-09-04,42.729942,43.165363,42.583172,42.910957,38.730064,1760900
8443,2013-09-05,42.881603000000005,43.155578999999996,42.715263,42.725048,38.562275,965700
8444,2013-09-06,42.886497,43.214287,42.206459,42.80822,38.637337,1142800
8445,2013-09-09,43.023483,43.458904,42.832679999999996,43.297455,39.078903000000004,683300
8446,2013-09-10,43.556751,43.796478,43.297455,43.341488,39.118652000000004,964700
8447,2013-09-11,43.228962,44.182976000000004,42.989235,44.168296999999995,39.864895000000004,1231700
8448,2013-09-12,44.036204999999995,44.970646,44.036204999999995,44.642857,40.293217,2163700
8449,2013-09-13,44.833659999999995,44.911938,44.134052000000004,44.721134,40.363861,980300
8450,2013-09-16,45.083172,45.430527000000005,44.765167,44.882584,40.509586,1071600
8451,2013-09-17,44.85812,45.146770000000004,44.730919,45.039139,40.650890000000004,574300
8452,2013-09-18,44.951077000000005,45.826809000000004,44.838551,45.704502000000005,41.251427,1188500
8453,2013-09-19,45.743641,45.988258,45.440311,45.49902,41.065964,815900
8454,2013-09-20,45.80724,46.306263,44.794521,44.799412,40.434528,1822400
8455,2013-09-23,44.799412,45.376713,44.491192,44.946182,40.566994,989500
8456,2013-09-24,44.960861,45.278866,44.735813,44.995106,40.611156,771200
8457,2013-09-25,45.0,45.680038,44.814091,44.980431,40.597896999999996,875200
8458,2013-09-26,45.156555,45.743641,44.995106,45.195694,40.792194,607400
8459,2013-09-27,44.887474,45.146770000000004,44.515656,44.69178,40.337383,866600
8460,2013-09-30,44.408024,45.459881,44.134052000000004,45.244617,40.836353,1437500
8461,2013-10-01,44.261253,44.916828,43.625244,44.031310999999995,39.741257,4471000
8462,2013-10-02,43.576321,43.869862,43.219177,43.282779999999995,39.065659000000004,2811100
8463,2013-10-03,42.490215,42.906067,41.673190999999996,42.548922999999995,38.403304999999996,4509800
8464,2013-10-04,42.480431,43.136009,42.230919,42.852249,38.677082,1764500
8465,2013-10-07,42.441292,42.651665,42.103718,42.128181,38.023567,1842200
8466,2013-10-08,42.152640999999996,42.333659999999995,41.418785,41.629158000000004,37.573153999999995,1706700
8467,2013-10-09,41.722115,41.868885,41.306263,41.629158000000004,37.573153999999995,1702800
8468,2013-10-10,42.054794,42.617416,42.005871,42.612526,38.460712,1475500
8469,2013-10-11,42.451077000000005,42.881603000000005,42.294521,42.798435,38.628513,939000
8470,2013-10-14,42.411938,43.390411,42.289627,43.243641,39.030331,1464900
8471,2013-10-15,42.852249,43.42955,42.852249,43.1409,38.937614,1313000
8472,2013-10-16,43.434441,43.772015,43.302349,43.742661,39.480728000000006,1067100
8473,2013-10-17,43.615459,44.804306,43.444225,44.770058,40.408031,1459200
8474,2013-10-18,44.848335,45.004894,44.530334,44.774952,40.412440999999994,1351900
8475,2013-10-21,44.726028,44.931507,44.40313,44.652640999999996,40.302054999999996,738900
8476,2013-10-22,44.696674,45.029354,44.344421000000004,44.54501,40.204899,1577300
8477,2013-10-23,44.37867,44.549904,43.899215999999996,44.481407,40.147498999999996,1076700
8478,2013-10-24,44.633072,44.897259000000005,44.339531,44.686890000000005,40.332962,702700
8479,2013-10-25,44.833659999999995,44.85812,44.319962,44.765167,40.403605999999996,596400
8480,2013-10-28,44.838551,45.092957,44.657536,44.941292,40.562584,844900
8481,2013-10-29,44.951077000000005,45.435421000000005,44.774952,45.298435,40.884926,1589200
8482,2013-10-30,45.303326,45.547947,45.166340000000005,45.362034,40.942333000000005,1401700
8483,2013-10-31,45.410957,45.547947,45.132095,45.278866,40.867268,1164800
8484,2013-11-01,45.229942,45.538162,45.009785,45.234833,40.827529999999996,1528900
8485,2013-11-04,45.273972,45.914871000000005,45.249512,45.914871000000005,41.441296,1373700
8486,2013-11-05,45.068493,45.670254,42.602740999999995,42.891388,38.71241,8472500
8487,2013-11-06,43.072407,43.874756,42.959881,43.228962,39.01709,2731300
8488,2013-11-07,43.233856,43.512722,42.514679,43.067516,38.871365000000004,1669700
8489,2013-11-08,43.087086,43.395302,42.818005,43.385517,39.158386,981300
8490,2013-11-11,43.434441,43.683952000000005,43.253426,43.532291,39.290867,599700
8491,2013-11-12,43.488258,43.806263,43.238747,43.776909,39.511646,1294000
8492,2013-11-13,43.586104999999996,43.889431,43.400196,43.879646,39.604382,1286200
8493,2013-11-14,43.825832,44.52544,43.791584,44.476517,40.143093,1194100
8494,2013-11-15,44.642857,45.009785,44.496086,44.892368,40.518425,1220200
8495,2013-11-18,44.892368,44.892368,43.517612,43.625244,39.374756,1180200
8496,2013-11-19,43.483364,44.339531,43.204502000000005,43.909,39.630878,1243700
8497,2013-11-20,44.280823,44.667320000000004,43.855185999999996,44.187866,39.882565,943500
8498,2013-11-21,44.153622,44.461838,44.001957,44.383559999999996,40.059189,837000
8499,2013-11-22,44.37867,44.427593,44.041096,44.393345000000004,40.068031,545500
8500,2013-11-25,44.52544,44.618396999999995,44.217220000000005,44.456947,40.125423,660400
8501,2013-11-26,44.549904,44.696674,44.080234999999995,44.574364,40.231403,1552400
8502,2013-11-27,44.838551,44.887474,44.412914,44.579258,40.386539,726800
8503,2013-11-29,44.69178,44.931507,44.52544,44.559689,40.368805,331900
8504,2013-12-02,44.471621999999996,45.728962,44.471621999999996,45.083172,40.843052,1757400
8505,2013-12-03,44.911938,45.30822,44.579258,44.828765999999995,40.612567999999996,1367200
8506,2013-12-04,44.784737,45.45499,44.633072,45.362034,41.095692,1108200
8507,2013-12-05,45.190804,45.709393,45.044033,45.450096,41.175472,1032800
8508,2013-12-06,45.719177,46.477493,45.719177,45.846378,41.534477,1624700
8509,2013-12-09,45.895302,46.55088,45.880627000000004,46.42857,42.06192,1437700
8510,2013-12-10,46.174168,46.409,45.802349,45.812134,41.503445,1572600
8511,2013-12-11,45.885517,45.885517,45.112526,45.273972,41.015907,820800
8512,2013-12-12,45.318005,45.753426,45.078278000000005,45.567516,41.281845000000004,1234100
8513,2013-12-13,45.616440000000004,46.002937,45.503914,45.909981,41.592106,829400
8514,2013-12-16,45.49902,46.066536,45.484344,45.699608000000005,41.401505,1606100
8515,2013-12-17,45.567516,46.022507,45.322895,45.875732,41.561073,1523500
8516,2013-12-18,46.091,46.467709,45.450096,46.433464,42.066345,898700
8517,2013-12-19,46.433464,46.555775,45.856163,46.130138,41.791557,1060000
8518,2013-12-20,46.159492,46.594913,46.051860999999995,46.472603,42.101795,1947300
8519,2013-12-23,46.511742,47.186890000000005,46.350291999999996,46.917809000000005,42.505138,934300
8520,2013-12-24,46.971621999999996,47.382584,46.971621999999996,47.270058,42.824253000000006,212500
8521,2013-12-26,47.338551,47.392368,46.966732,47.250488,42.80653,951000
8522,2013-12-27,47.739727,47.788651,47.455967,47.480431,43.014858000000004,338400
8523,2013-12-30,47.455967,47.646770000000004,47.211349,47.240704,42.797661,512400
8524,2013-12-31,47.304306,47.588062,47.010765,47.475536,43.010403000000004,727000
8525,2014-01-02,47.235813,47.685909,47.128181,47.431507,42.970528,1288900
8526,2014-01-03,47.588062,47.646770000000004,47.142857,47.455967,42.99268,1273400
8527,2014-01-06,47.607632,47.754402,47.152640999999996,47.495106,43.028141,2218100
8528,2014-01-07,47.436398,48.116440000000004,47.426613,48.072407,43.551151000000004,1327300
8529,2014-01-08,48.013699,48.458904,47.583172,48.439335,43.883568,1545400
8530,2014-01-09,48.581215,48.918785,48.317023999999996,48.478474,43.919033,1457100
8531,2014-01-10,48.45401,49.134052000000004,48.395302,48.918785,44.317909,1275200
8532,2014-01-13,48.845402,49.041096,47.97945,48.106654999999996,43.582176000000004,719200
8533,2014-01-14,48.150684000000005,48.811153000000004,47.945206,48.786694,44.198246000000005,946500
8534,2014-01-15,49.041096,49.349315999999995,48.889431,48.982388,44.375534,1280300
8535,2014-01-16,48.781799,49.011742,48.512722,48.635028999999996,44.060848,905000
8536,2014-01-17,48.527397,48.796478,48.233856,48.385517,43.834808,939800
8537,2014-01-21,48.860077000000004,48.923679,48.282779999999995,48.331703000000005,43.786053,925500
8538,2014-01-22,48.326809000000004,48.615459,47.539139,47.773972,43.280784999999995,1492300
8539,2014-01-23,47.460861,47.539139,47.00098,47.475536,43.010403000000004,1838100
8540,2014-01-24,47.265167,47.348335,46.487278,46.555775,42.177162,1562200
8541,2014-01-27,46.516636,47.177105,45.777885,46.619372999999996,42.234768,2107900
8542,2014-01-28,45.909981,46.942268,45.357143,46.081215,41.747231,3297500
8543,2014-01-29,45.973579,46.526421,45.694717,46.017612,41.689606,1288900
8544,2014-01-30,46.066536,46.462818,45.684933,46.046966999999995,41.716198,1067900
8545,2014-01-31,45.611546000000004,46.022507,45.273972,45.406067,41.13559,1333900
8546,2014-02-03,45.254402,45.283756,43.527397,43.586104999999996,39.486785999999995,2836000
8547,2014-02-04,43.860077000000004,44.134052000000004,43.512722,43.767124,39.650776,1827500
8548,2014-02-05,43.708416,44.329746,43.424656,44.104698,39.9566,1745100
8549,2014-02-06,44.153622,46.012722,44.104698,45.675148,41.379368,2340900
8550,2014-02-07,45.802349,46.320938,45.792564,46.237770000000005,41.889057,1340000
8551,2014-02-10,46.115459,46.477493,45.870841999999996,45.95401,41.631989000000004,2099800
8552,2014-02-11,46.056751,46.418785,45.645794,46.355185999999996,41.995426,1713800
8553,2014-02-12,46.668296999999995,47.113503,46.501957,46.873775,42.618176,2058100
8554,2014-02-13,46.638943,47.157536,46.580234999999995,46.976517,42.711586,1262100
8555,2014-02-14,46.898239000000004,47.172211,46.775928,47.054794,42.782757000000004,1099000
8556,2014-02-18,47.651665,48.1409,46.810177,46.908024,42.649315,2508600
8557,2014-02-19,46.697651,46.996086,46.374756,46.389431,42.177799,1469400
8558,2014-02-20,46.418785,46.653622,45.993149,46.423679,42.208942,1916400
8559,2014-02-21,46.604698,46.800391999999995,46.272015,46.296478,42.093292,1947100
8560,2014-02-24,46.394325,46.624268,46.007828,46.066536,41.884232,1469400
8561,2014-02-25,46.203522,46.423679,45.870841999999996,45.94912,41.77747,1319400
8562,2014-02-26,45.94912,46.594913,45.797455,46.477493,42.257866,2919000
8563,2014-02-27,46.330723,46.863991,46.198631,46.717220000000005,42.475834000000006,1195700
8564,2014-02-28,46.805283,46.966732,46.046966999999995,46.169277,41.977638,1356800
8565,2014-03-03,45.861057,45.865947999999996,45.205479,45.440311,41.314861,2748700
8566,2014-03-04,45.611546000000004,46.213306,45.552837,46.213306,42.017672999999995,2344000
8567,2014-03-05,46.135028999999996,46.467709,45.905087,46.281799,42.079952,1269700
8568,2014-03-06,46.379646,47.568493,46.237770000000005,47.382584,43.080795,2358900
8569,2014-03-07,47.573387,47.857143,47.363014,47.480431,43.169758,1335900
8570,2014-03-10,47.451077000000005,47.64188,46.952053,46.991192,42.724926,1172600
8571,2014-03-11,47.030334,47.147751,46.795497999999995,46.908024,42.649315,1417900
8572,2014-03-12,46.54599,46.824852,46.477493,46.663406,42.426907,1479600
8573,2014-03-13,46.854206,46.90313,45.870841999999996,45.978474,41.804161,1291800
8574,2014-03-14,45.870841999999996,46.364971000000004,45.870841999999996,46.272015,42.071045,1576500
8575,2014-03-17,46.54599,46.810177,46.443249,46.73679,42.493626,893800
8576,2014-03-18,46.785713,47.19178,46.541096,47.142857,42.862827,893800
8577,2014-03-19,46.927593,47.769081,46.751469,47.265167,42.974037,1316100
8578,2014-03-20,47.206459,47.744617,46.971621999999996,47.695694,43.365475,1071800
8579,2014-03-21,48.101760999999996,48.101760999999996,47.725048,47.793541,43.454440999999996,2162900
8580,2014-03-24,47.901173,48.160469,47.421721999999995,48.082190999999995,43.716885,1414000
8581,2014-03-25,48.189823,48.835617,48.189823,48.811153000000004,44.379677,2593400
8582,2014-03-26,48.918785,48.923679,47.700588,47.729942,43.396609999999995,1407900
8583,2014-03-27,47.681019,47.803326,47.411938,47.627201,43.303196,882500
8584,2014-03-28,47.729942,48.199608000000005,47.588062,47.989235,43.632374,1019900
8585,2014-03-31,48.326809000000004,48.830723,48.111546000000004,48.669277,44.250671000000004,1193400
8586,2014-04-01,48.840508,49.119372999999996,48.664383,49.119372999999996,44.659904,1847900
8587,2014-04-02,49.065559,49.168296999999995,48.630138,48.860077000000004,44.424137,1184700
8588,2014-04-03,48.923679,48.923679,48.170254,48.419765000000005,44.023815,1676600
8589,2014-04-04,48.488258,48.791584,47.465752,47.749512,43.41441,1555000
8590,2014-04-07,47.710373,47.749512,45.890411,46.193737,41.999882,1998600
8591,2014-04-08,46.213306,47.260273,45.802349,47.221134,42.934002,1825200
8592,2014-04-09,47.353229999999996,48.052837,47.318981,47.925636,43.574543,1556000
8593,2014-04-10,48.072407,48.101760999999996,46.462818,46.54599,42.320145000000004,1313000
8594,2014-04-11,46.360077000000004,46.815067,46.296478,46.477493,42.257866,1453000
8595,2014-04-14,46.795497999999995,46.819962,46.169277,46.492172,42.271217,752800
8596,2014-04-15,46.536204999999995,46.8591,46.017612,46.790607,42.542557,1105500
8597,2014-04-16,47.230919,47.769081,47.103718,47.739727,43.405506,1000500
8598,2014-04-17,47.64188,47.876713,47.270058,47.338551,43.040764,1142500
8599,2014-04-21,47.480431,47.725048,47.123287,47.656555,43.329895,1233300
8600,2014-04-22,47.729942,47.891388,47.529354,47.744617,43.409958,1107400
8601,2014-04-23,47.822895,47.915852,47.411938,47.578278000000005,43.258713,886400
8602,2014-04-24,47.798435,47.915852,47.407043,47.788651,43.450001,709200
8603,2014-04-25,47.583172,47.695694,47.211349,47.343445,43.045215999999996,697200
8604,2014-04-28,47.455967,47.676125,46.291584,47.064578999999995,42.791664000000004,851500
8605,2014-04-29,47.353229999999996,47.490215,46.991192,47.133072,42.853935,761500
8606,2014-04-30,46.996086,47.377689000000004,46.702545,47.260273,42.969597,1717900
8607,2014-05-01,48.189823,49.417809000000005,47.945206,49.285713,44.811134,4375900
8608,2014-05-02,49.285713,50.161449,49.07045,49.37867,44.895664000000004,2295600
8609,2014-05-05,48.957924,49.647751,48.757339,49.628181,45.122524,1627800
8610,2014-05-06,49.227005,49.965752,49.090019,49.823875,45.300446,1417900
8611,2014-05-07,49.931507,50.435421000000005,49.686890000000005,50.146770000000004,45.594025,1402300
8612,2014-05-08,49.681995,50.978474,49.681995,50.895302,46.274597,3774200
8613,2014-05-09,50.777885,50.890411,50.234833,50.386497,45.811981,1277500
8614,2014-05-12,50.557732,51.056751,50.47456,50.944225,46.319069,1010100
8615,2014-05-13,50.978474,51.061646,50.591976,50.714287,46.110012,925100
8616,2014-05-14,50.489235,51.056751,50.415852,50.714287,46.110012,940400
8617,2014-05-15,50.694717,50.924656,49.584148,50.048922999999995,45.505062,1017900
8618,2014-05-16,50.004894,50.161449,49.677105,50.078278000000005,45.53175,1224900
8619,2014-05-19,50.024464,50.797455,49.911938,50.14188,45.589577,739500
8620,2014-05-20,50.117416,50.205479,49.373775,49.466732,44.975722999999995,886600
8621,2014-05-21,49.701565,50.009785,49.481407,49.804306,45.282654,924200
8622,2014-05-22,49.642857,50.127201,49.564578999999995,50.004894,45.465022999999995,693500
8623,2014-05-23,49.877689000000004,50.601760999999996,49.227005,50.391388,45.816433,658900
8624,2014-05-27,50.988258,51.046966999999995,50.303326,50.396282,45.820877,466000
8625,2014-05-28,50.239727,50.420742,50.044033,50.273972,45.861046,768100
8626,2014-05-29,50.391388,50.777885,50.156555,50.743641,46.289497,840200
8627,2014-05-30,50.582190999999995,50.758316,50.332679999999996,50.391388,45.968146999999995,1520500
8628,2014-06-02,50.547947,51.091,50.420742,50.885517,46.418911,1104700
8629,2014-06-03,50.47456,50.993149,50.47456,50.978474,46.503704,1186100
8630,2014-06-04,50.861057,51.399215999999996,50.748531,51.374756,46.865208,1343500
8631,2014-06-05,51.599804,51.785713,51.125244,51.663406,47.128516999999995,1000900
8632,2014-06-06,52.005871,52.19178,51.727005,52.054794,47.48555,1088800
8633,2014-06-09,51.790607,51.868885,51.438354,51.8591,47.307045,1115400
8634,2014-06-10,51.702545,51.8591,51.404109999999996,51.702545,47.164234,833100
8635,2014-06-11,51.580234999999995,51.634052000000004,51.267124,51.467709,46.949996999999996,711900
8636,2014-06-12,51.409,51.805283,51.174168,51.360077000000004,46.851807,1193600
8637,2014-06-13,51.443249,51.678082,51.257339,51.516636,46.994637,912000
8638,2014-06-16,51.648727,51.961838,51.355185999999996,51.536204999999995,47.012485999999996,1191600
8639,2014-06-17,51.604698,52.142857,51.115459,51.756359,47.21331,1425200
8640,2014-06-18,51.731899,52.323875,51.580234999999995,52.206459,47.623898,1201800
8641,2014-06-19,52.206459,52.387474,51.917809000000005,52.270058,47.681923,1007000
8642,2014-06-20,52.250488,52.509785,52.123287,52.436398,47.833664,1578300
8643,2014-06-23,52.950095999999995,53.243641000000004,52.64677,52.715263,48.088055,1431200
8644,2014-06-24,52.676125,52.837574,52.211349,52.455967,47.851509,1323200
8645,2014-06-25,52.460861,52.97945,52.460861,52.827789,48.190689,793800
8646,2014-06-26,52.959881,53.145793999999995,52.299412,52.915852,48.271034,1254600
8647,2014-06-27,52.764187,52.910956999999996,52.451077000000005,52.764187,48.132678999999996,1147500
8648,2014-06-30,53.136008999999994,53.292564,52.822894999999995,53.199608,48.529884,959200
8649,2014-07-01,53.405087,53.825832,53.165363,53.42955,48.739635,1532700
8650,2014-07-02,53.204502000000005,53.40998100000001,53.1409,53.277885,48.601288000000004,844500
8651,2014-07-03,53.302349,53.566536,53.199608,53.42955,48.739635,593500
8652,2014-07-07,53.351273,53.370842,52.837574,53.013699,48.360291,1459600
8653,2014-07-08,52.959881,53.326809,52.705479000000004,53.003914,48.351364000000004,1229200
8654,2014-07-09,53.180038,53.620354000000006,52.945206000000006,53.507828,48.811046999999995,1135200
8655,2014-07-10,52.842464,52.891388,52.509785,52.636986,48.016644,1458100
8656,2014-07-11,52.636986,52.729942,52.363014,52.578278000000005,47.963089000000004,983700
8657,2014-07-14,52.862033999999994,53.214287,52.475536,52.617416000000006,47.998787,753400
8658,2014-07-15,52.910956999999996,53.28767,52.514679,52.803326,48.168385,916100
8659,2014-07-16,52.97945,53.008807999999995,52.421721999999995,52.622310999999996,48.003265,1051400
8660,2014-07-17,52.377689000000004,52.602741,51.883559999999996,51.908024,47.351673,878300
8661,2014-07-18,52.108612,52.328765999999995,51.849315999999995,52.133072,47.556965000000005,1931500
8662,2014-07-21,52.074364,52.147751,51.575344,51.771038,47.226707,1147900
8663,2014-07-22,52.177105,52.250488,51.829746,51.908024,47.351673,703300
8664,2014-07-23,52.02544,52.260273,51.8591,52.093933,47.521255,786300
8665,2014-07-24,52.460861,53.136008999999994,52.460861,52.597846999999994,47.980934000000005,1456100
8666,2014-07-25,52.573387,52.940311,52.314091,52.822894999999995,48.186237,819800
8667,2014-07-28,52.76908100000001,53.317023999999996,52.63209499999999,53.111546,48.449535,1196900
8668,2014-07-29,53.082191,53.31213399999999,52.734832999999995,52.852249,48.213013000000004,1030900
8669,2014-07-30,52.959881,53.013699,52.304306,52.539139,47.927383,1488600
8670,2014-07-31,52.064578999999995,52.529354000000005,51.042076,51.198631,46.704547999999996,2125300
8671,2014-08-01,49.657536,50.176125,48.669277,49.85812,45.481701,7286600
8672,2014-08-04,49.960861,50.136986,49.266144,49.892368,45.512943,2243900
8673,2014-08-05,49.902153000000006,50.45499,49.442268,49.535225,45.187149,2542500
8674,2014-08-06,49.417809000000005,50.112526,48.674168,49.222115,44.901524,3228000
8675,2014-08-07,49.349315999999995,49.496086,48.214287,48.659492,44.388287,3518300
8676,2014-08-08,49.07045,49.432484,48.884541,49.319962,44.990772,2400000
8677,2014-08-11,49.848335,50.0,49.628181,49.892368,45.512943,2425600
8678,2014-08-12,49.549904,50.802349,49.549904,50.645794,46.200233000000004,2276600
8679,2014-08-13,50.944225,51.697651,50.753426,51.159492,46.82262,3085000
8680,2014-08-14,51.120354,51.467709,51.120354,51.345402,46.992771000000005,1382700
8681,2014-08-15,51.448139000000005,51.590019,50.812134,51.252445,46.907696,1724500
8682,2014-08-18,51.438354,52.02544,51.379646,51.986301,47.579342,1011100
8683,2014-08-19,52.103718,52.245598,51.805283,52.079258,47.66441,1347200
8684,2014-08-20,51.883559999999996,52.519569,51.873775,52.299412,47.865906,1776200
8685,2014-08-21,52.348335,52.568493000000004,52.181995,52.382584,47.942028,1628600
8686,2014-08-22,52.426613,52.695693999999996,52.255383,52.5,48.049488000000004,1041800
8687,2014-08-25,52.793541000000005,53.111546,52.465752,52.837574,48.358452,1679900
8688,2014-08-26,52.940311,53.091976,52.627201,52.720158,48.250984,1225700
8689,2014-08-27,52.930527000000005,52.930527000000005,52.274952,52.407043,47.964417,1024600
8690,2014-08-28,52.299412,52.544033,52.142857,52.318981,47.883823,1155200
8691,2014-08-29,52.524464,52.64188000000001,52.348335,52.455967,48.009192999999996,1105100
8692,2014-09-02,52.573387,53.03326800000001,52.573387,52.813109999999995,48.336067,2400800
8693,2014-09-03,52.935421,53.057731999999994,52.485321,52.862033999999994,48.38084,1670900
8694,2014-09-04,52.788651,53.199608,52.754402,52.95499,48.465919,1630200
8695,2014-09-05,52.847359,53.12133000000001,52.524464,52.720158,48.250984,1157300
8696,2014-09-08,52.617416000000006,53.077301,52.323875,52.544033,48.089794,1270300
8697,2014-09-09,52.387474,52.602741,51.697651,51.780823,47.391289,1214100
8698,2014-09-10,51.912914,52.509785,51.580234999999995,52.309196,47.874859,1448300
8699,2014-09-11,52.181995,52.886497,52.089043,52.583172,48.125614,914400
8700,2014-09-12,52.436398,52.837574,51.663406,51.966732,47.561440000000005,1369200
8701,2014-09-15,52.098827,52.534248,51.844421000000004,52.407043,47.964417,1037700
8702,2014-09-16,52.392368,52.964775,52.284737,52.725048,48.255466,1750800
8703,2014-09-17,52.744617000000005,53.204502000000005,52.529354000000005,52.964775,48.474872999999995,1410100
8704,2014-09-18,53.013699,53.40998100000001,53.013699,53.096869999999996,48.59576,1264800
8705,2014-09-19,53.30724,53.45401,52.64677,52.793541000000005,48.31815,1356300
8706,2014-09-22,52.729942,52.83268,52.128181,52.133072,47.713676,1184000
8707,2014-09-23,51.966732,52.720158,51.810177,52.367905,47.9286,1753100
8708,2014-09-24,52.260273,52.685908999999995,52.015656,52.622310999999996,48.161446000000005,955900
8709,2014-09-25,52.35812,52.49510600000001,51.785713,51.810177,47.418144,1136600
8710,2014-09-26,51.761253,52.113503,51.590019,51.824852,47.431571999999996,804100
8711,2014-09-29,51.501957,51.961838,51.267124,51.717220000000005,47.333073,849200
8712,2014-09-30,51.624268,51.746574,50.841488,50.92955,46.612183,1549900
8713,2014-10-01,50.748531,51.056751,48.850291999999996,49.241684,45.067394,4911500
8714,2014-10-02,49.217220000000005,49.809196,48.659492,49.740704,45.524105,2133100
8715,2014-10-03,50.14188,50.332679999999996,49.569472999999995,49.69178,45.479332,2464000
8716,2014-10-06,49.965752,50.009785,49.496086,49.701565,45.488289,1082200
8717,2014-10-07,49.315067,49.447163,48.762229999999995,48.820938,44.682320000000004,2859900
8718,2014-10-08,48.772015,49.349315999999995,48.214287,49.329746,45.147984,1825900
8719,2014-10-09,49.315067,49.50098,48.346378,48.556751,44.440517,3250300
8720,2014-10-10,48.522507,48.772015,47.681019,48.082190999999995,44.006203,4952400
8721,2014-10-13,47.906067,48.478474,47.079258,47.152640999999996,43.155437,5499100
8722,2014-10-14,47.255383,48.346378,46.908024,47.671234000000005,43.630066,2986200
8723,2014-10-15,46.580234999999995,48.527397,46.580234999999995,48.341488,44.243503999999994,3741700
8724,2014-10-16,47.509785,48.693737,47.005871,48.439335,44.333057000000004,4469400
8725,2014-10-17,48.923679,49.329746,48.825832,49.129158000000004,44.964405,3475200
8726,2014-10-20,49.124268,50.019569,49.124268,50.0,45.761433000000004,1912900
8727,2014-10-21,50.234833,51.208416,50.234833,51.100784000000004,46.768898,1747200
8728,2014-10-22,51.296478,52.157536,50.939335,51.017612,46.692776,4605900
8729,2014-10-23,51.086104999999996,51.961838,51.086104999999996,51.727005,47.342026000000004,1461400
8730,2014-10-24,51.69276,52.588062,51.418785,52.5,48.049488000000004,1589400
8731,2014-10-27,51.981407,52.074364,51.369862,51.771038,47.38232,1327300
8732,2014-10-28,52.093933,52.573387,51.73679,52.558707999999996,48.103221999999995,1779900
8733,2014-10-29,52.490215,52.866928,51.555775,51.996086,47.588299,1659900
8734,2014-10-30,51.682976000000004,52.348335,51.682976000000004,52.123287,47.704727,1852000
8735,2014-10-31,52.588062,53.008807999999995,52.382584,52.871818999999995,48.389790000000005,2527800
8736,2014-11-03,52.871818999999995,53.17025400000001,52.123287,52.196674,47.771885,2586600
8737,2014-11-04,51.961838,52.245598,51.604698,51.707436,47.32412,1771500
8738,2014-11-05,52.035225,52.255383,51.678082,52.162426,47.740536,2550000
8739,2014-11-06,52.592957,53.28278,52.142857,53.184932999999994,48.676369,2960500
8740,2014-11-07,53.189823,53.88943100000001,53.17025400000001,53.723091000000004,49.168911,2271700
8741,2014-11-10,53.791584,54.637966000000006,53.791584,54.637966000000006,50.006229,2454400
8742,2014-11-11,54.69178,55.288651,54.613503,55.14677,50.471893,1635400
8743,2014-11-12,54.85811999999999,55.313109999999995,54.652641,55.239727,50.556973,1103700
8744,2014-11-13,55.381603000000005,55.768101,55.009785,55.210373,50.530105999999996,912200
8745,2014-11-14,55.024464,55.14188000000001,53.317023999999996,53.561645999999996,49.021149,2745000
8746,2014-11-17,53.532291,53.874756000000005,53.331703000000005,53.380627000000004,48.855453000000004,1374500
8747,2014-11-18,53.42955,54.81898100000001,53.331703000000005,54.706458999999995,50.068905,1604300
8748,2014-11-19,54.911938,55.244617000000005,54.491192000000005,55.205479000000004,50.525627,1619800
8749,2014-11-20,55.05381800000001,55.283756000000004,54.69178,55.249512,50.565929,1884700
8750,2014-11-21,56.012722,56.144814000000004,55.156555000000004,55.210373,50.530105999999996,1257800
8751,2014-11-24,55.034248,55.425636,54.66732,55.161449,50.485329,1168500
8752,2014-11-25,55.347359,55.772994999999995,55.117416000000006,55.215263,50.53458,707800
8753,2014-11-26,55.088062,55.528378000000004,54.623287,55.528378000000004,50.974731,768100
8754,2014-11-28,55.538162,56.066536,55.435421,55.79745500000001,51.221725,886600
8755,2014-12-01,57.265167000000005,57.636986,56.017612,56.629158,51.985222,2553100
8756,2014-12-02,56.54599,57.147751,56.418785,57.113503,52.429863,2032700
8757,2014-12-03,57.211349,57.847359,56.903130000000004,57.734832999999995,53.000229000000004,1380300
8758,2014-12-04,57.534248,57.925636,57.377689000000004,57.661449,52.932877000000005,1148900
8759,2014-12-05,57.64677,58.24853100000001,57.235813,57.36790500000001,52.663394999999994,1140700
8760,2014-12-08,57.128181000000005,57.685908999999995,56.82974599999999,57.377689000000004,52.67237900000001,1368600
8761,2014-12-09,56.59001899999999,58.199608,56.59001899999999,57.803326,53.063114,1687700
8762,2014-12-10,57.50489399999999,57.749512,56.952053,56.991192000000005,52.317577,1627400
8763,2014-12-11,57.348335,57.558707999999996,56.75146899999999,57.113503,52.429863,978600
8764,2014-12-12,56.59001899999999,57.18199499999999,56.511742000000005,56.560665,51.922348,1260100
8765,2014-12-15,56.971621999999996,56.991192000000005,56.100784,56.472603,51.841522,1956300
8766,2014-12-16,56.051860999999995,57.010765,56.051860999999995,56.306263,51.68882,2044800
8767,2014-12-17,56.482388,56.942268000000006,55.924656000000006,56.638943000000005,51.994213,2371800
8768,2014-12-18,57.240704,57.240704,56.051860999999995,56.912914,52.245712,2429400
8769,2014-12-19,56.805282999999996,57.299412,56.443249,57.196674,52.506203,5461300
8770,2014-12-22,57.133072,57.935421,57.064579,57.910956999999996,53.161919,1691000
8771,2014-12-23,58.184932999999994,58.708416,57.935421,58.649708,53.84008000000001,1071400
8772,2014-12-24,58.718201,58.723091000000004,58.390411,58.414871,53.62449599999999,457200
8773,2014-12-26,58.615458999999994,59.368885,58.292564,59.026421,54.185898,880100
8774,2014-12-29,58.869862,59.344421,58.742661,59.148727,54.29818,684900
8775,2014-12-30,58.84050799999999,59.227005000000005,58.747555000000006,58.860077000000004,54.033198999999996,875600
8776,2014-12-31,59.241684,59.271038,58.561645999999996,58.591,53.786190000000005,1628400
8777,2015-01-02,58.776908999999996,58.855185999999996,57.622310999999996,58.253426,53.476288000000004,1222100
8778,2015-01-05,57.97456,57.97456,57.108612,57.578278000000005,52.85651,1442800
8779,2015-01-06,57.563602,57.910956999999996,56.71722,56.971621999999996,52.299609999999994,2031700
8780,2015-01-07,57.588062,57.969666000000004,56.991192000000005,57.407043,52.699318000000005,934900
8781,2015-01-08,58.018593,59.305282999999996,57.866928,58.909,54.078109999999995,1468200
8782,2015-01-09,59.026421,59.271038,58.321918000000004,58.713306,53.89846,1273600
8783,2015-01-12,58.781799,59.021526,58.165363,58.586105,53.781689,1191600
8784,2015-01-13,59.026421,59.68199499999999,57.89628199999999,58.57632099999999,53.772713,1464100
8785,2015-01-14,58.087086,58.233856,57.392368000000005,58.228962,53.45383100000001,948000
8786,2015-01-15,58.772015,59.075343999999994,57.920742000000004,58.155579,53.386475,1059200
8787,2015-01-16,57.97456,59.041095999999996,57.64677,58.92367900000001,54.091579,1273000
8788,2015-01-20,59.246574,59.491192000000005,58.346378,58.483364,53.68738199999999,1251700
8789,2015-01-21,58.302349,58.356163,57.235813,57.749512,53.013709999999996,1609800
8790,2015-01-22,58.228962,58.546967,57.607631999999995,58.439335,53.646961,2145300
8791,2015-01-23,58.43444100000001,58.439335,57.451077000000005,57.695693999999996,52.964302,2085400
8792,2015-01-26,57.725048,58.12133000000001,57.35323,57.793541000000005,53.054131000000005,3089000
8793,2015-01-27,57.568493000000004,59.461838,56.800392,58.42955,53.637978000000004,3291800
8794,2015-01-28,58.488257999999995,58.767124,56.917809,57.01565600000001,52.340027,2118600
8795,2015-01-29,56.883559999999996,57.64677,56.585129,57.426613,52.717285,1553000
8796,2015-01-30,56.947163,58.258316,56.947163,57.98434399999999,53.229275,2996500
8797,2015-02-02,57.95499,58.679062,57.411938,57.842464,53.099033,1381900
8798,2015-02-03,58.219177,60.254402,58.047947,60.14188000000001,55.209885,2115500
8799,2015-02-04,59.990215,60.958904000000004,59.652641,60.684932999999994,55.708397,1764700
8800,2015-02-05,61.188846999999996,61.834637,60.861056999999995,61.658512,56.602154000000006,2454000
8801,2015-02-06,62.074364,62.09393299999999,61.360077000000004,61.560665,56.51232099999999,1426000
8802,2015-02-09,61.272015,61.66340600000001,60.440311,60.459881,55.501808,1021100
8803,2015-02-10,61.027397,61.027397,60.019569,60.606655,55.636547,1235500
8804,2015-02-11,60.445206000000006,61.002937,60.352249,60.817023999999996,55.983306999999996,769300
8805,2015-02-12,61.433464,61.937378,61.174168,61.824852,56.911041000000004,997400
8806,2015-02-13,61.932483999999995,62.421721999999995,61.73679,62.416828,57.455967,1308100
8807,2015-02-17,62.09393299999999,62.548922999999995,61.976517,62.274952,57.32536700000001,857600
8808,2015-02-18,61.785713,62.30919599999999,61.609589,62.113503,57.176743,896000
8809,2015-02-19,61.805282999999996,62.578278000000005,61.731899,62.113503,57.176743,641600
8810,2015-02-20,62.123287,62.519569,61.55088000000001,62.260273,57.311859,878500
8811,2015-02-23,61.996086,62.739727,61.996086,62.328766,57.374919999999996,1205300
8812,2015-02-24,62.35323,62.558707999999996,62.04501,62.108612,57.172253000000005,695700
8813,2015-02-25,62.172211,62.778866,62.005871,62.627201,57.649616,1354900
8814,2015-02-26,62.5,63.219177,62.416828,63.214287,58.190037,1313400
8815,2015-02-27,63.072407,63.855185999999996,62.314091000000005,62.436398,57.473976,2430500
8816,2015-03-02,62.436398,63.92367900000001,62.436398,63.894325,58.81603199999999,1488400
8817,2015-03-03,63.654598,63.909,62.240704,63.008807999999995,58.000893000000005,1284200
8818,2015-03-04,62.710373,63.341488,62.710373,62.950095999999995,57.946845999999994,865400
8819,2015-03-05,62.95499,63.155579,62.000980000000006,62.377689000000004,57.419941,1118000
8820,2015-03-06,61.71233,62.240704,61.247555000000006,61.863991000000006,56.947067000000004,1180200
8821,2015-03-09,61.868885,62.485321,61.360077000000004,61.68786600000001,56.784935,1151900
8822,2015-03-10,61.022507,61.482388,60.503914,60.675148,55.852706999999995,912200
8823,2015-03-11,60.861056999999995,61.179062,60.31800500000001,60.865947999999996,56.028358,1238400
8824,2015-03-12,61.227985,61.56555899999999,60.93444100000001,61.364971,56.487708999999995,1296100
8825,2015-03-13,60.919765000000005,61.335617000000006,59.569472999999995,61.154598,56.294064,3594100
8826,2015-03-16,61.511742000000005,62.289627,61.462818000000006,62.084148,57.149731,1177300
8827,2015-03-17,61.956947,61.986301,60.523483,60.777885,55.947285,1187500
8828,2015-03-18,60.714287,61.394325,59.686890000000005,60.944225,56.100407,2067700
8829,2015-03-19,60.851273,61.731899,60.772994999999995,61.374756000000005,56.496722999999996,977600
8830,2015-03-20,61.653622,62.455967,61.360077000000004,62.270058,57.320866,1844000
8831,2015-03-23,62.270058,63.219177,62.23091899999999,62.563602,57.591076,1106000
8832,2015-03-24,62.333659999999995,62.705479000000004,62.079257999999996,62.338551,57.383911,1151300
8833,2015-03-25,62.265167000000005,62.583172,61.223091000000004,61.232876,56.366116000000005,878300
8834,2015-03-26,61.125243999999995,62.049904000000005,61.061645999999996,61.824852,56.911041000000004,1423800
8835,2015-03-27,61.707436,62.607631999999995,61.487278,62.392368000000005,57.433453,964100
8836,2015-03-30,62.813109999999995,63.292564,62.64677,62.969666000000004,57.96485500000001,805500
8837,2015-03-31,62.759296,62.901173,62.128181000000005,62.284737,57.33436999999999,924200
8838,2015-04-01,62.211349,62.837574,61.898239000000004,62.30919599999999,57.356888,1031100
8839,2015-04-02,62.201565,62.749512,62.147751,62.255382999999995,57.307343,1107600
8840,2015-04-06,62.02055,63.131115,62.02055,63.111546,58.095467000000006,1064500
8841,2015-04-07,62.940311,63.145793999999995,62.485321,62.734832999999995,57.748695,1225700
8842,2015-04-08,62.363014,63.175148,62.294520999999996,62.729942,57.744198,900900
8843,2015-04-09,62.89628199999999,63.507828,62.5,63.24853100000001,58.221565000000005,912200
8844,2015-04-10,63.26321,63.600784,63.052837,63.356163,58.320637,594100
8845,2015-04-13,63.292564,63.776908999999996,63.087086,63.087086,58.072956000000005,622300
8846,2015-04-14,63.228962,63.527397,62.920742000000004,63.150684,58.131493000000006,636700
8847,2015-04-15,63.400195999999994,63.772015,61.849316,62.113503,57.176743,1886200
8848,2015-04-16,62.084148,62.671234,61.707436,62.323875,57.370399,1080800
8849,2015-04-17,62.137966000000006,62.372799,61.497063,61.673191,56.771423,798500
8850,2015-04-20,62.064579,62.50489399999999,62.005871,62.14285699999999,57.20377,627000
8851,2015-04-21,62.323875,62.411938,61.917809,62.089043000000004,57.154221,678800
8852,2015-04-22,62.284737,62.30919599999999,61.668296999999995,62.162426,57.221782999999995,793600
8853,2015-04-23,62.235813,62.524464,61.947163,61.961838,57.037136,1010900
8854,2015-04-24,62.196674,62.81800500000001,62.010765,62.636986,57.658627,902600
8855,2015-04-27,62.720158,63.204502000000005,62.372799,62.416828,57.455967,861100
8856,2015-04-28,62.226028,62.81800500000001,61.976517,62.661449,57.681149,748100
8857,2015-04-29,62.333659999999995,62.749512,61.981407,62.16732,57.226288000000004,1118800
8858,2015-04-30,62.866928,64.212326,61.267124,61.819962,56.90653199999999,2475000
8859,2015-05-01,62.147751,63.644814000000004,62.147751,62.915852,57.91532900000001,1669900
8860,2015-05-04,62.964775,63.683952000000005,62.627201,62.886497,57.88830600000001,1001100
8861,2015-05-05,63.062622,63.238747,61.937378,62.118396999999995,57.18125500000001,1308100
8862,2015-05-06,62.377689000000004,63.189823,62.157536,62.89628199999999,57.897307999999995,1040100
8863,2015-05-07,62.891388,63.45401,62.64188000000001,63.136008999999994,58.117985,666900
8864,2015-05-08,63.370842,64.23679399999999,63.204502000000005,63.845402,58.770996,791200
8865,2015-05-11,63.65949200000001,64.765167,63.65949200000001,64.344421,59.230354000000005,1394600
8866,2015-05-12,62.372799,62.622310999999996,61.042076,61.164382999999994,56.303062,6114800
8867,2015-05-13,61.379645999999994,62.074364,61.169277,61.462818000000006,56.577785,2718900
8868,2015-05-14,62.162426,62.622310999999996,61.810177,62.299412,57.34786999999999,2095300
8869,2015-05-15,62.113503,62.50489399999999,62.079257999999996,62.31898100000001,57.365894,1359600
8870,2015-05-18,62.137966000000006,62.725048,62.137966000000006,62.725048,57.739684999999994,2539400
8871,2015-05-19,62.725048,62.866928,62.328766,62.700588,57.71717099999999,1536000
8872,2015-05-20,62.573387,63.096869999999996,62.548922999999995,62.871818999999995,57.874793999999994,1511300
8873,2015-05-21,62.656555000000004,63.043053,62.602741,62.847359,57.85228000000001,1210000
8874,2015-05-22,62.63209499999999,63.038162,62.588062,62.910956999999996,57.910819999999994,1179300
8875,2015-05-26,62.822894999999995,62.891388,61.775928,62.079257999999996,57.145222,1177700
8876,2015-05-27,61.741684,62.945206000000006,61.741684,62.798435,57.985457999999994,1258400
8877,2015-05-28,62.715263,62.886497,62.416828,62.460861,57.673756000000004,1414800
8878,2015-05-29,62.534248,62.734832999999995,62.19178,62.328766,57.551788,1372900
8879,2015-06-01,62.622310999999996,62.744617000000005,61.727005000000005,62.666340000000005,57.863491,1252900
8880,2015-06-02,62.592957,62.98434399999999,62.402153000000006,62.539139,57.74604,744400
8881,2015-06-03,62.803326,62.989235,62.436398,62.793541000000005,57.980938,568400
8882,2015-06-04,62.612526,62.935421,61.746574,61.883559999999996,57.140701,1259500
8883,2015-06-05,61.756358999999996,62.18199499999999,61.399216,61.766144,57.032288,1511900
8884,2015-06-08,61.599804000000006,61.976517,61.599804000000006,61.849316,57.109077,1379900
8885,2015-06-09,61.952053,62.255382999999995,61.555775,62.040119,57.285258999999996,1118000
8886,2015-06-10,62.01565600000001,62.636986,62.01565600000001,62.436398,57.651173,1555200
8887,2015-06-11,62.465752,62.866928,62.343444999999996,62.35323,57.574379,1557300
8888,2015-06-12,62.206458999999995,62.509785,61.8591,61.888454,57.14521800000001,1097800
8889,2015-06-15,61.291584,61.54599,61.135029,61.394325,56.68896899999999,1300100
8890,2015-06-16,61.780823,61.800392,61.218201,61.604698,56.883221,1957300
8891,2015-06-17,61.844421,62.049904000000005,61.497063,61.771038,57.0368,1166900
8892,2015-06-18,61.971621999999996,62.35323,61.937378,62.240704,57.47047,625800
8893,2015-06-19,62.289627,62.44618199999999,62.030333999999996,62.152641,57.38916,1586900
8894,2015-06-22,62.539139,62.798435,62.377689000000004,62.597846999999994,57.800247,828200
8895,2015-06-23,62.744617000000005,62.744617000000005,62.387474,62.387474,57.605999,573500
8896,2015-06-24,62.397259,62.519569,61.580234999999995,61.62426800000001,56.90128299999999,1099800
8897,2015-06-25,61.682976000000004,61.976517,61.281799,61.384541000000006,56.679935,838400
8898,2015-06-26,61.497063,61.844421,61.188846999999996,61.42367900000001,56.71606800000001,1941800
8899,2015-06-29,60.94911999999999,61.457924,59.755382999999995,59.80919599999999,55.22533000000001,1289500
8900,2015-06-30,60.185908999999995,60.606655,59.60371800000001,59.637966000000006,55.067215000000004,1446900
8901,2015-07-01,60.273972,60.469666000000004,59.85323,60.009785,55.41054200000001,1094100
8902,2015-07-02,60.171234,60.171234,59.461838,59.64285699999999,55.071732,602100
8903,2015-07-06,59.21233,59.740704,58.948139000000005,59.18786600000001,54.651607999999996,987400
8904,2015-07-07,59.138943000000005,59.222115,57.999019999999994,58.967709,54.448333999999996,1453200
8905,2015-07-08,58.43444100000001,58.801368999999994,57.35811999999999,57.411938,53.011791,2020600
8906,2015-07-09,58.238747,58.302349,56.834637,56.844421,52.48777,1574000
8907,2015-07-10,57.700588,58.008807999999995,57.441292000000004,57.940311,53.499676,1167700
8908,2015-07-13,58.395302,58.708416,58.209393000000006,58.512722,54.028214,976400
8909,2015-07-14,58.512722,58.879645999999994,58.199608,58.747555000000006,54.245041,765000
8910,2015-07-15,58.781799,58.953033,58.395302,58.561645999999996,54.07338000000001,720100
8911,2015-07-16,58.73777,59.197651,57.964775,58.077301,53.626163,1244300
8912,2015-07-17,58.101760999999996,58.155579,57.363014,57.617416000000006,53.201523,700000
8913,2015-07-20,57.607631999999995,57.661449,57.177105000000005,57.436398,53.034374,718600
8914,2015-07-21,57.480431,57.98434399999999,56.976517,57.14285699999999,52.76334,1066500
8915,2015-07-22,56.991192000000005,57.5,56.932483999999995,57.23091899999999,52.844646,985400
8916,2015-07-23,57.196674,57.519569,57.035225,57.30919599999999,52.916931000000005,1229400
8917,2015-07-24,57.289627,57.304306000000004,55.743641000000004,56.272015,51.959244,1701800
8918,2015-07-27,55.880627000000004,56.497063,55.489235,56.364971,52.045078000000004,1958500
8919,2015-07-28,56.599804000000006,57.798435,56.061645999999996,57.764187,53.337051,1702400
8920,2015-07-29,57.759296,58.615458999999994,57.279842,58.155579,53.698432999999994,1704000
8921,2015-07-30,57.813109999999995,57.871818999999995,53.850292,55.919765000000005,51.633984000000005,5889500
8922,2015-07-31,56.091,56.257339,55.518593,55.92955,51.643017,1928300
8923,2015-08-03,55.880627000000004,56.007828,55.151665,55.523483,51.268078,1556700
8924,2015-08-04,55.435421,55.914871,55.39628199999999,55.87573199999999,51.593327,1246400
8925,2015-08-05,56.487278,56.961838,55.87573199999999,56.26223,51.950199,1445900
8926,2015-08-06,56.257339,56.653622,55.719177,55.968689000000005,51.679161,1051000
8927,2015-08-07,55.772994999999995,56.012722,55.45499,55.6409,51.376495,811400
8928,2015-08-10,55.880627000000004,56.418785,55.699608,56.34050799999999,52.022476,856800
8929,2015-08-11,55.709393000000006,56.017612,55.185908999999995,55.48434399999999,51.231937,1250500
8930,2015-08-12,54.863014,55.18101899999999,54.119372999999996,54.94618199999999,50.735023,1494900
8931,2015-08-13,55.136986,55.582191,54.54501,55.322894999999995,51.082859,853500
8932,2015-08-14,55.464775,56.404109999999996,55.009785,56.360077000000004,52.040539,1243900
8933,2015-08-17,56.242661,57.265167000000005,55.94911999999999,56.83953100000001,52.483261,1451800
8934,2015-08-18,56.69276,56.976517,56.183952000000005,56.34050799999999,52.022476,752300
8935,2015-08-19,55.572407,55.865947999999996,55.063602,55.386497,51.315369,1324500
8936,2015-08-20,54.941292000000004,55.05381800000001,54.026421,54.026421,50.055264,1180800
8937,2015-08-21,53.595890000000004,53.957924,52.221134,52.279841999999995,48.437065000000004,1266200
8938,2015-08-24,49.373775,51.511742,48.620354,49.559689,45.916855,2016400
8939,2015-08-25,50.508808,50.704502000000005,48.331703000000005,48.400196,44.842594,1458300
8940,2015-08-26,49.310177,49.779841999999995,48.331703000000005,49.672211,46.021099,1174400
8941,2015-08-27,50.366928,51.893345000000004,50.254402,51.364971000000004,47.589443,1447100
8942,2015-08-28,50.993149,51.614483,50.909981,51.198631,47.435326,1184000
8943,2015-08-31,51.022507,51.834637,50.626225,51.355185999999996,47.580372,1106600
8944,2015-09-01,50.420742,50.851273,49.339531,49.491192,45.853401,1355300
8945,2015-09-02,50.332679999999996,50.332679999999996,49.54501,50.107632,46.424521999999996,1084100
8946,2015-09-03,50.538162,50.670254,49.970646,50.14188,46.456253000000004,1791700
8947,2015-09-04,49.515656,49.701565,48.938354,49.324852,45.69928,1884700
8948,2015-09-08,50.283756,51.188846999999996,50.249512,51.110569,47.353733,1465500
8949,2015-09-09,51.634052000000004,52.568493000000004,50.880627000000004,51.007828,47.258540999999994,1975500
8950,2015-09-10,50.909981,51.775928,50.699608000000005,51.467709,47.684628000000004,1581800
8951,2015-09-11,51.091,51.844421000000004,51.056751,51.658512,47.861404,1444000
8952,2015-09-14,51.560665,51.966732,51.125244,51.722115,47.920334000000004,1330000
8953,2015-09-15,51.780823,52.040119,51.477493,51.614483,47.820614,935500
8954,2015-09-16,51.57045,52.421721999999995,51.404109999999996,52.284737,48.441601,901600
8955,2015-09-17,52.392368,53.292564,52.19178,52.338551,48.491463,1035200
8956,2015-09-18,51.766144,51.942268,51.291584,51.54599,47.757153,2194600
8957,2015-09-21,51.844421000000004,52.338551,51.536204999999995,51.722115,47.920334000000004,899700
8958,2015-09-22,53.938354000000004,54.07045,51.824852,53.082191,49.180431,6395600
8959,2015-09-23,53.062622,53.502937,52.588062,52.881603000000005,48.994595000000004,2119800
8960,2015-09-24,52.372799,53.351273,51.682976000000004,53.238747,49.325485,2608100
8961,2015-09-25,53.512722,53.635029,52.19178,52.475536,48.618378,1159500
8962,2015-09-28,52.186890000000005,52.186890000000005,48.889431,48.953033000000005,45.354797,2374700
8963,2015-09-29,48.938354,49.466732,47.739727,48.703522,45.123611,2955400
8964,2015-09-30,49.026421,49.598827,48.806263,49.227005,45.60862,1704000
8965,2015-10-01,49.486301,49.716244,48.889431,49.613503,45.966713,1354100
8966,2015-10-02,48.933464,50.582190999999995,48.424656,50.582190999999995,46.864201,933600
8967,2015-10-05,51.056751,51.761253,50.733856,51.262229999999995,47.494251,1629800
8968,2015-10-06,51.360077000000004,51.643837,50.459881,50.689823,46.963916999999995,1988400
8969,2015-10-07,50.934441,51.775928,50.631115,51.727005,47.924862,1346300
8970,2015-10-08,51.707436,52.773972,51.443249,52.700588,48.826885,991700
8971,2015-10-09,52.226028,52.759296,51.531310999999995,51.624268,47.829689,1636800
8972,2015-10-12,51.624268,52.064578999999995,51.262229999999995,51.991192,48.169632,935700
8973,2015-10-13,51.57045,52.240704,51.355185999999996,51.614483,47.820614,886400
8974,2015-10-14,51.722115,52.886497,51.482388,51.634052000000004,47.838741,863900
8975,2015-10-15,51.702545,51.90313,50.968689000000005,51.756359,47.952065000000005,808800
8976,2015-10-16,51.917809000000005,52.274952,51.71233,52.069472999999995,48.242160999999996,1095900
8977,2015-10-19,51.800391999999995,52.137966,51.418785,52.079258,48.251217,1065300
8978,2015-10-20,51.942268,52.592957,51.883559999999996,52.040119,48.21497,1162800
8979,2015-10-21,52.279841999999995,52.661449,51.394325,51.472603,47.689167,542400
8980,2015-10-22,51.996086,52.671234,51.868885,52.240704,48.400806,579800
8981,2015-10-23,52.778866,53.145793999999995,52.255383,52.705479000000004,48.831417,760300
8982,2015-10-26,52.612526,52.651665,52.133072,52.49510600000001,48.636501,678400
8983,2015-10-27,52.265167,52.265167,50.792564,51.272015,47.503315,1166500
8984,2015-10-28,51.369862,52.749512,51.223091,52.739727,48.863152,1035800
8985,2015-10-29,52.710373,53.419765000000005,52.578278000000005,53.224072,49.311886,1044600
8986,2015-10-30,53.361056999999995,53.948139000000005,52.97945,53.679062,49.733437,1176300
8987,2015-11-02,53.879645999999994,54.652641,53.502937,54.280823,50.290962,934900
8988,2015-11-03,54.080234999999995,54.280823,53.003914,53.184932999999994,49.275635,1620400
8989,2015-11-04,51.012722,54.882583999999994,50.78767,54.25146899999999,50.263771000000006,2975000
8990,2015-11-05,54.119372999999996,54.716243999999996,53.542076,54.3591,50.363490999999996,1263300
8991,2015-11-06,54.07045,54.872799,53.786694,54.794520999999996,50.766903000000006,964100
8992,2015-11-09,54.564579,54.970645999999995,53.199608,54.701565,50.68079,879300
8993,2015-11-10,54.540119,54.765167000000005,53.918785,54.37866999999999,50.381617999999996,736200
8994,2015-11-11,54.496086,54.657536,54.05088000000001,54.285713,50.295506,554700
8995,2015-11-12,54.207436,54.207436,52.607631999999995,52.866928,48.981007,1767200
8996,2015-11-13,52.524464,53.488257999999995,52.274952,53.424656000000006,49.49773,878500
8997,2015-11-16,53.194717000000004,54.055775,52.935421,53.517612,49.583858,642600
8998,2015-11-17,53.708416,54.026421,53.189823,53.674168,49.728896999999996,772000
8999,2015-11-18,53.957924,54.789627,53.957924,54.740704,50.717040999999995,1152800
9000,2015-11-19,54.672211,55.753426,54.388454,55.088062,51.038868,988200
9001,2015-11-20,55.254402,55.410956999999996,54.838551,54.985321,50.943684000000005,804300
9002,2015-11-23,54.936398,55.322894999999995,54.623287,54.86790500000001,50.834896,990900
9003,2015-11-24,54.491192000000005,55.185908999999995,54.182976000000004,54.94618199999999,50.907421,996600
9004,2015-11-25,54.81898100000001,55.176125,54.740704,54.838551,50.807709,903400
9005,2015-11-27,54.574364,55.107631999999995,53.209393000000006,54.985321,51.121555,1371100
9006,2015-11-30,55.029354000000005,55.680038,54.848335,55.112526,51.239815,1169700
9007,2015-12-01,55.273972,55.650684,54.877689000000004,55.40606700000001,51.512726,889700
9008,2015-12-02,55.342464,55.469666000000004,54.750488,54.784737,50.935059,948600
9009,2015-12-03,54.907043,55.151665,54.510765,54.784737,50.935059,1266400
9010,2015-12-04,54.814091000000005,55.440311,54.677105000000005,55.33268,51.444503999999995,888300
9011,2015-12-07,55.063602,55.205479000000004,53.772015,54.256358999999996,50.443806,1364700
9012,2015-12-08,53.468689000000005,54.016636,53.272994999999995,53.517612,49.756981,1246400
9013,2015-12-09,53.507828,54.564579,52.592957,52.734832999999995,49.029198,1350600
9014,2015-12-10,52.734832999999995,52.95499,52.318981,52.382584,48.701702000000004,1171800
9015,2015-12-11,51.609589,51.780823,51.091,51.154598,47.560001,1689300
9016,2015-12-14,51.149708000000004,51.374756,50.058708,50.332679999999996,46.795845,1572800
9017,2015-12-15,50.728962,51.095890000000004,49.980431,50.288651,46.754906,1504300
9018,2015-12-16,50.670254,51.267124,50.30822,51.056751,47.469032,829800
9019,2015-12-17,51.139922999999996,51.208416,50.322895,50.552837,47.000538,1735900
9020,2015-12-18,50.391388,50.533268,49.461838,49.461838,45.986202,1895800
9021,2015-12-21,49.848335,50.376713,49.613503,49.911938,46.404671,1363900
9022,2015-12-22,50.166340000000005,50.944225,49.926613,50.582190999999995,47.027828,676500
9023,2015-12-23,50.758316,51.389431,50.611546000000004,51.262229999999995,47.660069,831900
9024,2015-12-24,51.154598,51.389431,50.821918,51.208416,47.610043,507300
9025,2015-12-28,51.095890000000004,51.095890000000004,50.352249,50.841488,47.268894,638700
9026,2015-12-29,51.247555,51.658512,50.523483,50.968689000000005,47.387161,995800
9027,2015-12-30,50.782779999999995,51.555775,50.680038,50.94912,47.368961,799600
9028,2015-12-31,50.543053,50.856163,50.083172,50.244617,46.71397,1677300
9029,2016-01-04,49.505871,50.190804,49.060665,49.980431,46.468353,2120800
9030,2016-01-05,49.980431,50.445206,49.569472999999995,50.132095,46.609352,982900
9031,2016-01-06,49.540119,49.696674,49.026421,49.422699,45.94981,1794800
9032,2016-01-07,48.488258,48.957924,48.067516,48.087086,44.70805,1662300
9033,2016-01-08,48.292564,48.439335,47.847359000000004,47.940311,44.571575,1553600
9034,2016-01-11,48.082190999999995,48.42955,47.485321,48.194717,44.808128,1565700
9035,2016-01-12,48.674168,49.075344,47.871819,48.664383,45.244785,1256200
9036,2016-01-13,48.801369,49.129158000000004,47.274952,47.827789,44.46698,2691500
9037,2016-01-14,47.945206,48.434441,47.387474,48.126225,44.744431,1399300
9038,2016-01-15,46.961838,48.003914,46.90313,47.504894,44.166756,2396500
9039,2016-01-19,47.818005,47.857143,46.57045,47.084148,43.775581,2230800
9040,2016-01-20,46.252445,47.646770000000004,45.802349,47.157536,43.843807,2263300
9041,2016-01-21,47.167320000000004,47.739727,46.364971000000004,47.441292,44.107628000000005,1950100
9042,2016-01-22,48.101760999999996,49.021526,47.529354,47.803326,44.444229,1121500
9043,2016-01-25,47.5,47.769081,46.722115,46.810177,43.52087,1851400
9044,2016-01-26,45.073387,47.470646,44.765167,46.873775,43.579997999999996,3220100
9045,2016-01-27,46.653622,47.343445,45.885517,46.144814000000004,42.902256,1691400
9046,2016-01-28,46.69276,46.834637,44.633072,45.102740999999995,41.933411,2741800
9047,2016-01-29,45.327789,46.394325,45.327789,46.360077000000004,43.10239,1844300
9048,2016-02-01,46.125244,46.286694,45.459881,45.758316,42.542919,2011900
9049,2016-02-02,45.445206,45.675148,44.750488,45.14188,41.969803000000006,1637800
9050,2016-02-03,45.675148,46.296478,44.574364,46.130138,42.888607,973100
9051,2016-02-04,46.174168,47.407043,45.880627000000004,46.511742,43.243396999999995,1280100
9052,2016-02-05,46.472603,46.541096,45.415852,45.494129,42.297295,1571400
9053,2016-02-08,44.911938,45.366928,44.266144,44.941292,41.783306,2024100
9054,2016-02-09,44.442268,45.494129,44.319962,44.760273,41.61499,1719000
9055,2016-02-10,45.078278000000005,45.812134,44.19276,44.261253,41.151058,1391100
9056,2016-02-11,43.488258,44.114483,43.199608000000005,43.664383,40.596119,1980400
9057,2016-02-12,44.036204999999995,45.494129,43.825832,44.975536,41.815144000000004,1383100
9058,2016-02-16,45.601760999999996,47.054794,45.288651,46.741684,43.457184000000005,2082800
9059,2016-02-17,46.785713,46.90313,45.704502000000005,46.081215,43.018726,2970500
9060,2016-02-18,46.232876,46.433464,45.332679999999996,45.376713,42.361053000000005,1595500
9061,2016-02-19,45.132095,45.489235,44.52544,45.352249,42.338207000000004,1741800
9062,2016-02-22,45.885517,46.257339,45.733856,46.046966999999995,42.986752,1026700
9063,2016-02-23,45.738747,46.066536,44.985321,45.171234000000005,42.169224,1404600
9064,2016-02-24,44.618396999999995,46.066536,44.339531,46.017612,42.959362,687600
9065,2016-02-25,46.208416,46.433464,45.538162,46.335617,43.256218,795900
9066,2016-02-26,46.57045,47.098827,46.57045,46.937378,43.817997,724100
9067,2016-02-29,46.961838,47.475536,46.585128999999995,46.619372999999996,43.521126,837400
9068,2016-03-01,47.108612,48.077301,46.800391999999995,47.935421000000005,44.749706,956700
9069,2016-03-02,47.788651,48.116440000000004,47.592957,48.072407,44.877579,838200
9070,2016-03-03,48.106654999999996,48.894325,47.871819,48.864971000000004,45.617489,832300
9071,2016-03-04,48.967709,49.486301,48.659492,49.275928,46.001137,875200
9072,2016-03-07,49.04599,49.579258,48.801369,49.202545,45.932617,1083900
9073,2016-03-08,48.830723,49.011742,48.224072,48.512722,45.288651,683500
9074,2016-03-09,48.742661,48.791584,47.896282,48.184933,44.982642999999996,903400
9075,2016-03-10,48.219177,49.804306,47.754402,48.170254,44.968928999999996,660200
9076,2016-03-11,48.517612,49.642857,48.502937,49.589043,46.29343,718800
9077,2016-03-14,50.044033,50.660469,49.40313,50.181019,46.846066,1469200
9078,2016-03-15,50.039139,50.063602,49.667320000000004,49.916828,46.599438,1057900
9079,2016-03-16,49.911938,51.267124,49.770058,51.252445,47.846283,2058300
9080,2016-03-17,51.105675,51.819962,50.905087,51.707436,48.271042,1851400
9081,2016-03-18,51.702545,52.636986,51.648727,52.279841999999995,48.805405,1987900
9082,2016-03-21,52.289627,53.043053,52.289627,52.935421,49.417412,1222500
9083,2016-03-22,52.602741,53.405087,52.544033,53.052837,49.527031,1442200
9084,2016-03-23,53.052837,53.175148,52.49510600000001,52.519569,49.029194,907700
9085,2016-03-24,52.294521,52.509785,51.717220000000005,52.455967,48.96983,1132300
9086,2016-03-28,52.455967,52.97945,52.343445,52.80822,49.298664,594800
9087,2016-03-29,52.710373,53.224072,52.455967,53.209393000000006,49.673171999999994,996600
9088,2016-03-30,53.615458999999994,54.295497999999995,53.370842,54.138943000000005,50.540962,872900
9089,2016-03-31,54.006851,54.275928,53.532291,53.796478,50.221249,874000
9090,2016-04-01,53.473579,54.104698,53.003914,53.869862,50.289757,1608000
9091,2016-04-04,53.806263,54.471621999999996,53.639922999999996,54.134052000000004,50.536392,927900
9092,2016-04-05,53.801368999999994,53.933464,53.522507,53.615458999999994,50.052261,985800
9093,2016-04-06,53.532291,53.752444999999994,52.999019999999994,53.713306,50.143603999999996,595200
9094,2016-04-07,53.346378,53.772015,53.204502000000005,53.405087,49.855865,789500
9095,2016-04-08,53.816047999999995,54.373775,53.150684,53.37573199999999,49.828468,643800
9096,2016-04-11,53.600784,54.085129,53.527397,53.61056899999999,50.047691,621300
9097,2016-04-12,53.654598,54.134052000000004,53.483364,54.099804000000006,50.504425,518700
9098,2016-04-13,54.486301,55.014679,54.18786600000001,54.897259,51.248871,652000
9099,2016-04-14,54.784737,55.362033999999994,54.383559999999996,55.185908999999995,51.518333,1105500
9100,2016-04-15,55.239727,55.66046899999999,55.073387,55.229942,51.559447999999996,918500
9101,2016-04-18,55.19080400000001,55.39628199999999,54.921721999999995,55.327789,51.650787,832100
9102,2016-04-19,55.552837,56.188846999999996,55.337574,56.046967,52.322174,932400
9103,2016-04-20,56.081215,56.252444999999994,55.601760999999996,56.091,52.363274,746800
9104,2016-04-21,56.027397,56.325832,55.802349,55.846378,52.134914,517300
9105,2016-04-22,56.066536,56.873775,56.007828,56.673191,52.906780000000005,674500
9106,2016-04-25,56.580234999999995,56.746574,55.552837,55.821918000000004,52.11208,1068600
9107,2016-04-26,56.120354000000006,56.917809,56.061645999999996,56.585129,52.824569999999994,853900
9108,2016-04-27,55.596869999999996,56.805282999999996,54.789627,55.430527000000005,51.746704,1477100
9109,2016-04-28,54.975536,55.83659399999999,54.838551,54.911938,51.262572999999996,651800
9110,2016-04-29,54.735813,54.985321,54.094913,54.598827,50.970271999999994,756600
9111,2016-05-02,54.530333999999996,55.254402,54.368885,55.19080400000001,51.522903,836600
9112,2016-05-03,54.726028,54.897259,54.300392,54.799412,51.157524,632600
9113,2016-05-04,54.300392,55.05381800000001,54.178081999999996,54.324852,50.7145,560800
9114,2016-05-05,54.52544,54.887474,54.246574,54.344421,50.732777,492800
9115,2016-05-06,54.173191,54.686890000000005,53.820938,54.51565600000001,50.892632,575500
9116,2016-05-09,54.3591,54.549904000000005,54.016636,54.119372999999996,50.522686,1005800
9117,2016-05-10,54.21233,55.278866,54.182976000000004,55.205479000000004,51.536606,553900
9118,2016-05-11,55.195693999999996,55.552837,54.779842,54.85811999999999,51.212345,882100
9119,2016-05-12,55.259296,55.631115,54.750488,55.298435,51.623383000000004,548200
9120,2016-05-13,55.068493000000004,55.508807999999995,54.510765,54.706458999999995,51.070759,478900
9121,2016-05-16,54.794520999999996,55.513699,54.745598,55.200588,51.53204,471900
9122,2016-05-17,55.102741,55.347359,54.442268000000006,54.843444999999996,51.198631,1001300
9123,2016-05-18,54.794520999999996,55.293541000000005,54.368885,54.770058,51.130127,760300
9124,2016-05-19,54.496086,54.99510600000001,54.153622,54.789627,51.148399,943900
9125,2016-05-20,55.078278000000005,55.631115,54.823875,54.985321,51.331089,596400
9126,2016-05-23,54.916828,55.366928,54.765167000000005,55.039139,51.381325,473300
9127,2016-05-24,55.14677,55.62133000000001,54.716243999999996,55.508807999999995,51.819782000000004,636500
9128,2016-05-25,55.733856,55.821918000000004,55.503914,55.591976,51.897422999999996,622100
9129,2016-05-26,55.724072,55.83659399999999,55.401173,55.562622,51.870018,591500
9130,2016-05-27,55.645793999999995,55.880627000000004,55.440311,55.861056999999995,52.148621,568400
9131,2016-05-31,55.988257999999995,55.998043,55.244617000000005,55.459881,52.138115,740900
9132,2016-06-01,55.058707999999996,55.865947999999996,54.344421,55.18101899999999,52.055031,802200
9133,2016-06-02,55.185908999999995,56.07143000000001,54.863014,56.032291,52.858081999999996,974300
9134,2016-06-03,56.032291,56.042076,55.552837,55.900195999999994,52.733475,1055100
9135,2016-06-06,56.11056899999999,56.448139000000005,55.93444100000001,56.306263,53.116547,640700
9136,2016-06-07,56.335617000000006,56.996086,56.223091000000004,56.873775,53.651901,841100
9137,2016-06-08,56.976517,57.994129,56.69276,57.827789,54.551871999999996,902400
9138,2016-06-09,57.245598,57.597846999999994,56.971621999999996,57.35323,54.104195,538300
9139,2016-06-10,56.888454,57.206458999999995,56.62426800000001,56.927593,53.702675,599900
9140,2016-06-13,56.453033,56.937378,55.846378,55.90998100000001,52.742706000000005,685300
9141,2016-06-14,55.631115,56.037181999999994,55.166340000000005,55.890411,52.724247,915000
9142,2016-06-15,56.154598,56.648727,55.802349,56.291584,53.102688,1025800
9143,2016-06-16,55.914871,56.15949200000001,55.225048,56.07632099999999,52.899628,640100
9144,2016-06-17,55.978474,56.188846999999996,55.494129,56.027397,52.853474,1483700
9145,2016-06-20,56.57045,56.912914,56.120354000000006,56.247555000000006,53.06115,672000
9146,2016-06-21,56.247555000000006,56.443249,55.83659399999999,56.34050799999999,53.148842,742100
9147,2016-06-22,56.531310999999995,56.761253,56.203522,56.634052000000004,53.425766,1218000
9148,2016-06-23,56.996086,57.411938,56.795497999999995,57.35811999999999,54.108803,988600
9149,2016-06-24,55.273972,56.276908999999996,54.877689000000004,55.185908999999995,52.059647,1302000
9150,2016-06-27,54.623287,54.936398,53.835617000000006,54.19276,51.122765,1558700
9151,2016-06-28,54.794520999999996,54.794520999999996,53.28278,53.860077000000004,50.808929,1400100
9152,2016-06-29,54.505871,55.220158,54.319962,55.044033,51.925812,1019500
9153,2016-06-30,55.278866,56.183952000000005,54.970645999999995,56.149708,52.968853,1499600
9154,2016-07-01,56.213306,56.775928,56.125243999999995,56.462818000000006,53.264221,470300
9155,2016-07-05,56.164382999999994,56.164382999999994,54.960861,55.102741,51.981194,525100
9156,2016-07-06,54.980431,55.259296,54.256358999999996,55.259296,52.128883,1505600
9157,2016-07-07,55.435421,56.183952000000005,55.366928,55.900195999999994,52.733475,434500
9158,2016-07-08,56.516636,57.930527000000005,56.516636,57.685908999999995,54.418026,940600
9159,2016-07-11,57.871818999999995,58.26321,57.715263,57.729942,54.459568000000004,785100
9160,2016-07-12,58.023483,59.075343999999994,57.994129,58.913895,55.576446999999995,1008700
9161,2016-07-13,59.158512,59.275928,58.732876,59.256358999999996,55.899508999999995,677700
9162,2016-07-14,59.569472999999995,59.980431,59.261253,59.686890000000005,56.305656000000006,624600
9163,2016-07-15,59.916828,60.039139,59.505871,59.505871,56.134888000000004,736800
9164,2016-07-18,59.496086,59.59393299999999,59.099804000000006,59.231899,55.876433999999996,406500
9165,2016-07-19,59.305282999999996,59.471621999999996,59.011742000000005,59.18786600000001,55.83489599999999,664300
9166,2016-07-20,59.349316,60.259296,59.085129,59.86790500000001,56.476414,1392300
9167,2016-07-21,59.686890000000005,59.814091000000005,59.25146899999999,59.52544,56.15334300000001,502600
9168,2016-07-22,59.422699,60.05381800000001,59.21722,59.877689000000004,56.485641,560400
9169,2016-07-25,59.721134,59.726028,59.148727,59.37866999999999,56.01489599999999,683100
9170,2016-07-26,59.476517,59.637966000000006,59.23679,59.535225,56.16258199999999,782400
9171,2016-07-27,59.941292000000004,60.244617000000005,54.921721999999995,55.557731999999994,52.410419,3255400
9172,2016-07-28,54.779842,55.724072,54.779842,55.127201,52.004269,1609000
9173,2016-07-29,54.970645999999995,55.499019999999994,54.295497999999995,55.401173,52.262722,1674800
9174,2016-08-01,55.31800500000001,56.61448299999999,55.161449,56.404109999999996,53.208839000000005,1227400
9175,2016-08-02,56.350292,56.399216,55.362033999999994,55.611546,52.461174,689800
9176,2016-08-03,55.645793999999995,55.817023999999996,55.097846999999994,55.675148,52.521175,686700
9177,2016-08-04,55.772994999999995,55.895302,55.45499,55.699608,52.54425,559200
9178,2016-08-05,55.900195999999994,56.193737,55.591976,55.914871,52.74731800000001,318600
9179,2016-08-08,55.856163,56.252444999999994,55.650684,55.87573199999999,52.7104,464300
9180,2016-08-09,55.92955,56.257339,55.728962,55.81213399999999,52.650406000000004,352700
9181,2016-08-10,55.83659399999999,56.188846999999996,55.587086,56.037181999999994,52.862697999999995,478200
9182,2016-08-11,56.042076,56.257339,55.278866,55.376713,52.239647,1208000
9183,2016-08-12,55.083172,55.601760999999996,54.848335,55.161449,52.036575,991100
9184,2016-08-15,55.136986,56.066536,54.990215,55.753426,52.59502,851700
9185,2016-08-16,55.601760999999996,56.130138,55.601760999999996,55.821918000000004,52.659634,612300
9186,2016-08-17,55.772994999999995,55.983364,55.391388,55.792564,52.812454,789100
9187,2016-08-18,55.650684,56.560665,55.611546,56.55088000000001,53.530273,1406600
9188,2016-08-19,56.15949200000001,56.834637,56.15949200000001,56.71233,53.683085999999996,560400
9189,2016-08-22,56.369862,56.619372999999996,56.179062,56.55088000000001,53.530273,540200
9190,2016-08-23,56.69276,56.927593,56.409,56.59001899999999,53.567314,456400
9191,2016-08-24,56.594913,56.609589,55.802349,56.409,53.395968999999994,473100
9192,2016-08-25,56.335617000000006,56.971621999999996,56.316047999999995,56.82974599999999,53.794231,467600
9193,2016-08-26,56.927593,57.299412,56.242661,56.467709,53.451538,520100
9194,2016-08-29,56.360077000000004,57.363014,56.002937,57.226028,54.169353,973700
9195,2016-08-30,57.177105000000005,57.558707999999996,56.898239000000004,57.323875,54.261970999999996,818400
9196,2016-08-31,57.284737,57.451077000000005,57.005871,57.279842,54.220291,676700
9197,2016-09-01,57.23091899999999,57.607631999999995,57.14285699999999,57.544033,54.470367,502000
9198,2016-09-02,57.729942,58.116440000000004,57.558707999999996,57.891388,54.799175,590300
9199,2016-09-06,58.018593,58.028378000000004,57.455967,57.798435,54.711189000000005,405900
9200,2016-09-07,57.636986,58.488257999999995,57.558707999999996,58.370842,55.253014,845600
9201,2016-09-08,58.131115,58.463795,57.803326,58.003914,54.905678,578200
9202,2016-09-09,57.583172,57.685908999999995,56.780823,56.991192000000005,53.947056,1387200
9203,2016-09-12,56.722115,59.178081999999996,56.707436,58.948139000000005,55.799477,2163500
9204,2016-09-13,58.405087,58.512722,56.71233,57.35811999999999,54.294383999999994,1829300
9205,2016-09-14,57.460861,57.695693999999996,57.074364,57.588062,54.512051,790400
9206,2016-09-15,57.50489399999999,58.199608,57.426613,58.062622,54.961257999999994,1200600
9207,2016-09-16,57.695693999999996,58.938354000000004,57.695693999999996,58.586105,55.456779000000004,2105900
9208,2016-09-19,58.904109999999996,60.66046899999999,58.830723,59.848335,56.651588000000004,3013800
9209,2016-09-20,60.30822,60.464775,59.755382999999995,60.234832999999995,57.017441000000005,1079800
9210,2016-09-21,60.283756000000004,61.154598,60.185908999999995,60.322894999999995,57.100806999999996,3035100
9211,2016-09-22,60.821918000000004,61.017612,59.554793999999994,59.828766,56.633064000000005,2871800
9212,2016-09-23,59.647751,60.200588,57.627201,57.837574,54.748234,4141100
9213,2016-09-26,57.773972,58.1409,56.961838,57.720158,54.637089,2170500
9214,2016-09-27,57.842464,58.028378000000004,57.382583999999994,57.480431,54.410152000000004,1537000
9215,2016-09-28,57.514679,58.546967,56.619372999999996,57.524464,54.451846999999994,2342000
9216,2016-09-29,57.235813,57.778866,56.741684,57.177105000000005,54.123034999999994,1789500
9217,2016-09-30,57.304306000000004,57.671234,56.69276,56.727005000000005,53.696982999999996,2142700
9218,2016-10-03,56.697651,56.727005000000005,55.40606700000001,56.091,53.094952,2067900
9219,2016-10-04,56.232876,56.727005000000005,55.35714300000001,55.48434399999999,52.520702,1566900
9220,2016-10-05,55.47945,56.82974599999999,55.293541000000005,56.731899,53.701611,1509200
9221,2016-10-06,56.467709,57.715263,56.467709,57.68101899999999,54.600044,1961200
9222,2016-10-07,57.76908100000001,58.233856,57.030333999999996,57.372799,54.308285,1598200
9223,2016-10-10,57.64677,58.131115,56.849316,56.932483999999995,53.891482999999994,895000
9224,2016-10-11,56.766144,56.952053,55.029354000000005,55.26908100000001,52.316928999999995,1405600
9225,2016-10-12,55.303326,55.998043,54.877689000000004,55.890411,52.905079,884400
9226,2016-10-13,55.264187,56.125243999999995,54.701565,55.856163,52.872654000000004,933200
9227,2016-10-14,56.051860999999995,56.325832,55.528378000000004,55.826809,52.844868000000005,855600
9228,2016-10-17,55.62133000000001,55.821918000000004,55.410956999999996,55.552837,52.585537,1039500
9229,2016-10-18,56.164382999999994,56.223091000000004,55.352249,55.753426,52.77541,845800
9230,2016-10-19,55.753426,55.968689000000005,55.13209499999999,55.303326,52.34935,1647000
9231,2016-10-20,55.092957,55.655579,54.833659999999995,54.94618199999999,52.011288,1162000
9232,2016-10-21,54.843444999999996,54.897259,54.20254499999999,54.735813,51.812153,1540500
9233,2016-10-24,55.376713,56.017612,54.657536,55.337574,52.38176,2021500
9234,2016-10-25,55.342464,55.342464,54.231899,54.46673199999999,51.557438,1647200
9235,2016-10-26,54.354206000000005,54.955967,53.76223,54.760273,51.835304,1342200
9236,2016-10-27,54.902153000000006,54.931506999999996,54.041095999999996,54.755382999999995,51.830669,1083300
9237,2016-10-28,54.706458999999995,55.39628199999999,54.388454,54.770058,51.844566,919800
9238,2016-10-31,54.94618199999999,54.970645999999995,54.51565600000001,54.662426,51.742683,763600
9239,2016-11-01,54.794520999999996,54.848335,54.060665,54.569472999999995,51.65469,834500
9240,2016-11-02,54.481407,54.848335,54.158512,54.334637,51.432404,999300
9241,2016-11-03,54.417809,54.985321,54.16340600000001,54.902153000000006,51.969604,733300
9242,2016-11-04,54.789627,55.958904000000004,54.295497999999995,55.288651,52.335457,886000
9243,2016-11-07,56.046967,56.316047999999995,55.376713,55.557731999999994,52.590176,1331400
9244,2016-11-08,55.538162,56.301368999999994,55.225048,56.247555000000006,53.243137,983900
9245,2016-11-09,55.034248,55.792564,51.614483,53.24853100000001,50.404312,4307500
9246,2016-11-10,53.395302,54.417809,52.68101899999999,52.915852,50.089405,1694000
9247,2016-11-11,52.837574,53.219177,52.265167,52.612526,49.802269,1383700
9248,2016-11-14,52.705479000000004,53.043053,52.407043,52.945206000000006,50.11718,1266600
9249,2016-11-15,52.270058,53.204502000000005,52.260273,52.994129,50.163506,749700
9250,2016-11-16,52.710373,53.44911999999999,52.700588,53.400195999999994,50.547874,828200
9251,2016-11-17,53.365947999999996,54.016636,53.067516000000005,53.483364,50.626595,1277700
9252,2016-11-18,53.45401,54.437378,53.45401,54.363991000000006,51.460194,932000
9253,2016-11-21,54.393345,54.975536,54.393345,54.882583999999994,51.95108,901600
9254,2016-11-22,55.122310999999996,55.6409,54.770058,55.547947,52.580906000000006,999700
9255,2016-11-23,55.254402,56.247555000000006,55.044033,56.149708,53.150524,952000
9256,2016-11-25,56.296478,56.62426800000001,56.066536,56.320938,53.312611,313700
9257,2016-11-28,56.296478,56.61448299999999,55.31800500000001,55.469666000000004,52.50680500000001,1288500
9258,2016-11-29,55.019569,56.26223,53.718201,55.983364,53.175976,1291800
9259,2016-11-30,56.247555000000006,56.364971,55.0,55.136986,52.372044,1764900
9260,2016-12-01,55.499019999999994,55.572407,53.781799,53.987278,51.279987,1615900
9261,2016-12-02,53.92856999999999,54.471621999999996,53.591,53.88943100000001,51.187053999999996,1074500
9262,2016-12-05,54.266144,54.794520999999996,53.982388,54.461838,51.730746999999994,1653100
9263,2016-12-06,54.37866999999999,54.902153000000006,54.246574,54.877689000000004,52.125744,1048100
9264,2016-12-07,54.85811999999999,56.267124,54.85811999999999,56.115458999999994,53.301444999999994,1317300
9265,2016-12-08,56.26223,56.311153000000004,55.890411,56.276908999999996,53.4548,1126600
9266,2016-12-09,56.369862,57.172211,56.208416,57.133072,54.268024,1326900
9267,2016-12-12,57.216243999999996,57.314091000000005,56.07632099999999,56.139922999999996,53.324677,1340200
9268,2016-12-13,56.223091000000004,56.487278,55.376713,56.032291,53.22245,1480600
9269,2016-12-14,56.07143000000001,56.384541000000006,54.68199499999999,54.833659999999995,52.083931,1514300
9270,2016-12-15,54.574364,55.366928,54.403130000000004,55.151665,52.385983,1440600
9271,2016-12-16,55.14188000000001,55.425636,53.864971,53.864971,51.163815,3064100
9272,2016-12-19,53.811153000000004,53.933464,52.68101899999999,53.899216,51.196339,2073000
9273,2016-12-20,53.73777,54.109589,53.620354000000006,53.752444999999994,51.056923,1313800
9274,2016-12-21,53.683952000000005,53.884541000000006,53.361056999999995,53.615458999999994,50.926819,1697300
9275,2016-12-22,53.527397,53.527397,52.636986,53.028378000000004,50.369167,1153200
9276,2016-12-23,52.950095999999995,53.972603,52.950095999999995,53.825832,51.12664,920600
9277,2016-12-27,53.820938,54.427593,53.674168,54.319962,51.595978,975800
9278,2016-12-28,54.755382999999995,54.755382999999995,53.473579,53.527397,50.843163,1126600
9279,2016-12-29,53.522507,53.879645999999994,53.473579,53.864971,51.163815,625400
9280,2016-12-30,53.76223,54.271038,53.33659399999999,53.468689000000005,50.787407,755000
9281,2017-01-03,54.011742000000005,54.026421,52.910956999999996,53.38551700000001,50.708405,1028100
9282,2017-01-04,53.654598,54.530333999999996,53.31213399999999,54.290606999999994,51.568096000000004,1468000
9283,2017-01-05,54.075343999999994,54.540119,53.894325,54.52055,51.786518,1338400
9284,2017-01-06,54.447163,54.882583999999994,54.207436,54.686890000000005,51.944515,423900
9285,2017-01-09,54.471621999999996,54.598827,54.09001899999999,54.227005000000005,51.507690000000004,689400
9286,2017-01-10,54.46673199999999,54.711349,54.001957,54.266144,51.544865,608200
9287,2017-01-11,54.231899,54.271038,53.845402,54.261253,51.540226000000004,688600
9288,2017-01-12,54.310177,54.383559999999996,53.639922999999996,54.300392,51.577393,762600
9289,2017-01-13,54.33953100000001,54.613503,53.909,54.442268000000006,51.712154,1096600
9290,2017-01-17,54.104698,54.613503,53.351273,54.280823,51.558807,804300
9291,2017-01-18,54.300392,54.677105000000005,53.879645999999994,54.036205,51.32645,777100
9292,2017-01-19,54.026421,54.153622,53.44911999999999,53.703522,51.010459999999995,995200
9293,2017-01-20,53.776908999999996,54.085129,53.537181999999994,53.816047999999995,51.117336,758100
9294,2017-01-23,54.07045,54.32974599999999,53.566536,54.310177,51.586693,991700
9295,2017-01-24,54.540119,55.758316,53.855185999999996,55.680038,52.887871,1324500
9296,2017-01-25,55.631115,56.996086,55.567516000000005,56.986301,54.12862,2131800
9297,2017-01-26,56.70254499999999,57.040119,56.413895,56.873775,54.02173199999999,1517800
9298,2017-01-27,57.813109999999995,59.584148,57.813109999999995,58.175148,55.257839000000004,2552500
9299,2017-01-30,57.636986,57.940311,56.844421,57.876713,54.974380000000004,1764300
9300,2017-01-31,58.180038,58.581215,57.568493000000004,58.233856,55.31361,1276800
9301,2017-02-01,58.24853100000001,58.644814000000004,57.715263,58.414871,55.485542,1457700
9302,2017-02-02,58.243641000000004,58.272994999999995,57.402153000000006,57.544033,54.658379000000004,1060800
9303,2017-02-03,57.793541000000005,58.317023999999996,56.55088000000001,58.072407,55.16025500000001,652800
9304,2017-02-06,57.837574,58.003914,57.372799,57.563602,54.676975,530800
9305,2017-02-07,57.455967,57.827789,57.274952,57.519569,54.635139,582900
9306,2017-02-08,57.382583999999994,57.622310999999996,57.04501,57.558707999999996,54.672321,458400
9307,2017-02-09,57.588062,57.813109999999995,57.137966000000006,57.68101899999999,54.78849399999999,708000
9308,2017-02-10,57.734832999999995,58.272994999999995,57.5,58.062622,55.150963,481100
9309,2017-02-13,58.28278,59.25146899999999,58.018593,59.021526,56.061783,843500
9310,2017-02-14,58.909,59.080234999999995,58.38551700000001,58.943249,55.987427000000004,775200
9311,2017-02-15,58.713306,59.168296999999995,58.493149,59.09001899999999,56.126835,826500
9312,2017-02-16,59.280823,59.657536,58.879645999999994,59.094913,56.131493000000006,712700
9313,2017-02-17,58.918785,59.598827,58.688846999999996,59.59393299999999,56.605484,806900
9314,2017-02-21,59.677105000000005,60.410956999999996,59.59393299999999,60.264187,57.242126,1263600
9315,2017-02-22,60.044033,60.743641000000004,59.86790500000001,60.156555000000004,57.13989300000001,839000
9316,2017-02-23,60.40606700000001,60.523483,59.711349,59.955967,56.94936,647100
9317,2017-02-24,59.530333999999996,59.80919599999999,58.414871,59.623287,56.633368999999995,489700
9318,2017-02-27,59.476517,59.706458999999995,58.972603,59.19276,56.404926,662800
9319,2017-02-28,59.075343999999994,59.315067000000006,58.28767,59.031310999999995,56.25109499999999,625600
9320,2017-03-01,59.921721999999995,60.469666000000004,59.716243999999996,59.936398,57.113552,828200
9321,2017-03-02,59.500980000000006,60.220158,59.500980000000006,59.696674,56.885113,615600
9322,2017-03-03,59.848335,60.05381800000001,59.422699,59.85323,57.034298,563300
9323,2017-03-06,59.21722,59.637966000000006,58.830723,58.860077000000004,56.087914000000005,848400
9324,2017-03-07,58.992172,59.055775,58.145793999999995,58.341488,55.593745999999996,982900
9325,2017-03-08,58.31213399999999,59.153622,58.228962,59.099804000000006,56.316353,953700
9326,2017-03-09,59.041095999999996,59.280823,58.615458999999994,58.669277,55.906101,569200
9327,2017-03-10,59.222115,59.305282999999996,58.57143000000001,58.997063,56.218452,618500
9328,2017-03-13,59.148727,59.902153000000006,58.879645999999994,59.686890000000005,56.875786,593500
9329,2017-03-14,59.471621999999996,59.755382999999995,59.026421,59.628181000000005,56.819843000000006,721100
9330,2017-03-15,60.14188000000001,60.753426,60.039139,60.499019999999994,57.649666,788300
9331,2017-03-16,60.66046899999999,60.66046899999999,59.887474,60.200588,57.365294999999996,1056700
9332,2017-03-17,60.47456,61.095890000000004,60.18101899999999,60.841488,57.976013,1069800
9333,2017-03-20,60.76321,60.76321,60.112526,60.14677,57.314011,600900
9334,2017-03-21,60.298435,60.48434399999999,59.085129,59.148727,56.362972,1069400
9335,2017-03-22,59.231899,59.637966000000006,58.850292,59.60371800000001,56.796535,1427900
9336,2017-03-23,59.608612,60.161449,59.447163,60.058707999999996,57.230091,491900
9337,2017-03-24,60.039139,60.410956999999996,59.427593,59.613503,56.80585500000001,892800
9338,2017-03-27,58.767124,60.073387,58.708416,59.985321,57.160168000000006,634400
9339,2017-03-28,60.063602,60.469666000000004,59.701565,60.293541000000005,57.453869,1079200
9340,2017-03-29,60.254402,60.547947,59.990215,60.381603000000005,57.537777,1247400
9341,2017-03-30,60.494129,60.714287,60.14188000000001,60.67025400000001,57.81283199999999,1511700
9342,2017-03-31,60.704502000000005,60.870842,60.508807999999995,60.572407,57.719601000000004,1026000
9343,2017-04-03,60.753426,61.07632099999999,60.068493000000004,60.606655,57.752239,1312600
9344,2017-04-04,60.611546,61.081215,60.337574,60.557731999999994,57.705619999999996,914600
9345,2017-04-05,60.528378000000004,61.697651,60.528378000000004,60.914871,58.045937,3035700
9346,2017-04-06,60.94911999999999,61.144814000000004,60.606655,61.125243999999995,58.246403,1284600
9347,2017-04-07,60.90998100000001,61.487278,60.846378,61.193737,58.311671999999994,474800
9348,2017-04-10,61.188846999999996,61.819962,61.100784,61.780823,58.871101,597400
9349,2017-04-11,61.643837,61.898239000000004,61.179062,61.697651,58.791851,1490000
9350,2017-04-12,61.68786600000001,61.68786600000001,60.40606700000001,60.645793999999995,57.789531999999994,1405800
9351,2017-04-13,60.572407,60.831703000000005,59.765167000000005,59.804306000000004,56.987671,904000
9352,2017-04-17,60.298435,61.291584,60.298435,61.017612,58.143841,2208100
9353,2017-04-18,60.704502000000005,61.135029,60.391388,60.655579,57.798846999999995,2068900
9354,2017-04-19,60.90998100000001,61.193737,60.78767,60.870842,58.003986,1040100
9355,2017-04-20,61.242661,61.68786600000001,60.880627000000004,61.394325,58.502804000000005,2095100
9356,2017-04-21,61.516636,61.599804000000006,61.032291,61.183952000000005,58.302341000000006,2259800
9357,2017-04-24,61.785713,62.054793999999994,61.291584,61.952053,59.034271,1621000
9358,2017-04-25,62.221134,62.715263,62.10371800000001,62.407043,59.467833999999996,1553000
9359,2017-04-26,62.411938,62.539139,60.958904000000004,61.07143000000001,58.19511800000001,2240400
9360,2017-04-27,61.316047999999995,61.42367900000001,60.264187,60.513699,57.663654,1507200
9361,2017-04-28,60.440311,60.76321,59.907043,60.420742000000004,57.575089,1365500
9362,2017-05-01,60.518593,60.92955,59.804306000000004,59.926613,57.104220999999995,1200600
9363,2017-05-02,60.039139,60.161449,59.442268000000006,59.789627,56.973690000000005,2094000
9364,2017-05-03,59.510765,59.926613,59.373775,59.481407,56.679984999999995,1353300
9365,2017-05-04,59.564579,59.81898100000001,58.987278,59.535225,56.731269999999995,1066100
9366,2017-05-05,59.69178,60.601760999999996,59.579257999999996,60.39628199999999,57.551773,1517400
9367,2017-05-08,60.26908100000001,60.39628199999999,59.823875,60.195693999999996,57.36063000000001,1408900
9368,2017-05-09,60.229942,60.978474,60.112526,60.254402,57.416576,1434600
9369,2017-05-10,60.293541000000005,60.846378,60.234832999999995,60.650684,57.794185999999996,1116600
9370,2017-05-11,60.53326800000001,60.655579,59.559689,59.760273,56.945717,1739000
9371,2017-05-12,59.833659999999995,59.887474,59.432483999999995,59.564579,56.759239,1777600
9372,2017-05-15,60.349998,64.050003,60.27,62.93,59.966167000000006,7127300
9373,2017-05-16,63.02,64.309998,63.009997999999996,63.310001,60.328262,1970100
9374,2017-05-17,63.310001,63.700001,62.34,63.400002,60.414021,2160300
9375,2017-05-18,63.080002,64.25,62.700001,64.120003,61.100108999999996,2212800
9376,2017-05-19,64.010002,65.139999,63.799999,65.010002,61.948193,1496200
9377,2017-05-22,65.160004,65.480003,63.470001,63.490002000000004,60.499786,1873000
9378,2017-05-23,63.639998999999996,64.779999,63.549999,64.660004,61.614681000000004,1716600
9379,2017-05-24,64.540001,66.550003,64.540001,66.33000200000001,63.206024,1633800
9380,2017-05-25,66.449997,67.510002,66.279999,66.66999799999999,63.530014,1179800
9381,2017-05-26,66.58000200000001,66.83000200000001,65.970001,66.470001,63.339428000000005,703300
9382,2017-05-30,66.239998,66.709999,66.120003,66.489998,63.573685,1031500
9383,2017-05-31,66.720001,66.790001,65.839996,66.540001,63.621487,1635000
9384,2017-06-01,66.889999,67.230003,66.620003,67.220001,64.271683,905800
9385,2017-06-02,67.220001,67.900002,67.110001,67.449997,64.491577,676200
9386,2017-06-05,67.199997,67.41999799999999,66.769997,66.849998,63.91790400000001,543200
9387,2017-06-06,66.660004,66.91999799999999,66.050003,66.459999,63.544993999999996,639300
9388,2017-06-07,66.709999,66.809998,65.970001,66.650002,63.726665000000004,691100
9389,2017-06-08,66.599998,66.879997,65.980003,66.800003,63.870087,447900
9390,2017-06-09,66.900002,67.629997,66.809998,67.209999,64.2621,489000
9391,2017-06-12,67.040001,67.41999799999999,66.209999,66.209999,63.305969,1375800
9392,2017-06-13,66.470001,66.779999,66.08000200000001,66.690002,63.76491899999999,538700
9393,2017-06-14,66.709999,66.709999,65.970001,66.660004,63.736237,618000
9394,2017-06-15,66.25,66.66999799999999,65.540001,65.910004,63.01913100000001,1080700
9395,2017-06-16,65.800003,66.720001,65.599998,66.43,63.516315000000006,2394100
9396,2017-06-19,66.480003,67.370003,66.410004,67.0,64.06130999999999,664000
9397,2017-06-20,66.75,67.300003,66.260002,67.110001,64.166504,720600
9398,2017-06-21,66.959999,67.029999,66.480003,66.849998,63.91790400000001,484300
9399,2017-06-22,66.879997,67.16999799999999,66.480003,66.660004,63.736237,474300
9400,2017-06-23,66.540001,67.510002,66.339996,67.25,64.300354,746400
9401,2017-06-26,67.32,67.809998,67.0,67.010002,64.070885,489700
9402,2017-06-27,67.199997,67.199997,66.639999,66.739998,63.812706000000006,631800
9403,2017-06-28,67.260002,67.290001,66.440002,66.510002,63.592822999999996,1403700
9404,2017-06-29,66.660004,66.93,65.480003,65.949997,63.057365000000004,705500
9405,2017-06-30,66.150002,66.18,65.639999,65.910004,63.01913100000001,1008000
9406,2017-07-03,66.120003,66.800003,65.959999,66.279999,63.372890000000005,276100
9407,2017-07-05,66.239998,66.66999799999999,65.690002,65.940002,63.047813,1047700
9408,2017-07-06,65.82,66.129997,65.16999799999999,65.5,62.627109999999995,925800
9409,2017-07-07,65.529999,66.379997,65.349998,65.709999,62.8279,533800
9410,2017-07-10,65.480003,65.93,65.18,65.739998,62.856579,570900
9411,2017-07-11,65.879997,66.639999,65.519997,65.870003,62.980888,1042800
9412,2017-07-12,66.199997,67.0,65.860001,66.07,63.172112,702400
9413,2017-07-13,66.07,66.239998,65.410004,65.550003,62.674927000000004,945200
9414,2017-07-14,65.860001,66.029999,65.589996,65.610001,62.732304000000006,530600
9415,2017-07-17,65.839996,65.959999,65.529999,65.589996,62.71315,664300
9416,2017-07-18,65.519997,66.860001,65.190002,66.389999,63.478088,833300
9417,2017-07-19,66.379997,67.0,66.379997,66.879997,63.946575,653800
9418,2017-07-20,66.82,66.910004,66.489998,66.599998,63.678847999999995,431600
9419,2017-07-21,66.529999,66.940002,66.230003,66.66999799999999,63.745785,353800
9420,2017-07-24,66.650002,66.720001,66.07,66.489998,63.573685,432700
9421,2017-07-25,66.900002,67.33000200000001,66.650002,67.010002,64.070885,473300
9422,2017-07-26,67.019997,67.059998,66.360001,66.58000200000001,63.659748,287700
9423,2017-07-27,66.650002,66.66999799999999,65.58000200000001,66.029999,63.133858,744400
9424,2017-07-28,65.900002,66.120003,64.790001,65.459999,62.58886700000001,751400
9425,2017-07-31,65.709999,65.760002,64.620003,64.970001,62.120360999999995,896200
9426,2017-08-01,65.16999799999999,65.760002,64.559998,64.82,61.976936,1076000
9427,2017-08-02,65.910004,65.910004,62.830002,63.41,60.628780000000006,1344800
9428,2017-08-03,63.540001000000004,63.560001,61.98,62.77,60.016853000000005,1121600
9429,2017-08-04,63.07,63.66,62.970001,63.48,60.695705000000004,693000
9430,2017-08-07,63.52,63.84,63.279999,63.41,60.628780000000006,731500
9431,2017-08-08,63.169998,63.450001,62.169998,62.290001000000004,59.55790699999999,621400
9432,2017-08-09,62.07,62.43,61.209998999999996,61.360001000000004,58.668693999999995,826700
9433,2017-08-10,60.950001,61.369999,60.82,61.07,58.391411,935300
9434,2017-08-11,60.889998999999996,61.25,59.799999,60.82,58.152381999999996,1331000
9435,2017-08-14,61.25,61.419998,60.98,61.200001,58.515713,593700
9436,2017-08-15,61.139998999999996,61.91,60.5,61.150002,58.467903,643200
9437,2017-08-16,61.25,62.040001000000004,61.25,61.560001,58.85992099999999,735700
9438,2017-08-17,61.48,61.790001000000004,60.790001000000004,60.830002,58.161933999999995,468300
9439,2017-08-18,60.84,61.360001000000004,60.540001000000004,60.98,58.305363,632100
9440,2017-08-21,60.889998999999996,61.060001,60.619999,60.889998999999996,58.219311,362100
9441,2017-08-22,61.189999,61.630001,61.07,61.459998999999996,58.76430500000001,298700
9442,2017-08-23,61.02,61.810001,61.02,61.599998,58.898167,522300
9443,2017-08-24,61.700001,61.889998999999996,61.299999,61.32,58.630444,590600
9444,2017-08-25,61.549999,61.66,61.18,61.470001,58.773872,592300
9445,2017-08-28,61.470001,61.630001,61.139998999999996,61.259997999999996,58.573074,427900
9446,2017-08-29,60.849998,61.139998999999996,60.709998999999996,60.880001,58.209743,326100
9447,2017-08-30,60.66,60.82,60.279999,60.790001000000004,58.339302,848200
9448,2017-08-31,61.060001,62.130001,60.91,62.049999,59.548512,626900
9449,2017-09-01,62.23,62.330002,61.619999,62.299999,59.788429,667800
9450,2017-09-05,62.029999,62.27,61.360001000000004,61.41,58.934307,498600
9451,2017-09-06,61.630001,61.630001,60.98,61.349998,58.876732,470300
9452,2017-09-07,61.400002,61.57,60.93,61.32,58.847935,460500
9453,2017-09-08,61.259997999999996,61.880001,61.080002,61.669998,59.183826,573000
9454,2017-09-11,62.060001,63.580002,61.740002000000004,63.57,61.00723299999999,797800
9455,2017-09-12,63.689999,64.220001,63.490002000000004,63.66,61.093596999999995,463700
9456,2017-09-13,63.650002,64.050003,63.139998999999996,63.650002,61.08400699999999,623000
9457,2017-09-14,63.529999,63.880001,63.450001,63.540001000000004,60.978439,554300
9458,2017-09-15,63.509997999999996,64.08000200000001,63.470001,64.019997,61.439091000000005,656000
9459,2017-09-18,64.019997,64.739998,63.860001000000004,64.739998,62.130058,397900
9460,2017-09-19,64.790001,64.82,63.98,64.18,61.592636,459700
9461,2017-09-20,64.400002,64.480003,63.919998,64.019997,61.439091000000005,274100
9462,2017-09-21,64.220001,64.58000200000001,63.91,64.220001,61.631023,1069900
9463,2017-09-22,64.099998,64.760002,64.08000200000001,64.16999799999999,61.583042000000006,231500
9464,2017-09-25,64.239998,64.5,64.139999,64.260002,61.66941800000001,244700
9465,2017-09-26,64.709999,65.209999,64.33000200000001,65.010002,62.389187,551300
9466,2017-09-27,65.209999,65.470001,65.040001,65.389999,62.753853,435300
9467,2017-09-28,65.32,66.019997,65.150002,65.599998,62.955383,536700
9468,2017-09-29,65.610001,65.989998,65.190002,65.389999,62.753853,463500
9469,2017-10-02,65.410004,65.83000200000001,65.410004,65.699997,63.051353000000006,759700
9470,2017-10-03,65.940002,67.08000200000001,65.839996,67.050003,64.346954,827100
9471,2017-10-04,67.150002,67.559998,66.82,67.0,64.29895,433900
9472,2017-10-05,67.199997,67.550003,66.949997,67.0,64.29895,473100
9473,2017-10-06,66.720001,67.300003,66.0,66.83000200000001,64.135811,596100
9474,2017-10-09,66.989998,67.099998,66.459999,66.459999,63.780724,277700
9475,2017-10-10,66.620003,66.620003,66.0,66.150002,63.483222999999995,322300
9476,2017-10-11,66.199997,66.239998,65.760002,65.980003,63.320068000000006,449900
9477,2017-10-12,65.849998,66.18,65.720001,65.91999799999999,63.262501,374700
9478,2017-10-13,66.150002,66.949997,65.849998,66.459999,63.780724,500900
9479,2017-10-16,66.540001,67.25,66.470001,66.959999,64.26056700000001,665600
9480,2017-10-17,66.839996,66.989998,66.559998,66.599998,63.91506999999999,301600
9481,2017-10-18,66.760002,66.860001,66.150002,66.199997,63.531204,284700
9482,2017-10-19,65.93,66.349998,65.589996,66.190002,63.521609999999995,230100
9483,2017-10-20,66.559998,66.989998,66.5,66.730003,64.03984100000001,318000
9484,2017-10-23,66.779999,67.190002,66.449997,66.849998,64.154999,240600
9485,2017-10-24,66.900002,67.860001,66.900002,67.650002,64.922737,404700
9486,2017-10-25,67.43,68.0,67.190002,67.68,64.95153,355500
9487,2017-10-26,67.989998,68.639999,67.540001,68.400002,65.64250899999999,343700
9488,2017-10-27,68.349998,68.720001,67.470001,68.190002,65.44098699999999,311700
9489,2017-10-30,68.019997,68.08000200000001,67.33000200000001,67.57,64.845963,359600
9490,2017-10-31,67.739998,68.400002,67.68,67.980003,65.239449,439200
9491,2017-11-01,68.449997,69.33000200000001,68.190002,68.68,65.911232,781800
9492,2017-11-02,68.540001,68.82,68.209999,68.730003,65.95920600000001,583100
9493,2017-11-03,68.58000200000001,68.900002,68.040001,68.660004,65.892036,519400
9494,2017-11-06,68.43,68.989998,68.260002,68.389999,65.63290400000001,988300
9495,2017-11-07,69.209999,69.209999,65.720001,66.160004,63.492825,1040200
9496,2017-11-08,66.43,66.660004,65.099998,65.230003,62.600311,1232200
9497,2017-11-09,64.66999799999999,65.16999799999999,64.129997,65.08000200000001,62.45636,717800
9498,2017-11-10,64.949997,66.08000200000001,64.83000200000001,66.010002,63.348873,638000
9499,2017-11-13,65.690002,67.160004,65.610001,67.099998,64.394913,628600
9500,2017-11-14,66.82,66.940002,66.209999,66.66999799999999,63.982243000000004,557100
9501,2017-11-15,66.230003,67.199997,65.379997,67.160004,64.452499,1082600
9502,2017-11-16,67.199997,70.889999,67.199997,70.75,67.897774,1363400
9503,2017-11-17,70.610001,70.879997,70.18,70.760002,67.907364,748500
9504,2017-11-20,70.629997,71.019997,69.910004,70.160004,67.331558,799900
9505,2017-11-21,70.25,70.449997,69.610001,70.269997,67.437126,717000
9506,2017-11-22,70.33000200000001,70.370003,69.610001,70.160004,67.331558,517900
9507,2017-11-24,70.349998,71.029999,70.08000200000001,70.809998,67.955345,147600
9508,2017-11-27,70.699997,71.220001,70.260002,70.370003,67.533096,353800
9509,2017-11-28,70.33000200000001,71.129997,69.690002,71.129997,68.262451,1390900
9510,2017-11-29,71.25,73.720001,70.470001,73.709999,70.73844100000001,1101500
9511,2017-11-30,73.58000200000001,74.75,73.290001,73.980003,71.214951,1150400
9512,2017-12-01,74.260002,74.440002,72.489998,73.5,70.752876,1326000
9513,2017-12-04,73.940002,74.58000200000001,73.209999,73.300003,70.560364,974900
9514,2017-12-05,73.269997,73.269997,71.440002,71.589996,68.914261,922900
9515,2017-12-06,71.160004,71.160004,69.879997,70.400002,67.768753,1049300
9516,2017-12-07,70.550003,70.790001,69.900002,70.559998,67.922768,661400
9517,2017-12-08,70.699997,70.699997,70.019997,70.139999,67.51847099999999,429200
9518,2017-12-11,70.410004,71.529999,70.279999,70.720001,68.076797,544600
9519,2017-12-12,70.949997,71.16999799999999,70.790001,71.029999,68.375214,385000
9520,2017-12-13,71.019997,71.339996,70.660004,71.0,68.346321,544500
9521,2017-12-14,70.989998,71.199997,69.93,70.059998,67.44145999999999,419100
9522,2017-12-15,70.300003,71.129997,70.25,70.529999,67.89389,1066900
9523,2017-12-18,70.849998,71.279999,70.690002,71.040001,68.384834,762900
9524,2017-12-19,71.230003,71.25,70.33000200000001,70.720001,68.076797,572500
9525,2017-12-20,70.889999,71.160004,70.32,70.870003,68.221184,394000
9526,2017-12-21,70.940002,71.43,70.839996,71.389999,68.721748,321100
9527,2017-12-22,71.370003,71.809998,71.150002,71.470001,68.79875899999999,203000
9528,2017-12-26,71.349998,71.620003,71.139999,71.290001,68.625496,160600
9529,2017-12-27,71.389999,71.660004,71.07,71.33000200000001,68.663986,154600
9530,2017-12-28,71.489998,71.610001,71.129997,71.489998,68.818016,226500
9531,2017-12-29,71.900002,71.900002,71.129997,71.199997,68.538841,350800
9532,2018-01-02,71.360001,73.25,71.08000200000001,73.129997,70.396713,588500
9533,2018-01-03,73.160004,73.980003,72.83000200000001,73.589996,70.839516,558200
9534,2018-01-04,73.860001,74.809998,73.650002,73.690002,70.93579100000001,689700
9535,2018-01-05,73.970001,74.139999,73.760002,74.08000200000001,71.31121800000001,351200
9536,2018-01-08,74.110001,74.139999,72.93,73.379997,70.637367,410900
9537,2018-01-09,73.41999799999999,73.510002,72.550003,72.790001,70.06942,572700
9538,2018-01-10,72.510002,72.639999,71.910004,72.300003,69.59774,489500
9539,2018-01-11,72.540001,73.75,72.089996,73.739998,70.98389399999999,482300
9540,2018-01-12,73.980003,74.220001,73.309998,74.120003,71.34970899999999,367800
9541,2018-01-16,73.459999,74.190002,72.410004,72.550003,69.838394,581000
9542,2018-01-17,72.75,72.910004,71.800003,72.550003,69.838394,558900
9543,2018-01-18,72.349998,73.25,71.91999799999999,72.970001,70.242699,986400
9544,2018-01-19,73.16999799999999,74.620003,72.510002,74.33000200000001,71.551849,1130800
9545,2018-01-22,74.370003,74.370003,72.970001,73.849998,71.089798,1254400
9546,2018-01-23,73.769997,75.150002,73.18,73.959999,71.19569399999999,1278100
9547,2018-01-24,74.07,75.75,73.860001,74.449997,71.667374,1042300
9548,2018-01-25,74.91999799999999,75.93,74.410004,75.709999,72.880287,858700
9549,2018-01-26,75.91999799999999,76.400002,72.389999,72.43,69.722893,1654300
9550,2018-01-29,71.940002,73.440002,71.300003,72.389999,69.684372,1522700
9551,2018-01-30,69.129997,75.43,66.269997,72.68,69.963531,3475700
9552,2018-01-31,71.980003,73.019997,71.650002,72.589996,69.87688399999999,1857700
9553,2018-02-01,72.559998,73.160004,70.050003,70.589996,67.951645,1469000
9554,2018-02-02,70.040001,74.839996,68.709999,73.870003,71.109062,3886000
9555,2018-02-05,73.540001,77.160004,72.349998,72.739998,70.021286,2584700
9556,2018-02-06,71.970001,74.309998,70.540001,73.730003,70.974289,3941100
9557,2018-02-07,70.5,74.349998,70.339996,72.660004,69.944275,3638000
9558,2018-02-08,72.839996,73.269997,70.440002,70.459999,67.826515,1459800
9559,2018-02-09,71.0,71.769997,67.779999,69.769997,67.162285,1966700
9560,2018-02-12,70.0,70.800003,69.08000200000001,70.239998,67.614731,878800
9561,2018-02-13,70.129997,70.540001,68.660004,70.410004,67.77838100000001,1210200
9562,2018-02-14,69.989998,72.349998,69.989998,71.779999,69.09716800000001,1746600
9563,2018-02-15,72.32,73.620003,71.309998,73.139999,70.406349,1659100
9564,2018-02-16,72.809998,73.510002,72.019997,72.239998,69.53997,1279400
9565,2018-02-20,71.93,72.5,70.779999,70.980003,68.327072,858600
9566,2018-02-21,70.959999,71.739998,70.650002,70.660004,68.01904300000001,599600
9567,2018-02-22,70.68,71.239998,70.040001,70.349998,67.720619,667400
9568,2018-02-23,70.519997,71.589996,70.349998,71.41999799999999,68.750626,567500
9569,2018-02-26,71.639999,71.639999,70.529999,71.459999,68.789139,510700
9570,2018-02-27,71.440002,72.769997,71.260002,72.32,69.616989,682100
9571,2018-02-28,72.199997,72.339996,70.82,70.82,68.385811,689700
9572,2018-03-01,70.779999,71.110001,69.519997,70.099998,67.690559,662500
9573,2018-03-02,69.529999,70.139999,68.980003,69.849998,67.44915,590600
9574,2018-03-05,69.519997,72.510002,69.519997,72.16999799999999,69.68940699999999,693900
9575,2018-03-06,72.510002,72.839996,71.559998,72.199997,69.718376,1902000
9576,2018-03-07,71.940002,73.589996,71.849998,72.269997,69.785973,841800
9577,2018-03-08,72.610001,72.610001,70.940002,72.08000200000001,69.602509,554500
9578,2018-03-09,72.58000200000001,73.220001,71.83000200000001,72.620003,70.123947,720700
9579,2018-03-12,72.839996,73.559998,72.629997,72.720001,70.220512,659000
9580,2018-03-13,73.32,73.32,71.370003,71.68,69.216255,864900
9581,2018-03-14,72.050003,72.050003,70.989998,71.16999799999999,68.723778,543100
9582,2018-03-15,71.33000200000001,72.400002,70.480003,72.220001,69.737709,759400
9583,2018-03-16,72.209999,76.989998,71.910004,74.730003,72.16143000000001,3783900
9584,2018-03-19,74.160004,74.160004,71.989998,72.790001,70.288101,1330800
9585,2018-03-20,73.18,74.290001,70.83000200000001,71.82,69.35144,2016100
9586,2018-03-21,71.639999,71.870003,69.82,70.089996,67.680908,1371900
9587,2018-03-22,69.58000200000001,69.900002,68.07,68.18,65.83654,1580900
9588,2018-03-23,69.480003,69.879997,67.489998,67.959999,65.624115,1302500
9589,2018-03-26,70.019997,70.16999799999999,68.57,69.589996,67.19809000000001,1035300
9590,2018-03-27,69.93,69.980003,68.709999,69.0,66.628365,695500
9591,2018-03-28,69.349998,70.160004,68.730003,69.07,66.69596899999999,898400
9592,2018-03-29,69.220001,70.18,68.480003,69.790001,67.391205,626300
9593,2018-04-02,69.599998,69.800003,67.82,68.389999,66.039322,536300
9594,2018-04-03,68.599998,68.900002,67.82,68.720001,66.358002,608600
9595,2018-04-04,67.83000200000001,69.339996,67.510002,69.220001,66.840805,493800
9596,2018-04-05,69.779999,70.82,69.620003,70.559998,68.13475,483700
9597,2018-04-06,70.019997,70.260002,68.33000200000001,68.599998,66.24211899999999,598300
9598,2018-04-09,69.059998,69.769997,68.550003,69.110001,66.734589,789900
9599,2018-04-10,70.010002,70.540001,69.440002,69.58000200000001,67.18843100000001,628600
9600,2018-04-11,69.089996,69.709999,68.709999,69.489998,67.101524,496100
9601,2018-04-12,69.900002,70.160004,69.150002,69.510002,67.120834,395500
9602,2018-04-13,69.82,70.139999,69.220001,69.540001,67.14981800000001,371900
9603,2018-04-16,69.800003,70.690002,69.230003,70.339996,67.922302,801400
9604,2018-04-17,70.709999,71.110001,70.230003,70.690002,68.260277,674700
9605,2018-04-18,71.029999,71.779999,70.58000200000001,70.83000200000001,68.39546999999999,490300
9606,2018-04-19,70.699997,70.809998,69.949997,70.389999,67.970589,361200
9607,2018-04-20,70.529999,70.529999,69.599998,69.68,67.285004,600900
9608,2018-04-23,69.66999799999999,70.089996,69.25,69.720001,67.323616,477800
9609,2018-04-24,69.980003,70.410004,67.660004,68.459999,66.106926,2122300
9610,2018-04-25,68.68,69.360001,68.230003,69.139999,66.76355699999999,662800
9611,2018-04-26,69.279999,69.309998,68.400002,68.639999,66.280754,522600
9612,2018-04-27,68.82,68.82,68.099998,68.300003,65.952446,553600
9613,2018-04-30,68.239998,68.459999,66.139999,66.18,63.90529300000001,1264200
9614,2018-05-01,66.07,66.300003,64.809998,66.190002,63.914951,1263900
9615,2018-05-02,68.260002,72.720001,68.260002,71.300003,68.849319,1911600
9616,2018-05-03,71.650002,71.93,70.57,71.480003,69.02313199999999,744300
9617,2018-05-04,71.339996,73.41999799999999,70.279999,73.199997,70.68400600000001,1115900
9618,2018-05-07,73.650002,74.209999,72.970001,73.32,70.79988900000001,854000
9619,2018-05-08,73.029999,73.629997,72.970001,73.279999,70.761261,553700
9620,2018-05-09,73.699997,74.309998,73.16999799999999,74.16999799999999,71.620667,446800
9621,2018-05-10,74.349998,74.769997,73.959999,74.660004,72.093834,441600
9622,2018-05-11,74.83000200000001,75.43,74.309998,74.379997,71.823448,418700
9623,2018-05-14,74.32,74.959999,74.190002,74.699997,72.13245400000001,435900
9624,2018-05-15,74.519997,75.58000200000001,74.010002,75.470001,72.87599200000001,888100
9625,2018-05-16,75.540001,77.120003,75.25,76.510002,73.880234,947700
9626,2018-05-17,76.809998,77.91999799999999,76.620003,77.25,74.59481,694900
9627,2018-05-18,77.239998,78.300003,77.029999,77.75,75.077614,629800
9628,2018-05-21,78.260002,78.529999,77.970001,78.230003,75.54113000000001,273300
9629,2018-05-22,78.57,79.68,78.160004,78.410004,75.714935,546000
9630,2018-05-23,78.050003,78.400002,77.41999799999999,77.75,75.077614,584700
9631,2018-05-24,77.760002,77.970001,77.230003,77.870003,75.193497,1590000
9632,2018-05-25,77.470001,79.18,77.43,79.019997,76.30396999999999,723600
9633,2018-05-29,78.639999,78.970001,77.540001,77.900002,75.222466,544100
9634,2018-05-30,78.199997,78.510002,77.809998,78.349998,75.656982,396200
9635,2018-05-31,78.370003,78.639999,77.18,77.720001,75.288887,361400
9636,2018-06-01,78.120003,78.459999,77.730003,78.18,75.734482,367500
9637,2018-06-04,78.860001,79.139999,78.0,79.0,76.52883100000001,408300
9638,2018-06-05,79.010002,80.029999,79.010002,80.0,77.497574,412400
9639,2018-06-06,79.779999,80.139999,78.849998,80.0,77.497574,535800
9640,2018-06-07,80.120003,80.839996,79.41999799999999,79.610001,77.119766,412300
9641,2018-06-08,79.620003,80.260002,78.970001,80.010002,77.507263,335300
9642,2018-06-11,80.120003,80.410004,79.349998,79.610001,77.119766,443000
9643,2018-06-12,79.709999,80.360001,79.410004,79.489998,77.003525,405600
9644,2018-06-13,79.620003,79.989998,78.739998,79.040001,76.567596,606000
9645,2018-06-14,79.220001,79.66999799999999,78.610001,79.08000200000001,76.606339,348900
9646,2018-06-15,79.07,79.08000200000001,78.160004,78.230003,75.782944,768400
9647,2018-06-18,77.82,78.779999,77.639999,78.349998,75.899178,818500
9648,2018-06-19,77.809998,78.82,77.440002,78.41999799999999,75.966988,711800
9649,2018-06-20,78.620003,78.66999799999999,77.989998,78.300003,75.850746,272300
9650,2018-06-21,78.33000200000001,78.790001,77.33000200000001,77.639999,75.211388,441400
9651,2018-06-22,78.089996,78.690002,77.870003,78.510002,76.05416899999999,463600
9652,2018-06-25,78.150002,78.540001,77.209999,77.489998,75.066071,463500
9653,2018-06-26,77.66999799999999,78.010002,77.379997,77.970001,75.531075,404500
9654,2018-06-27,77.980003,78.699997,76.980003,77.029999,74.620468,641600
9655,2018-06-28,77.08000200000001,78.16999799999999,76.540001,78.08000200000001,75.63763399999999,393000
9656,2018-06-29,78.360001,78.989998,78.16999799999999,78.18,75.734482,553900
9657,2018-07-02,78.120003,78.41999799999999,77.410004,78.25,75.802299,439700
9658,2018-07-03,78.300003,78.720001,77.57,77.93,75.492317,187900
9659,2018-07-05,78.16999799999999,78.660004,77.690002,78.58000200000001,76.12197900000001,293800
9660,2018-07-06,78.559998,78.93,78.290001,78.620003,76.160736,335900
9661,2018-07-09,78.75,79.940002,78.720001,79.699997,77.20695500000001,396300
9662,2018-07-10,79.739998,81.07,79.699997,80.849998,78.320984,691800
9663,2018-07-11,80.18,80.629997,79.279999,80.360001,77.84630600000001,571000
9664,2018-07-12,80.269997,81.260002,79.83000200000001,81.110001,78.57285300000001,487700
9665,2018-07-13,81.230003,81.400002,80.809998,81.18,78.640656,394500
9666,2018-07-16,81.629997,81.629997,79.449997,79.860001,77.361946,508900
9667,2018-07-17,79.019997,81.029999,79.019997,80.910004,78.37910500000001,429200
9668,2018-07-18,81.110001,81.480003,80.440002,80.68,78.156296,326300
9669,2018-07-19,80.029999,81.410004,80.029999,81.260002,78.71815500000001,607600
9670,2018-07-20,81.199997,81.290001,80.480003,81.010002,78.475975,240500
9671,2018-07-23,81.050003,82.849998,80.66999799999999,82.449997,79.870918,932900
9672,2018-07-24,82.940002,83.260002,81.860001,81.949997,79.38655899999999,1046400
9673,2018-07-25,81.889999,82.290001,81.029999,81.800003,79.241264,1093100
9674,2018-07-26,81.790001,83.0,81.790001,82.83000200000001,80.239029,666800
9675,2018-07-27,82.800003,83.0,82.019997,82.610001,80.025925,648600
9676,2018-07-30,82.68,82.720001,81.709999,81.769997,79.21219599999999,593300
9677,2018-07-31,81.970001,82.449997,81.660004,82.110001,79.541573,631100
9678,2018-08-01,83.010002,84.599998,81.43,83.809998,81.188385,1383600
9679,2018-08-02,84.0,85.980003,83.699997,84.889999,82.234596,626400
9680,2018-08-03,84.0,85.629997,84.0,84.940002,82.283035,331900
9681,2018-08-06,84.860001,85.459999,83.889999,85.16999799999999,82.505844,374600
9682,2018-08-07,85.5,86.25,85.269997,85.720001,83.038635,451700
9683,2018-08-08,85.650002,86.58000200000001,85.379997,85.879997,83.193634,474800
9684,2018-08-09,85.870003,86.629997,85.629997,86.110001,83.41643499999999,374400
9685,2018-08-10,85.66999799999999,86.389999,85.059998,85.449997,82.777084,491200
9686,2018-08-13,85.18,85.839996,84.110001,84.370003,81.73086500000001,322700
9687,2018-08-14,84.550003,84.940002,84.410004,84.809998,82.157097,277900
9688,2018-08-15,84.389999,84.389999,82.959999,83.809998,81.188385,529400
9689,2018-08-16,84.370003,85.019997,83.959999,84.58000200000001,81.934296,269500
9690,2018-08-17,84.529999,85.160004,84.239998,84.82,82.166779,289800
9691,2018-08-20,85.0,85.099998,84.309998,84.389999,81.750244,385200
9692,2018-08-21,84.629997,85.709999,84.629997,85.459999,82.786774,660600
9693,2018-08-22,85.43,86.059998,85.050003,85.910004,83.22270999999999,323700
9694,2018-08-23,86.059998,86.139999,85.449997,85.57,82.893326,371500
9695,2018-08-24,85.16999799999999,85.269997,84.650002,84.839996,82.18618000000001,1091400
9696,2018-08-27,84.889999,85.489998,84.730003,85.230003,82.56397199999999,422000
9697,2018-08-28,85.410004,85.83000200000001,84.33000200000001,84.599998,81.95366700000001,273200
9698,2018-08-29,84.599998,85.139999,83.93,84.699997,82.050552,398000
9699,2018-08-30,84.410004,84.410004,83.739998,83.910004,81.525887,305000
9700,2018-08-31,83.790001,84.300003,83.209999,84.199997,81.80764,664000
9701,2018-09-04,83.68,84.199997,83.41999799999999,83.83000200000001,81.448166,398500
9702,2018-09-05,83.629997,84.559998,83.629997,84.33000200000001,81.93396,358000
9703,2018-09-06,84.5,84.82,83.91999799999999,84.41999799999999,82.0214,512900
9704,2018-09-07,84.07,84.41999799999999,83.510002,83.860001,81.47731800000001,374100
9705,2018-09-10,84.190002,84.5,83.550003,83.550003,81.176132,616000
9706,2018-09-11,83.410004,84.489998,83.16999799999999,84.339996,81.943665,509100
9707,2018-09-12,84.370003,84.449997,83.519997,83.83000200000001,81.448166,307700
9708,2018-09-13,84.16999799999999,84.720001,84.029999,84.599998,82.196281,351400
9709,2018-09-14,84.760002,85.16999799999999,84.290001,84.599998,82.196281,310900
9710,2018-09-17,84.610001,85.010002,83.769997,84.699997,82.293442,461200
9711,2018-09-18,84.709999,85.08000200000001,84.370003,84.790001,82.38089000000001,289500
9712,2018-09-19,84.849998,85.889999,84.849998,85.260002,82.83754,245700
9713,2018-09-20,85.519997,86.33000200000001,85.519997,86.099998,83.653664,324000
9714,2018-09-21,86.309998,86.529999,85.650002,85.66999799999999,83.235886,445900
9715,2018-09-24,85.440002,85.68,84.970001,85.309998,82.886108,370600
9716,2018-09-25,85.610001,86.290001,85.050003,85.980003,83.537079,507500
9717,2018-09-26,85.940002,85.940002,84.510002,84.550003,82.147713,397700
9718,2018-09-27,84.58000200000001,84.980003,83.949997,84.029999,81.642487,293400
9719,2018-09-28,83.720001,84.25,83.449997,83.860001,81.47731800000001,433200
9720,2018-10-01,84.389999,84.839996,83.980003,84.209999,81.817375,339500
9721,2018-10-02,84.33000200000001,84.650002,83.400002,83.470001,81.098396,369000
9722,2018-10-03,83.690002,84.239998,83.290001,83.540001,81.16640500000001,407900
9723,2018-10-04,83.339996,83.5,82.470001,83.010002,80.651459,375800
9724,2018-10-05,83.040001,83.089996,81.980003,82.879997,80.525154,362300
9725,2018-10-08,82.68,83.25,81.849998,82.360001,80.01994300000001,888500
9726,2018-10-09,81.779999,81.860001,79.489998,79.730003,77.464653,1204300
9727,2018-10-10,79.489998,79.790001,77.0,77.050003,74.860809,942100
9728,2018-10-11,77.0,77.18,75.139999,75.230003,73.09251400000001,785500
9729,2018-10-12,75.900002,76.099998,74.089996,74.879997,72.752449,566300
9730,2018-10-15,74.599998,75.089996,74.08000200000001,74.690002,72.567863,417900
9731,2018-10-16,75.029999,76.440002,74.58000200000001,76.32,74.151543,273400
9732,2018-10-17,75.989998,76.190002,75.190002,75.650002,73.500587,266900
9733,2018-10-18,75.510002,76.279999,74.599998,74.849998,72.72331199999999,562900
9734,2018-10-19,75.129997,75.379997,74.269997,74.660004,72.53870400000001,392700
9735,2018-10-22,74.91999799999999,75.209999,74.339996,75.040001,72.90790600000001,525900
9736,2018-10-23,73.980003,75.08000200000001,73.08000200000001,74.739998,72.616425,410400
9737,2018-10-24,74.650002,74.970001,72.489998,72.57,70.508095,542900
9738,2018-10-25,72.959999,75.07,72.230003,74.08000200000001,71.975189,1193800
9739,2018-10-26,73.110001,74.83000200000001,72.279999,73.709999,71.6157,415300
9740,2018-10-29,74.709999,74.779999,71.400002,72.129997,70.080589,887500
9741,2018-10-30,72.279999,73.68,71.709999,73.58000200000001,71.489395,681200
9742,2018-10-31,74.290001,75.110001,73.860001,73.980003,71.878036,377200
9743,2018-11-01,74.529999,75.879997,74.0,75.489998,73.345123,535300
9744,2018-11-02,75.91999799999999,77.160004,75.639999,76.33000200000001,74.161263,501700
9745,2018-11-05,76.779999,77.459999,75.41999799999999,77.059998,74.870514,654600
9746,2018-11-06,76.870003,78.589996,76.860001,77.839996,75.628365,823400
9747,2018-11-07,79.230003,84.519997,79.230003,83.970001,81.58419,2377900
9748,2018-11-08,84.25,84.809998,83.290001,83.83000200000001,81.448166,1262400
9749,2018-11-09,83.370003,84.110001,81.82,83.629997,81.253838,1421200
9750,2018-11-12,83.970001,83.970001,81.900002,82.239998,79.903336,684700
9751,2018-11-13,82.440002,82.83000200000001,81.239998,81.639999,79.320396,343400
9752,2018-11-14,81.860001,82.010002,80.120003,80.860001,78.562561,604200
9753,2018-11-15,80.529999,83.139999,80.389999,82.339996,80.000504,1211200
9754,2018-11-16,81.940002,82.41999799999999,80.800003,82.300003,79.961639,1086100
9755,2018-11-19,81.839996,82.5,80.199997,80.32,78.03789499999999,614000
9756,2018-11-20,79.160004,80.82,78.980003,80.510002,78.22249599999999,689000
9757,2018-11-21,80.839996,82.099998,80.75,81.220001,78.912323,392400
9758,2018-11-23,80.339996,82.209999,80.32,81.660004,79.339813,241900
9759,2018-11-26,82.099998,82.43,81.43,81.440002,79.12606,397400
9760,2018-11-27,80.870003,80.870003,79.470001,80.41999799999999,78.135056,617900
9761,2018-11-28,80.910004,82.279999,79.75,82.260002,79.922768,373900
9762,2018-11-29,81.980003,82.800003,81.449997,82.660004,80.311417,429800
9763,2018-11-30,81.980003,82.410004,81.5,81.889999,79.80465699999999,557900
9764,2018-12-03,83.239998,83.400002,81.980003,82.790001,80.681725,572700
9765,2018-12-04,82.779999,82.980003,80.910004,81.07,79.005531,558800
9766,2018-12-06,79.599998,79.83000200000001,77.809998,79.029999,77.017471,913300
9767,2018-12-07,79.220001,80.220001,75.760002,76.33000200000001,74.386238,861200
9768,2018-12-10,76.529999,76.720001,74.709999,75.269997,73.35323299999999,460200
9769,2018-12-11,76.110001,76.900002,75.290001,75.300003,73.382469,477200
9770,2018-12-12,76.57,77.300003,76.089996,76.139999,74.20108,723700
9771,2018-12-13,76.309998,76.879997,74.370003,74.489998,72.593086,1048400
9772,2018-12-14,73.75,74.089996,72.68,72.970001,71.11179399999999,1202400
9773,2018-12-17,72.889999,72.900002,70.230003,70.660004,68.860641,880400
9774,2018-12-18,71.300003,71.660004,70.489998,71.029999,69.221199,933800
9775,2018-12-19,71.309998,71.910004,69.760002,70.279999,68.490303,537500
9776,2018-12-20,70.33000200000001,70.389999,68.360001,68.699997,66.95053100000001,680200
9777,2018-12-21,68.860001,69.41999799999999,66.720001,67.120003,65.410774,943200
9778,2018-12-24,66.519997,66.75,65.279999,65.279999,63.617622,250800
9779,2018-12-26,65.449997,68.309998,64.940002,68.220001,66.48275799999999,322000
9780,2018-12-27,68.58000200000001,70.769997,67.16999799999999,70.68,68.880112,828200
9781,2018-12-28,70.980003,71.5,69.620003,70.25,68.461067,742100
9782,2018-12-31,70.339996,71.160004,69.980003,70.959999,69.152977,570300
9783,2019-01-02,70.050003,72.279999,69.230003,71.529999,69.708466,725700
9784,2019-01-03,71.050003,71.199997,69.230003,69.300003,67.535263,496300
9785,2019-01-04,70.43,72.769997,70.400002,72.449997,70.605049,1159000
9786,2019-01-07,72.309998,73.129997,71.860001,72.139999,70.302948,512200
9787,2019-01-08,72.959999,73.089996,71.559998,72.879997,71.024086,548500
9788,2019-01-09,72.889999,73.910004,72.889999,73.459999,71.589325,354000
9789,2019-01-10,73.08000200000001,74.0,72.589996,73.889999,72.00836899999999,352000
9790,2019-01-11,73.5,75.339996,73.410004,74.220001,72.329971,468100
9791,2019-01-14,73.629997,75.269997,72.870003,74.540001,72.64181500000001,641500
9792,2019-01-15,74.110001,74.839996,73.489998,74.540001,72.64181500000001,589100
9793,2019-01-16,74.660004,76.279999,74.660004,76.040001,74.10363000000001,696900
9794,2019-01-17,75.900002,77.220001,75.620003,76.589996,74.639618,800700
9795,2019-01-18,77.059998,78.589996,76.529999,78.209999,76.218369,600800
9796,2019-01-22,77.66999799999999,77.849998,76.389999,77.190002,75.224335,380300
9797,2019-01-23,77.550003,78.589996,76.010002,76.610001,74.659103,461600
9798,2019-01-24,76.41999799999999,76.599998,74.989998,75.660004,73.733307,1180200
9799,2019-01-25,76.540001,76.860001,75.730003,75.91999799999999,73.98667900000001,729900
9800,2019-01-28,75.199997,76.400002,74.940002,76.0,74.064636,1202000
9801,2019-01-29,76.089996,76.68,75.800003,76.099998,74.162086,396600
9802,2019-01-30,76.470001,77.32,75.970001,76.610001,74.659103,492000
9803,2019-01-31,76.07,76.690002,75.360001,75.900002,73.967186,813800
9804,2019-02-01,75.860001,76.720001,75.389999,75.760002,73.830765,1043200
9805,2019-02-04,75.82,76.68,74.739998,76.349998,74.405731,1510900
9806,2019-02-05,76.650002,77.349998,76.41999799999999,77.300003,75.331535,1186100
9807,2019-02-06,75.989998,80.059998,75.639999,78.379997,76.384033,1521200
9808,2019-02-07,77.769997,78.160004,76.66999799999999,77.949997,75.96498100000001,1122200
9809,2019-02-08,77.410004,77.949997,76.910004,77.849998,75.86752299999999,456200
9810,2019-02-11,77.959999,78.589996,77.860001,78.400002,76.403526,513600
9811,2019-02-12,79.129997,79.83000200000001,78.66999799999999,79.5,77.47551,433400
9812,2019-02-13,79.879997,80.300003,79.089996,79.489998,77.465767,811200
9813,2019-02-14,78.949997,79.809998,78.83000200000001,78.889999,76.88105,533300
9814,2019-02-15,79.690002,79.879997,78.400002,78.660004,76.656914,597600
9815,2019-02-19,78.389999,79.489998,77.940002,79.199997,77.183151,1067600
9816,2019-02-20,79.290001,80.489998,78.83000200000001,79.25,77.23188,874500
9817,2019-02-21,79.349998,79.610001,77.82,78.059998,76.072174,597500
9818,2019-02-22,78.480003,78.720001,77.779999,78.050003,76.062431,1419900
9819,2019-02-25,78.41999799999999,79.550003,78.199997,78.629997,76.627655,1445300
9820,2019-02-26,78.480003,78.709999,77.699997,78.199997,76.208618,1196400
9821,2019-02-27,77.959999,78.620003,77.769997,78.18,76.189125,848600
9822,2019-02-28,77.839996,77.849998,76.849998,77.379997,75.65140500000001,1034800
9823,2019-03-01,77.709999,78.91999799999999,77.709999,78.57,76.814819,530700
9824,2019-03-04,78.75,79.550003,77.75,79.33000200000001,77.557861,964400
9825,2019-03-05,79.160004,79.470001,78.58000200000001,78.610001,76.85393499999999,1155300
9826,2019-03-06,78.93,79.019997,77.889999,78.099998,76.355331,536600
9827,2019-03-07,77.910004,78.089996,76.760002,77.75,76.013145,485600
9828,2019-03-08,77.209999,77.970001,76.82,77.43,75.70030200000001,569200
9829,2019-03-11,77.809998,79.050003,77.610001,79.010002,77.245003,242100
9830,2019-03-12,79.220001,79.519997,78.739998,78.75,76.99080699999999,240000
9831,2019-03-13,78.910004,79.68,78.470001,79.08000200000001,77.313438,245000
9832,2019-03-14,78.870003,79.010002,78.360001,78.769997,77.010361,199300
9833,2019-03-15,79.0,79.529999,78.010002,78.300003,76.550865,583300
9834,2019-03-18,78.230003,79.16999799999999,77.970001,79.029999,77.264542,363600
9835,2019-03-19,79.370003,79.690002,77.760002,78.050003,76.30645,280600
9836,2019-03-20,77.989998,78.66999799999999,77.260002,77.940002,76.19890600000001,759100
9837,2019-03-21,77.790001,79.650002,77.790001,79.449997,77.675163,236500
9838,2019-03-22,78.900002,78.900002,76.610001,76.699997,74.986595,444700
9839,2019-03-25,76.629997,77.260002,76.120003,76.800003,75.084373,479600
9840,2019-03-26,77.699997,78.019997,76.93,77.519997,75.78827700000001,701200
9841,2019-03-27,77.43,78.029999,76.889999,77.779999,76.04248,711300
9842,2019-03-28,77.879997,79.239998,77.83000200000001,78.910004,77.14724,592000
9843,2019-03-29,79.139999,79.269997,77.660004,78.129997,76.384644,1046200
9844,2019-04-01,78.610001,79.08000200000001,78.019997,78.589996,76.834373,954000
9845,2019-04-02,78.75,79.059998,78.019997,78.199997,76.453087,521700
9846,2019-04-03,78.400002,78.889999,78.099998,78.690002,76.932144,1532100
9847,2019-04-04,78.849998,79.629997,78.620003,79.440002,77.66539,460400
9848,2019-04-05,79.459999,80.129997,79.08000200000001,79.58000200000001,77.802261,945000
9849,2019-04-08,79.339996,79.449997,78.519997,79.25,77.47963,405700
9850,2019-04-09,79.190002,79.190002,78.33000200000001,78.720001,76.961487,446000
9851,2019-04-10,78.980003,79.389999,78.5,79.300003,77.528534,213200
9852,2019-04-11,79.459999,79.75,78.910004,78.970001,77.20590200000001,117800
9853,2019-04-12,79.370003,79.75,79.150002,79.610001,77.831604,181300
9854,2019-04-15,79.720001,80.0,79.360001,79.589996,77.812042,287900
9855,2019-04-16,79.900002,80.050003,79.58000200000001,79.879997,78.095558,437600
9856,2019-04-17,80.050003,80.209999,79.290001,79.349998,77.5774,305700
9857,2019-04-18,79.449997,79.949997,79.279999,79.650002,77.870705,488200
9858,2019-04-22,79.32,79.400002,77.860001,78.07,76.32599599999999,616900
9859,2019-04-23,78.139999,79.5,77.980003,79.41999799999999,77.645844,652200
9860,2019-04-24,79.5,79.989998,79.040001,79.540001,77.763161,591800
9861,2019-04-25,79.18,79.18,78.150002,78.300003,76.550865,441700
9862,2019-04-26,78.190002,79.730003,78.050003,79.709999,77.92935899999999,495800
9863,2019-04-29,79.559998,80.589996,79.08000200000001,79.91999799999999,78.13466600000001,586400
9864,2019-04-30,79.91999799999999,80.629997,79.41999799999999,80.529999,78.731041,924800
9865,2019-05-01,78.699997,79.25,75.360001,75.629997,73.940506,2643000
9866,2019-05-02,74.970001,75.57,74.410004,75.199997,73.520111,1168400
9867,2019-05-03,75.610001,76.019997,74.879997,75.980003,74.282692,426700
9868,2019-05-06,74.32,76.400002,74.32,76.010002,74.312012,765400
9869,2019-05-07,75.489998,77.260002,75.32,76.730003,75.015945,1509500
9870,2019-05-08,76.5,76.91999799999999,75.75,76.510002,74.80085799999999,1407200
9871,2019-05-09,75.650002,76.18,75.099998,76.010002,74.312012,1137500
9872,2019-05-10,75.879997,76.129997,74.610001,75.91999799999999,74.22403,485600
9873,2019-05-13,74.33000200000001,74.66999799999999,73.709999,74.07,72.415352,775000
9874,2019-05-14,74.150002,74.550003,73.800003,73.849998,72.200272,504600
9875,2019-05-15,73.5,74.08000200000001,72.800003,73.75,72.102509,722200
9876,2019-05-16,74.110001,74.83000200000001,73.690002,73.900002,72.249153,785600
9877,2019-05-17,73.220001,73.730003,72.559998,72.599998,70.978188,833700
9878,2019-05-20,71.940002,72.389999,71.040001,71.309998,69.717003,1197200
9879,2019-05-21,71.800003,72.43,71.550003,72.110001,70.499146,693600
9880,2019-05-22,72.110001,73.139999,72.0,72.629997,71.00753,737100
9881,2019-05-23,71.760002,72.480003,71.110001,72.16999799999999,70.557793,822300
9882,2019-05-24,73.25,74.040001,72.489998,73.510002,71.867859,1157200
9883,2019-05-28,73.41999799999999,76.739998,72.970001,75.91999799999999,74.22403,2460600
9884,2019-05-29,75.25,75.650002,73.760002,75.08000200000001,73.40278599999999,1663500
9885,2019-05-30,75.360001,75.980003,74.730003,75.91999799999999,74.22403,1217700
9886,2019-05-31,74.93,76.290001,74.040001,74.870003,73.463593,1500500
9887,2019-06-03,74.720001,75.349998,74.199997,75.139999,73.728516,1488800
9888,2019-06-04,75.57,77.459999,75.32,77.440002,75.985313,740500
9889,2019-06-05,77.769997,78.110001,76.379997,77.360001,75.90681500000001,479200
9890,2019-06-06,77.360001,78.199997,76.730003,77.889999,76.426849,1090700
9891,2019-06-07,78.32,78.489998,77.57,77.75,76.28949,928600
9892,2019-06-10,77.779999,78.970001,77.589996,78.730003,77.251076,1061900
9893,2019-06-11,79.459999,80.099998,78.129997,78.400002,76.927277,529800
9894,2019-06-12,78.239998,79.720001,77.910004,79.41999799999999,77.928116,1064800
9895,2019-06-13,79.900002,81.220001,79.75,80.089996,78.585526,1022100
9896,2019-06-14,79.550003,79.709999,78.239998,78.25,76.780106,779500
9897,2019-06-17,78.309998,78.510002,77.209999,77.349998,75.89698800000001,623700
9898,2019-06-18,77.769997,78.400002,77.32,77.790001,76.328735,469100
9899,2019-06-19,78.0,78.75,77.68,78.309998,76.838959,532700
9900,2019-06-20,79.139999,79.370003,77.849998,78.18,76.711411,368100
9901,2019-06-21,77.790001,78.18,77.220001,77.5,76.044174,563600
9902,2019-06-24,77.639999,78.83000200000001,77.639999,78.309998,76.838959,398500
9903,2019-06-25,78.370003,78.559998,77.959999,78.309998,76.838959,436200
9904,2019-06-26,78.610001,78.900002,77.800003,77.809998,76.34835799999999,337300
9905,2019-06-27,78.18,78.940002,78.160004,78.660004,77.182396,594500
9906,2019-06-28,79.010002,79.989998,78.860001,79.970001,78.467789,1238000
9907,2019-07-01,80.800003,81.150002,78.93,79.860001,78.35985600000001,444300
9908,2019-07-02,79.769997,79.769997,79.019997,79.43,77.937927,414000
9909,2019-07-03,79.58000200000001,79.769997,79.0,79.529999,78.036041,143600
9910,2019-07-05,79.040001,79.370003,78.400002,79.16999799999999,77.6828,286600
9911,2019-07-08,78.940002,78.940002,76.910004,76.959999,75.51432,765900
9912,2019-07-09,76.699997,76.900002,75.260002,76.389999,74.95503199999999,1487200
9913,2019-07-10,76.639999,77.510002,76.410004,76.860001,75.416206,568300
9914,2019-07-11,76.889999,77.18,75.690002,76.410004,74.974655,342400
9915,2019-07-12,76.529999,77.839996,76.290001,77.779999,76.318924,489100
9916,2019-07-15,78.019997,78.019997,77.010002,77.660004,76.201172,455100
9917,2019-07-16,77.589996,78.650002,77.309998,78.379997,76.90765400000001,298700
9918,2019-07-17,78.370003,78.82,77.639999,77.66999799999999,76.210991,325400
9919,2019-07-18,74.32,76.199997,73.900002,75.5,74.081749,1609000
9920,2019-07-19,75.400002,76.639999,75.400002,76.110001,74.68029,497000
9921,2019-07-22,76.41999799999999,76.989998,75.860001,76.019997,74.59198,489100
9922,2019-07-23,76.290001,77.989998,76.18,77.690002,76.230614,450800
9923,2019-07-24,77.800003,79.300003,77.440002,79.050003,77.565063,704200
9924,2019-07-25,78.889999,79.040001,78.220001,78.790001,77.309952,281900
9925,2019-07-26,78.779999,79.730003,78.33000200000001,79.620003,78.124359,371900
9926,2019-07-29,79.480003,79.790001,79.32,79.459999,77.967361,521300
9927,2019-07-30,78.860001,80.639999,78.860001,80.43,78.91914399999999,632100
9928,2019-07-31,80.139999,81.199997,78.370003,79.480003,77.987,1147200
9929,2019-08-01,79.400002,79.489998,77.010002,77.18,75.730194,988300
9930,2019-08-02,76.709999,77.129997,75.699997,76.660004,75.219971,929900
9931,2019-08-05,75.349998,75.610001,74.339996,74.870003,73.463593,910000
9932,2019-08-06,75.32,75.769997,74.610001,75.190002,73.77758,1288300
9933,2019-08-07,74.410004,75.870003,74.099998,75.650002,74.228943,972900
9934,2019-08-08,76.269997,77.019997,75.540001,75.83000200000001,74.405556,757600
9935,2019-08-09,75.440002,75.620003,74.400002,74.709999,73.306595,678600
9936,2019-08-12,74.410004,74.43,73.190002,73.230003,71.854401,381200
9937,2019-08-13,73.120003,74.940002,72.400002,74.059998,72.66879300000001,947800
9938,2019-08-14,72.879997,72.980003,71.410004,71.800003,70.451256,849200
9939,2019-08-15,72.239998,72.519997,70.900002,71.089996,69.754593,654100
9940,2019-08-16,71.389999,73.010002,71.389999,72.790001,71.422653,320800
9941,2019-08-19,73.620003,73.980003,73.120003,73.489998,72.10949699999999,306500
9942,2019-08-20,73.400002,73.400002,72.120003,72.25,70.892792,410000
9943,2019-08-21,72.790001,73.089996,72.0,72.980003,71.609093,406300
9944,2019-08-22,73.110001,73.529999,71.989998,72.769997,71.40303,697600
9945,2019-08-23,72.400002,72.629997,70.629997,70.860001,69.528908,743900
9946,2019-08-26,71.589996,71.980003,71.010002,71.83000200000001,70.48069,500900
9947,2019-08-27,72.400002,72.489998,71.110001,71.360001,70.019524,348200
9948,2019-08-28,71.160004,72.800003,70.879997,72.370003,71.010551,574400
9949,2019-08-29,72.860001,73.900002,72.489998,72.519997,71.429153,364300
9950,2019-08-30,73.010002,73.470001,72.440002,73.239998,72.13832099999999,542900
9951,2019-09-03,72.910004,73.089996,71.839996,72.400002,71.310959,422700
9952,2019-09-04,73.300003,73.699997,72.660004,73.510002,72.404266,323500
9953,2019-09-05,74.339996,74.790001,73.650002,74.0,72.886894,557000
9954,2019-09-06,74.059998,74.300003,73.489998,73.970001,72.85734599999999,353800
9955,2019-09-09,74.389999,74.800003,73.279999,74.559998,73.438469,426800
9956,2019-09-10,74.599998,75.970001,74.220001,75.910004,74.76816600000001,450600
9957,2019-09-11,76.239998,77.16999799999999,75.139999,77.099998,75.940262,518300
9958,2019-09-12,77.199997,77.889999,76.110001,77.660004,76.491844,332100
9959,2019-09-13,78.029999,78.610001,77.720001,78.33000200000001,77.151756,294400
9960,2019-09-16,77.760002,78.089996,76.769997,77.019997,75.861465,246400
9961,2019-09-17,76.730003,77.629997,76.07,77.489998,76.324394,291900
9962,2019-09-18,77.32,78.010002,76.870003,77.860001,76.688843,322000
9963,2019-09-19,78.279999,78.5,76.809998,76.940002,75.782677,460800
9964,2019-09-20,77.029999,77.980003,77.029999,77.650002,76.481987,1262000
9965,2019-09-23,77.190002,77.809998,76.879997,77.5,76.334251,310600
9966,2019-09-24,77.489998,77.75,76.410004,76.540001,75.38868000000001,381800
9967,2019-09-25,76.610001,77.32,76.089996,76.980003,75.822075,320500
9968,2019-09-26,76.900002,77.470001,76.239998,76.779999,75.625076,250700
9969,2019-09-27,77.059998,77.260002,76.18,76.480003,75.32959,289000
9970,2019-09-30,76.760002,77.190002,76.199997,77.050003,75.891014,379900
9971,2019-10-01,77.349998,78.040001,75.230003,75.269997,74.137794,244200
9972,2019-10-02,74.739998,74.870003,73.779999,74.440002,73.320274,387100
9973,2019-10-03,74.440002,74.599998,73.089996,74.440002,73.320274,523900
9974,2019-10-04,74.639999,75.58000200000001,74.599998,75.529999,74.393875,217100
9975,2019-10-07,75.199997,76.059998,74.730003,75.550003,74.41358199999999,359400
9976,2019-10-08,74.940002,77.540001,74.5,75.970001,74.82725500000001,1024400
9977,2019-10-09,76.699997,76.959999,74.040001,74.809998,73.6847,600500
9978,2019-10-10,75.239998,75.459999,74.440002,75.230003,74.098396,577700
9979,2019-10-11,76.08000200000001,77.739998,76.08000200000001,76.769997,75.615227,587500
9980,2019-10-14,77.629997,77.730003,75.949997,76.91999799999999,75.76297,329900
9981,2019-10-15,77.360001,77.860001,76.790001,77.489998,76.324394,328600
9982,2019-10-16,77.800003,78.08000200000001,77.230003,77.589996,76.42289,207600
9983,2019-10-17,78.040001,78.139999,77.029999,77.25,76.087997,212200
9984,2019-10-18,77.120003,77.25,76.300003,76.58000200000001,75.428085,518800
9985,2019-10-21,77.239998,77.769997,76.900002,77.050003,75.891014,289600
9986,2019-10-22,76.959999,76.959999,76.110001,76.349998,75.201546,395000
9987,2019-10-23,76.480003,76.75,76.0,76.410004,75.260643,244900
9988,2019-10-24,76.870003,76.989998,76.120003,76.129997,74.98484,215400
9989,2019-10-25,75.940002,77.33000200000001,75.75,76.75,75.595528,499600
9990,2019-10-28,77.120003,78.129997,77.089996,77.66999799999999,76.501694,402900
9991,2019-10-29,77.32,78.690002,76.949997,78.410004,77.230553,339500
9992,2019-10-30,78.139999,78.349998,77.440002,78.129997,76.95476500000001,358400
9993,2019-10-31,77.989998,78.029999,77.010002,77.370003,76.2062,359900
9994,2019-11-01,77.940002,78.709999,77.66999799999999,78.010002,76.83657099999999,740400
9995,2019-11-04,78.559998,78.559998,77.139999,77.290001,76.12739599999999,712000
9996,2019-11-05,77.300003,78.779999,77.150002,78.139999,76.96461500000001,538100
9997,2019-11-06,78.010002,78.43,77.379997,77.959999,76.787323,389900
9998,2019-11-07,78.610001,78.68,77.650002,77.910004,76.73808299999999,426700
9999,2019-11-08,77.910004,78.690002,77.809998,78.470001,77.289658,248400
10000,2019-11-11,78.040001,78.16999799999999,77.480003,77.959999,76.787323,330300
10001,2019-11-12,77.940002,78.730003,77.370003,78.510002,77.32905600000001,420300
10002,2019-11-13,77.900002,78.230003,77.209999,77.900002,76.728241,523200
10003,2019-11-14,77.68,78.449997,77.589996,78.400002,77.220711,393700
10004,2019-11-15,78.860001,79.58000200000001,78.470001,78.849998,77.663933,1536000
10005,2019-11-18,78.989998,79.400002,78.519997,78.650002,77.466949,679500
10006,2019-11-19,76.0,77.5,73.93,75.839996,74.699211,2164500
10007,2019-11-20,74.82,75.639999,72.730003,72.860001,71.764038,1851900
10008,2019-11-21,72.709999,72.889999,72.010002,72.08000200000001,70.99578100000001,487800
10009,2019-11-22,72.059998,73.050003,71.709999,72.089996,71.005623,467100
10010,2019-11-25,72.239998,72.66999799999999,71.529999,71.800003,70.71998599999999,479600
10011,2019-11-26,71.589996,72.220001,71.32,71.769997,70.69043,381600
10012,2019-11-27,71.900002,72.519997,71.480003,72.339996,71.25185400000001,349000
10013,2019-11-29,72.019997,72.150002,71.529999,71.699997,70.890976,261100
10014,2019-12-02,71.800003,72.129997,71.370003,71.589996,70.782219,573800
10015,2019-12-03,70.879997,71.910004,70.5,71.809998,70.99973299999999,976100
10016,2019-12-04,72.18,73.510002,72.18,72.699997,71.879692,758200
10017,2019-12-05,72.93,73.43,72.769997,73.199997,72.37404599999999,608900
10018,2019-12-06,74.029999,75.050003,73.940002,74.510002,73.66928100000001,686200
10019,2019-12-09,74.379997,76.0,74.309998,75.730003,74.875511,1537800
10020,2019-12-10,75.730003,76.010002,74.629997,74.83000200000001,73.985664,874100
10021,2019-12-11,74.940002,75.57,74.720001,75.389999,74.539345,445500
10022,2019-12-12,75.400002,76.82,74.980003,76.589996,75.7258,482700
10023,2019-12-13,76.349998,76.91999799999999,75.510002,75.620003,74.766747,377700
10024,2019-12-16,75.879997,76.25,75.389999,75.58000200000001,74.72719599999999,342800
10025,2019-12-17,75.550003,75.650002,74.650002,75.309998,74.460243,355600
10026,2019-12-18,75.620003,76.050003,75.120003,75.870003,75.013931,324600
10027,2019-12-19,75.849998,76.32,75.58000200000001,76.239998,75.37975300000001,290500
10028,2019-12-20,76.519997,76.889999,76.040001,76.379997,75.51816600000001,1263300
10029,2019-12-23,76.339996,76.980003,75.839996,76.970001,76.101509,464300
10030,2019-12-24,76.91999799999999,76.980003,76.519997,76.550003,75.686256,218900
10031,2019-12-26,76.629997,77.290001,76.400002,76.910004,76.042198,568900
10032,2019-12-27,77.260002,77.349998,76.410004,76.5,75.63681,515200
10033,2019-12-30,76.43,76.739998,76.110001,76.269997,75.40941600000001,617200
10034,2019-12-31,76.019997,76.879997,75.93,76.529999,75.666473,419800
10035,2020-01-02,76.889999,76.889999,76.190002,76.760002,75.893883,573500
10036,2020-01-03,75.860001,76.290001,75.389999,75.589996,74.737091,709000
10037,2020-01-06,75.209999,75.760002,74.739998,74.760002,73.91645799999999,460700
10038,2020-01-07,74.779999,75.790001,74.68,74.91999799999999,74.074646,619800
10039,2020-01-08,74.75,74.949997,73.949997,74.279999,73.441864,437900
10040,2020-01-09,74.489998,75.220001,73.949997,74.32,73.481415,383300
10041,2020-01-10,74.610001,75.150002,74.290001,74.379997,73.54073299999999,306100
10042,2020-01-13,74.620003,75.0,74.33000200000001,74.870003,74.025215,328400
10043,2020-01-14,74.849998,75.800003,74.809998,75.239998,74.391029,342700
10044,2020-01-15,75.0,75.800003,74.720001,74.980003,74.133972,272600
10045,2020-01-16,75.33000200000001,76.459999,75.129997,76.110001,75.251221,466000
10046,2020-01-17,76.379997,76.690002,76.050003,76.470001,75.607162,496300
10047,2020-01-21,76.16999799999999,76.370003,75.599998,75.949997,75.093025,418900
10048,2020-01-22,75.91999799999999,76.16999799999999,75.540001,75.760002,74.905174,315300
10049,2020-01-23,75.400002,76.260002,74.33000200000001,75.93,75.07325,737900
10050,2020-01-24,76.290001,76.489998,74.910004,75.300003,74.450363,738000
10051,2020-01-27,74.139999,75.940002,74.099998,75.639999,74.78652199999999,1153000
10052,2020-01-28,77.639999,79.709999,75.779999,76.129997,75.270988,1155000
10053,2020-01-29,74.760002,76.889999,74.760002,76.82,75.953209,990300
10054,2020-01-30,76.0,76.5,74.980003,75.900002,75.043587,721200
10055,2020-01-31,75.459999,75.769997,73.08000200000001,73.980003,73.145248,841200
10056,2020-02-03,74.300003,75.900002,74.0,75.57,74.717308,716500
10057,2020-02-04,76.550003,77.269997,76.550003,76.690002,75.82467700000001,435400
10058,2020-02-05,77.209999,78.040001,76.800003,77.940002,77.060577,426700
10059,2020-02-06,78.25,78.709999,77.779999,78.519997,77.63401800000001,508600
10060,2020-02-07,78.120003,79.809998,77.610001,79.699997,78.800713,799700
10061,2020-02-10,79.690002,80.83000200000001,79.360001,79.870003,78.968796,724300
10062,2020-02-11,80.010002,80.989998,79.870003,80.220001,79.31485,621800
10063,2020-02-12,80.660004,81.82,80.660004,80.989998,80.076149,712000
10064,2020-02-13,80.660004,81.489998,80.18,81.309998,80.39254,569100
10065,2020-02-14,81.389999,81.800003,80.629997,80.760002,79.84875500000001,478700
10066,2020-02-18,80.610001,80.889999,80.0,80.790001,79.87841800000001,484100
10067,2020-02-19,80.970001,81.550003,80.720001,81.0,80.086044,332900
10068,2020-02-20,80.800003,81.559998,80.550003,80.879997,79.967392,616800
10069,2020-02-21,80.620003,81.760002,80.33000200000001,81.230003,80.31345400000001,1429000
10070,2020-02-24,79.410004,79.589996,78.290001,79.400002,78.50408900000001,639300
10071,2020-02-25,79.599998,79.599998,76.019997,76.660004,75.795013,564000
10072,2020-02-26,77.220001,77.660004,75.550003,75.889999,75.033699,459100
10073,2020-02-27,74.33000200000001,75.459999,72.510002,72.739998,72.180801,517800
10074,2020-02-28,70.739998,72.110001,69.599998,71.540001,70.99002800000001,879700
10075,2020-03-02,71.910004,73.099998,70.57,73.050003,72.488419,739400
10076,2020-03-03,73.120003,73.510002,69.639999,70.230003,69.690102,768400
10077,2020-03-04,71.150002,71.650002,69.910004,71.550003,70.999954,495500
10078,2020-03-05,69.910004,70.18,67.870003,68.360001,67.83448,643800
10079,2020-03-06,66.470001,67.760002,65.269997,66.25,65.7407,879900
10080,2020-03-09,62.34,62.93,58.66,59.209998999999996,58.754814,937300
10081,2020-03-10,61.080002,62.279999,58.93,62.189999,61.711906000000006,539000
10082,2020-03-11,60.509997999999996,60.549999,54.830002,55.57,55.142799,700200
10083,2020-03-12,51.68,53.66,48.900002,51.610001000000004,51.213242,1055700
10084,2020-03-13,54.439999,54.869999,49.709998999999996,53.080002,52.67194,592900
10085,2020-03-16,47.299999,50.369999,45.790001000000004,46.639998999999996,46.281448,663900
10086,2020-03-17,47.639998999999996,49.59,45.369999,48.779999,48.404995,882300
10087,2020-03-18,45.669998,46.610001000000004,39.98,43.0,42.669434,899800
10088,2020-03-19,42.389998999999996,46.02,41.209998999999996,45.490002000000004,45.140289,700500
10089,2020-03-20,45.950001,45.98,41.540001000000004,42.610001000000004,42.282433000000005,1904400
10090,2020-03-23,41.93,42.32,38.880001,39.759997999999996,39.454338,670600
10091,2020-03-24,41.939999,43.740002000000004,41.040001000000004,42.490002000000004,42.163357,1190500
10092,2020-03-25,42.720001,48.040001000000004,41.860001000000004,46.82,46.460064,1090300
10093,2020-03-26,47.75,52.099998,47.009997999999996,51.48,51.084244,717600
10094,2020-03-27,49.02,51.779999,49.0,50.509997999999996,50.121696,559600
10095,2020-03-30,50.5,52.549999,49.490002000000004,52.209998999999996,51.808628000000006,612400
10096,2020-03-31,52.049999,52.049999,49.23,50.07,49.685081,1076400
10097,2020-04-01,47.82,48.939999,46.630001,47.290001000000004,46.926453,603400
10098,2020-04-02,47.299999,49.459998999999996,46.93,48.009997999999996,47.640915,518300
10099,2020-04-03,47.790001000000004,49.209998999999996,46.630001,46.91,46.549374,534600
10100,2020-04-06,49.419998,50.959998999999996,49.0,50.290001000000004,49.903389000000004,361300
10101,2020-04-07,52.849998,53.389998999999996,50.950001,51.200001,50.806393,414500
10102,2020-04-08,51.900002,54.02,50.91,53.299999,52.890246999999995,443300
10103,2020-04-09,54.32,58.189999,53.639998999999996,57.639998999999996,57.196884,432100
10104,2020-04-13,58.119999,58.540001000000004,55.830002,56.290001000000004,55.857265000000005,482700
10105,2020-04-14,57.66,57.93,56.509997999999996,56.810001,56.373268,512600
10106,2020-04-15,54.470001,55.200001,53.43,54.389998999999996,53.971867,440900
10107,2020-04-16,55.139998999999996,55.810001,53.240002000000004,55.59,55.162647,846000
10108,2020-04-17,57.16,58.650002,55.880001,56.799999,56.363342,920100
10109,2020-04-20,55.75,56.57,54.779999,55.279999,54.855026,458600
10110,2020-04-21,53.610001000000004,54.549999,53.540001000000004,54.0,53.584869,692300
10111,2020-04-22,55.459998999999996,55.459998999999996,53.860001000000004,54.73,54.30925799999999,345800
10112,2020-04-23,55.240002000000004,56.41,55.0,55.610001000000004,55.182491000000006,467400
10113,2020-04-24,56.16,56.869999,55.459998999999996,56.610001000000004,56.174805000000006,365700
10114,2020-04-27,56.849998,59.259997999999996,56.59,58.950001,58.496815000000005,496300
10115,2020-04-28,60.169998,61.970001,59.380001,59.970001,59.508976000000004,772800
10116,2020-04-29,61.82,64.139999,61.119999,63.57,63.081299,573000
10117,2020-04-30,62.450001,62.450001,60.689999,61.689999,61.215752,607800
10118,2020-05-01,60.459998999999996,60.459998999999996,57.790001000000004,58.84,58.387661,372400
10119,2020-05-04,58.169998,59.380001,57.529999,59.16,58.7052,376100
10120,2020-05-05,60.400002,61.389998999999996,59.709998999999996,59.740002000000004,59.28074300000001,333200
10121,2020-05-06,56.52,60.349998,55.700001,59.130001,58.675430000000006,669600
10122,2020-05-07,60.330002,60.869999,59.610001000000004,60.060001,59.598286,482100
10123,2020-05-08,61.439999,62.540001000000004,61.25,62.27,61.791290000000004,556100
10124,2020-05-11,61.32,62.189999,60.150002,61.66,61.185978000000006,833300
10125,2020-05-12,62.02,62.02,59.990002000000004,60.060001,59.598286,545500
10126,2020-05-13,59.540001000000004,59.669998,56.790001000000004,57.639998999999996,57.196884,337400
10127,2020-05-14,56.439999,59.169998,55.41,59.060001,58.605968000000004,509100
10128,2020-05-15,58.779999,60.43,58.5,59.07,58.615894,885400
10129,2020-05-18,61.029999,62.5,60.25,61.459998999999996,60.98751800000001,650900
10130,2020-05-19,61.110001000000004,61.759997999999996,60.389998999999996,60.689999,60.223434,520100
10131,2020-05-20,61.650002,63.369999,61.650002,62.889998999999996,62.406525,341100
10132,2020-05-21,62.529999,64.400002,62.529999,64.010002,63.517918,733800
10133,2020-05-22,63.790001000000004,63.919998,62.810001,63.48,62.991989000000004,339600
10134,2020-05-26,65.790001,67.720001,65.790001,67.0,66.48492399999999,388100
10135,2020-05-27,68.309998,69.360001,67.239998,68.389999,67.864243,491600
10136,2020-05-28,69.150002,69.150002,67.41999799999999,67.790001,67.26886,276100
10137,2020-05-29,67.08000200000001,67.68,66.08000200000001,67.160004,66.915154,474500
10138,2020-06-01,67.230003,67.610001,66.610001,67.120003,66.875298,411300
10139,2020-06-02,67.32,68.970001,67.150002,68.75,68.499352,344800
10140,2020-06-03,69.989998,70.690002,69.68,69.970001,69.714905,515700
10141,2020-06-04,69.410004,71.480003,68.879997,71.480003,71.219406,495700
10142,2020-06-05,74.25,74.839996,71.93,72.010002,71.747467,828700
10143,2020-06-08,72.58000200000001,74.790001,72.459999,73.980003,73.710289,489100
10144,2020-06-09,72.83000200000001,73.739998,71.529999,72.699997,72.434952,379400
10145,2020-06-10,72.720001,72.720001,68.93,69.510002,69.256584,604500
10146,2020-06-11,66.58000200000001,66.83000200000001,63.619999,64.059998,63.82645,408100
10147,2020-06-12,66.839996,67.83000200000001,65.279999,66.58000200000001,66.337265,459600
10148,2020-06-15,64.239998,67.91999799999999,64.160004,67.900002,67.652451,475400
10149,2020-06-16,70.83000200000001,70.910004,68.550003,69.300003,69.047348,445200
10150,2020-06-17,69.93,70.279999,68.690002,69.260002,69.007492,294200
10151,2020-06-18,68.910004,69.879997,68.82,69.099998,68.848076,223500
10152,2020-06-19,69.730003,70.300003,68.370003,68.75,68.499352,363500
10153,2020-06-22,68.309998,68.93,67.150002,68.410004,68.160599,381100
10154,2020-06-23,69.260002,69.349998,67.82,67.900002,67.652451,387000
10155,2020-06-24,67.279999,67.900002,66.309998,67.33000200000001,67.08453399999999,388700
10156,2020-06-25,66.91999799999999,68.220001,66.400002,68.139999,67.89157900000001,224500
10157,2020-06-26,67.639999,67.940002,66.150002,66.519997,66.27748100000001,588900
10158,2020-06-29,67.610001,68.82,67.190002,68.459999,68.210411,335100
10159,2020-06-30,68.489998,69.440002,67.720001,69.099998,68.848076,416700
10160,2020-07-01,69.120003,69.720001,68.32,68.510002,68.260231,560100
10161,2020-07-02,69.839996,71.160004,68.889999,69.699997,69.445885,426400
10162,2020-07-06,71.239998,71.239998,69.269997,70.139999,69.88428499999999,460000
10163,2020-07-07,69.209999,69.75,68.730003,69.040001,68.7883,352300
10164,2020-07-08,68.970001,69.309998,67.389999,68.199997,67.951355,313800
10165,2020-07-09,68.41999799999999,68.41999799999999,66.33000200000001,67.370003,67.12439,245600
10166,2020-07-10,67.540001,68.989998,67.43,68.940002,68.68866,173700
10167,2020-07-13,69.559998,69.860001,68.190002,68.290001,68.041031,426300
10168,2020-07-14,68.349998,70.110001,67.940002,69.730003,69.47578399999999,1162800
10169,2020-07-15,71.389999,72.949997,70.489998,72.720001,72.45488,683700
10170,2020-07-16,72.519997,72.519997,71.68,71.980003,71.71758299999999,419800
10171,2020-07-17,75.0,78.0,75.0,76.5,76.2211,926700
10172,2020-07-20,76.620003,77.300003,75.010002,75.650002,75.374199,409500
10173,2020-07-21,76.040001,76.589996,75.629997,76.529999,76.250984,540200
10174,2020-07-22,75.83000200000001,78.849998,75.83000200000001,78.599998,78.313438,724400
10175,2020-07-23,78.160004,79.440002,77.5,78.110001,77.825226,357400
10176,2020-07-24,77.68,77.959999,77.18,77.809998,77.526321,243900
10177,2020-07-27,77.589996,79.800003,77.5,79.650002,79.359619,517300
10178,2020-07-28,79.089996,79.300003,77.599998,78.529999,78.243698,332300
10179,2020-07-29,79.07,79.300003,76.589996,77.690002,77.406761,697500
10180,2020-07-30,76.410004,76.800003,74.860001,75.400002,75.125107,427100
10181,2020-07-31,75.050003,75.5,73.93,75.480003,75.204819,766800
10182,2020-08-03,75.779999,77.459999,75.08000200000001,76.879997,76.59970899999999,334200
10183,2020-08-04,76.610001,77.639999,76.379997,77.269997,76.988289,298500
10184,2020-08-05,77.849998,78.83000200000001,77.650002,78.709999,78.42304200000001,575000
10185,2020-08-06,78.779999,79.019997,78.25,78.610001,78.323402,296800
10186,2020-08-07,78.360001,79.410004,78.160004,79.379997,79.090599,255600
10187,2020-08-10,79.410004,79.910004,78.709999,78.93,78.64224200000001,386200
10188,2020-08-11,79.82,79.940002,77.470001,77.599998,77.31708499999999,499600
10189,2020-08-12,78.550003,78.68,77.660004,78.260002,77.974686,330600
10190,2020-08-13,78.129997,78.75,77.639999,77.879997,77.596062,284800
10191,2020-08-14,77.18,77.790001,76.639999,77.010002,76.72924,558800
10192,2020-08-17,77.589996,77.93,76.660004,77.010002,76.72924,308700
10193,2020-08-18,76.550003,77.089996,75.360001,76.339996,76.061676,435600
10194,2020-08-19,76.449997,76.599998,75.559998,75.66999799999999,75.39411899999999,225900
10195,2020-08-20,74.779999,75.58000200000001,74.690002,75.120003,74.84613,190700
10196,2020-08-21,74.870003,75.370003,74.379997,75.230003,74.95573399999999,636000
10197,2020-08-24,76.07,77.16999799999999,75.5,77.150002,76.868729,416600
10198,2020-08-25,77.32,77.470001,75.529999,75.900002,75.623283,270900
10199,2020-08-26,75.889999,76.279999,75.480003,76.029999,75.752808,248000
10200,2020-08-27,76.459999,76.5,75.199997,75.58000200000001,75.304451,416000
10201,2020-08-28,75.66999799999999,75.66999799999999,74.959999,75.43,75.154999,282000
10202,2020-08-31,75.059998,75.389999,73.660004,73.690002,73.690002,289200
10203,2020-09-01,73.309998,75.970001,72.550003,75.959999,75.959999,372600
10204,2020-09-02,75.839996,76.739998,74.989998,76.58000200000001,76.58000200000001,393700
10205,2020-09-03,77.150002,77.160004,73.410004,73.940002,73.940002,278600
10206,2020-09-04,74.589996,74.980003,72.790001,74.550003,74.550003,329200
10207,2020-09-08,73.550003,74.010002,71.879997,73.370003,73.370003,725100
10208,2020-09-09,73.989998,74.709999,73.07,74.190002,74.190002,373600
10209,2020-09-10,74.279999,74.43,73.32,73.349998,73.349998,334000
10210,2020-09-11,73.629997,73.639999,72.300003,72.970001,72.970001,352800
10211,2020-09-14,73.690002,73.849998,72.860001,73.059998,73.059998,459800
10212,2020-09-15,73.139999,73.389999,72.550003,73.029999,73.029999,596700
10213,2020-09-16,73.019997,74.440002,72.849998,73.470001,73.470001,573100
10214,2020-09-17,72.709999,73.040001,71.879997,72.470001,72.470001,526700
10215,2020-09-18,72.639999,72.790001,70.290001,71.07,71.07,1889200
10216,2020-09-21,69.68,69.949997,67.459999,68.639999,68.639999,525500
10217,2020-09-22,68.639999,69.150002,68.18,68.839996,68.839996,591700
10218,2020-09-23,68.480003,68.970001,67.449997,67.480003,67.480003,733800
10219,2020-09-24,67.58000200000001,69.879997,66.949997,69.480003,69.480003,1009000
10220,2020-09-25,68.91999799999999,70.190002,68.779999,69.18,69.18,418400
10221,2020-09-28,70.550003,72.339996,70.43,71.849998,71.849998,438700
