,Date,Open,High,Low,Close,Adj Close,Volume
0,1980-03-17,0.0,1.555556,1.444444,1.444444,1.231933,2700
1,1980-03-18,0.0,1.481481,1.37037,1.37037,1.168757,21600
2,1980-03-19,0.0,1.444444,1.333333,1.333333,1.137169,4000
3,1980-03-20,0.0,1.444444,1.333333,1.333333,1.137169,6700
4,1980-03-21,0.0,1.444444,1.333333,1.333333,1.137169,4000
5,1980-03-24,0.0,1.407407,1.296296,1.296296,1.105582,1300
6,1980-03-25,0.0,1.296296,1.185185,1.185185,1.010817,10000
7,1980-03-26,0.0,1.296296,1.185185,1.185185,1.010817,1900
8,1980-03-27,0.0,1.222222,1.111111,1.111111,0.947641,13500
9,1980-03-28,0.0,1.222222,1.111111,1.111111,0.947641,2700
10,1980-03-31,0.0,1.259259,1.148148,1.148148,0.9792290000000001,6000
11,1980-04-01,0.0,1.296296,1.185185,1.185185,1.010817,4600
12,1980-04-02,1.185185,1.185185,1.185185,1.185185,1.010817,0
13,1980-04-03,1.185185,1.185185,1.185185,1.185185,1.010817,0
14,1980-04-07,0.0,1.333333,1.222222,1.222222,1.042405,17500
15,1980-04-08,0.0,1.259259,1.148148,1.148148,0.9792290000000001,18100
16,1980-04-09,0.0,1.259259,1.148148,1.148148,0.9792290000000001,6700
17,1980-04-10,1.148148,1.148148,1.148148,1.148148,0.9792290000000001,0
18,1980-04-11,0.0,1.259259,1.148148,1.148148,0.9792290000000001,2700
19,1980-04-14,0.0,1.259259,1.148148,1.148148,0.9792290000000001,27600
20,1980-04-15,0.0,1.222222,1.111111,1.111111,0.947641,14800
21,1980-04-16,0.0,1.222222,1.111111,1.111111,0.947641,7300
22,1980-04-17,0.0,1.185185,1.074074,1.074074,0.9160530000000001,1300
23,1980-04-18,0.0,1.185185,1.074074,1.074074,0.9160530000000001,10000
24,1980-04-21,0.0,1.185185,1.074074,1.074074,0.9160530000000001,1300
25,1980-04-22,0.0,1.185185,1.074074,1.074074,0.9160530000000001,3300
26,1980-04-23,0.0,1.259259,1.148148,1.148148,0.9792290000000001,29700
27,1980-04-24,0.0,1.222222,1.111111,1.111111,0.947641,7300
28,1980-04-25,0.0,1.259259,1.148148,1.148148,0.9792290000000001,12700
29,1980-04-28,0.0,1.222222,1.111111,1.111111,0.947641,32400
30,1980-04-29,0.0,1.259259,1.148148,1.148148,0.9792290000000001,21600
31,1980-04-30,0.0,1.259259,1.148148,1.148148,0.9792290000000001,600
32,1980-05-01,0.0,1.259259,1.148148,1.148148,0.9792290000000001,8700
33,1980-05-02,0.0,1.259259,1.148148,1.148148,0.9792290000000001,9400
34,1980-05-05,1.148148,1.148148,1.148148,1.148148,0.9792290000000001,0
35,1980-05-06,0.0,1.296296,1.185185,1.185185,1.010817,12700
36,1980-05-07,0.0,1.444444,1.333333,1.333333,1.137169,20800
37,1980-05-08,0.0,1.37037,1.259259,1.259259,1.073993,8100
38,1980-05-09,1.259259,1.259259,1.259259,1.259259,1.073993,0
39,1980-05-12,1.259259,1.259259,1.259259,1.259259,1.073993,0
40,1980-05-13,0.0,1.407407,1.296296,1.296296,1.105582,7300
41,1980-05-14,0.0,1.37037,1.259259,1.259259,1.073993,18900
42,1980-05-15,1.259259,1.259259,1.259259,1.259259,1.073993,0
43,1980-05-16,0.0,1.37037,1.259259,1.259259,1.073993,6000
44,1980-05-19,1.259259,1.259259,1.259259,1.259259,1.073993,0
45,1980-05-20,0.0,1.37037,1.259259,1.259259,1.073993,6000
46,1980-05-21,0.0,1.333333,1.222222,1.222222,1.042405,9400
47,1980-05-22,0.0,1.333333,1.222222,1.222222,1.042405,4600
48,1980-05-23,0.0,1.37037,1.259259,1.259259,1.073993,12700
49,1980-05-27,0.0,1.444444,1.333333,1.333333,1.137169,9400
50,1980-05-28,0.0,1.444444,1.333333,1.333333,1.137169,8700
51,1980-05-29,0.0,1.444444,1.333333,1.333333,1.137169,13500
52,1980-05-30,0.0,1.481481,1.37037,1.37037,1.168757,22200
53,1980-06-02,0.0,1.518519,1.407407,1.407407,1.200346,18100
54,1980-06-03,0.0,1.555556,1.444444,1.444444,1.231933,23500
55,1980-06-04,0.0,1.666667,1.555556,1.555556,1.326698,37000
56,1980-06-05,0.0,1.666667,1.555556,1.555556,1.326698,13500
57,1980-06-06,0.0,1.666667,1.555556,1.555556,1.326698,3300
58,1980-06-09,0.0,1.666667,1.555556,1.555556,1.326698,2700
59,1980-06-10,0.0,1.666667,1.555556,1.555556,1.326698,16200
60,1980-06-11,0.0,1.62963,1.518519,1.518519,1.29511,11400
61,1980-06-12,0.0,1.62963,1.518519,1.518519,1.29511,18100
62,1980-06-13,0.0,1.62963,1.518519,1.518519,1.29511,3300
63,1980-06-16,0.0,1.62963,1.518519,1.518519,1.29511,1300
64,1980-06-17,0.0,1.62963,1.518519,1.518519,1.29511,10000
65,1980-06-18,0.0,1.592593,1.481481,1.481481,1.263521,5400
66,1980-06-19,0.0,1.518519,1.407407,1.407407,1.200346,20800
67,1980-06-20,0.0,1.518519,1.407407,1.407407,1.200346,1900
68,1980-06-23,1.407407,1.407407,1.407407,1.407407,1.200346,0
69,1980-06-24,0.0,1.444444,1.333333,1.333333,1.137169,22900
70,1980-06-25,1.333333,1.333333,1.333333,1.333333,1.137169,0
71,1980-06-26,0.0,1.518519,1.407407,1.407407,1.200346,16200
72,1980-06-27,0.0,1.518519,1.407407,1.407407,1.200346,14800
73,1980-06-30,0.0,1.518519,1.407407,1.407407,1.200346,4000
74,1980-07-01,0.0,1.555556,1.444444,1.444444,1.231933,31600
75,1980-07-02,0.0,1.555556,1.444444,1.444444,1.231933,8100
76,1980-07-03,0.0,1.592593,1.481481,1.481481,1.263521,14100
77,1980-07-07,0.0,1.592593,1.518519,1.518519,1.29511,10800
78,1980-07-08,0.0,1.592593,1.518519,1.518519,1.29511,5400
79,1980-07-09,0.0,1.592593,1.518519,1.518519,1.29511,10000
80,1980-07-10,0.0,1.555556,1.518519,1.518519,1.29511,7300
81,1980-07-11,0.0,1.592593,1.518519,1.518519,1.29511,39100
82,1980-07-14,0.0,1.592593,1.518519,1.518519,1.29511,12700
83,1980-07-15,0.0,1.555556,1.481481,1.481481,1.263521,7300
84,1980-07-16,0.0,1.518519,1.444444,1.444444,1.231933,28300
85,1980-07-17,0.0,1.518519,1.444444,1.444444,1.231933,4000
86,1980-07-18,1.444444,1.444444,1.444444,1.444444,1.231933,0
87,1980-07-21,0.0,1.518519,1.444444,1.444444,1.231933,4000
88,1980-07-22,0.0,1.481481,1.444444,1.444444,1.231933,8700
89,1980-07-23,1.444444,1.444444,1.444444,1.444444,1.231933,0
90,1980-07-24,0.0,1.518519,1.444444,1.444444,1.231933,18900
91,1980-07-25,0.0,1.518519,1.444444,1.444444,1.231933,16200
92,1980-07-28,0.0,1.518519,1.444444,1.444444,1.231933,8100
93,1980-07-29,0.0,1.518519,1.444444,1.444444,1.231933,10800
94,1980-07-30,0.0,1.518519,1.444444,1.444444,1.231933,16800
95,1980-07-31,0.0,1.481481,1.444444,1.444444,1.231933,27000
96,1980-08-01,0.0,1.481481,1.425926,1.425926,1.21614,74200
97,1980-08-04,0.0,1.5,1.425926,1.425926,1.21614,61300
98,1980-08-05,0.0,1.444444,1.407407,1.407407,1.200346,31000
99,1980-08-06,0.0,1.407407,1.37037,1.37037,1.168757,59400
100,1980-08-07,0.0,1.407407,1.37037,1.37037,1.168757,8100
101,1980-08-08,0.0,1.407407,1.333333,1.333333,1.137169,8100
102,1980-08-11,0.0,1.296296,1.259259,1.259259,1.073993,72900
103,1980-08-12,0.0,1.333333,1.296296,1.296296,1.105582,36400
104,1980-08-13,0.0,1.296296,1.259259,1.259259,1.073993,23500
105,1980-08-14,0.0,1.333333,1.259259,1.259259,1.073993,20200
106,1980-08-15,0.0,1.37037,1.333333,1.333333,1.137169,34300
107,1980-08-18,0.0,1.333333,1.259259,1.259259,1.073993,19500
108,1980-08-19,0.0,1.333333,1.259259,1.259259,1.073993,18900
109,1980-08-20,0.0,1.333333,1.259259,1.259259,1.073993,8100
110,1980-08-21,0.0,1.333333,1.296296,1.296296,1.105582,5400
111,1980-08-22,0.0,1.444444,1.407407,1.407407,1.200346,27000
112,1980-08-25,0.0,1.388889,1.37037,1.37037,1.168757,48600
113,1980-08-26,0.0,1.407407,1.351852,1.351852,1.1529639999999999,10000
114,1980-08-27,0.0,1.407407,1.351852,1.351852,1.1529639999999999,3300
115,1980-08-28,0.0,1.407407,1.37037,1.37037,1.168757,2700
116,1980-08-29,0.0,1.444444,1.388889,1.388889,1.1845510000000001,25600
117,1980-09-02,0.0,1.425926,1.37037,1.37037,1.168757,4600
118,1980-09-03,0.0,1.444444,1.37037,1.37037,1.168757,6000
119,1980-09-04,0.0,1.407407,1.351852,1.351852,1.1529639999999999,20200
120,1980-09-05,0.0,1.407407,1.37037,1.37037,1.168757,8700
121,1980-09-08,0.0,1.407407,1.333333,1.333333,1.137169,29700
122,1980-09-09,0.0,1.407407,1.351852,1.351852,1.1529639999999999,6700
123,1980-09-10,0.0,1.407407,1.37037,1.37037,1.168757,14100
124,1980-09-11,0.0,1.407407,1.351852,1.351852,1.1529639999999999,12700
125,1980-09-12,0.0,1.37037,1.333333,1.333333,1.137169,14800
126,1980-09-15,0.0,1.277778,1.185185,1.185185,1.010817,32400
127,1980-09-16,0.0,1.277778,1.222222,1.222222,1.042405,10000
128,1980-09-17,0.0,1.203704,1.148148,1.148148,0.9792290000000001,90400
129,1980-09-18,0.0,1.259259,1.185185,1.185185,1.010817,74800
130,1980-09-19,0.0,1.240741,1.185185,1.185185,1.010817,28300
131,1980-09-22,0.0,1.259259,1.203704,1.203704,1.0266110000000002,20800
132,1980-09-23,0.0,1.259259,1.222222,1.222222,1.042405,12700
133,1980-09-24,0.0,1.259259,1.203704,1.203704,1.0266110000000002,13500
134,1980-09-25,0.0,1.259259,1.203704,1.203704,1.0266110000000002,33000
135,1980-09-26,0.0,1.222222,1.185185,1.185185,1.010817,22900
136,1980-09-29,0.0,1.203704,1.148148,1.148148,0.9792290000000001,13500
137,1980-09-30,0.0,1.222222,1.148148,1.148148,0.9792290000000001,24300
138,1980-10-01,0.0,1.222222,1.148148,1.148148,0.9792290000000001,33000
139,1980-10-02,0.0,1.148148,1.111111,1.111111,0.947641,22900
140,1980-10-03,0.0,1.166667,1.111111,1.111111,0.947641,16800
141,1980-10-06,0.0,1.185185,1.111111,1.111111,0.947641,31600
142,1980-10-07,0.0,1.166667,1.111111,1.111111,0.947641,6700
143,1980-10-08,0.0,1.185185,1.148148,1.148148,0.9792290000000001,49900
144,1980-10-09,0.0,1.185185,1.148148,1.148148,0.9792290000000001,600
145,1980-10-10,0.0,1.185185,1.148148,1.148148,0.9792290000000001,132900
146,1980-10-13,0.0,1.185185,1.148148,1.148148,0.9792290000000001,12700
147,1980-10-14,0.0,1.166667,1.111111,1.111111,0.947641,12700
148,1980-10-15,0.0,1.185185,1.111111,1.111111,0.947641,8100
149,1980-10-16,0.0,1.148148,1.092593,1.092593,0.931847,18900
150,1980-10-17,0.0,1.148148,1.074074,1.074074,0.9160530000000001,13500
151,1980-10-20,0.0,1.148148,1.074074,1.074074,0.9160530000000001,16800
152,1980-10-21,0.0,1.148148,1.074074,1.074074,0.9160530000000001,4000
153,1980-10-22,0.0,1.148148,1.074074,1.074074,0.9160530000000001,6700
154,1980-10-23,0.0,1.12963,1.074074,1.074074,0.9160530000000001,40500
155,1980-10-24,0.0,1.12963,1.074074,1.074074,0.9160530000000001,8700
156,1980-10-27,0.0,1.092593,1.037037,1.037037,0.884465,39100
157,1980-10-28,0.0,1.074074,1.0,1.0,0.852877,33700
158,1980-10-29,0.0,1.148148,1.074074,1.074074,0.9160530000000001,35100
159,1980-10-30,0.0,1.296296,1.222222,1.222222,1.042405,118000
160,1980-10-31,0.0,1.222222,1.166667,1.166667,0.995023,153100
161,1980-11-03,0.0,1.314815,1.259259,1.259259,1.073993,104500
162,1980-11-05,0.0,1.444444,1.37037,1.37037,1.168757,117400
163,1980-11-06,0.0,1.444444,1.37037,1.37037,1.168757,104500
164,1980-11-07,0.0,1.444444,1.37037,1.37037,1.168757,57300
165,1980-11-10,0.0,1.444444,1.388889,1.388889,1.1845510000000001,40500
166,1980-11-11,0.0,1.444444,1.425926,1.425926,1.21614,54600
167,1980-11-12,0.0,1.481481,1.425926,1.425926,1.21614,74200
168,1980-11-13,0.0,1.444444,1.407407,1.407407,1.200346,62100
169,1980-11-14,0.0,1.407407,1.333333,1.333333,1.137169,95100
170,1980-11-17,0.0,1.407407,1.351852,1.351852,1.1529639999999999,46500
171,1980-11-18,0.0,1.407407,1.37037,1.37037,1.168757,29700
172,1980-11-19,0.0,1.444444,1.407407,1.407407,1.200346,83700
173,1980-11-20,0.0,1.462963,1.407407,1.407407,1.200346,73500
174,1980-11-21,0.0,1.444444,1.407407,1.407407,1.200346,27000
175,1980-11-24,0.0,1.481481,1.425926,1.425926,1.21614,22900
176,1980-11-25,0.0,1.425926,1.407407,1.407407,1.200346,18900
177,1980-11-26,0.0,1.444444,1.37037,1.37037,1.168757,42400
178,1980-11-28,0.0,1.37037,1.296296,1.296296,1.105582,42400
179,1980-12-01,0.0,1.333333,1.296296,1.296296,1.105582,6000
180,1980-12-02,0.0,1.351852,1.296296,1.296296,1.105582,3300
181,1980-12-03,0.0,1.333333,1.259259,1.259259,1.073993,10800
182,1980-12-04,0.0,1.333333,1.259259,1.259259,1.073993,14100
183,1980-12-05,0.0,1.333333,1.259259,1.259259,1.073993,4600
184,1980-12-08,0.0,1.277778,1.222222,1.222222,1.042405,11400
185,1980-12-09,0.0,1.222222,1.148148,1.148148,0.9792290000000001,47200
186,1980-12-10,0.0,1.185185,1.148148,1.148148,0.9792290000000001,600
187,1980-12-11,0.0,1.148148,1.074074,1.074074,0.9160530000000001,12700
188,1980-12-12,0.0,1.111111,1.074074,1.074074,0.9160530000000001,15400
189,1980-12-15,0.0,1.111111,1.074074,1.074074,0.9160530000000001,14100
190,1980-12-16,0.0,1.111111,1.074074,1.074074,0.9160530000000001,11400
191,1980-12-17,0.0,1.092593,1.037037,1.037037,0.884465,35100
192,1980-12-18,0.0,1.148148,1.092593,1.092593,0.931847,24300
193,1980-12-19,0.0,1.148148,1.092593,1.092593,0.931847,13500
194,1980-12-22,0.0,1.185185,1.148148,1.148148,0.9792290000000001,19500
195,1980-12-23,0.0,1.203704,1.148148,1.148148,0.9792290000000001,8700
196,1980-12-24,0.0,1.203704,1.148148,1.148148,0.9792290000000001,4000
197,1980-12-26,0.0,1.222222,1.185185,1.185185,1.010817,8700
198,1980-12-29,0.0,1.222222,1.185185,1.185185,1.010817,20200
199,1980-12-30,0.0,1.259259,1.185185,1.185185,1.010817,20200
200,1980-12-31,0.0,1.259259,1.203704,1.203704,1.0266110000000002,39700
201,1981-01-02,0.0,1.259259,1.222222,1.222222,1.042405,10800
202,1981-01-05,0.0,1.296296,1.259259,1.259259,1.073993,22200
203,1981-01-06,0.0,1.444444,1.407407,1.407407,1.200346,44500
204,1981-01-07,0.0,1.37037,1.333333,1.333333,1.137169,91000
205,1981-01-08,0.0,1.296296,1.240741,1.240741,1.058199,45900
206,1981-01-09,0.0,1.296296,1.222222,1.222222,1.042405,5400
207,1981-01-12,0.0,1.296296,1.240741,1.240741,1.058199,9400
208,1981-01-13,0.0,1.296296,1.259259,1.259259,1.073993,15400
209,1981-01-14,0.0,1.314815,1.296296,1.296296,1.105582,13500
210,1981-01-15,0.0,1.37037,1.296296,1.296296,1.105582,12100
211,1981-01-16,0.0,1.333333,1.296296,1.296296,1.105582,4000
212,1981-01-19,0.0,1.333333,1.296296,1.296296,1.105582,30300
213,1981-01-20,0.0,1.333333,1.259259,1.259259,1.073993,11400
214,1981-01-21,0.0,1.314815,1.222222,1.222222,1.042405,3300
215,1981-01-22,0.0,1.333333,1.259259,1.259259,1.073993,7300
216,1981-01-23,0.0,1.240741,1.185185,1.185185,1.010817,45100
217,1981-01-26,0.0,1.166667,1.111111,1.111111,0.947641,17500
218,1981-01-27,0.0,1.259259,1.203704,1.203704,1.0266110000000002,49900
219,1981-01-28,0.0,1.240741,1.185185,1.185185,1.010817,3300
220,1981-01-29,0.0,1.259259,1.185185,1.185185,1.010817,11400
221,1981-01-30,0.0,1.222222,1.185185,1.185185,1.010817,15400
222,1981-02-02,0.0,1.185185,1.148148,1.148148,0.9792290000000001,3300
223,1981-02-03,0.0,1.185185,1.111111,1.111111,0.947641,3300
224,1981-02-04,0.0,1.166667,1.074074,1.074074,0.9160530000000001,7300
225,1981-02-05,0.0,1.111111,1.055556,1.055556,0.900259,65400
226,1981-02-06,1.055556,1.055556,1.055556,1.055556,0.900259,0
227,1981-02-09,0.0,1.111111,1.055556,1.055556,0.900259,35100
228,1981-02-10,0.0,1.111111,1.074074,1.074074,0.9160530000000001,4000
229,1981-02-11,0.0,1.111111,1.055556,1.055556,0.900259,12100
230,1981-02-12,0.0,1.148148,1.111111,1.111111,0.947641,56700
231,1981-02-13,0.0,1.222222,1.148148,1.148148,0.9792290000000001,33700
232,1981-02-17,0.0,1.296296,1.185185,1.185185,1.010817,32400
233,1981-02-18,0.0,1.259259,1.222222,1.222222,1.042405,45900
234,1981-02-19,0.0,1.259259,1.222222,1.222222,1.042405,32400
235,1981-02-20,0.0,1.259259,1.222222,1.222222,1.042405,20200
236,1981-02-23,0.0,1.259259,1.222222,1.222222,1.042405,14100
237,1981-02-24,0.0,1.259259,1.222222,1.222222,1.042405,15400
238,1981-02-25,0.0,1.222222,1.185185,1.185185,1.010817,16200
239,1981-02-26,0.0,1.240741,1.185185,1.185185,1.010817,31000
240,1981-02-27,0.0,1.240741,1.185185,1.185185,1.010817,1900
241,1981-03-02,0.0,1.259259,1.185185,1.185185,1.010817,61300
242,1981-03-03,0.0,1.259259,1.185185,1.185185,1.010817,13500
243,1981-03-04,0.0,1.259259,1.203704,1.203704,1.0266110000000002,12100
244,1981-03-05,0.0,1.259259,1.222222,1.222222,1.042405,50500
245,1981-03-06,0.0,1.333333,1.296296,1.296296,1.105582,56700
246,1981-03-09,0.0,1.407407,1.37037,1.37037,1.168757,75600
247,1981-03-10,0.0,1.444444,1.407407,1.407407,1.200346,22200
248,1981-03-11,0.0,1.444444,1.407407,1.407407,1.200346,24900
249,1981-03-12,0.0,1.444444,1.388889,1.388889,1.1845510000000001,17500
250,1981-03-13,0.0,1.444444,1.37037,1.37037,1.168757,8700
251,1981-03-16,0.0,1.462963,1.407407,1.407407,1.200346,19500
252,1981-03-17,0.0,1.444444,1.407407,1.407407,1.200346,8100
253,1981-03-18,0.0,1.462963,1.407407,1.407407,1.200346,14800
254,1981-03-19,0.0,1.462963,1.407407,1.407407,1.200346,6000
255,1981-03-20,0.0,1.462963,1.425926,1.425926,1.21614,34300
256,1981-03-23,0.0,1.444444,1.425926,1.425926,1.21614,10000
257,1981-03-24,0.0,1.462963,1.425926,1.425926,1.21614,66700
258,1981-03-25,0.0,1.444444,1.407407,1.407407,1.200346,8700
259,1981-03-26,0.0,1.481481,1.407407,1.407407,1.200346,16800
260,1981-03-27,0.0,1.481481,1.444444,1.444444,1.231933,49200
261,1981-03-30,0.0,1.481481,1.444444,1.444444,1.231933,16200
262,1981-03-31,0.0,1.518519,1.462963,1.462963,1.2477280000000002,24900
263,1981-04-01,0.0,1.518519,1.481481,1.481481,1.263521,29700
264,1981-04-02,0.0,1.537037,1.481481,1.481481,1.263521,9400
265,1981-04-03,0.0,1.518519,1.481481,1.481481,1.263521,12100
266,1981-04-06,0.0,1.481481,1.407407,1.407407,1.200346,25600
267,1981-04-07,0.0,1.481481,1.444444,1.444444,1.231933,17500
268,1981-04-08,0.0,1.481481,1.425926,1.425926,1.21614,33000
269,1981-04-09,0.0,1.462963,1.425926,1.425926,1.21614,14800
270,1981-04-10,0.0,1.481481,1.462963,1.462963,1.2477280000000002,35700
271,1981-04-13,0.0,1.518519,1.462963,1.462963,1.2477280000000002,14800
272,1981-04-14,0.0,1.462963,1.407407,1.407407,1.200346,45100
273,1981-04-15,0.0,1.407407,1.351852,1.351852,1.1529639999999999,43800
274,1981-04-16,0.0,1.444444,1.388889,1.388889,1.1845510000000001,10800
275,1981-04-20,0.0,1.444444,1.388889,1.388889,1.1845510000000001,24300
276,1981-04-21,0.0,1.518519,1.462963,1.462963,1.2477280000000002,47200
277,1981-04-22,0.0,1.574074,1.518519,1.518519,1.29511,57300
278,1981-04-23,0.0,1.796296,1.7777779999999999,1.7777779999999999,1.516226,181500
279,1981-04-24,0.0,1.851852,1.7777779999999999,1.7777779999999999,1.516226,78900
280,1981-04-27,0.0,2.148148,2.074074,2.074074,1.76893,263800
281,1981-04-28,0.0,1.9259259999999998,1.888889,1.888889,1.61099,160600
282,1981-04-29,0.0,1.981481,1.9259259999999998,1.9259259999999998,1.6425779999999999,151200
283,1981-04-30,0.0,2.111111,2.055556,2.055556,1.753136,109900
284,1981-05-01,0.0,2.37037,2.3148150000000003,2.3148150000000003,1.9742529999999998,105900
285,1981-05-04,0.0,2.259259,2.203704,2.203704,1.879488,110700
286,1981-05-05,0.0,2.148148,2.111111,2.111111,1.800518,148500
287,1981-05-06,0.0,2.092592,2.0370369999999998,2.0370369999999998,1.7373419999999997,99900
288,1981-05-07,0.0,2.074074,2.0370369999999998,2.0370369999999998,1.7373419999999997,16800
289,1981-05-08,0.0,2.111111,2.074074,2.074074,1.76893,24900
290,1981-05-11,0.0,2.055556,2.0,2.0,1.705754,21600
291,1981-05-12,0.0,2.018518,2.0,2.0,1.705754,14100
292,1981-05-13,0.0,2.0,1.9259259999999998,1.9259259999999998,1.6425779999999999,71500
293,1981-05-14,0.0,2.0,1.962963,1.962963,1.674166,9400
294,1981-05-15,0.0,2.0370369999999998,1.981481,1.981481,1.68996,24900
295,1981-05-18,0.0,2.0370369999999998,1.981481,1.981481,1.68996,12700
296,1981-05-19,0.0,2.0,1.962963,1.962963,1.674166,12700
297,1981-05-20,0.0,1.981481,1.9259259999999998,1.9259259999999998,1.6425779999999999,41100
298,1981-05-21,0.0,1.962963,1.907407,1.907407,1.626784,20200
299,1981-05-22,0.0,1.962963,1.9444439999999998,1.9444439999999998,1.6583720000000002,58600
300,1981-05-26,0.0,2.0,1.9444439999999998,1.9444439999999998,1.6583720000000002,41100
301,1981-05-27,0.0,2.148148,2.111111,2.111111,1.800518,54600
302,1981-05-28,0.0,2.1851849999999997,2.148148,2.148148,1.8321060000000002,44500
303,1981-05-29,0.0,2.222222,2.1851849999999997,2.1851849999999997,1.863694,49900
304,1981-06-01,0.0,2.222222,2.1851849999999997,2.1851849999999997,1.863694,48600
305,1981-06-02,0.0,2.1851849999999997,2.148148,2.148148,1.8321060000000002,61300
306,1981-06-03,0.0,2.111111,2.074074,2.074074,1.76893,22900
307,1981-06-04,0.0,2.148148,2.111111,2.111111,1.800518,14100
308,1981-06-05,0.0,2.148148,2.111111,2.111111,1.800518,17500
309,1981-06-08,0.0,2.148148,2.111111,2.111111,1.800518,24300
310,1981-06-09,0.0,2.148148,2.111111,2.111111,1.800518,24300
311,1981-06-10,0.0,2.277778,2.259259,2.259259,1.92687,39100
312,1981-06-11,0.0,2.555556,2.518518,2.518518,2.147986,81000
313,1981-06-12,0.0,2.481482,2.444444,2.444444,2.08481,121500
314,1981-06-15,0.0,2.407408,2.37037,2.37037,2.021634,38400
315,1981-06-16,0.0,2.388889,2.333333,2.333333,1.9900470000000001,32400
316,1981-06-17,0.0,2.37037,2.351852,2.351852,2.00584,19500
317,1981-06-18,0.0,2.277778,2.259259,2.259259,1.92687,49900
318,1981-06-19,0.0,2.296296,2.259259,2.259259,1.92687,35100
319,1981-06-22,0.0,2.259259,2.222222,2.222222,1.895282,8100
320,1981-06-23,0.0,2.222222,2.1851849999999997,2.1851849999999997,1.863694,62100
321,1981-06-24,0.0,2.166667,2.12963,2.12963,1.816312,29700
322,1981-06-25,0.0,2.333333,2.277778,2.277778,1.942664,68800
323,1981-06-26,0.0,2.3148150000000003,2.259259,2.259259,1.92687,8700
324,1981-06-29,0.0,2.259259,2.222222,2.222222,1.895282,18900
325,1981-06-30,0.0,2.296296,2.259259,2.259259,1.92687,27600
326,1981-07-01,0.0,2.4629630000000002,2.407408,2.407408,2.053223,47200
327,1981-07-02,0.0,2.3148150000000003,2.296296,2.296296,1.9584580000000003,51300
328,1981-07-06,0.0,2.296296,2.259259,2.259259,1.92687,28900
329,1981-07-07,0.0,2.277778,2.222222,2.222222,1.895282,14100
330,1981-07-08,0.0,2.259259,2.222222,2.222222,1.895282,29700
331,1981-07-09,0.0,2.259259,2.222222,2.222222,1.895282,10800
332,1981-07-10,0.0,2.259259,2.222222,2.222222,1.895282,7300
333,1981-07-13,0.0,2.240741,2.1851849999999997,2.1851849999999997,1.863694,6000
334,1981-07-14,0.0,2.222222,2.1851849999999997,2.1851849999999997,1.863694,17500
335,1981-07-15,0.0,2.259259,2.203704,2.203704,1.879488,25600
336,1981-07-16,0.0,2.259259,2.222222,2.222222,1.895282,49900
337,1981-07-17,0.0,2.259259,2.222222,2.222222,1.895282,14800
338,1981-07-20,0.0,2.222222,2.1851849999999997,2.1851849999999997,1.863694,7300
339,1981-07-21,0.0,2.1851849999999997,2.12963,2.12963,1.816312,8700
340,1981-07-22,0.0,2.0370369999999998,1.962963,1.962963,1.674166,54000
341,1981-07-23,0.0,2.111111,2.055556,2.055556,1.753136,34300
342,1981-07-24,0.0,2.1851849999999997,2.12963,2.12963,1.816312,27000
343,1981-07-27,0.0,2.203704,2.1851849999999997,2.1851849999999997,1.863694,39700
344,1981-07-28,0.0,2.148148,2.111111,2.111111,1.800518,24300
345,1981-07-29,0.0,2.148148,2.111111,2.111111,1.800518,12100
346,1981-07-30,0.0,2.148148,2.111111,2.111111,1.800518,8100
347,1981-07-31,0.0,2.222222,2.1851849999999997,2.1851849999999997,1.863694,39100
348,1981-08-03,0.0,2.37037,2.333333,2.333333,1.9900470000000001,105900
349,1981-08-04,0.0,2.555556,2.518518,2.518518,2.147986,192300
350,1981-08-05,0.0,2.6851849999999997,2.666667,2.666667,2.274339,225400
351,1981-08-06,0.0,2.592592,2.555556,2.555556,2.179574,124200
352,1981-08-07,0.0,2.6851849999999997,2.62963,2.62963,2.2427509999999997,61300
353,1981-08-10,2.62963,2.62963,2.62963,2.62963,2.2427509999999997,0
354,1981-08-11,0.0,2.555556,2.518518,2.518518,2.147986,27600
355,1981-08-12,0.0,2.5370369999999998,2.481482,2.481482,2.116398,17500
356,1981-08-13,0.0,2.518518,2.481482,2.481482,2.116398,31600
357,1981-08-14,0.0,2.5,2.444444,2.444444,2.08481,20200
358,1981-08-17,0.0,2.555556,2.481482,2.481482,2.116398,57300
359,1981-08-18,0.0,2.518518,2.481482,2.481482,2.116398,30300
360,1981-08-19,0.0,2.5370369999999998,2.481482,2.481482,2.116398,28300
361,1981-08-20,0.0,2.481482,2.444444,2.444444,2.08481,87000
362,1981-08-21,0.0,2.388889,2.37037,2.37037,2.021634,54600
363,1981-08-24,0.0,2.444444,2.37037,2.37037,2.021634,74800
364,1981-08-25,0.0,2.407408,2.333333,2.333333,1.9900470000000001,35100
365,1981-08-26,0.0,2.37037,2.296296,2.296296,1.9584580000000003,10800
366,1981-08-27,0.0,2.555556,2.5370369999999998,2.5370369999999998,2.16378,48600
367,1981-08-28,0.0,2.555556,2.481482,2.481482,2.116398,68100
368,1981-08-31,0.0,2.518518,2.481482,2.481482,2.116398,37800
369,1981-09-01,0.0,2.481482,2.444444,2.444444,2.08481,41100
370,1981-09-02,0.0,2.481482,2.444444,2.444444,2.08481,34300
371,1981-09-03,0.0,2.37037,2.351852,2.351852,2.00584,51900
372,1981-09-04,0.0,2.277778,2.222222,2.222222,1.895282,49200
373,1981-09-08,0.0,2.148148,2.074074,2.074074,1.76893,51900
374,1981-09-09,0.0,2.092592,2.0370369999999998,2.0370369999999998,1.7373419999999997,49200
375,1981-09-10,0.0,2.166667,2.111111,2.111111,1.800518,81000
376,1981-09-11,0.0,2.296296,2.259259,2.259259,1.92687,58000
377,1981-09-14,0.0,2.296296,2.277778,2.277778,1.942664,18900
378,1981-09-15,0.0,2.3148150000000003,2.277778,2.277778,1.942664,9400
379,1981-09-16,0.0,2.333333,2.296296,2.296296,1.9584580000000003,34300
380,1981-09-17,0.0,2.277778,2.240741,2.240741,1.9110770000000001,66700
381,1981-09-18,0.0,2.296296,2.259259,2.259259,1.92687,21600
382,1981-09-21,0.0,2.333333,2.296296,2.296296,1.9584580000000003,45900
383,1981-09-22,0.0,2.333333,2.3148150000000003,2.3148150000000003,1.9742529999999998,15400
384,1981-09-23,0.0,2.296296,2.259259,2.259259,1.92687,19500
385,1981-09-24,0.0,2.296296,2.259259,2.259259,1.92687,10000
386,1981-09-25,0.0,2.222222,2.1851849999999997,2.1851849999999997,1.863694,33000
387,1981-09-28,0.0,2.222222,2.1851849999999997,2.1851849999999997,1.863694,28300
388,1981-09-29,0.0,2.388889,2.333333,2.333333,1.9900470000000001,73500
389,1981-09-30,0.0,2.351852,2.3148150000000003,2.3148150000000003,1.9742529999999998,27600
390,1981-10-01,0.0,2.444444,2.407408,2.407408,2.053223,41100
391,1981-10-02,0.0,2.518518,2.4629630000000002,2.4629630000000002,2.100605,35700
392,1981-10-05,0.0,2.5,2.4629630000000002,2.4629630000000002,2.100605,10000
393,1981-10-06,0.0,2.518518,2.4629630000000002,2.4629630000000002,2.100605,11400
394,1981-10-07,0.0,2.555556,2.5,2.5,2.132193,38400
395,1981-10-08,0.0,2.62963,2.574074,2.574074,2.19537,19500
396,1981-10-09,0.0,2.62963,2.574074,2.574074,2.19537,20200
397,1981-10-12,0.0,2.592592,2.518518,2.518518,2.147986,16200
398,1981-10-13,0.0,2.87037,2.833333,2.833333,2.416484,163300
399,1981-10-14,0.0,2.87037,2.851852,2.851852,2.4322790000000003,60700
400,1981-10-15,0.0,3.407408,3.37037,3.37037,2.8745119999999997,151800
401,1981-10-16,0.0,3.407408,3.37037,3.37037,2.8745119999999997,109900
402,1981-10-19,0.0,3.425926,3.388889,3.388889,2.890304,87700
403,1981-10-20,0.0,3.296296,3.240741,3.240741,2.763954,168000
404,1981-10-21,0.0,3.222222,3.1851849999999997,3.1851849999999997,2.716571,49900
405,1981-10-22,0.0,3.111111,3.074074,3.074074,2.621808,94500
406,1981-10-23,0.0,3.055556,3.018518,3.018518,2.574425,36400
407,1981-10-26,0.0,2.9629630000000002,2.925926,2.925926,2.4954549999999998,78300
408,1981-10-27,0.0,3.074074,3.0370369999999998,3.0370369999999998,2.590221,120700
409,1981-10-28,0.0,3.074074,3.0370369999999998,3.0370369999999998,2.590221,49200
410,1981-10-29,0.0,3.111111,3.074074,3.074074,2.621808,59400
411,1981-10-30,0.0,3.240741,3.203704,3.203704,2.732365,64000
412,1981-11-02,0.0,3.4444440000000003,3.388889,3.388889,2.890304,64000
413,1981-11-03,0.0,3.4444440000000003,3.388889,3.388889,2.890304,47200
414,1981-11-04,0.0,3.703704,3.62963,3.62963,3.095627,86400
415,1981-11-05,0.0,4.018518,3.962963,3.962963,3.37992,173400
416,1981-11-06,0.0,4.185185,4.148148,4.148148,3.53786,103200
417,1981-11-09,0.0,4.037037000000001,4.0,4.0,3.4115089999999997,93100
418,1981-11-10,0.0,4.0740739999999995,4.037037000000001,4.037037000000001,3.4430959999999997,29700
419,1981-11-11,0.0,4.037037000000001,4.0,4.0,3.4115089999999997,58000
420,1981-11-12,0.0,4.037037000000001,4.0,4.0,3.4115089999999997,43800
421,1981-11-13,0.0,4.018518,4.0,4.0,3.4115089999999997,18900
422,1981-11-16,0.0,1.851852,1.833333,1.833333,1.5636079999999999,122800
423,1981-11-17,0.0,2.111111,2.0370369999999998,2.0370369999999998,1.7373419999999997,153100
424,1981-11-18,0.0,2.444444,2.37037,2.37037,2.021634,289500
425,1981-11-19,0.0,2.5370369999999998,2.481482,2.481482,2.116398,195000
426,1981-11-20,0.0,2.555556,2.518518,2.518518,2.147986,70200
427,1981-11-23,0.0,2.444444,2.407408,2.407408,2.053223,132900
428,1981-11-24,0.0,2.333333,2.296296,2.296296,1.9584580000000003,134200
429,1981-11-25,0.0,2.148148,2.111111,2.111111,1.800518,128200
430,1981-11-27,0.0,2.148148,2.092592,2.092592,1.784723,14100
431,1981-11-30,0.0,2.0,1.9259259999999998,1.9259259999999998,1.6425779999999999,167400
432,1981-12-01,0.0,2.0370369999999998,1.962963,1.962963,1.674166,85000
433,1981-12-02,0.0,2.222222,2.1851849999999997,2.1851849999999997,1.863694,170700
434,1981-12-03,0.0,2.3148150000000003,2.259259,2.259259,1.92687,102600
435,1981-12-04,0.0,2.3148150000000003,2.259259,2.259259,1.92687,41100
436,1981-12-07,0.0,2.3148150000000003,2.277778,2.277778,1.942664,36400
437,1981-12-08,0.0,2.277778,2.240741,2.240741,1.9110770000000001,46500
438,1981-12-09,0.0,2.277778,2.240741,2.240741,1.9110770000000001,78900
439,1981-12-10,0.0,2.259259,2.240741,2.240741,1.9110770000000001,53200
440,1981-12-11,0.0,2.203704,2.166667,2.166667,1.8479009999999998,68100
441,1981-12-14,0.0,2.018518,1.981481,1.981481,1.68996,132900
442,1981-12-15,0.0,2.092592,2.074074,2.074074,1.76893,59400
443,1981-12-16,0.0,2.111111,2.074074,2.074074,1.76893,41100
444,1981-12-17,0.0,2.0370369999999998,2.0,2.0,1.705754,60700
445,1981-12-18,0.0,2.074074,2.0370369999999998,2.0370369999999998,1.7373419999999997,37000
446,1981-12-21,0.0,2.111111,2.074074,2.074074,1.76893,41100
447,1981-12-22,0.0,2.1851849999999997,2.148148,2.148148,1.8321060000000002,49200
448,1981-12-23,0.0,2.333333,2.296296,2.296296,1.9584580000000003,128800
449,1981-12-24,0.0,2.333333,2.277778,2.277778,1.942664,24300
450,1981-12-28,0.0,2.37037,2.3148150000000003,2.3148150000000003,1.9742529999999998,25600
451,1981-12-29,0.0,2.444444,2.407408,2.407408,2.053223,81600
452,1981-12-30,0.0,2.481482,2.444444,2.444444,2.08481,75600
453,1981-12-31,0.0,2.555556,2.5,2.5,2.132193,51300
454,1982-01-04,0.0,2.518518,2.481482,2.481482,2.116398,36400
455,1982-01-05,0.0,2.444444,2.388889,2.388889,2.037428,60000
456,1982-01-06,0.0,2.444444,2.388889,2.388889,2.037428,38400
457,1982-01-07,0.0,2.5370369999999998,2.5,2.5,2.132193,49200
458,1982-01-08,0.0,2.833333,2.777778,2.777778,2.3691020000000003,126100
459,1982-01-11,0.0,2.8148150000000003,2.759259,2.759259,2.353309,178200
460,1982-01-12,0.0,2.851852,2.8148150000000003,2.8148150000000003,2.400691,139000
461,1982-01-13,0.0,2.759259,2.722222,2.722222,2.32172,74200
462,1982-01-14,0.0,2.6851849999999997,2.648148,2.648148,2.2585450000000002,97200
463,1982-01-15,0.0,2.703704,2.666667,2.666667,2.274339,36400
464,1982-01-18,0.0,2.703704,2.666667,2.666667,2.274339,54000
465,1982-01-19,0.0,2.648148,2.611111,2.611111,2.226957,39700
466,1982-01-20,0.0,2.740741,2.703704,2.703704,2.305927,71500
467,1982-01-21,0.0,2.722222,2.6851849999999997,2.6851849999999997,2.290133,53200
468,1982-01-22,0.0,2.703704,2.666667,2.666667,2.274339,81000
469,1982-01-25,0.0,2.888889,2.833333,2.833333,2.416484,261100
470,1982-01-26,0.0,2.8148150000000003,2.777778,2.777778,2.3691020000000003,264600
471,1982-01-27,0.0,2.9629630000000002,2.907408,2.907408,2.479661,256500
472,1982-01-28,0.0,3.074074,3.0370369999999998,3.0370369999999998,2.590221,136900
473,1982-01-29,0.0,3.092592,3.055556,3.055556,2.6060119999999998,79600
474,1982-02-01,0.0,2.925926,2.888889,2.888889,2.463867,95100
475,1982-02-02,0.0,2.9629630000000002,2.925926,2.925926,2.4954549999999998,122100
476,1982-02-03,0.0,2.9629630000000002,2.925926,2.925926,2.4954549999999998,33700
477,1982-02-04,0.0,2.888889,2.851852,2.851852,2.4322790000000003,71500
478,1982-02-05,0.0,2.907408,2.851852,2.851852,2.4322790000000003,59400
479,1982-02-08,0.0,2.574074,2.518518,2.518518,2.147986,114700
480,1982-02-09,0.0,2.592592,2.555556,2.555556,2.179574,146400
481,1982-02-10,0.0,2.666667,2.592592,2.592592,2.211163,41100
482,1982-02-11,0.0,2.592592,2.5370369999999998,2.5370369999999998,2.16378,26200
483,1982-02-12,0.0,2.592592,2.555556,2.555556,2.179574,12100
484,1982-02-16,0.0,2.555556,2.5370369999999998,2.5370369999999998,2.16378,75600
485,1982-02-17,0.0,2.592592,2.555556,2.555556,2.179574,41100
486,1982-02-18,0.0,2.592592,2.555556,2.555556,2.179574,12100
487,1982-02-19,0.0,2.592592,2.555556,2.555556,2.179574,45900
488,1982-02-22,0.0,2.277778,2.222222,2.222222,1.895282,125500
489,1982-02-23,0.0,2.444444,2.37037,2.37037,2.021634,154500
490,1982-02-24,0.0,2.592592,2.555556,2.555556,2.179574,202500
491,1982-02-25,0.0,2.703704,2.62963,2.62963,2.2427509999999997,145800
492,1982-02-26,0.0,2.666667,2.648148,2.648148,2.2585450000000002,28900
493,1982-03-01,0.0,2.703704,2.666667,2.666667,2.274339,21600
494,1982-03-02,0.0,2.703704,2.6851849999999997,2.6851849999999997,2.290133,114700
495,1982-03-03,0.0,2.666667,2.62963,2.62963,2.2427509999999997,84300
496,1982-03-04,0.0,2.62963,2.574074,2.574074,2.19537,62700
497,1982-03-05,0.0,2.518518,2.481482,2.481482,2.116398,48600
498,1982-03-08,0.0,2.37037,2.333333,2.333333,1.9900470000000001,88300
499,1982-03-09,0.0,2.37037,2.3148150000000003,2.3148150000000003,1.9742529999999998,115300
500,1982-03-10,0.0,2.407408,2.37037,2.37037,2.021634,66100
501,1982-03-11,0.0,2.37037,2.3148150000000003,2.3148150000000003,1.9742529999999998,18900
502,1982-03-12,0.0,2.277778,2.240741,2.240741,1.9110770000000001,49900
503,1982-03-15,0.0,2.296296,2.259259,2.259259,1.92687,51300
504,1982-03-16,0.0,2.3148150000000003,2.296296,2.296296,1.9584580000000003,57300
505,1982-03-17,0.0,2.37037,2.333333,2.333333,1.9900470000000001,33000
506,1982-03-18,0.0,2.555556,2.5,2.5,2.132193,67500
507,1982-03-19,0.0,2.648148,2.611111,2.611111,2.226957,81000
508,1982-03-22,0.0,2.833333,2.777778,2.777778,2.3691020000000003,92400
509,1982-03-23,0.0,2.796296,2.740741,2.740741,2.3375150000000002,95100
510,1982-03-24,0.0,2.740741,2.703704,2.703704,2.305927,58600
511,1982-03-25,0.0,2.648148,2.611111,2.611111,2.226957,51900
512,1982-03-26,0.0,2.62963,2.574074,2.574074,2.19537,62100
513,1982-03-29,0.0,2.62963,2.592592,2.592592,2.211163,51300
514,1982-03-30,0.0,2.62963,2.592592,2.592592,2.211163,43800
515,1982-03-31,0.0,2.62963,2.592592,2.592592,2.211163,3300
516,1982-04-01,0.0,2.703704,2.666667,2.666667,2.274339,46500
517,1982-04-02,0.0,2.648148,2.62963,2.62963,2.2427509999999997,24300
518,1982-04-05,0.0,2.6851849999999997,2.666667,2.666667,2.274339,30300
519,1982-04-06,0.0,2.666667,2.611111,2.611111,2.226957,47200
520,1982-04-07,0.0,2.648148,2.611111,2.611111,2.226957,34300
521,1982-04-08,0.0,2.648148,2.611111,2.611111,2.226957,41800
522,1982-04-12,0.0,2.62963,2.592592,2.592592,2.211163,31000
523,1982-04-13,0.0,2.592592,2.574074,2.574074,2.19537,24300
524,1982-04-14,0.0,2.574074,2.518518,2.518518,2.147986,18100
525,1982-04-15,0.0,2.666667,2.611111,2.611111,2.226957,41800
526,1982-04-16,0.0,2.777778,2.722222,2.722222,2.32172,123400
527,1982-04-19,0.0,2.759259,2.722222,2.722222,2.32172,54000
528,1982-04-20,0.0,2.777778,2.740741,2.740741,2.3375150000000002,92400
529,1982-04-21,0.0,2.796296,2.777778,2.777778,2.3691020000000003,118000
530,1982-04-22,0.0,2.9629630000000002,2.925926,2.925926,2.4954549999999998,202500
531,1982-04-23,0.0,2.9629630000000002,2.925926,2.925926,2.4954549999999998,62700
532,1982-04-26,0.0,2.925926,2.888889,2.888889,2.463867,60700
533,1982-04-27,0.0,2.648148,2.611111,2.611111,2.226957,207100
534,1982-04-28,0.0,2.62963,2.574074,2.574074,2.19537,114000
535,1982-04-29,0.0,2.592592,2.5370369999999998,2.5370369999999998,2.16378,55300
536,1982-04-30,0.0,2.574074,2.5370369999999998,2.5370369999999998,2.16378,81600
537,1982-05-03,0.0,2.4629630000000002,2.425926,2.425926,2.0690169999999997,84300
538,1982-05-04,0.0,2.444444,2.407408,2.407408,2.053223,82900
539,1982-05-05,0.0,2.425926,2.37037,2.37037,2.021634,57300
540,1982-05-06,0.0,2.444444,2.425926,2.425926,2.0690169999999997,160600
541,1982-05-07,0.0,2.4629630000000002,2.425926,2.425926,2.0690169999999997,53200
542,1982-05-10,0.0,2.444444,2.425926,2.425926,2.0690169999999997,173400
543,1982-05-11,0.0,2.481482,2.4629630000000002,2.4629630000000002,2.100605,99900
544,1982-05-12,0.0,2.481482,2.4629630000000002,2.4629630000000002,2.100605,57300
545,1982-05-13,0.0,2.444444,2.425926,2.425926,2.0690169999999997,50500
546,1982-05-14,0.0,2.4629630000000002,2.444444,2.444444,2.08481,22900
547,1982-05-17,0.0,2.407408,2.37037,2.37037,2.021634,37000
548,1982-05-18,0.0,2.3148150000000003,2.277778,2.277778,1.942664,89100
549,1982-05-19,0.0,2.333333,2.296296,2.296296,1.9584580000000003,61300
550,1982-05-20,0.0,2.277778,2.240741,2.240741,1.9110770000000001,66700
551,1982-05-21,0.0,2.203704,2.1851849999999997,2.1851849999999997,1.863694,85000
552,1982-05-24,0.0,2.259259,2.222222,2.222222,1.895282,65400
553,1982-05-25,0.0,2.203704,2.166667,2.166667,1.8479009999999998,45100
554,1982-05-26,0.0,2.055556,2.0370369999999998,2.0370369999999998,1.7373419999999997,228100
555,1982-05-27,0.0,2.111111,2.092592,2.092592,1.784723,66700
556,1982-05-28,0.0,2.222222,2.1851849999999997,2.1851849999999997,1.863694,159300
557,1982-06-01,0.0,2.277778,2.222222,2.222222,1.895282,144400
558,1982-06-02,0.0,2.351852,2.333333,2.333333,1.9900470000000001,89700
559,1982-06-03,0.0,2.296296,2.259259,2.259259,1.92687,83700
560,1982-06-04,0.0,2.12963,2.111111,2.111111,1.800518,90400
561,1982-06-07,0.0,2.111111,2.092592,2.092592,1.784723,172000
562,1982-06-08,0.0,2.12963,2.092592,2.092592,1.784723,19500
563,1982-06-09,0.0,2.018518,2.0,2.0,1.705754,81600
564,1982-06-10,0.0,2.018518,2.0,2.0,1.705754,63400
565,1982-06-11,0.0,2.018518,1.981481,1.981481,1.68996,106600
566,1982-06-14,0.0,2.018518,2.0,2.0,1.705754,24900
567,1982-06-15,0.0,2.0,1.962963,1.962963,1.674166,14800
568,1982-06-16,0.0,2.0370369999999998,1.981481,1.981481,1.68996,10000
569,1982-06-17,0.0,2.018518,1.981481,1.981481,1.68996,26200
570,1982-06-18,0.0,2.0,1.981481,1.981481,1.68996,22200
571,1982-06-21,0.0,2.0,1.962963,1.962963,1.674166,54000
572,1982-06-22,0.0,2.148148,2.111111,2.111111,1.800518,74800
573,1982-06-23,0.0,2.37037,2.3148150000000003,2.3148150000000003,1.9742529999999998,163900
574,1982-06-24,0.0,2.3148150000000003,2.296296,2.296296,1.9584580000000003,124800
575,1982-06-25,0.0,2.3148150000000003,2.296296,2.296296,1.9584580000000003,44500
576,1982-06-28,0.0,2.407408,2.37037,2.37037,2.021634,47200
577,1982-06-29,0.0,2.37037,2.3148150000000003,2.3148150000000003,1.9742529999999998,33700
578,1982-06-30,0.0,2.351852,2.3148150000000003,2.3148150000000003,1.9742529999999998,5400
579,1982-07-01,0.0,2.351852,2.3148150000000003,2.3148150000000003,1.9742529999999998,10000
580,1982-07-02,0.0,2.333333,2.296296,2.296296,1.9584580000000003,21600
581,1982-07-06,0.0,2.333333,2.296296,2.296296,1.9584580000000003,8100
582,1982-07-07,0.0,2.333333,2.296296,2.296296,1.9584580000000003,10800
583,1982-07-08,0.0,2.240741,2.203704,2.203704,1.879488,70800
584,1982-07-09,0.0,2.277778,2.222222,2.222222,1.895282,43200
585,1982-07-12,0.0,2.259259,2.222222,2.222222,1.895282,30300
586,1982-07-13,0.0,2.259259,2.222222,2.222222,1.895282,37000
587,1982-07-14,0.0,2.259259,2.203704,2.203704,1.879488,6700
588,1982-07-15,0.0,2.259259,2.203704,2.203704,1.879488,10800
589,1982-07-16,0.0,2.259259,2.203704,2.203704,1.879488,18900
590,1982-07-19,0.0,2.148148,2.111111,2.111111,1.800518,54600
591,1982-07-20,0.0,2.12963,2.111111,2.111111,1.800518,27000
592,1982-07-21,0.0,2.12963,2.092592,2.092592,1.784723,65400
593,1982-07-22,0.0,2.092592,2.055556,2.055556,1.753136,49900
594,1982-07-23,0.0,2.111111,2.074074,2.074074,1.76893,24900
595,1982-07-26,0.0,2.074074,2.0370369999999998,2.0370369999999998,1.7373419999999997,58000
596,1982-07-27,0.0,2.055556,2.0370369999999998,2.0370369999999998,1.7373419999999997,25600
597,1982-07-28,0.0,2.0,1.962963,1.962963,1.674166,46500
598,1982-07-29,0.0,2.0,1.9444439999999998,1.9444439999999998,1.6583720000000002,28900
599,1982-07-30,0.0,2.0,1.962963,1.962963,1.674166,23500
600,1982-08-02,0.0,2.0370369999999998,2.0,2.0,1.705754,32400
601,1982-08-03,0.0,2.055556,2.0,2.0,1.705754,35100
602,1982-08-04,0.0,2.0370369999999998,2.0,2.0,1.705754,23500
603,1982-08-05,0.0,1.888889,1.851852,1.851852,1.579402,112000
604,1982-08-06,0.0,1.7777779999999999,1.740741,1.740741,1.484638,131500
605,1982-08-09,0.0,1.611111,1.555556,1.555556,1.326698,140400
606,1982-08-10,0.0,1.648148,1.592593,1.592593,1.358286,142300
607,1982-08-11,0.0,1.611111,1.574074,1.574074,1.342492,60000
608,1982-08-12,0.0,1.37037,1.314815,1.314815,1.121375,183600
609,1982-08-13,0.0,1.425926,1.407407,1.407407,1.200346,249000
610,1982-08-16,0.0,1.592593,1.555556,1.555556,1.326698,168000
611,1982-08-17,0.0,1.62963,1.611111,1.611111,1.374079,85600
612,1982-08-18,0.0,1.759259,1.7222220000000001,1.7222220000000001,1.468844,222700
613,1982-08-19,0.0,1.796296,1.759259,1.759259,1.500432,159900
614,1982-08-20,0.0,1.7777779999999999,1.759259,1.759259,1.500432,63400
615,1982-08-23,0.0,1.740741,1.703704,1.703704,1.453049,45900
616,1982-08-24,0.0,1.5,1.462963,1.462963,1.2477280000000002,135600
617,1982-08-25,0.0,1.62963,1.592593,1.592593,1.358286,99100
618,1982-08-26,0.0,1.703704,1.685185,1.685185,1.4372559999999999,141700
619,1982-08-27,0.0,1.703704,1.685185,1.685185,1.4372559999999999,14100
620,1982-08-30,0.0,1.703704,1.666667,1.666667,1.421462,39100
621,1982-08-31,0.0,1.685185,1.666667,1.666667,1.421462,51300
622,1982-09-01,0.0,1.62963,1.592593,1.592593,1.358286,60000
623,1982-09-02,0.0,1.666667,1.611111,1.611111,1.374079,35700
624,1982-09-03,0.0,1.648148,1.611111,1.611111,1.374079,79600
625,1982-09-07,0.0,1.592593,1.555556,1.555556,1.326698,40500
626,1982-09-08,0.0,1.5,1.481481,1.481481,1.263521,108000
627,1982-09-09,0.0,1.518519,1.481481,1.481481,1.263521,69400
628,1982-09-10,0.0,1.5,1.462963,1.462963,1.2477280000000002,58000
629,1982-09-13,0.0,1.462963,1.444444,1.444444,1.231933,60000
630,1982-09-14,0.0,1.648148,1.62963,1.62963,1.389873,324000
631,1982-09-15,0.0,1.7777779999999999,1.740741,1.740741,1.484638,136900
632,1982-09-16,0.0,1.888889,1.851852,1.851852,1.579402,90400
633,1982-09-17,0.0,1.9259259999999998,1.888889,1.888889,1.61099,68100
634,1982-09-20,0.0,1.9444439999999998,1.9259259999999998,1.9259259999999998,1.6425779999999999,41800
635,1982-09-21,0.0,2.1851849999999997,2.148148,2.148148,1.8321060000000002,224100
636,1982-09-22,0.0,2.203704,2.166667,2.166667,1.8479009999999998,222700
637,1982-09-23,0.0,2.166667,2.12963,2.12963,1.816312,88300
638,1982-09-24,0.0,2.148148,2.111111,2.111111,1.800518,11400
639,1982-09-27,0.0,2.240741,2.222222,2.222222,1.895282,62700
640,1982-09-28,0.0,2.259259,2.222222,2.222222,1.895282,215200
641,1982-09-29,0.0,2.12963,2.111111,2.111111,1.800518,97800
642,1982-09-30,0.0,2.092592,2.055556,2.055556,1.753136,65400
643,1982-10-01,0.0,2.074074,2.055556,2.055556,1.753136,45100
644,1982-10-04,0.0,2.074074,2.018518,2.018518,1.7215479999999999,45900
645,1982-10-05,0.0,2.074074,2.018518,2.018518,1.7215479999999999,70800
646,1982-10-06,0.0,2.055556,2.0370369999999998,2.0370369999999998,1.7373419999999997,27600
647,1982-10-07,0.0,2.0370369999999998,2.0,2.0,1.705754,59400
648,1982-10-08,0.0,2.074074,2.0370369999999998,2.0370369999999998,1.7373419999999997,43800
649,1982-10-11,0.0,2.0370369999999998,2.0,2.0,1.705754,99900
650,1982-10-12,0.0,2.0,1.981481,1.981481,1.68996,51300
651,1982-10-13,0.0,2.0370369999999998,2.0,2.0,1.705754,45100
652,1982-10-14,0.0,2.0370369999999998,2.0,2.0,1.705754,33700
653,1982-10-15,0.0,2.0370369999999998,2.0,2.0,1.705754,60000
654,1982-10-18,0.0,2.111111,2.074074,2.074074,1.76893,72100
655,1982-10-19,0.0,2.1851849999999997,2.148148,2.148148,1.8321060000000002,87000
656,1982-10-20,0.0,2.222222,2.1851849999999997,2.1851849999999997,1.863694,75600
657,1982-10-21,0.0,2.148148,2.111111,2.111111,1.800518,199800
658,1982-10-22,0.0,2.055556,2.0,2.0,1.705754,109300
659,1982-10-25,0.0,1.9444439999999998,1.907407,1.907407,1.626784,70200
660,1982-10-26,0.0,2.074074,2.018518,2.018518,1.7215479999999999,130200
661,1982-10-27,0.0,2.12963,2.092592,2.092592,1.784723,59400
662,1982-10-28,0.0,2.259259,2.222222,2.222222,1.895282,152500
663,1982-10-29,0.0,2.37037,2.3148150000000003,2.3148150000000003,1.9742529999999998,439300
664,1982-11-01,0.0,2.333333,2.296296,2.296296,1.9584580000000003,103200
665,1982-11-02,0.0,2.296296,2.259259,2.259259,1.92687,124800
666,1982-11-03,0.0,2.240741,2.203704,2.203704,1.879488,81000
667,1982-11-04,0.0,2.148148,2.12963,2.12963,1.816312,141700
668,1982-11-05,0.0,2.203704,2.166667,2.166667,1.8479009999999998,64800
669,1982-11-08,0.0,2.166667,2.12963,2.12963,1.816312,79600
670,1982-11-09,0.0,2.296296,2.259259,2.259259,1.92687,203100
671,1982-11-10,0.0,2.277778,2.240741,2.240741,1.9110770000000001,446100
672,1982-11-11,0.0,2.3148150000000003,2.277778,2.277778,1.942664,66700
673,1982-11-12,0.0,2.648148,2.592592,2.592592,2.211163,329400
674,1982-11-15,0.0,2.592592,2.555556,2.555556,2.179574,214600
675,1982-11-16,0.0,2.518518,2.5,2.5,2.132193,116700
676,1982-11-17,0.0,2.611111,2.592592,2.592592,2.211163,120700
677,1982-11-18,0.0,2.611111,2.574074,2.574074,2.19537,105300
678,1982-11-19,0.0,2.611111,2.574074,2.574074,2.19537,24900
679,1982-11-22,0.0,2.518518,2.481482,2.481482,2.116398,97200
680,1982-11-23,0.0,2.592592,2.574074,2.574074,2.19537,108600
681,1982-11-24,0.0,2.740741,2.703704,2.703704,2.305927,136300
682,1982-11-26,0.0,2.907408,2.888889,2.888889,2.463867,113400
683,1982-11-29,0.0,2.759259,2.740741,2.740741,2.3375150000000002,198400
684,1982-11-30,0.0,2.759259,2.722222,2.722222,2.32172,63400
685,1982-12-01,0.0,2.833333,2.8148150000000003,2.8148150000000003,2.400691,73500
686,1982-12-02,0.0,2.833333,2.796296,2.796296,2.384896,72900
687,1982-12-03,0.0,3.0,2.944444,2.944444,2.5112490000000003,209200
688,1982-12-06,0.0,3.240741,3.203704,3.203704,2.732365,306400
689,1982-12-07,0.0,3.111111,3.092592,3.092592,2.6376009999999996,191700
690,1982-12-08,0.0,3.111111,3.074074,3.074074,2.621808,109900
691,1982-12-09,0.0,2.9629630000000002,2.925926,2.925926,2.4954549999999998,130200
692,1982-12-10,0.0,2.888889,2.833333,2.833333,2.416484,63400
693,1982-12-13,0.0,2.9629630000000002,2.925926,2.925926,2.4954549999999998,68800
694,1982-12-14,0.0,2.8148150000000003,2.796296,2.796296,2.384896,166600
695,1982-12-15,0.0,2.6851849999999997,2.648148,2.648148,2.2585450000000002,97800
696,1982-12-16,0.0,2.740741,2.722222,2.722222,2.32172,109900
697,1982-12-17,0.0,2.796296,2.740741,2.740741,2.3375150000000002,35700
698,1982-12-20,0.0,2.8148150000000003,2.777778,2.777778,2.3691020000000003,52600
699,1982-12-21,0.0,2.9629630000000002,2.925926,2.925926,2.4954549999999998,87000
700,1982-12-22,0.0,2.925926,2.888889,2.888889,2.463867,84300
701,1982-12-23,0.0,2.888889,2.87037,2.87037,2.448073,31600
702,1982-12-27,0.0,2.907408,2.87037,2.87037,2.448073,14800
703,1982-12-28,0.0,2.888889,2.851852,2.851852,2.4322790000000003,44500
704,1982-12-29,0.0,2.833333,2.777778,2.777778,2.3691020000000003,48600
705,1982-12-30,0.0,2.740741,2.703704,2.703704,2.305927,39700
706,1982-12-31,0.0,2.740741,2.666667,2.666667,2.274339,31000
707,1983-01-03,0.0,2.796296,2.759259,2.759259,2.353309,65400
708,1983-01-04,0.0,2.925926,2.87037,2.87037,2.448073,75600
709,1983-01-05,0.0,3.092592,3.0370369999999998,3.0370369999999998,2.590221,149100
710,1983-01-06,0.0,3.111111,3.074074,3.074074,2.621808,103900
711,1983-01-07,0.0,3.074074,3.0370369999999998,3.0370369999999998,2.590221,70200
712,1983-01-10,0.0,3.0370369999999998,3.0,3.0,2.558631,54000
713,1983-01-11,0.0,2.9629630000000002,2.925926,2.925926,2.4954549999999998,61300
714,1983-01-12,0.0,2.981482,2.9629630000000002,2.9629630000000002,2.527043,92400
715,1983-01-13,0.0,3.018518,2.9629630000000002,2.9629630000000002,2.527043,22200
716,1983-01-14,0.0,2.981482,2.9629630000000002,2.9629630000000002,2.527043,45100
717,1983-01-17,0.0,2.9629630000000002,2.925926,2.925926,2.4954549999999998,108000
718,1983-01-18,0.0,2.9629630000000002,2.925926,2.925926,2.4954549999999998,34300
719,1983-01-19,0.0,2.925926,2.907408,2.907408,2.479661,31600
720,1983-01-20,0.0,2.925926,2.888889,2.888889,2.463867,19500
721,1983-01-21,0.0,2.888889,2.851852,2.851852,2.4322790000000003,35100
722,1983-01-24,0.0,2.6851849999999997,2.648148,2.648148,2.2585450000000002,112600
723,1983-01-25,0.0,2.759259,2.722222,2.722222,2.32172,118800
724,1983-01-26,0.0,2.62963,2.592592,2.592592,2.211163,159300
725,1983-01-27,0.0,2.888889,2.851852,2.851852,2.4322790000000003,200400
726,1983-01-28,0.0,2.888889,2.851852,2.851852,2.4322790000000003,59400
727,1983-01-31,0.0,2.925926,2.87037,2.87037,2.448073,48600
728,1983-02-01,0.0,2.87037,2.833333,2.833333,2.416484,52600
729,1983-02-02,0.0,2.851852,2.8148150000000003,2.8148150000000003,2.400691,33000
730,1983-02-03,0.0,2.87037,2.833333,2.833333,2.416484,16200
731,1983-02-04,0.0,2.87037,2.851852,2.851852,2.4322790000000003,32400
732,1983-02-07,0.0,2.87037,2.851852,2.851852,2.4322790000000003,31600
733,1983-02-08,0.0,2.833333,2.777778,2.777778,2.3691020000000003,52600
734,1983-02-09,0.0,2.759259,2.722222,2.722222,2.32172,60000
735,1983-02-10,0.0,2.851852,2.796296,2.796296,2.384896,88300
736,1983-02-11,0.0,2.888889,2.87037,2.87037,2.448073,99900
737,1983-02-14,0.0,2.9629630000000002,2.925926,2.925926,2.4954549999999998,37800
738,1983-02-15,0.0,2.944444,2.888889,2.888889,2.463867,35100
739,1983-02-16,0.0,2.944444,2.888889,2.888889,2.463867,29700
740,1983-02-17,0.0,2.925926,2.888889,2.888889,2.463867,32400
741,1983-02-18,0.0,2.907408,2.888889,2.888889,2.463867,43800
742,1983-02-22,0.0,2.907408,2.87037,2.87037,2.448073,19500
743,1983-02-23,0.0,2.907408,2.87037,2.87037,2.448073,20200
744,1983-02-24,0.0,2.907408,2.888889,2.888889,2.463867,44500
745,1983-02-25,0.0,2.87037,2.8148150000000003,2.8148150000000003,2.400691,68800
746,1983-02-28,0.0,2.8148150000000003,2.796296,2.796296,2.384896,18100
747,1983-03-01,0.0,2.8148150000000003,2.777778,2.777778,2.3691020000000003,27000
748,1983-03-02,0.0,2.8148150000000003,2.777778,2.777778,2.3691020000000003,43200
749,1983-03-03,0.0,2.9629630000000002,2.925926,2.925926,2.4954549999999998,110700
750,1983-03-04,0.0,2.981482,2.925926,2.925926,2.4954549999999998,76900
751,1983-03-07,0.0,2.9629630000000002,2.925926,2.925926,2.4954549999999998,73500
752,1983-03-08,0.0,2.9629630000000002,2.925926,2.925926,2.4954549999999998,45100
753,1983-03-09,0.0,2.9629630000000002,2.925926,2.925926,2.4954549999999998,42400
754,1983-03-10,0.0,2.907408,2.87037,2.87037,2.448073,34300
755,1983-03-11,0.0,2.796296,2.740741,2.740741,2.3375150000000002,90400
756,1983-03-14,0.0,2.722222,2.6851849999999997,2.6851849999999997,2.290133,62100
757,1983-03-15,0.0,2.907408,2.851852,2.851852,2.4322790000000003,126100
758,1983-03-16,0.0,2.944444,2.907408,2.907408,2.479661,117400
759,1983-03-17,0.0,3.0370369999999998,3.0,3.0,2.558631,267300
760,1983-03-18,0.0,3.0370369999999998,3.0,3.0,2.558631,85000
761,1983-03-21,0.0,3.018518,3.0,3.0,2.558631,21600
762,1983-03-22,0.0,3.018518,2.9629630000000002,2.9629630000000002,2.527043,232800
763,1983-03-23,0.0,3.0,2.981482,2.981482,2.542838,59400
764,1983-03-24,0.0,3.0,2.9629630000000002,2.9629630000000002,2.527043,60000
765,1983-03-25,0.0,2.9629630000000002,2.925926,2.925926,2.4954549999999998,28300
766,1983-03-28,0.0,2.9629630000000002,2.925926,2.925926,2.4954549999999998,11400
767,1983-03-29,0.0,2.9629630000000002,2.925926,2.925926,2.4954549999999998,16200
768,1983-03-30,0.0,2.981482,2.944444,2.944444,2.5112490000000003,33000
769,1983-03-31,0.0,2.9629630000000002,2.907408,2.907408,2.479661,42400
770,1983-04-04,0.0,2.925926,2.888889,2.888889,2.463867,20800
771,1983-04-05,0.0,2.888889,2.851852,2.851852,2.4322790000000003,16200
772,1983-04-06,0.0,2.8148150000000003,2.796296,2.796296,2.384896,75600
773,1983-04-07,0.0,2.8148150000000003,2.777778,2.777778,2.3691020000000003,24300
774,1983-04-08,0.0,2.8148150000000003,2.796296,2.796296,2.384896,9400
775,1983-04-11,0.0,2.8148150000000003,2.796296,2.796296,2.384896,36400
776,1983-04-12,0.0,2.851852,2.8148150000000003,2.8148150000000003,2.400691,35100
777,1983-04-13,0.0,2.851852,2.833333,2.833333,2.416484,51900
778,1983-04-14,0.0,2.888889,2.87037,2.87037,2.448073,63400
779,1983-04-15,0.0,2.888889,2.87037,2.87037,2.448073,33700
780,1983-04-18,0.0,2.944444,2.907408,2.907408,2.479661,58600
781,1983-04-19,0.0,2.9629630000000002,2.907408,2.907408,2.479661,54000
782,1983-04-20,0.0,2.981482,2.944444,2.944444,2.5112490000000003,33700
783,1983-04-21,0.0,2.981482,2.944444,2.944444,2.5112490000000003,33000
784,1983-04-22,0.0,2.9629630000000002,2.907408,2.907408,2.479661,35100
785,1983-04-25,0.0,2.944444,2.907408,2.907408,2.479661,45900
786,1983-04-26,0.0,2.925926,2.888889,2.888889,2.463867,64000
787,1983-04-27,0.0,2.888889,2.851852,2.851852,2.4322790000000003,53200
788,1983-04-28,0.0,2.833333,2.796296,2.796296,2.384896,95100
789,1983-04-29,0.0,2.907408,2.888889,2.888889,2.463867,136900
790,1983-05-02,0.0,3.0370369999999998,3.0,3.0,2.558631,158500
791,1983-05-03,0.0,2.981482,2.9629630000000002,2.9629630000000002,2.527043,125500
792,1983-05-04,0.0,2.981482,2.9629630000000002,2.9629630000000002,2.527043,92400
793,1983-05-05,0.0,3.0,2.9629630000000002,2.9629630000000002,2.527043,112600
794,1983-05-06,0.0,3.12963,3.111111,3.111111,2.653395,174700
795,1983-05-09,0.0,3.388889,3.3518519999999996,3.3518519999999996,2.858717,266500
796,1983-05-10,0.0,3.462963,3.4444440000000003,3.4444440000000003,2.937688,180900
797,1983-05-11,0.0,3.537037,3.5,3.5,2.9850689999999998,126900
798,1983-05-12,0.0,3.5,3.4444440000000003,3.4444440000000003,2.937688,93100
799,1983-05-13,0.0,3.518518,3.5,3.5,2.9850689999999998,86400
800,1983-05-16,0.0,3.5555559999999997,3.518518,3.518518,3.000864,121500
801,1983-05-17,0.0,3.6851849999999997,3.6481480000000004,3.6481480000000004,3.111421,87000
802,1983-05-18,0.0,3.8518519999999996,3.8148150000000003,3.8148150000000003,3.253567,216000
803,1983-05-19,0.0,4.203704,4.1666669999999995,4.1666669999999995,3.553654,298300
804,1983-05-20,0.0,4.222222,4.185185,4.185185,3.5694470000000003,178200
805,1983-05-23,0.0,4.0,3.9444440000000003,3.9444440000000003,3.364126,231400
806,1983-05-24,0.0,3.7592589999999997,3.703704,3.703704,3.158804,234900
807,1983-05-25,0.0,3.703704,3.666667,3.666667,3.127215,247000
808,1983-05-26,0.0,3.722222,3.6851849999999997,3.6851849999999997,3.14301,112600
809,1983-05-27,0.0,3.8518519999999996,3.796296,3.796296,3.237773,146400
810,1983-05-31,0.0,3.833333,3.796296,3.796296,3.237773,45900
811,1983-06-01,0.0,3.888889,3.833333,3.833333,3.269361,33700
812,1983-06-02,0.0,4.259258999999999,4.222222,4.222222,3.601036,271300
813,1983-06-03,0.0,4.222222,4.185185,4.185185,3.5694470000000003,179500
814,1983-06-06,0.0,4.370369999999999,4.351852,4.351852,3.7115940000000003,149100
815,1983-06-07,0.0,4.388889,4.370369999999999,4.370369999999999,3.7273870000000002,121500
816,1983-06-08,0.0,4.296296,4.259258999999999,4.259258999999999,3.632624,71500
817,1983-06-09,0.0,4.407407,4.351852,4.351852,3.7115940000000003,132300
818,1983-06-10,0.0,4.444445,4.407407,4.407407,3.758976,108000
819,1983-06-13,0.0,4.462962999999999,4.444445,4.444445,3.790564,85600
820,1983-06-14,0.0,4.5,4.481482,4.481482,3.8221529999999997,174100
821,1983-06-15,0.0,4.5,4.481482,4.481482,3.8221529999999997,63400
822,1983-06-16,0.0,4.462962999999999,4.407407,4.407407,3.758976,316500
823,1983-06-17,0.0,4.407407,4.370369999999999,4.370369999999999,3.7273870000000002,41100
824,1983-06-20,0.0,4.351852,4.296296,4.296296,3.6642129999999997,95100
825,1983-06-21,0.0,4.240741000000001,4.203704,4.203704,3.585242,65400
826,1983-06-22,0.0,4.222222,4.203704,4.203704,3.585242,39100
827,1983-06-23,0.0,4.129630000000001,4.092593,4.092593,3.490478,66700
828,1983-06-24,0.0,4.111111,4.0740739999999995,4.0740739999999995,3.4746839999999994,57300
829,1983-06-27,0.0,4.148148,4.129630000000001,4.129630000000001,3.522067,143100
830,1983-06-28,0.0,4.129630000000001,4.111111,4.111111,3.506272,82900
831,1983-06-29,0.0,4.222222,4.185185,4.185185,3.5694470000000003,82900
832,1983-06-30,0.0,4.814815,4.777778,4.777778,4.074856,217300
833,1983-07-01,0.0,2.444444,2.407408,2.407408,2.053223,530500
834,1983-07-05,0.0,2.351852,2.3148150000000003,2.3148150000000003,1.9742529999999998,209200
835,1983-07-06,0.0,2.4629630000000002,2.425926,2.425926,2.0690169999999997,194400
836,1983-07-07,0.0,2.444444,2.425926,2.425926,2.0690169999999997,187600
837,1983-07-08,0.0,2.4629630000000002,2.425926,2.425926,2.0690169999999997,112600
838,1983-07-11,0.0,2.444444,2.425926,2.425926,2.0690169999999997,83700
839,1983-07-12,0.0,2.425926,2.388889,2.388889,2.037428,124800
840,1983-07-13,0.0,2.388889,2.351852,2.351852,2.00584,128800
841,1983-07-14,0.0,2.388889,2.37037,2.37037,2.021634,61300
842,1983-07-15,0.0,2.444444,2.407408,2.407408,2.053223,211200
843,1983-07-18,0.0,2.296296,2.259259,2.259259,1.92687,190300
844,1983-07-19,0.0,2.203704,2.166667,2.166667,1.8479009999999998,324000
845,1983-07-20,0.0,2.203704,2.166667,2.166667,1.8479009999999998,65400
846,1983-07-21,0.0,2.259259,2.222222,2.222222,1.895282,117400
847,1983-07-22,0.0,2.277778,2.240741,2.240741,1.9110770000000001,124800
848,1983-07-25,0.0,2.388889,2.351852,2.351852,2.00584,187600
849,1983-07-26,0.0,2.518518,2.481482,2.481482,2.116398,233500
850,1983-07-27,0.0,2.481482,2.4629630000000002,2.4629630000000002,2.100605,168700
851,1983-07-28,2.4629630000000002,2.4629630000000002,2.4629630000000002,2.4629630000000002,2.100605,0
852,1983-07-29,0.0,2.5370369999999998,2.5,2.5,2.132193,101800
853,1983-08-01,0.0,2.444444,2.407408,2.407408,2.053223,108000
854,1983-08-02,0.0,2.407408,2.37037,2.37037,2.021634,51900
855,1983-08-03,0.0,2.351852,2.333333,2.333333,1.9900470000000001,89700
856,1983-08-04,0.0,2.259259,2.222222,2.222222,1.895282,193000
857,1983-08-05,0.0,2.277778,2.240741,2.240741,1.9110770000000001,59400
858,1983-08-08,0.0,2.203704,2.166667,2.166667,1.8479009999999998,136300
859,1983-08-09,0.0,2.203704,2.166667,2.166667,1.8479009999999998,76900
860,1983-08-10,0.0,2.37037,2.333333,2.333333,1.9900470000000001,139000
861,1983-08-11,0.0,2.37037,2.3148150000000003,2.3148150000000003,1.9742529999999998,147100
862,1983-08-12,0.0,2.37037,2.333333,2.333333,1.9900470000000001,82300
863,1983-08-15,0.0,2.37037,2.3148150000000003,2.3148150000000003,1.9742529999999998,64000
864,1983-08-16,0.0,2.333333,2.3148150000000003,2.3148150000000003,1.9742529999999998,84300
865,1983-08-17,0.0,2.333333,2.296296,2.296296,1.9584580000000003,25600
866,1983-08-18,0.0,2.222222,2.1851849999999997,2.1851849999999997,1.863694,117400
867,1983-08-19,0.0,2.222222,2.1851849999999997,2.1851849999999997,1.863694,42400
868,1983-08-22,0.0,2.1851849999999997,2.148148,2.148148,1.8321060000000002,59400
869,1983-08-23,0.0,2.148148,2.111111,2.111111,1.800518,135000
870,1983-08-24,0.0,2.222222,2.1851849999999997,2.1851849999999997,1.863694,56700
871,1983-08-25,0.0,2.240741,2.203704,2.203704,1.879488,75600
872,1983-08-26,0.0,2.259259,2.222222,2.222222,1.895282,35700
873,1983-08-29,0.0,2.222222,2.203704,2.203704,1.879488,52600
874,1983-08-30,0.0,2.222222,2.1851849999999997,2.1851849999999997,1.863694,17500
875,1983-08-31,0.0,2.222222,2.166667,2.166667,1.8479009999999998,27000
876,1983-09-01,0.0,2.222222,2.166667,2.166667,1.8479009999999998,4600
877,1983-09-02,0.0,2.222222,2.1851849999999997,2.1851849999999997,1.863694,22200
878,1983-09-06,0.0,2.222222,2.203704,2.203704,1.879488,55300
879,1983-09-07,0.0,2.222222,2.203704,2.203704,1.879488,76200
880,1983-09-08,0.0,2.222222,2.203704,2.203704,1.879488,31000
881,1983-09-09,0.0,2.203704,2.166667,2.166667,1.8479009999999998,58600
882,1983-09-12,0.0,2.092592,2.055556,2.055556,1.753136,91800
883,1983-09-13,0.0,2.055556,2.0370369999999998,2.0370369999999998,1.7373419999999997,101200
884,1983-09-14,0.0,2.12963,2.092592,2.092592,1.784723,115300
885,1983-09-15,0.0,2.12963,2.092592,2.092592,1.784723,74200
886,1983-09-16,0.0,2.12963,2.074074,2.074074,1.76893,71500
887,1983-09-19,0.0,2.111111,2.074074,2.074074,1.76893,51900
888,1983-09-20,0.0,2.092592,2.074074,2.074074,1.76893,82900
889,1983-09-21,0.0,2.092592,2.055556,2.055556,1.753136,105300
890,1983-09-22,0.0,2.092592,2.055556,2.055556,1.753136,35700
891,1983-09-23,0.0,2.092592,2.0370369999999998,2.0370369999999998,1.7373419999999997,52600
892,1983-09-26,0.0,2.1851849999999997,2.166667,2.166667,1.8479009999999998,93100
893,1983-09-27,0.0,2.296296,2.259259,2.259259,1.92687,138300
894,1983-09-28,0.0,2.444444,2.407408,2.407408,2.053223,204400
895,1983-09-29,0.0,2.518518,2.481482,2.481482,2.116398,216600
896,1983-09-30,0.0,2.555556,2.518518,2.518518,2.147986,182800
897,1983-10-03,0.0,2.5,2.481482,2.481482,2.116398,189600
898,1983-10-04,0.0,2.481482,2.4629630000000002,2.4629630000000002,2.100605,126900
899,1983-10-05,0.0,2.481482,2.4629630000000002,2.4629630000000002,2.100605,68800
900,1983-10-06,0.0,2.5,2.4629630000000002,2.4629630000000002,2.100605,149800
901,1983-10-07,0.0,2.5,2.481482,2.481482,2.116398,164700
902,1983-10-10,0.0,2.5370369999999998,2.5,2.5,2.132193,170100
903,1983-10-11,0.0,2.5370369999999998,2.5,2.5,2.132193,43200
904,1983-10-12,0.0,2.5,2.481482,2.481482,2.116398,62100
905,1983-10-13,0.0,2.611111,2.592592,2.592592,2.211163,134200
906,1983-10-14,0.0,2.851852,2.8148150000000003,2.8148150000000003,2.400691,383400
907,1983-10-17,0.0,2.888889,2.87037,2.87037,2.448073,315900
908,1983-10-18,0.0,2.666667,2.648148,2.648148,2.2585450000000002,223300
909,1983-10-19,0.0,2.703704,2.666667,2.666667,2.274339,189600
910,1983-10-20,0.0,2.740741,2.703704,2.703704,2.305927,98500
911,1983-10-21,0.0,2.759259,2.722222,2.722222,2.32172,101800
912,1983-10-24,0.0,2.6851849999999997,2.648148,2.648148,2.2585450000000002,129600
913,1983-10-25,0.0,2.796296,2.759259,2.759259,2.353309,75600
914,1983-10-26,0.0,2.87037,2.851852,2.851852,2.4322790000000003,135000
915,1983-10-27,0.0,2.8148150000000003,2.777778,2.777778,2.3691020000000003,141700
916,1983-10-28,0.0,2.833333,2.796296,2.796296,2.384896,99900
917,1983-10-31,0.0,2.907408,2.851852,2.851852,2.4322790000000003,185500
918,1983-11-01,0.0,2.888889,2.851852,2.851852,2.4322790000000003,96400
919,1983-11-02,0.0,2.925926,2.888889,2.888889,2.463867,91000
920,1983-11-03,0.0,2.944444,2.907408,2.907408,2.479661,110700
921,1983-11-04,0.0,2.888889,2.87037,2.87037,2.448073,62700
922,1983-11-07,0.0,2.888889,2.87037,2.87037,2.448073,40500
923,1983-11-08,0.0,3.1851849999999997,3.148148,3.148148,2.6849830000000003,261100
924,1983-11-09,0.0,3.111111,3.074074,3.074074,2.621808,336700
925,1983-11-10,0.0,3.074074,3.0370369999999998,3.0370369999999998,2.590221,159900
926,1983-11-11,0.0,3.055556,3.018518,3.018518,2.574425,153900
927,1983-11-14,0.0,3.12963,3.092592,3.092592,2.6376009999999996,220600
928,1983-11-15,0.0,3.222222,3.1851849999999997,3.1851849999999997,2.716571,109900
929,1983-11-16,0.0,3.222222,3.203704,3.203704,2.732365,76900
930,1983-11-17,0.0,3.3148150000000003,3.259259,3.259259,2.779747,131500
931,1983-11-18,0.0,3.3518519999999996,3.3148150000000003,3.3148150000000003,2.82713,386700
932,1983-11-21,0.0,3.666667,3.62963,3.62963,3.095627,317800
933,1983-11-22,0.0,3.6481480000000004,3.611111,3.611111,3.079834,112600
934,1983-11-23,0.0,3.407408,3.37037,3.37037,2.8745119999999997,290200
935,1983-11-25,0.0,3.481482,3.4444440000000003,3.4444440000000003,2.937688,122800
936,1983-11-28,0.0,3.388889,3.3518519999999996,3.3518519999999996,2.858717,176100
937,1983-11-29,0.0,3.388889,3.37037,3.37037,2.8745119999999997,191700
938,1983-11-30,0.0,3.388889,3.3518519999999996,3.3518519999999996,2.858717,32400
939,1983-12-01,0.0,3.333333,3.3148150000000003,3.3148150000000003,2.82713,35100
940,1983-12-02,0.0,2.851852,2.8148150000000003,2.8148150000000003,2.400691,1156900
941,1983-12-05,0.0,3.1851849999999997,3.12963,3.12963,2.669189,423900
942,1983-12-06,0.0,2.9629630000000002,2.944444,2.944444,2.5112490000000003,184900
943,1983-12-07,0.0,3.055556,3.018518,3.018518,2.574425,120700
944,1983-12-08,0.0,3.055556,3.0370369999999998,3.0370369999999998,2.590221,112600
945,1983-12-09,0.0,3.148148,3.111111,3.111111,2.653395,72900
946,1983-12-12,0.0,3.111111,3.074074,3.074074,2.621808,70200
947,1983-12-13,0.0,3.0,2.9629630000000002,2.9629630000000002,2.527043,123400
948,1983-12-14,0.0,2.796296,2.777778,2.777778,2.3691020000000003,143100
949,1983-12-15,0.0,2.851852,2.8148150000000003,2.8148150000000003,2.400691,82300
950,1983-12-16,0.0,2.981482,2.944444,2.944444,2.5112490000000003,85600
951,1983-12-19,0.0,2.981482,2.944444,2.944444,2.5112490000000003,17500
952,1983-12-20,0.0,2.981482,2.944444,2.944444,2.5112490000000003,15400
953,1983-12-21,0.0,3.0370369999999998,2.981482,2.981482,2.542838,58000
954,1983-12-22,0.0,3.092592,3.055556,3.055556,2.6060119999999998,97800
955,1983-12-23,0.0,3.074074,3.055556,3.055556,2.6060119999999998,41800
956,1983-12-27,0.0,3.092592,3.055556,3.055556,2.6060119999999998,24300
957,1983-12-28,0.0,3.0370369999999998,3.0,3.0,2.558631,76200
958,1983-12-29,0.0,2.981482,2.944444,2.944444,2.5112490000000003,60000
959,1983-12-30,0.0,2.981482,2.944444,2.944444,2.5112490000000003,40500
960,1984-01-03,0.0,2.907408,2.87037,2.87037,2.448073,33700
961,1984-01-04,0.0,2.907408,2.888889,2.888889,2.463867,26200
962,1984-01-05,0.0,2.944444,2.888889,2.888889,2.463867,52600
963,1984-01-06,0.0,2.9629630000000002,2.944444,2.944444,2.5112490000000003,94500
964,1984-01-09,0.0,2.9629630000000002,2.944444,2.944444,2.5112490000000003,28300
965,1984-01-10,0.0,2.925926,2.87037,2.87037,2.448073,72100
966,1984-01-11,0.0,2.907408,2.87037,2.87037,2.448073,49200
967,1984-01-12,0.0,2.777778,2.740741,2.740741,2.3375150000000002,102600
968,1984-01-13,0.0,2.9629630000000002,2.925926,2.925926,2.4954549999999998,152500
969,1984-01-16,0.0,2.9629630000000002,2.944444,2.944444,2.5112490000000003,43200
970,1984-01-17,0.0,3.111111,3.074074,3.074074,2.621808,187600
971,1984-01-18,0.0,3.166667,3.111111,3.111111,2.653395,103900
972,1984-01-19,0.0,3.12963,3.092592,3.092592,2.6376009999999996,89100
973,1984-01-20,0.0,3.111111,3.074074,3.074074,2.621808,55300
974,1984-01-23,0.0,3.111111,3.074074,3.074074,2.621808,65400
975,1984-01-24,0.0,3.092592,3.055556,3.055556,2.6060119999999998,76200
976,1984-01-25,0.0,3.111111,3.074074,3.074074,2.621808,40500
977,1984-01-26,0.0,3.12963,3.092592,3.092592,2.6376009999999996,153100
978,1984-01-27,0.0,3.481482,3.4444440000000003,3.4444440000000003,2.937688,205200
979,1984-01-30,0.0,3.37037,3.333333,3.333333,2.842924,199000
980,1984-01-31,0.0,3.37037,3.3518519999999996,3.3518519999999996,2.858717,82900
981,1984-02-01,0.0,3.388889,3.3518519999999996,3.3518519999999996,2.858717,130200
982,1984-02-02,0.0,3.481482,3.4444440000000003,3.4444440000000003,2.937688,134200
983,1984-02-03,0.0,3.537037,3.5,3.5,2.9850689999999998,218700
984,1984-02-06,0.0,3.518518,3.462963,3.462963,2.953481,213300
985,1984-02-07,0.0,3.5555559999999997,3.5,3.5,2.9850689999999998,196300
986,1984-02-08,0.0,3.5555559999999997,3.518518,3.518518,3.000864,89100
987,1984-02-09,0.0,3.3148150000000003,3.277778,3.277778,2.7955400000000004,217900
988,1984-02-10,0.0,3.333333,3.277778,3.277778,2.7955400000000004,176100
989,1984-02-13,0.0,3.222222,3.166667,3.166667,2.700777,138300
990,1984-02-14,0.0,3.148148,3.074074,3.074074,2.621808,139000
991,1984-02-15,0.0,2.9629630000000002,2.925926,2.925926,2.4954549999999998,84300
992,1984-02-16,0.0,3.018518,2.981482,2.981482,2.542838,121500
993,1984-02-17,0.0,3.0370369999999998,3.0,3.0,2.558631,114700
994,1984-02-21,0.0,3.055556,3.0,3.0,2.558631,88300
995,1984-02-22,0.0,3.111111,3.074074,3.074074,2.621808,94500
996,1984-02-23,0.0,3.12963,3.092592,3.092592,2.6376009999999996,132300
997,1984-02-24,0.0,3.203704,3.148148,3.148148,2.6849830000000003,60000
998,1984-02-27,0.0,3.222222,3.1851849999999997,3.1851849999999997,2.716571,67500
999,1984-02-28,0.0,3.222222,3.166667,3.166667,2.700777,31000
1000,1984-02-29,0.0,3.111111,3.074074,3.074074,2.621808,184900
1001,1984-03-01,0.0,3.111111,3.074074,3.074074,2.621808,46500
1002,1984-03-02,0.0,2.092592,2.055556,2.055556,1.753136,92400
1003,1984-03-05,0.0,2.092592,2.055556,2.055556,1.753136,173400
1004,1984-03-06,0.0,2.296296,2.259259,2.259259,1.92687,367800
1005,1984-03-07,0.0,2.407408,2.37037,2.37037,2.021634,425800
1006,1984-03-08,0.0,2.592592,2.518518,2.518518,2.147986,411000
1007,1984-03-09,0.0,2.62963,2.592592,2.592592,2.211163,441400
1008,1984-03-12,0.0,2.518518,2.481482,2.481482,2.116398,292200
1009,1984-03-13,0.0,2.425926,2.37037,2.37037,2.021634,384000
1010,1984-03-14,0.0,2.666667,2.62963,2.62963,2.2427509999999997,249000
1011,1984-03-15,0.0,2.6851849999999997,2.666667,2.666667,2.274339,414400
1012,1984-03-16,0.0,2.555556,2.481482,2.481482,2.116398,431200
1013,1984-03-19,0.0,2.666667,2.62963,2.62963,2.2427509999999997,135600
1014,1984-03-20,0.0,2.648148,2.62963,2.62963,2.2427509999999997,230800
1015,1984-03-21,0.0,2.5,2.444444,2.444444,2.08481,186300
1016,1984-03-22,0.0,2.518518,2.481482,2.481482,2.116398,126100
1017,1984-03-23,0.0,2.62963,2.555556,2.555556,2.179574,126900
1018,1984-03-26,0.0,2.592592,2.555556,2.555556,2.179574,180900
1019,1984-03-27,0.0,2.592592,2.574074,2.574074,2.19537,86400
1020,1984-03-28,0.0,2.611111,2.574074,2.574074,2.19537,99900
1021,1984-03-29,0.0,2.62963,2.592592,2.592592,2.211163,244300
1022,1984-03-30,0.0,2.666667,2.62963,2.62963,2.2427509999999997,163900
1023,1984-04-02,0.0,2.703704,2.666667,2.666667,2.274339,280800
1024,1984-04-03,0.0,2.703704,2.62963,2.62963,2.2427509999999997,129600
1025,1984-04-04,0.0,2.6851849999999997,2.648148,2.648148,2.2585450000000002,90400
1026,1984-04-05,0.0,2.648148,2.611111,2.611111,2.226957,247600
1027,1984-04-06,0.0,2.666667,2.62963,2.62963,2.2427509999999997,195700
1028,1984-04-09,0.0,2.666667,2.62963,2.62963,2.2427509999999997,185500
1029,1984-04-10,0.0,2.611111,2.574074,2.574074,2.19537,186900
1030,1984-04-11,0.0,2.518518,2.481482,2.481482,2.116398,210600
1031,1984-04-12,0.0,2.555556,2.5,2.5,2.132193,82900
1032,1984-04-13,0.0,2.703704,2.648148,2.648148,2.2585450000000002,228100
1033,1984-04-16,0.0,2.740741,2.703704,2.703704,2.305927,490600
1034,1984-04-17,0.0,2.833333,2.796296,2.796296,2.384896,346900
1035,1984-04-18,0.0,2.833333,2.777778,2.777778,2.3691020000000003,375300
1036,1984-04-19,0.0,2.888889,2.833333,2.833333,2.416484,255700
1037,1984-04-23,0.0,2.907408,2.87037,2.87037,2.448073,230800
1038,1984-04-24,0.0,3.1851849999999997,3.111111,3.111111,2.653395,888900
1039,1984-04-25,0.0,3.222222,3.166667,3.166667,2.700777,1030600
1040,1984-04-26,0.0,3.12963,3.074074,3.074074,2.621808,357700
1041,1984-04-27,0.0,3.240741,3.203704,3.203704,2.732365,236200
1042,1984-04-30,0.0,3.111111,3.092592,3.092592,2.6376009999999996,322600
1043,1984-05-01,0.0,3.018518,3.0,3.0,2.558631,261100
1044,1984-05-02,0.0,2.851852,2.8148150000000003,2.8148150000000003,2.400691,440700
1045,1984-05-03,0.0,2.777778,2.740741,2.740741,2.3375150000000002,436600
1046,1984-05-04,0.0,2.740741,2.722222,2.722222,2.32172,431200
1047,1984-05-07,0.0,2.6851849999999997,2.648148,2.648148,2.2585450000000002,268600
1048,1984-05-08,0.0,2.6851849999999997,2.648148,2.648148,2.2585450000000002,228100
1049,1984-05-09,0.0,2.740741,2.703704,2.703704,2.305927,197100
1050,1984-05-10,0.0,2.722222,2.6851849999999997,2.6851849999999997,2.290133,176100
1051,1984-05-11,0.0,2.722222,2.703704,2.703704,2.305927,167400
1052,1984-05-14,0.0,2.759259,2.722222,2.722222,2.32172,296200
1053,1984-05-15,0.0,2.8148150000000003,2.740741,2.759259,2.353309,176800
1054,1984-05-16,0.0,2.796296,2.722222,2.759259,2.353309,192300
1055,1984-05-17,0.0,2.944444,2.777778,2.925926,2.4954549999999998,479200
1056,1984-05-18,0.0,2.981482,2.851852,2.888889,2.463867,275400
1057,1984-05-21,0.0,3.0370369999999998,2.925926,2.925926,2.4954549999999998,777600
1058,1984-05-22,0.0,3.0,2.925926,2.981482,2.542838,141700
1059,1984-05-23,0.0,3.0370369999999998,2.907408,2.907408,2.479661,139000
1060,1984-05-24,0.0,2.981482,2.907408,2.925926,2.4954549999999998,101800
1061,1984-05-25,0.0,2.981482,2.925926,2.9629630000000002,2.527043,98500
1062,1984-05-29,0.0,2.9629630000000002,2.907408,2.9629630000000002,2.527043,78300
1063,1984-05-30,0.0,2.981482,2.907408,2.925926,2.4954549999999998,104500
1064,1984-05-31,0.0,2.981482,2.925926,2.981482,2.542838,108600
1065,1984-06-01,0.0,3.055556,2.944444,3.018518,2.574425,344800
1066,1984-06-04,0.0,3.166667,3.055556,3.148148,2.6849830000000003,246300
1067,1984-06-05,0.0,3.166667,3.111111,3.148148,2.6849830000000003,162000
1068,1984-06-06,0.0,3.166667,3.12963,3.12963,2.669189,109300
1069,1984-06-07,0.0,3.166667,3.0370369999999998,3.055556,2.6060119999999998,177400
1070,1984-06-08,0.0,3.166667,3.055556,3.166667,2.700777,137700
1071,1984-06-11,0.0,3.333333,3.166667,3.259259,2.779747,489300
1072,1984-06-12,0.0,3.333333,3.222222,3.296296,2.8113349999999997,162600
1073,1984-06-13,0.0,3.333333,3.296296,3.3148150000000003,2.82713,125500
1074,1984-06-14,0.0,3.4444440000000003,3.3148150000000003,3.4444440000000003,2.937688,496800
1075,1984-06-15,0.0,3.592592,3.462963,3.5555559999999997,3.032452,485200
1076,1984-06-18,0.0,3.666667,3.481482,3.611111,3.079834,429300
1077,1984-06-19,0.0,3.6481480000000004,3.537037,3.592592,3.0640400000000003,256500
1078,1984-06-20,0.0,3.62963,3.5555559999999997,3.62963,3.095627,220600
1079,1984-06-21,0.0,3.6481480000000004,3.537037,3.537037,3.016657,186300
1080,1984-06-22,0.0,3.722222,3.518518,3.722222,3.1745970000000003,897000
1081,1984-06-25,0.0,4.1666669999999995,3.703704,3.9444440000000003,3.364126,1231800
1082,1984-06-26,0.0,3.9444440000000003,3.7592589999999997,3.8518519999999996,3.2851559999999997,681700
1083,1984-06-27,0.0,4.018518,3.777778,3.9444440000000003,3.364126,487300
1084,1984-06-28,0.0,4.0,3.888889,3.981482,3.3957129999999998,480600
1085,1984-06-29,0.0,4.0,3.925926,4.0,3.4115089999999997,452200
1086,1984-07-02,0.0,4.018518,3.962963,4.018518,3.4273019999999996,525100
1087,1984-07-03,0.0,4.055555,4.0,4.037037000000001,3.4430959999999997,256500
1088,1984-07-05,0.0,4.203704,4.0,4.185185,3.5694470000000003,508900
1089,1984-07-06,0.0,4.259258999999999,4.148148,4.259258999999999,3.632624,541900
1090,1984-07-09,0.0,4.462962999999999,4.259258999999999,4.444445,3.790564,1011100
1091,1984-07-10,0.0,4.555555,4.444445,4.481482,3.8221529999999997,570300
1092,1984-07-11,0.0,4.5,4.092593,4.129630000000001,3.522067,884200
1093,1984-07-12,0.0,4.351852,4.018518,4.3333330000000005,3.6958010000000003,878100
1094,1984-07-13,0.0,4.407407,4.277778,4.351852,3.7115940000000003,319200
1095,1984-07-16,0.0,4.351852,4.222222,4.240741000000001,3.61683,131500
1096,1984-07-17,0.0,4.277778,4.148148,4.240741000000001,3.61683,270600
1097,1984-07-18,0.0,4.277778,4.203704,4.222222,3.601036,76900
1098,1984-07-19,0.0,4.240741000000001,4.1666669999999995,4.203704,3.585242,271300
1099,1984-07-20,0.0,4.240741000000001,4.1666669999999995,4.203704,3.585242,190300
1100,1984-07-23,0.0,4.4259260000000005,4.222222,4.351852,3.7115940000000003,517000
1101,1984-07-24,0.0,4.407407,4.3333330000000005,4.388889,3.743183,286200
1102,1984-07-25,0.0,4.370369999999999,4.314815,4.3333330000000005,3.6958010000000003,236200
1103,1984-07-26,0.0,4.407407,4.259258999999999,4.3333330000000005,3.6958010000000003,234900
1104,1984-07-27,0.0,4.370369999999999,4.240741000000001,4.351852,3.7115940000000003,336100
1105,1984-07-30,0.0,4.388889,4.314815,4.370369999999999,3.7273870000000002,157200
1106,1984-07-31,0.0,4.407407,4.351852,4.407407,3.758976,186300
1107,1984-08-01,0.0,3.222222,3.0,3.166667,2.700777,1246600
1108,1984-08-02,0.0,3.1851849999999997,3.074074,3.166667,2.700777,696600
1109,1984-08-03,0.0,3.203704,3.092592,3.12963,2.669189,812700
1110,1984-08-06,0.0,3.296296,3.111111,3.277778,2.7955400000000004,450900
1111,1984-08-07,0.0,3.8148150000000003,3.148148,3.722222,3.1745970000000003,1171800
1112,1984-08-08,0.0,3.7407410000000003,3.592592,3.666667,3.127215,940200
1113,1984-08-09,0.0,4.3333330000000005,3.666667,4.092593,3.490478,1658400
1114,1984-08-10,0.0,4.388889,4.129630000000001,4.185185,3.5694470000000003,1636200
1115,1984-08-13,0.0,4.240741000000001,4.129630000000001,4.222222,3.601036,735000
1116,1984-08-14,0.0,4.351852,4.222222,4.296296,3.6642129999999997,847800
1117,1984-08-15,0.0,4.407407,4.259258999999999,4.351852,3.7115940000000003,879400
1118,1984-08-16,0.0,4.555555,4.351852,4.518518,3.85374,1038700
1119,1984-08-17,0.0,4.6666669999999995,4.481482,4.6666669999999995,3.980093,911800
1120,1984-08-20,0.0,4.740741000000001,4.648148,4.740741000000001,4.043268,914500
1121,1984-08-21,0.0,5.018518,4.703704,4.981482,4.248591,1113700
1122,1984-08-22,0.0,5.537037000000001,5.037037000000001,5.203704,4.438119,2294200
1123,1984-08-23,0.0,5.240741000000001,4.3333330000000005,4.629630000000001,3.9485050000000004,3793500
1124,1984-08-24,0.0,4.629630000000001,3.666667,3.8148150000000003,3.253567,4552200
1125,1984-08-27,0.0,4.3333330000000005,3.796296,4.296296,3.6642129999999997,2614200
1126,1984-08-28,0.0,4.444445,4.259258999999999,4.407407,3.758976,795700
1127,1984-08-29,0.0,4.518518,4.3333330000000005,4.370369999999999,3.7273870000000002,826800
1128,1984-08-30,0.0,4.370369999999999,3.888889,4.0,3.4115089999999997,1249300
1129,1984-08-31,0.0,4.111111,3.981482,4.092593,3.490478,533200
1130,1984-09-04,0.0,4.185185,3.87037,4.148148,3.53786,394200
1131,1984-09-05,0.0,4.370369999999999,4.092593,4.296296,3.6642129999999997,502200
1132,1984-09-06,0.0,4.481482,4.222222,4.222222,3.601036,1047600
1133,1984-09-07,0.0,4.296296,3.925926,3.9444440000000003,3.364126,1719900
1134,1984-09-10,0.0,4.055555,3.6481480000000004,3.8148150000000003,3.253567,1594300
1135,1984-09-11,0.0,4.0,3.518518,3.592592,3.0640400000000003,1993900
1136,1984-09-12,0.0,3.62963,3.518518,3.518518,3.000864,1005700
1137,1984-09-13,0.0,3.5555559999999997,3.240741,3.481482,2.969275,3296700
1138,1984-09-14,0.0,3.592592,3.4444440000000003,3.518518,3.000864,2016100
1139,1984-09-17,0.0,3.4444440000000003,3.074074,3.407408,2.906099,2748600
1140,1984-09-18,0.0,3.481482,3.388889,3.4444440000000003,2.937688,720100
1141,1984-09-19,0.0,3.592592,3.37037,3.5,2.9850689999999998,715500
1142,1984-09-20,0.0,3.592592,3.4444440000000003,3.5555559999999997,3.032452,623700
1143,1984-09-21,0.0,3.722222,3.518518,3.666667,3.127215,834300
1144,1984-09-24,0.0,3.8518519999999996,3.6851849999999997,3.7592589999999997,3.206185,714100
1145,1984-09-25,0.0,3.888889,3.6851849999999997,3.7592589999999997,3.206185,509500
1146,1984-09-26,0.0,3.777778,3.62963,3.666667,3.127215,764100
1147,1984-09-27,0.0,3.703704,3.407408,3.537037,3.016657,608100
1148,1984-09-28,0.0,3.5555559999999997,3.4444440000000003,3.5555559999999997,3.032452,330700
1149,1984-10-01,0.0,3.592592,3.481482,3.5555559999999997,3.032452,440700
1150,1984-10-02,0.0,3.703704,3.518518,3.666667,3.127215,652000
1151,1984-10-03,0.0,3.666667,3.62963,3.666667,3.127215,227400
1152,1984-10-04,0.0,3.703704,3.62963,3.666667,3.127215,226800
1153,1984-10-05,0.0,3.666667,3.5555559999999997,3.62963,3.095627,515700
1154,1984-10-08,0.0,3.666667,3.592592,3.62963,3.095627,249700
1155,1984-10-09,0.0,3.666667,3.62963,3.62963,3.095627,260500
1156,1984-10-10,0.0,3.666667,3.62963,3.62963,3.095627,265900
1157,1984-10-11,0.0,3.833333,3.6481480000000004,3.8148150000000003,3.253567,603400
1158,1984-10-12,0.0,3.962963,3.8518519999999996,3.925926,3.348332,723600
1159,1984-10-15,0.0,4.0,3.907408,3.907408,3.3325379999999996,445500
1160,1984-10-16,0.0,3.9444440000000003,3.888889,3.9444440000000003,3.364126,328000
1161,1984-10-17,0.0,3.981482,3.666667,3.722222,3.1745970000000003,661500
1162,1984-10-18,0.0,3.925926,3.703704,3.888889,3.3167440000000004,388000
1163,1984-10-19,0.0,4.037037000000001,3.907408,3.962963,3.37992,498100
1164,1984-10-22,0.0,4.148148,3.962963,4.111111,3.506272,1256800
1165,1984-10-23,0.0,4.3333330000000005,3.907408,3.962963,3.37992,1484200
1166,1984-10-24,0.0,4.037037000000001,3.907408,4.037037000000001,3.4430959999999997,293500
1167,1984-10-25,0.0,4.037037000000001,3.962963,4.018518,3.4273019999999996,180900
1168,1984-10-26,0.0,4.037037000000001,3.962963,4.018518,3.4273019999999996,246300
1169,1984-10-29,0.0,4.037037000000001,3.981482,4.0,3.4115089999999997,168000
1170,1984-10-30,0.0,4.037037000000001,3.925926,3.925926,3.348332,155200
1171,1984-10-31,0.0,3.9444440000000003,3.7592589999999997,3.7592589999999997,3.206185,487900
1172,1984-11-01,0.0,3.796296,3.722222,3.777778,3.22198,371800
1173,1984-11-02,0.0,3.8518519999999996,3.777778,3.833333,3.269361,473100
1174,1984-11-05,0.0,3.962963,3.8148150000000003,3.925926,3.348332,400900
1175,1984-11-06,0.0,4.240741000000001,3.962963,4.1666669999999995,3.553654,1122400
1176,1984-11-07,0.0,4.222222,4.0740739999999995,4.111111,3.506272,581800
1177,1984-11-08,0.0,4.129630000000001,4.0,4.018518,3.4273019999999996,305700
1178,1984-11-09,0.0,4.259258999999999,4.092593,4.111111,3.506272,891600
1179,1984-11-12,0.0,4.129630000000001,4.037037000000001,4.092593,3.490478,195000
1180,1984-11-13,0.0,4.0740739999999995,3.925926,3.925926,3.348332,190900
1181,1984-11-14,0.0,4.0,3.907408,3.907408,3.3325379999999996,155200
1182,1984-11-15,0.0,3.925926,3.777778,3.8148150000000003,3.253567,271300
1183,1984-11-16,0.0,3.8518519999999996,3.7407410000000003,3.777778,3.22198,200400
1184,1984-11-19,0.0,3.8148150000000003,3.574074,3.6481480000000004,3.111421,531900
1185,1984-11-20,0.0,3.6481480000000004,3.4444440000000003,3.5555559999999997,3.032452,1007100
1186,1984-11-21,0.0,3.666667,3.518518,3.666667,3.127215,514300
1187,1984-11-23,0.0,3.8148150000000003,3.7407410000000003,3.8148150000000003,3.253567,143700
1188,1984-11-26,0.0,3.888889,3.7407410000000003,3.8148150000000003,3.253567,136900
1189,1984-11-27,0.0,3.8518519999999996,3.7407410000000003,3.796296,3.237773,76900
1190,1984-11-28,0.0,3.888889,3.6481480000000004,3.6481480000000004,3.111421,485200
1191,1984-11-29,0.0,3.703704,3.6481480000000004,3.6481480000000004,3.111421,112600
1192,1984-11-30,0.0,3.703704,3.6481480000000004,3.703704,3.158804,127500
1193,1984-12-03,0.0,3.703704,3.592592,3.6481480000000004,3.111421,132300
1194,1984-12-04,0.0,3.6851849999999997,3.62963,3.666667,3.127215,49200
1195,1984-12-05,0.0,3.703704,3.611111,3.6481480000000004,3.111421,161200
1196,1984-12-06,0.0,3.666667,3.481482,3.481482,2.969275,253800
1197,1984-12-07,0.0,3.592592,3.481482,3.592592,3.0640400000000003,208500
1198,1984-12-10,0.0,3.592592,3.481482,3.481482,2.969275,359100
1199,1984-12-11,0.0,3.518518,3.37037,3.407408,2.906099,495400
1200,1984-12-12,0.0,3.5,3.425926,3.462963,2.953481,240900
1201,1984-12-13,0.0,3.481482,3.388889,3.388889,2.890304,423900
1202,1984-12-14,0.0,3.4444440000000003,3.388889,3.4444440000000003,2.937688,178200
1203,1984-12-17,0.0,3.4444440000000003,3.407408,3.4444440000000003,2.937688,163900
1204,1984-12-18,0.0,3.833333,3.425926,3.833333,3.269361,544000
1205,1984-12-19,0.0,3.981482,3.777778,3.833333,3.269361,784900
1206,1984-12-20,0.0,3.8518519999999996,3.777778,3.777778,3.22198,380700
1207,1984-12-21,0.0,3.796296,3.722222,3.7407410000000003,3.1903919999999997,282100
1208,1984-12-24,0.0,3.777778,3.7407410000000003,3.7407410000000003,3.1903919999999997,97800
1209,1984-12-26,0.0,3.8148150000000003,3.703704,3.777778,3.22198,187600
1210,1984-12-27,0.0,3.8148150000000003,3.7407410000000003,3.7407410000000003,3.1903919999999997,437400
1211,1984-12-28,0.0,3.777778,3.703704,3.7592589999999997,3.206185,192300
1212,1984-12-31,0.0,3.777778,3.722222,3.7592589999999997,3.206185,105300
1213,1985-01-02,0.0,3.722222,3.62963,3.62963,3.095627,132900
1214,1985-01-03,0.0,3.666667,3.592592,3.6481480000000004,3.111421,114000
1215,1985-01-04,0.0,3.666667,3.62963,3.62963,3.095627,82900
1216,1985-01-07,0.0,3.666667,3.5555559999999997,3.5555559999999997,3.032452,82300
1217,1985-01-08,0.0,3.703704,3.592592,3.666667,3.127215,280800
1218,1985-01-09,0.0,3.6851849999999997,3.62963,3.6851849999999997,3.14301,169300
1219,1985-01-10,0.0,3.6851849999999997,3.6481480000000004,3.666667,3.127215,177400
1220,1985-01-11,0.0,3.6851849999999997,3.6481480000000004,3.6851849999999997,3.14301,209800
1221,1985-01-14,0.0,3.703704,3.6481480000000004,3.703704,3.158804,281400
1222,1985-01-15,0.0,3.7592589999999997,3.703704,3.7592589999999997,3.206185,544600
1223,1985-01-16,0.0,3.8518519999999996,3.7592589999999997,3.8518519999999996,3.2851559999999997,596700
1224,1985-01-17,0.0,4.111111,3.8518519999999996,4.0,3.4115089999999997,941500
1225,1985-01-18,0.0,4.148148,4.0,4.092593,3.490478,756000
1226,1985-01-21,0.0,4.185185,4.0740739999999995,4.148148,3.53786,1374300
1227,1985-01-22,0.0,4.222222,4.129630000000001,4.1666669999999995,3.553654,2511000
1228,1985-01-23,0.0,4.314815,4.148148,4.296296,3.6642129999999997,3344500
1229,1985-01-24,0.0,4.462962999999999,4.259258999999999,4.370369999999999,3.7273870000000002,1482300
1230,1985-01-25,0.0,4.648148,4.370369999999999,4.592593,3.9169160000000005,1699600
1231,1985-01-28,0.0,4.851852,4.611111,4.8333330000000005,4.122240000000001,1827900
1232,1985-01-29,0.0,4.962962999999999,4.814815,4.907407,4.185416,2255100
1233,1985-01-30,0.0,4.962962999999999,4.555555,4.648148,3.964299,2182200
1234,1985-01-31,0.0,4.740741000000001,4.5740739999999995,4.629630000000001,3.9485050000000004,1030600
1235,1985-02-01,0.0,4.777778,4.629630000000001,4.740741000000001,4.043268,386700
1236,1985-02-04,0.0,4.740741000000001,4.648148,4.685185,3.995887,844300
1237,1985-02-05,0.0,4.722222,4.6666669999999995,4.703704,4.01168,573700
1238,1985-02-06,0.0,4.907407,4.703704,4.870369999999999,4.153828,1316800
1239,1985-02-07,0.0,5.037037000000001,4.870369999999999,5.037037000000001,4.295972,788400
1240,1985-02-08,0.0,5.148148,5.018518,5.148148,4.390739,870000
1241,1985-02-11,0.0,5.148148,4.907407,4.9259260000000005,4.2012089999999995,816700
1242,1985-02-12,0.0,4.962962999999999,4.870369999999999,4.907407,4.185416,518400
1243,1985-02-13,0.0,5.222222,4.907407,5.185185,4.422327,1688800
1244,1985-02-14,0.0,5.296296,5.185185,5.296296,4.5170900000000005,1119700
1245,1985-02-15,0.0,5.3333330000000005,5.240741000000001,5.296296,4.5170900000000005,903100
1246,1985-02-19,0.0,2.611111,2.351852,2.518518,2.147986,5298000
1247,1985-02-20,0.0,2.740741,2.518518,2.666667,2.274339,4051900
1248,1985-02-21,0.0,2.740741,2.62963,2.666667,2.274339,2193000
1249,1985-02-22,0.0,2.6851849999999997,2.574074,2.592592,2.211163,1072500
1250,1985-02-25,0.0,2.592592,2.481482,2.518518,2.147986,1481500
1251,1985-02-26,0.0,2.648148,2.518518,2.592592,2.211163,838300
1252,1985-02-27,0.0,2.648148,2.592592,2.62963,2.2427509999999997,541300
1253,1985-02-28,0.0,2.666667,2.611111,2.666667,2.274339,834900
1254,1985-03-01,0.0,2.777778,2.648148,2.722222,2.32172,1540300
1255,1985-03-04,0.0,2.759259,2.666667,2.703704,2.305927,1317600
1256,1985-03-05,0.0,2.759259,2.703704,2.722222,2.32172,643900
1257,1985-03-06,0.0,2.759259,2.703704,2.740741,2.3375150000000002,450100
1258,1985-03-07,0.0,2.740741,2.592592,2.62963,2.2427509999999997,890200
1259,1985-03-08,0.0,2.703704,2.611111,2.648148,2.2585450000000002,892900
1260,1985-03-11,0.0,2.6851849999999997,2.592592,2.62963,2.2427509999999997,541900
1261,1985-03-12,0.0,2.6851849999999997,2.62963,2.648148,2.2585450000000002,379300
1262,1985-03-13,0.0,2.722222,2.648148,2.703704,2.305927,1387800
1263,1985-03-14,0.0,2.722222,2.666667,2.703704,2.305927,810600
1264,1985-03-15,0.0,2.740741,2.6851849999999997,2.6851849999999997,2.290133,463000
1265,1985-03-18,0.0,2.703704,2.666667,2.6851849999999997,2.290133,774900
1266,1985-03-19,0.0,2.6851849999999997,2.62963,2.648148,2.2585450000000002,508200
1267,1985-03-20,0.0,2.6851849999999997,2.62963,2.666667,2.274339,485200
1268,1985-03-21,0.0,2.6851849999999997,2.62963,2.6851849999999997,2.290133,427900
1269,1985-03-22,0.0,2.740741,2.648148,2.722222,2.32172,908500
1270,1985-03-25,0.0,2.722222,2.703704,2.722222,2.32172,508900
1271,1985-03-26,0.0,2.740741,2.703704,2.740741,2.3375150000000002,280800
1272,1985-03-27,0.0,2.907408,2.722222,2.907408,2.479661,2971300
1273,1985-03-28,0.0,3.0,2.888889,2.944444,2.5112490000000003,2253100
1274,1985-03-29,0.0,3.12963,2.944444,3.055556,2.6060119999999998,2930100
1275,1985-04-01,0.0,3.296296,3.0370369999999998,3.240741,2.763954,3389800
1276,1985-04-02,0.0,3.3518519999999996,3.12963,3.166667,2.700777,2775600
1277,1985-04-03,0.0,3.166667,3.0370369999999998,3.111111,2.653395,2614900
1278,1985-04-04,0.0,3.277778,3.12963,3.259259,2.779747,1885900
1279,1985-04-08,0.0,3.37037,3.240741,3.259259,2.779747,2463700
1280,1985-04-09,0.0,3.3518519999999996,3.277778,3.3148150000000003,2.82713,1297900
1281,1985-04-10,0.0,3.388889,3.333333,3.333333,2.842924,1240600
1282,1985-04-11,0.0,3.37037,3.296296,3.333333,2.842924,1149400
1283,1985-04-12,0.0,3.3148150000000003,3.203704,3.240741,2.763954,1499100
1284,1985-04-15,0.0,3.296296,3.240741,3.240741,2.763954,986100
1285,1985-04-16,0.0,3.296296,3.240741,3.259259,2.779747,571600
1286,1985-04-17,0.0,3.277778,3.12963,3.166667,2.700777,1115100
1287,1985-04-18,0.0,3.1851849999999997,3.0370369999999998,3.074074,2.621808,2069500
1288,1985-04-19,0.0,3.092592,2.851852,3.074074,2.621808,4499500
1289,1985-04-22,0.0,3.333333,3.092592,3.296296,2.8113349999999997,3138000
1290,1985-04-23,0.0,3.5555559999999997,3.333333,3.462963,2.953481,3325000
1291,1985-04-24,0.0,3.537037,3.462963,3.518518,3.000864,1765000
1292,1985-04-25,0.0,3.574074,3.37037,3.388889,2.890304,2893600
1293,1985-04-26,0.0,3.425926,3.333333,3.333333,2.842924,938800
1294,1985-04-29,0.0,3.3518519999999996,3.1851849999999997,3.203704,2.732365,1671900
1295,1985-04-30,0.0,3.259259,3.074074,3.166667,2.700777,1426200
1296,1985-05-01,0.0,3.1851849999999997,3.074074,3.092592,2.6376009999999996,1308700
1297,1985-05-02,0.0,3.092592,2.944444,3.018518,2.574425,1900800
1298,1985-05-03,0.0,3.148148,3.0,3.12963,2.669189,1354600
1299,1985-05-06,0.0,3.259259,3.111111,3.1851849999999997,2.716571,1443100
1300,1985-05-07,0.0,3.277778,3.148148,3.259259,2.779747,806500
1301,1985-05-08,0.0,3.333333,3.259259,3.259259,2.779747,1687500
1302,1985-05-09,0.0,3.277778,3.1851849999999997,3.277778,2.7955400000000004,1161000
1303,1985-05-10,0.0,3.388889,3.259259,3.37037,2.8745119999999997,1640200
1304,1985-05-13,0.0,3.407408,3.333333,3.388889,2.890304,1045500
1305,1985-05-14,0.0,3.537037,3.388889,3.518518,3.000864,1936500
1306,1985-05-15,0.0,3.611111,3.481482,3.481482,2.969275,3584200
1307,1985-05-16,0.0,3.574074,3.4444440000000003,3.5555559999999997,3.032452,2064700
1308,1985-05-17,0.0,3.574074,3.222222,3.5555559999999997,3.032452,4478500
1309,1985-05-20,0.0,3.62963,3.5555559999999997,3.574074,3.048246,2581800
1310,1985-05-21,0.0,3.574074,3.4444440000000003,3.4444440000000003,2.937688,1837300
1311,1985-05-22,0.0,3.462963,3.407408,3.425926,2.921893,1314100
1312,1985-05-23,0.0,3.425926,3.3148150000000003,3.333333,2.842924,1969600
1313,1985-05-24,0.0,3.3518519999999996,3.1851849999999997,3.3148150000000003,2.82713,1654300
1314,1985-05-28,0.0,3.407408,3.3148150000000003,3.333333,2.842924,799200
1315,1985-05-29,0.0,3.37037,3.333333,3.37037,2.8745119999999997,544000
1316,1985-05-30,0.0,3.407408,3.3518519999999996,3.37037,2.8745119999999997,779500
1317,1985-05-31,0.0,3.407408,3.37037,3.37037,2.8745119999999997,483900
1318,1985-06-03,0.0,3.481482,3.37037,3.481482,2.969275,679600
1319,1985-06-04,0.0,3.537037,3.481482,3.518518,3.000864,974700
1320,1985-06-05,0.0,3.592592,3.481482,3.481482,2.969275,763300
1321,1985-06-06,0.0,3.518518,3.407408,3.481482,2.969275,759300
1322,1985-06-07,0.0,3.481482,3.425926,3.4444440000000003,2.937688,503500
1323,1985-06-10,0.0,3.481482,3.425926,3.481482,2.969275,409000
1324,1985-06-11,0.0,3.481482,3.37037,3.407408,2.906099,938200
1325,1985-06-12,0.0,3.425926,3.37037,3.407408,2.906099,944200
1326,1985-06-13,0.0,3.5555559999999997,3.407408,3.518518,3.000864,1722600
1327,1985-06-14,0.0,3.703704,3.5,3.666667,3.127215,2413000
1328,1985-06-17,0.0,3.7592589999999997,3.666667,3.7592589999999997,3.206185,3369600
1329,1985-06-18,0.0,3.7592589999999997,3.666667,3.703704,3.158804,962500
1330,1985-06-19,0.0,3.7407410000000003,3.611111,3.611111,3.079834,1000900
1331,1985-06-20,0.0,3.62963,3.518518,3.5555559999999997,3.032452,2248300
1332,1985-06-21,0.0,3.62963,3.537037,3.592592,3.0640400000000003,1086000
1333,1985-06-24,0.0,3.592592,3.537037,3.574074,3.048246,730900
1334,1985-06-25,0.0,3.62963,3.5555559999999997,3.592592,3.0640400000000003,1129900
1335,1985-06-26,0.0,3.611111,3.537037,3.574074,3.048246,541900
1336,1985-06-27,0.0,3.574074,3.537037,3.574074,3.048246,419800
1337,1985-06-28,0.0,3.574074,3.5555559999999997,3.5555559999999997,3.032452,333400
1338,1985-07-01,0.0,3.574074,3.518518,3.5555559999999997,3.032452,735700
1339,1985-07-02,0.0,3.574074,3.537037,3.5555559999999997,3.032452,442000
1340,1985-07-03,0.0,3.5555559999999997,3.537037,3.537037,3.016657,1087300
1341,1985-07-05,0.0,3.592592,3.537037,3.574074,3.048246,589900
1342,1985-07-08,0.0,3.592592,3.5555559999999997,3.5555559999999997,3.032452,638500
1343,1985-07-09,0.0,3.62963,3.5555559999999997,3.62963,3.095627,919900
1344,1985-07-10,0.0,3.722222,3.592592,3.703704,3.158804,1341100
1345,1985-07-11,0.0,3.7407410000000003,3.703704,3.7407410000000003,3.1903919999999997,1243900
1346,1985-07-12,0.0,3.777778,3.722222,3.777778,3.22198,826200
1347,1985-07-15,0.0,3.833333,3.7592589999999997,3.8148150000000003,3.253567,1299300
1348,1985-07-16,0.0,3.87037,3.796296,3.8518519999999996,3.2851559999999997,1024600
1349,1985-07-17,0.0,3.888889,3.833333,3.833333,3.269361,1547100
1350,1985-07-18,0.0,3.8518519999999996,3.796296,3.8148150000000003,3.253567,713400
1351,1985-07-19,0.0,3.833333,3.7592589999999997,3.7592589999999997,3.206185,1722600
1352,1985-07-22,0.0,3.777778,3.703704,3.7592589999999997,3.206185,988200
1353,1985-07-23,0.0,3.777778,3.333333,3.37037,2.8745119999999997,4693900
1354,1985-07-24,0.0,3.37037,3.018518,3.222222,2.748158,6145800
1355,1985-07-25,0.0,3.37037,3.240741,3.333333,2.842924,2114700
1356,1985-07-26,0.0,3.462963,3.333333,3.4444440000000003,2.937688,1542300
1357,1985-07-29,0.0,3.462963,3.259259,3.259259,2.779747,901800
1358,1985-07-30,0.0,3.277778,3.1851849999999997,3.1851849999999997,2.716571,769500
1359,1985-07-31,0.0,3.240741,3.1851849999999997,3.1851849999999997,2.716571,1483600
1360,1985-08-01,0.0,3.222222,3.092592,3.148148,2.6849830000000003,2663500
1361,1985-08-02,0.0,3.148148,3.018518,3.055556,2.6060119999999998,1755000
1362,1985-08-05,0.0,3.055556,2.740741,2.925926,2.4954549999999998,4457700
1363,1985-08-06,0.0,3.0370369999999998,2.851852,2.888889,2.463867,2232900
1364,1985-08-07,0.0,2.907408,2.833333,2.87037,2.448073,1331700
1365,1985-08-08,0.0,2.907408,2.851852,2.888889,2.463867,1117000
1366,1985-08-09,0.0,2.925926,2.888889,2.925926,2.4954549999999998,1152900
1367,1985-08-12,0.0,2.851852,2.722222,2.777778,2.3691020000000003,2224000
1368,1985-08-13,0.0,2.777778,2.444444,2.4629630000000002,2.100605,5688100
1369,1985-08-14,0.0,2.592592,2.1851849999999997,2.5370369999999998,2.16378,11969100
1370,1985-08-15,0.0,2.833333,2.592592,2.777778,2.3691020000000003,4799200
1371,1985-08-16,0.0,2.796296,2.703704,2.722222,2.32172,2827500
1372,1985-08-19,0.0,2.722222,2.425926,2.4629630000000002,2.100605,4785700
1373,1985-08-20,0.0,2.666667,2.407408,2.611111,2.226957,3725200
1374,1985-08-21,0.0,2.6851849999999997,2.592592,2.666667,2.274339,2144400
1375,1985-08-22,0.0,2.722222,2.611111,2.62963,2.2427509999999997,1296000
1376,1985-08-23,0.0,2.666667,2.592592,2.611111,2.226957,805900
1377,1985-08-26,0.0,2.611111,2.555556,2.592592,2.211163,483900
1378,1985-08-27,0.0,2.6851849999999997,2.5370369999999998,2.666667,2.274339,1430200
1379,1985-08-28,0.0,2.777778,2.6851849999999997,2.777778,2.3691020000000003,1489600
1380,1985-08-29,0.0,2.9629630000000002,2.796296,2.925926,2.4954549999999998,2484000
1381,1985-08-30,0.0,3.0,2.851852,2.87037,2.448073,1495800
1382,1985-09-03,0.0,2.87037,2.759259,2.8148150000000003,2.400691,1380300
1383,1985-09-04,0.0,2.87037,2.6851849999999997,2.722222,2.32172,3952800
1384,1985-09-05,0.0,2.740741,2.592592,2.6851849999999997,2.290133,2776200
1385,1985-09-06,0.0,2.740741,2.574074,2.611111,2.226957,2766100
1386,1985-09-09,0.0,2.666667,2.592592,2.611111,2.226957,1142700
1387,1985-09-10,0.0,2.62963,2.444444,2.481482,2.116398,3034800
1388,1985-09-11,0.0,2.5,2.37037,2.407408,2.053223,2658100
1389,1985-09-12,0.0,2.574074,2.388889,2.481482,2.116398,4469800
1390,1985-09-13,0.0,2.518518,2.444444,2.4629630000000002,2.100605,2301000
1391,1985-09-16,0.0,2.481482,2.444444,2.4629630000000002,2.100605,962500
1392,1985-09-17,0.0,2.5,2.333333,2.37037,2.021634,1690800
1393,1985-09-18,0.0,2.444444,2.351852,2.425926,2.0690169999999997,2087100
1394,1985-09-19,0.0,2.4629630000000002,2.388889,2.407408,2.053223,2425900
1395,1985-09-20,0.0,2.444444,2.388889,2.388889,2.037428,2118100
1396,1985-09-23,0.0,2.4629630000000002,2.388889,2.425926,2.0690169999999997,2961900
1397,1985-09-24,0.0,2.444444,2.1851849999999997,2.222222,1.895282,2466400
1398,1985-09-25,0.0,2.296296,2.203704,2.203704,1.879488,2250400
1399,1985-09-26,0.0,2.222222,2.148148,2.1851849999999997,1.863694,2085000
1400,1985-09-30,0.0,2.240741,2.166667,2.203704,1.879488,1709100
1401,1985-10-01,0.0,2.351852,2.1851849999999997,2.333333,1.9900470000000001,1712400
1402,1985-10-02,0.0,2.37037,2.277778,2.333333,1.9900470000000001,1767700
1403,1985-10-03,0.0,2.333333,2.277778,2.277778,1.942664,830800
1404,1985-10-04,0.0,2.296296,2.203704,2.240741,1.9110770000000001,1219000
1405,1985-10-07,0.0,2.277778,2.203704,2.240741,1.9110770000000001,1111000
1406,1985-10-08,0.0,2.240741,2.203704,2.222222,1.895282,770800
1407,1985-10-09,0.0,2.240741,2.203704,2.222222,1.895282,658000
1408,1985-10-10,0.0,2.222222,2.148148,2.1851849999999997,1.863694,1455300
1409,1985-10-11,0.0,2.166667,2.0,2.0370369999999998,1.7373419999999997,4143700
1410,1985-10-14,0.0,2.259259,2.018518,2.259259,1.92687,2141100
1411,1985-10-15,0.0,2.333333,2.240741,2.240741,1.9110770000000001,4141000
1412,1985-10-16,0.0,2.277778,2.148148,2.203704,1.879488,2353000
1413,1985-10-17,0.0,2.277778,2.166667,2.203704,1.879488,1900000
1414,1985-10-18,0.0,2.240741,2.166667,2.203704,1.879488,3191400
1415,1985-10-21,0.0,2.259259,2.203704,2.222222,1.895282,1054900
1416,1985-10-22,0.0,2.333333,2.222222,2.277778,1.942664,2025600
1417,1985-10-23,0.0,2.425926,2.277778,2.37037,2.021634,1810300
1418,1985-10-24,0.0,2.5,2.351852,2.425926,2.0690169999999997,3518700
1419,1985-10-25,0.0,2.425926,2.351852,2.351852,2.00584,913200
1420,1985-10-28,0.0,2.425926,2.333333,2.425926,2.0690169999999997,1266300
1421,1985-10-29,0.0,2.481482,2.388889,2.425926,2.0690169999999997,1341900
1422,1985-10-30,0.0,2.4629630000000002,2.37037,2.388889,2.037428,962500
1423,1985-10-31,0.0,2.388889,2.333333,2.37037,2.021634,469000
1424,1985-11-01,0.0,2.407408,2.333333,2.333333,1.9900470000000001,1028700
1425,1985-11-04,0.0,2.37037,2.259259,2.277778,1.942664,601300
1426,1985-11-05,0.0,2.333333,2.259259,2.333333,1.9900470000000001,493300
1427,1985-11-06,0.0,2.407408,2.3148150000000003,2.388889,2.037428,2798500
1428,1985-11-07,0.0,2.407408,2.351852,2.37037,2.021634,1976400
1429,1985-11-08,0.0,2.407408,2.351852,2.407408,2.053223,616900
1430,1985-11-11,0.0,2.481482,2.388889,2.481482,2.116398,2231500
1431,1985-11-12,0.0,2.62963,2.5,2.555556,2.179574,2899800
1432,1985-11-13,0.0,2.574074,2.5,2.518518,2.147986,1636200
1433,1985-11-14,0.0,2.592592,2.5,2.555556,2.179574,612100
1434,1985-11-15,0.0,2.62963,2.5370369999999998,2.555556,2.179574,982800
1435,1985-11-18,0.0,2.574074,2.5,2.518518,2.147986,1044900
1436,1985-11-19,0.0,2.518518,2.4629630000000002,2.481482,2.116398,566200
1437,1985-11-20,0.0,2.592592,2.4629630000000002,2.555556,2.179574,1119700
1438,1985-11-21,0.0,2.611111,2.5370369999999998,2.574074,2.19537,931500
1439,1985-11-22,0.0,2.611111,2.574074,2.592592,2.211163,640500
1440,1985-11-25,0.0,2.592592,2.518518,2.5370369999999998,2.16378,455500
1441,1985-11-26,0.0,2.62963,2.518518,2.611111,2.226957,1320900
1442,1985-11-27,0.0,2.796296,2.611111,2.759259,2.353309,4184200
1443,1985-11-29,0.0,2.796296,2.740741,2.759259,2.353309,1163700
1444,1985-12-02,0.0,2.851852,2.722222,2.759259,2.353309,2032300
1445,1985-12-03,0.0,2.833333,2.740741,2.833333,2.416484,1883800
1446,1985-12-04,0.0,3.018518,2.8148150000000003,2.9629630000000002,2.527043,4219300
1447,1985-12-05,0.0,3.055556,2.87037,2.87037,2.448073,2274000
1448,1985-12-06,0.0,2.888889,2.796296,2.833333,2.416484,1461300
1449,1985-12-09,0.0,2.87037,2.796296,2.851852,2.4322790000000003,909100
1450,1985-12-10,0.0,2.851852,2.8148150000000003,2.851852,2.4322790000000003,1295200
1451,1985-12-11,0.0,2.851852,2.740741,2.740741,2.3375150000000002,1827100
1452,1985-12-12,0.0,2.796296,2.62963,2.666667,2.274339,1591600
1453,1985-12-13,0.0,2.648148,2.574074,2.592592,2.211163,889600
1454,1985-12-16,0.0,2.648148,2.592592,2.611111,2.226957,1372200
1455,1985-12-17,0.0,2.62963,2.555556,2.592592,2.211163,952300
1456,1985-12-18,0.0,2.703704,2.592592,2.62963,2.2427509999999997,1579500
1457,1985-12-19,0.0,2.666667,2.611111,2.666667,2.274339,426600
1458,1985-12-20,0.0,2.740741,2.648148,2.740741,2.3375150000000002,606100
1459,1985-12-23,0.0,2.796296,2.740741,2.777778,2.3691020000000003,579700
1460,1985-12-24,0.0,2.777778,2.6851849999999997,2.703704,2.305927,2493400
1461,1985-12-26,0.0,2.722222,2.574074,2.592592,2.211163,988200
1462,1985-12-27,0.0,2.62963,2.518518,2.62963,2.2427509999999997,1464700
1463,1985-12-30,0.0,2.648148,2.611111,2.648148,2.2585450000000002,581100
1464,1985-12-31,0.0,2.722222,2.666667,2.722222,2.32172,998200
1465,1986-01-02,0.0,2.722222,2.611111,2.666667,2.274339,972000
1466,1986-01-03,0.0,2.6851849999999997,2.555556,2.574074,2.19537,1563300
1467,1986-01-06,0.0,2.574074,2.388889,2.388889,2.037428,2503500
1468,1986-01-07,0.0,2.518518,2.388889,2.481482,2.116398,1647600
1469,1986-01-08,0.0,2.5370369999999998,2.37037,2.37037,2.021634,1640200
1470,1986-01-09,0.0,2.407408,2.3148150000000003,2.37037,2.021634,2816100
1471,1986-01-10,0.0,2.444444,2.351852,2.425926,2.0690169999999997,1157500
1472,1986-01-13,0.0,2.444444,2.388889,2.407408,2.053223,768100
1473,1986-01-14,0.0,2.481482,2.425926,2.481482,2.116398,586500
1474,1986-01-15,0.0,2.574074,2.481482,2.5370369999999998,2.16378,909900
1475,1986-01-16,0.0,2.5370369999999998,2.481482,2.518518,2.147986,892300
1476,1986-01-17,0.0,2.518518,2.444444,2.5,2.132193,687100
1477,1986-01-20,0.0,2.5,2.388889,2.425926,2.0690169999999997,664200
1478,1986-01-21,0.0,2.425926,2.37037,2.407408,2.053223,1042800
1479,1986-01-22,0.0,2.481482,2.388889,2.425926,2.0690169999999997,772800
1480,1986-01-23,0.0,2.518518,2.425926,2.5,2.132193,753900
1481,1986-01-24,0.0,2.592592,2.5,2.555556,2.179574,654700
1482,1986-01-27,0.0,2.611111,2.518518,2.5370369999999998,2.16378,667500
1483,1986-01-28,0.0,2.555556,2.481482,2.518518,2.147986,574300
1484,1986-01-29,0.0,2.555556,2.5,2.518518,2.147986,877500
1485,1986-01-30,0.0,2.555556,2.481482,2.518518,2.147986,1471500
1486,1986-01-31,0.0,2.62963,2.518518,2.611111,2.226957,1885900
1487,1986-02-03,0.0,2.62963,2.611111,2.62963,2.2427509999999997,1603800
1488,1986-02-04,0.0,2.666667,2.444444,2.4629630000000002,2.100605,1881900
1489,1986-02-05,0.0,2.5,2.407408,2.5,2.132193,1255500
1490,1986-02-06,0.0,2.518518,2.425926,2.425926,2.0690169999999997,791700
1491,1986-02-07,0.0,2.5,2.407408,2.444444,2.08481,1818400
1492,1986-02-10,0.0,2.444444,2.37037,2.37037,2.021634,1175800
1493,1986-02-11,0.0,2.37037,2.259259,2.351852,2.00584,1683400
1494,1986-02-12,0.0,2.351852,2.296296,2.3148150000000003,1.9742529999999998,1690200
1495,1986-02-13,0.0,2.3148150000000003,2.222222,2.240741,1.9110770000000001,2193700
1496,1986-02-14,0.0,2.407408,2.240741,2.407408,2.053223,1398600
1497,1986-02-18,0.0,2.444444,2.388889,2.407408,2.053223,2055300
1498,1986-02-19,0.0,2.407408,2.351852,2.351852,2.00584,1207500
1499,1986-02-20,0.0,2.444444,2.351852,2.425926,2.0690169999999997,1181200
1500,1986-02-21,0.0,2.5370369999999998,2.425926,2.518518,2.147986,1931100
1501,1986-02-24,0.0,2.5370369999999998,2.444444,2.481482,2.116398,1656400
1502,1986-02-25,0.0,2.481482,2.388889,2.407408,2.053223,1006300
1503,1986-02-26,0.0,2.481482,2.407408,2.4629630000000002,2.100605,1007700
1504,1986-02-27,0.0,2.592592,2.444444,2.574074,2.19537,2550100
1505,1986-02-28,0.0,2.6851849999999997,2.555556,2.574074,2.19537,4254400
1506,1986-03-03,0.0,2.574074,2.4629630000000002,2.481482,2.116398,2107300
1507,1986-03-04,0.0,2.574074,2.4629630000000002,2.5370369999999998,2.16378,1356700
1508,1986-03-05,0.0,2.555556,2.5,2.518518,2.147986,908500
1509,1986-03-06,0.0,2.592592,2.518518,2.592592,2.211163,1718500
1510,1986-03-07,0.0,2.703704,2.574074,2.666667,2.274339,2554800
1511,1986-03-10,0.0,2.703704,2.648148,2.666667,2.274339,930100
1512,1986-03-11,0.0,2.703704,2.648148,2.6851849999999997,2.290133,1213600
1513,1986-03-12,0.0,2.6851849999999997,2.574074,2.592592,2.211163,1219000
1514,1986-03-13,0.0,2.740741,2.574074,2.703704,2.305927,1846800
1515,1986-03-14,0.0,2.8148150000000003,2.6851849999999997,2.777778,2.3691020000000003,4415100
1516,1986-03-17,0.0,2.925926,2.759259,2.925926,2.4954549999999998,4544700
1517,1986-03-18,0.0,3.37037,2.944444,3.148148,2.6849830000000003,10980900
1518,1986-03-19,0.0,3.407408,3.148148,3.37037,2.8745119999999997,11229300
1519,1986-03-20,0.0,3.518518,3.296296,3.37037,2.8745119999999997,7387200
1520,1986-03-21,0.0,3.407408,3.240741,3.240741,2.763954,3586200
1521,1986-03-24,0.0,3.259259,3.111111,3.1851849999999997,2.716571,2448900
1522,1986-03-25,0.0,3.203704,3.12963,3.1851849999999997,2.716571,1613800
1523,1986-03-26,0.0,3.296296,3.166667,3.296296,2.8113349999999997,2580400
1524,1986-03-27,0.0,3.407408,3.296296,3.388889,2.890304,4120800
1525,1986-03-31,0.0,3.425926,3.333333,3.37037,2.8745119999999997,2613600
1526,1986-04-01,0.0,3.388889,3.3148150000000003,3.388889,2.890304,1785300
1527,1986-04-02,0.0,3.388889,3.296296,3.3148150000000003,2.82713,1503900
1528,1986-04-03,0.0,3.37037,3.296296,3.3148150000000003,2.82713,1350600
1529,1986-04-04,0.0,3.333333,3.240741,3.259259,2.779747,1449900
1530,1986-04-07,0.0,3.277778,3.1851849999999997,3.203704,2.732365,1117800
1531,1986-04-08,0.0,3.3518519999999996,3.1851849999999997,3.3148150000000003,2.82713,1321600
1532,1986-04-09,0.0,3.407408,3.3148150000000003,3.37037,2.8745119999999997,1827900
1533,1986-04-10,0.0,3.5,3.3518519999999996,3.5,2.9850689999999998,3133300
1534,1986-04-11,0.0,3.7592589999999997,3.481482,3.7407410000000003,3.1903919999999997,8204500
1535,1986-04-14,0.0,3.796296,3.62963,3.6481480000000004,3.111421,3011100
1536,1986-04-15,0.0,3.62963,3.462963,3.574074,3.048246,1302000
1537,1986-04-16,0.0,3.611111,3.462963,3.611111,3.079834,1849500
1538,1986-04-17,0.0,3.6851849999999997,3.518518,3.537037,3.016657,1450500
1539,1986-04-18,0.0,3.592592,3.481482,3.518518,3.000864,729600
1540,1986-04-21,0.0,3.611111,3.518518,3.592592,3.0640400000000003,624300
1541,1986-04-22,0.0,3.796296,3.592592,3.7407410000000003,3.1903919999999997,2895700
1542,1986-04-23,0.0,3.777778,3.666667,3.777778,3.22198,1864300
1543,1986-04-24,0.0,3.9444440000000003,3.796296,3.9444440000000003,3.364126,2454300
1544,1986-04-25,0.0,4.018518,3.666667,4.0,3.4115089999999997,3883200
1545,1986-04-28,0.0,3.9444440000000003,3.7592589999999997,3.907408,3.3325379999999996,1517400
1546,1986-04-29,0.0,3.907408,3.62963,3.87037,3.3009489999999997,1547700
1547,1986-04-30,0.0,3.8518519999999996,3.5,3.6481480000000004,3.111421,2100600
1548,1986-05-01,0.0,3.5555559999999997,3.296296,3.3518519999999996,2.858717,2627100
1549,1986-05-02,0.0,3.462963,3.296296,3.4444440000000003,2.937688,1624000
1550,1986-05-05,0.0,3.5555559999999997,3.4444440000000003,3.5555559999999997,3.032452,999000
1551,1986-05-06,0.0,3.592592,3.462963,3.537037,3.016657,516300
1552,1986-05-07,0.0,3.666667,3.537037,3.6481480000000004,3.111421,884800
1553,1986-05-08,0.0,3.666667,3.537037,3.537037,3.016657,324600
1554,1986-05-09,0.0,3.5555559999999997,3.37037,3.37037,2.8745119999999997,1006300
1555,1986-05-12,0.0,3.407408,3.333333,3.37037,2.8745119999999997,540000
1556,1986-05-13,0.0,3.4444440000000003,3.259259,3.37037,2.8745119999999997,1167700
1557,1986-05-14,0.0,3.407408,3.333333,3.407408,2.906099,1125100
1558,1986-05-15,0.0,3.666667,3.4444440000000003,3.666667,3.127215,5055700
1559,1986-05-16,0.0,3.925926,3.6851849999999997,3.888889,3.3167440000000004,6569700
1560,1986-05-19,0.0,3.8518519999999996,3.666667,3.8518519999999996,3.2851559999999997,2009400
1561,1986-05-20,0.0,3.8518519999999996,3.722222,3.8518519999999996,3.2851559999999997,2211300
1562,1986-05-21,0.0,3.8148150000000003,3.722222,3.796296,3.237773,880200
1563,1986-05-22,0.0,3.833333,3.7407410000000003,3.8148150000000003,3.253567,1714500
1564,1986-05-23,0.0,3.8148150000000003,3.7407410000000003,3.7407410000000003,3.1903919999999997,528400
1565,1986-05-27,0.0,3.796296,3.666667,3.7407410000000003,3.1903919999999997,990100
1566,1986-05-28,0.0,3.722222,3.574074,3.574074,3.048246,535200
1567,1986-05-29,0.0,3.703704,3.425926,3.6851849999999997,3.14301,1201500
1568,1986-05-30,0.0,3.722222,3.62963,3.666667,3.127215,567600
1569,1986-06-02,0.0,3.7592589999999997,3.592592,3.6481480000000004,3.111421,1067100
1570,1986-06-03,0.0,3.703704,3.5555559999999997,3.5555559999999997,3.032452,405600
1571,1986-06-04,0.0,3.5555559999999997,3.425926,3.462963,2.953481,842400
1572,1986-06-05,0.0,3.62963,3.462963,3.518518,3.000864,878800
1573,1986-06-06,0.0,3.592592,3.518518,3.5555559999999997,3.032452,375900
1574,1986-06-09,0.0,3.5555559999999997,3.481482,3.5555559999999997,3.032452,471700
1575,1986-06-10,0.0,3.666667,3.592592,3.666667,3.127215,562200
1576,1986-06-11,0.0,3.7592589999999997,3.666667,3.7407410000000003,3.1903919999999997,822700
1577,1986-06-12,0.0,3.796296,3.703704,3.777778,3.22198,764700
1578,1986-06-13,0.0,3.8148150000000003,3.722222,3.777778,3.22198,716100
1579,1986-06-16,0.0,3.8148150000000003,3.703704,3.722222,3.1745970000000003,714100
1580,1986-06-17,0.0,3.722222,3.592592,3.62963,3.095627,907800
1581,1986-06-18,0.0,3.611111,3.537037,3.592592,3.0640400000000003,465700
1582,1986-06-19,0.0,3.6481480000000004,3.537037,3.6481480000000004,3.111421,374500
1583,1986-06-20,0.0,3.62963,3.5555559999999997,3.611111,3.079834,176100
1584,1986-06-23,0.0,3.6481480000000004,3.592592,3.592592,3.0640400000000003,681000
1585,1986-06-24,0.0,3.62963,3.5555559999999997,3.574074,3.048246,390100
1586,1986-06-25,0.0,3.8148150000000003,3.5555559999999997,3.703704,3.158804,2079600
1587,1986-06-26,0.0,3.8518519999999996,3.703704,3.722222,3.1745970000000003,1453200
1588,1986-06-27,0.0,3.777778,3.6851849999999997,3.703704,3.158804,886200
1589,1986-06-30,0.0,3.722222,3.62963,3.62963,3.095627,578400
1590,1986-07-01,0.0,3.592592,3.518518,3.574074,3.048246,845700
1591,1986-07-02,0.0,3.777778,3.611111,3.7592589999999997,3.206185,670200
1592,1986-07-03,0.0,3.833333,3.666667,3.833333,3.269361,1229800
1593,1986-07-07,0.0,3.796296,3.5555559999999997,3.722222,3.1745970000000003,1026600
1594,1986-07-08,0.0,3.6481480000000004,3.5,3.537037,3.016657,714100
1595,1986-07-09,0.0,3.6851849999999997,3.462963,3.611111,3.079834,696600
1596,1986-07-10,0.0,3.62963,3.537037,3.611111,3.079834,432000
1597,1986-07-11,0.0,3.796296,3.62963,3.7592589999999997,3.206185,1628700
1598,1986-07-14,0.0,3.722222,3.5555559999999997,3.5555559999999997,3.032452,541900
1599,1986-07-15,0.0,3.5555559999999997,3.481482,3.537037,3.016657,834300
1600,1986-07-16,0.0,3.5555559999999997,3.481482,3.481482,2.969275,452800
1601,1986-07-17,0.0,3.5555559999999997,3.4444440000000003,3.4444440000000003,2.937688,651300
1602,1986-07-18,0.0,3.425926,3.296296,3.333333,2.842924,468400
1603,1986-07-21,0.0,3.407408,3.333333,3.37037,2.8745119999999997,656100
1604,1986-07-22,0.0,3.388889,3.3148150000000003,3.3518519999999996,2.858717,406900
1605,1986-07-23,0.0,3.407408,3.3148150000000003,3.407408,2.906099,533200
1606,1986-07-24,0.0,3.407408,3.333333,3.37037,2.8745119999999997,243600
1607,1986-07-25,0.0,3.37037,3.074074,3.203704,2.732365,865900
1608,1986-07-28,0.0,3.166667,2.981482,3.074074,2.621808,510900
1609,1986-07-29,0.0,3.092592,3.0,3.0,2.558631,715500
1610,1986-07-30,0.0,3.0,2.666667,2.777778,2.3691020000000003,2006100
1611,1986-07-31,0.0,3.0,2.8148150000000003,3.0,2.558631,770800
1612,1986-08-01,0.0,3.222222,3.018518,3.111111,2.653395,866700
1613,1986-08-04,0.0,2.240741,2.074074,2.148148,1.8321060000000002,992800
1614,1986-08-05,0.0,2.148148,2.018518,2.092592,1.784723,811900
1615,1986-08-06,0.0,2.12963,2.0,2.092592,1.784723,1206900
1616,1986-08-07,0.0,2.148148,2.074074,2.12963,1.816312,385300
1617,1986-08-08,0.0,2.148148,2.092592,2.12963,1.816312,364500
1618,1986-08-11,0.0,2.240741,2.111111,2.166667,1.8479009999999998,724900
1619,1986-08-12,0.0,2.259259,2.1851849999999997,2.222222,1.895282,430600
1620,1986-08-13,0.0,2.240741,2.166667,2.166667,1.8479009999999998,429900
1621,1986-08-14,0.0,2.166667,2.12963,2.166667,1.8479009999999998,293500
1622,1986-08-15,0.0,2.1851849999999997,2.0370369999999998,2.074074,1.76893,887500
1623,1986-08-18,0.0,2.092592,2.018518,2.0370369999999998,1.7373419999999997,249000
1624,1986-08-19,0.0,2.0370369999999998,1.962963,2.0,1.705754,610800
1625,1986-08-20,0.0,2.074074,1.9444439999999998,2.0370369999999998,1.7373419999999997,695800
1626,1986-08-21,0.0,2.074074,2.018518,2.055556,1.753136,550800
1627,1986-08-22,0.0,2.148148,2.0370369999999998,2.111111,1.800518,561600
1628,1986-08-25,0.0,2.240741,2.092592,2.166667,1.8479009999999998,667500
1629,1986-08-26,0.0,2.1851849999999997,2.111111,2.12963,1.816312,531100
1630,1986-08-27,0.0,2.092592,2.018518,2.074074,1.76893,554800
1631,1986-08-28,0.0,2.055556,1.981481,2.018518,1.7215479999999999,523800
1632,1986-08-29,0.0,2.0370369999999998,1.9444439999999998,1.962963,1.674166,853200
1633,1986-09-02,0.0,2.0,1.907407,1.907407,1.626784,643900
1634,1986-09-03,0.0,1.981481,1.888889,1.981481,1.68996,552700
1635,1986-09-04,0.0,2.055556,1.9259259999999998,1.981481,1.68996,639100
1636,1986-09-05,0.0,1.981481,1.9259259999999998,1.9259259999999998,1.6425779999999999,946300
1637,1986-09-08,0.0,1.9444439999999998,1.87037,1.888889,1.61099,643200
1638,1986-09-09,0.0,1.962963,1.87037,1.9444439999999998,1.6583720000000002,568900
1639,1986-09-10,0.0,1.9444439999999998,1.888889,1.907407,1.626784,314500
1640,1986-09-11,0.0,1.888889,1.7777779999999999,1.833333,1.5636079999999999,1157500
1641,1986-09-12,0.0,1.833333,1.740741,1.7777779999999999,1.516226,847800
1642,1986-09-15,0.0,1.9259259999999998,1.7777779999999999,1.833333,1.5636079999999999,784300
1643,1986-09-16,0.0,1.833333,1.7777779999999999,1.814815,1.547814,405600
1644,1986-09-17,0.0,1.833333,1.7777779999999999,1.814815,1.547814,342100
1645,1986-09-18,0.0,1.796296,1.7222220000000001,1.740741,1.484638,731700
1646,1986-09-19,0.0,1.759259,1.62963,1.648148,1.405667,1451800
1647,1986-09-22,0.0,1.703704,1.518519,1.611111,1.374079,2132200
1648,1986-09-23,0.0,1.7777779999999999,1.611111,1.7777779999999999,1.516226,2189700
1649,1986-09-24,0.0,1.833333,1.759259,1.814815,1.547814,1192000
1650,1986-09-25,0.0,1.833333,1.7222220000000001,1.796296,1.5320200000000002,766000
1651,1986-09-26,0.0,1.796296,1.703704,1.703704,1.453049,447400
1652,1986-09-29,0.0,1.703704,1.648148,1.685185,1.4372559999999999,291600
1653,1986-09-30,0.0,1.759259,1.666667,1.759259,1.500432,465700
1654,1986-10-01,0.0,1.87037,1.796296,1.814815,1.547814,2085000
1655,1986-10-02,0.0,1.851852,1.796296,1.814815,1.547814,603400
1656,1986-10-03,0.0,1.833333,1.796296,1.833333,1.5636079999999999,907200
1657,1986-10-06,0.0,1.907407,1.814815,1.907407,1.626784,729600
1658,1986-10-07,0.0,1.962963,1.888889,1.9444439999999998,1.6583720000000002,1021200
1659,1986-10-08,0.0,1.9444439999999998,1.87037,1.9259259999999998,1.6425779999999999,583800
1660,1986-10-09,0.0,1.9444439999999998,1.833333,1.87037,1.5951959999999998,424500
1661,1986-10-10,0.0,1.87037,1.814815,1.833333,1.5636079999999999,233500
1662,1986-10-13,0.0,1.851852,1.814815,1.851852,1.579402,230800
1663,1986-10-14,0.0,1.888889,1.814815,1.851852,1.579402,375300
1664,1986-10-15,0.0,1.888889,1.814815,1.833333,1.5636079999999999,1904800
1665,1986-10-16,0.0,1.87037,1.796296,1.833333,1.5636079999999999,609400
1666,1986-10-17,0.0,1.833333,1.7777779999999999,1.796296,1.5320200000000002,613500
1667,1986-10-20,0.0,1.833333,1.7777779999999999,1.7777779999999999,1.516226,304300
1668,1986-10-21,0.0,1.888889,1.796296,1.851852,1.579402,635100
1669,1986-10-22,0.0,1.888889,1.740741,1.7777779999999999,1.516226,731700
1670,1986-10-23,0.0,1.7777779999999999,1.740741,1.759259,1.500432,553500
1671,1986-10-24,0.0,1.759259,1.703704,1.740741,1.484638,683100
1672,1986-10-27,0.0,1.796296,1.740741,1.796296,1.5320200000000002,719500
1673,1986-10-28,0.0,1.796296,1.7222220000000001,1.796296,1.5320200000000002,879400
1674,1986-10-29,0.0,1.759259,1.7222220000000001,1.759259,1.500432,569700
1675,1986-10-30,0.0,1.7777779999999999,1.740741,1.7777779999999999,1.516226,636400
1676,1986-10-31,0.0,1.796296,1.759259,1.7777779999999999,1.516226,369100
1677,1986-11-03,0.0,1.814815,1.740741,1.796296,1.5320200000000002,781600
1678,1986-11-04,0.0,1.796296,1.759259,1.759259,1.500432,741100
1679,1986-11-05,0.0,1.759259,1.703704,1.759259,1.500432,1363500
1680,1986-11-06,0.0,1.759259,1.7222220000000001,1.740741,1.484638,508900
1681,1986-11-07,0.0,1.87037,1.740741,1.833333,1.5636079999999999,1922400
1682,1986-11-10,0.0,1.851852,1.796296,1.814815,1.547814,795100
1683,1986-11-11,0.0,1.888889,1.814815,1.87037,1.5951959999999998,525700
1684,1986-11-12,0.0,1.87037,1.833333,1.833333,1.5636079999999999,422500
1685,1986-11-13,0.0,1.851852,1.796296,1.814815,1.547814,441400
1686,1986-11-14,0.0,1.851852,1.740741,1.7777779999999999,1.516226,720900
1687,1986-11-17,0.0,1.7777779999999999,1.7222220000000001,1.7222220000000001,1.468844,820800
1688,1986-11-18,0.0,1.759259,1.685185,1.703704,1.453049,1298700
1689,1986-11-19,0.0,1.796296,1.703704,1.7777779999999999,1.516226,799200
1690,1986-11-20,0.0,1.814815,1.759259,1.7777779999999999,1.516226,732300
1691,1986-11-21,0.0,1.796296,1.740741,1.7777779999999999,1.516226,423900
1692,1986-11-24,0.0,1.796296,1.740741,1.7777779999999999,1.516226,936100
1693,1986-11-25,0.0,1.7777779999999999,1.7222220000000001,1.7777779999999999,1.516226,423900
1694,1986-11-26,0.0,1.7777779999999999,1.759259,1.7777779999999999,1.516226,443400
1695,1986-11-28,0.0,1.7777779999999999,1.740741,1.759259,1.500432,377200
1696,1986-12-01,0.0,1.7777779999999999,1.7222220000000001,1.7777779999999999,1.516226,623700
1697,1986-12-02,0.0,1.796296,1.759259,1.796296,1.5320200000000002,970600
1698,1986-12-03,0.0,1.833333,1.7777779999999999,1.796296,1.5320200000000002,1100200
1699,1986-12-04,0.0,1.814815,1.759259,1.796296,1.5320200000000002,545400
1700,1986-12-05,0.0,1.796296,1.759259,1.759259,1.500432,376600
1701,1986-12-08,0.0,1.814815,1.759259,1.814815,1.547814,708000
1702,1986-12-09,0.0,1.814815,1.759259,1.759259,1.500432,582400
1703,1986-12-10,0.0,1.7777779999999999,1.740741,1.740741,1.484638,575700
1704,1986-12-11,0.0,1.759259,1.740741,1.759259,1.500432,265900
1705,1986-12-12,0.0,1.759259,1.7222220000000001,1.7222220000000001,1.468844,358300
1706,1986-12-15,0.0,1.759259,1.703704,1.759259,1.500432,745800
1707,1986-12-16,0.0,1.759259,1.7222220000000001,1.740741,1.484638,513600
1708,1986-12-17,0.0,1.740741,1.703704,1.7222220000000001,1.468844,670900
1709,1986-12-18,0.0,1.7222220000000001,1.685185,1.703704,1.453049,693100
1710,1986-12-19,0.0,1.7222220000000001,1.666667,1.703704,1.453049,980100
1711,1986-12-22,0.0,1.703704,1.648148,1.685185,1.4372559999999999,1222300
1712,1986-12-23,0.0,1.685185,1.611111,1.62963,1.389873,1941300
1713,1986-12-24,0.0,1.666667,1.611111,1.666667,1.4279549999999999,517600
1714,1986-12-26,0.0,1.703704,1.648148,1.685185,1.443821,1146100
1715,1986-12-29,0.0,1.703704,1.62963,1.648148,1.412089,1158300
1716,1986-12-30,0.0,1.666667,1.62963,1.648148,1.412089,2033100
1717,1986-12-31,0.0,1.685185,1.648148,1.648148,1.412089,1192000
1718,1987-01-02,0.0,1.703704,1.648148,1.685185,1.443821,757300
1719,1987-01-05,0.0,1.759259,1.685185,1.759259,1.5072860000000001,1150200
1720,1987-01-06,0.0,1.7777779999999999,1.740741,1.740741,1.491419,908500
1721,1987-01-07,0.0,1.759259,1.7222220000000001,1.759259,1.5072860000000001,1321600
1722,1987-01-08,0.0,1.814815,1.740741,1.814815,1.554884,1599700
1723,1987-01-09,0.0,1.9259259999999998,1.814815,1.888889,1.618349,1648900
1724,1987-01-12,0.0,2.0370369999999998,1.907407,2.0,1.713546,2204500
1725,1987-01-13,0.0,2.074074,2.0,2.0,1.713546,1881100
1726,1987-01-14,0.0,2.0370369999999998,1.981481,2.0,1.713546,967900
1727,1987-01-15,0.0,2.0370369999999998,1.962963,2.0,1.713546,1189900
1728,1987-01-16,0.0,2.0,1.907407,1.9444439999999998,1.665947,2596600
1729,1987-01-19,0.0,1.981481,1.907407,1.9259259999999998,1.6500810000000001,1126500
1730,1987-01-20,0.0,1.981481,1.907407,1.9444439999999998,1.665947,1235200
1731,1987-01-21,0.0,1.9444439999999998,1.888889,1.907407,1.634215,1410000
1732,1987-01-22,0.0,1.9259259999999998,1.888889,1.907407,1.634215,1196100
1733,1987-01-23,0.0,1.907407,1.814815,1.814815,1.554884,2430000
1734,1987-01-26,0.0,1.907407,1.796296,1.907407,1.634215,1255500
1735,1987-01-27,0.0,2.0,1.833333,1.87037,1.602483,2853100
1736,1987-01-28,0.0,2.0,1.814815,2.0,1.713546,2214600
1737,1987-01-29,0.0,2.0370369999999998,1.9259259999999998,1.9444439999999998,1.665947,1358100
1738,1987-01-30,0.0,1.962963,1.888889,1.9444439999999998,1.665947,792400
1739,1987-02-02,0.0,1.9444439999999998,1.888889,1.9259259999999998,1.6500810000000001,845100
1740,1987-02-03,0.0,1.9444439999999998,1.888889,1.907407,1.634215,1075200
1741,1987-02-04,0.0,2.074074,1.907407,2.0370369999999998,1.7452779999999999,3288600
1742,1987-02-05,0.0,2.148148,1.981481,2.12963,1.824609,2507500
1743,1987-02-06,0.0,2.1851849999999997,2.12963,2.1851849999999997,1.872207,1506600
1744,1987-02-09,0.0,2.240741,2.12963,2.222222,1.9039400000000002,2200500
1745,1987-02-10,0.0,2.222222,2.148148,2.148148,1.8404759999999998,1552500
1746,1987-02-11,0.0,2.277778,2.148148,2.277778,1.9515369999999999,1721800
1747,1987-02-12,0.0,2.407408,2.296296,2.37037,2.030869,3036700
1748,1987-02-13,0.0,2.37037,2.259259,2.333333,1.999136,1864300
1749,1987-02-17,0.0,2.407408,2.3148150000000003,2.37037,2.030869,2240200
1750,1987-02-18,0.0,2.37037,2.277778,2.3148150000000003,1.98327,2292900
1751,1987-02-19,0.0,2.37037,2.277778,2.333333,1.999136,1099500
1752,1987-02-20,0.0,2.388889,2.240741,2.277778,1.9515369999999999,1853500
1753,1987-02-23,0.0,2.277778,2.148148,2.222222,1.9039400000000002,1524100
1754,1987-02-24,0.0,2.333333,2.203704,2.333333,1.999136,1044900
1755,1987-02-25,0.0,2.333333,2.259259,2.259259,1.935671,1403200
1756,1987-02-26,0.0,2.351852,2.259259,2.351852,2.015003,1071100
1757,1987-02-27,0.0,2.37037,2.3148150000000003,2.351852,2.015003,776200
1758,1987-03-02,0.0,2.37037,2.3148150000000003,2.351852,2.015003,857200
1759,1987-03-03,0.0,2.351852,2.277778,2.296296,1.9674040000000002,545400
1760,1987-03-04,0.0,2.333333,2.277778,2.277778,1.9515369999999999,575100
1761,1987-03-05,0.0,2.296296,2.259259,2.259259,1.935671,675600
1762,1987-03-06,0.0,2.3148150000000003,2.240741,2.240741,1.919805,2063400
1763,1987-03-09,0.0,2.259259,2.166667,2.259259,1.935671,1263600
1764,1987-03-10,0.0,2.333333,2.222222,2.333333,1.999136,718200
1765,1987-03-11,0.0,2.444444,2.3148150000000003,2.351852,2.015003,2836900
1766,1987-03-12,0.0,2.388889,2.333333,2.37037,2.030869,1321600
1767,1987-03-13,0.0,2.407408,2.333333,2.388889,2.046736,666100
1768,1987-03-16,0.0,2.351852,2.296296,2.3148150000000003,1.98327,760600
1769,1987-03-17,0.0,2.37037,2.333333,2.333333,1.999136,1069800
1770,1987-03-18,0.0,2.37037,2.333333,2.351852,2.015003,1328400
1771,1987-03-19,0.0,2.351852,2.296296,2.3148150000000003,1.98327,823500
1772,1987-03-20,0.0,2.351852,2.296296,2.3148150000000003,1.98327,916600
1773,1987-03-23,0.0,2.388889,2.3148150000000003,2.37037,2.030869,1146100
1774,1987-03-24,0.0,2.37037,2.3148150000000003,2.3148150000000003,1.98327,716800
1775,1987-03-25,0.0,2.351852,2.3148150000000003,2.351852,2.015003,1242600
1776,1987-03-26,0.0,2.388889,2.333333,2.388889,2.046736,1085400
1777,1987-03-27,0.0,2.5,2.37037,2.481482,2.126064,2984100
1778,1987-03-30,0.0,2.4629630000000002,2.3148150000000003,2.388889,2.046736,1854100
1779,1987-03-31,0.0,2.481482,2.351852,2.481482,2.126064,1155600
1780,1987-04-01,0.0,2.481482,2.37037,2.481482,2.126064,1231800
1781,1987-04-02,0.0,2.5,2.425926,2.444444,2.0943330000000002,941500
1782,1987-04-03,0.0,2.574074,2.425926,2.5,2.141932,2657400
1783,1987-04-06,0.0,2.5370369999999998,2.4629630000000002,2.4629630000000002,2.110199,1345900
1784,1987-04-07,0.0,2.5,2.388889,2.407408,2.062601,1222300
1785,1987-04-08,0.0,2.4629630000000002,2.388889,2.4629630000000002,2.110199,855900
1786,1987-04-09,0.0,2.481482,2.388889,2.407408,2.062601,349600
1787,1987-04-10,0.0,2.388889,2.3148150000000003,2.37037,2.030869,1032700
1788,1987-04-13,0.0,2.407408,2.351852,2.351852,2.015003,880200
1789,1987-04-14,0.0,2.296296,2.203704,2.222222,1.9039400000000002,1628100
1790,1987-04-15,0.0,2.3148150000000003,2.222222,2.277778,1.9515369999999999,1001700
1791,1987-04-16,0.0,2.277778,2.222222,2.222222,1.9039400000000002,880200
1792,1987-04-20,0.0,2.259259,2.148148,2.148148,1.8404759999999998,990900
1793,1987-04-21,0.0,2.1851849999999997,2.12963,2.1851849999999997,1.872207,1632100
1794,1987-04-22,0.0,2.259259,2.166667,2.240741,1.919805,633100
1795,1987-04-23,0.0,2.333333,2.1851849999999997,2.296296,1.9674040000000002,624300
1796,1987-04-24,0.0,2.333333,2.259259,2.259259,1.935671,570300
1797,1987-04-27,0.0,2.259259,2.1851849999999997,2.203704,1.888073,508200
1798,1987-04-28,0.0,2.351852,2.203704,2.351852,2.015003,985500
1799,1987-04-29,0.0,2.351852,2.277778,2.296296,1.9674040000000002,459600
1800,1987-04-30,0.0,2.277778,2.203704,2.277778,1.9515369999999999,1624000
1801,1987-05-01,0.0,2.277778,2.240741,2.240741,1.919805,375900
1802,1987-05-04,0.0,2.3148150000000003,2.240741,2.296296,1.9674040000000002,587800
1803,1987-05-05,0.0,2.37037,2.277778,2.333333,1.999136,1505200
1804,1987-05-06,0.0,2.37037,2.3148150000000003,2.3148150000000003,1.98327,609400
1805,1987-05-07,0.0,2.333333,2.277778,2.3148150000000003,1.98327,411700
1806,1987-05-08,0.0,2.333333,2.259259,2.296296,1.9674040000000002,371200
1807,1987-05-11,0.0,2.3148150000000003,2.259259,2.259259,1.935671,577000
1808,1987-05-12,0.0,2.333333,2.240741,2.277778,1.9515369999999999,498100
1809,1987-05-13,0.0,2.3148150000000003,2.259259,2.277778,1.9515369999999999,508200
1810,1987-05-14,0.0,2.296296,2.259259,2.296296,1.9674040000000002,375300
1811,1987-05-15,0.0,2.296296,2.222222,2.240741,1.919805,702600
1812,1987-05-18,0.0,2.296296,2.203704,2.277778,1.9515369999999999,564300
1813,1987-05-19,0.0,2.3148150000000003,2.240741,2.259259,1.935671,485200
1814,1987-05-20,0.0,2.3148150000000003,2.203704,2.3148150000000003,1.98327,814600
1815,1987-05-21,0.0,2.333333,2.222222,2.240741,1.919805,513600
1816,1987-05-22,0.0,2.259259,2.222222,2.222222,1.9039400000000002,324000
1817,1987-05-26,0.0,2.296296,2.240741,2.277778,1.9515369999999999,542700
1818,1987-05-27,0.0,2.277778,2.240741,2.259259,1.935671,708000
1819,1987-05-28,0.0,2.277778,2.240741,2.259259,1.935671,413700
1820,1987-05-29,0.0,2.277778,2.240741,2.240741,1.919805,505500
1821,1987-06-01,0.0,2.277778,2.240741,2.259259,1.935671,465700
1822,1987-06-02,0.0,2.3148150000000003,2.222222,2.296296,1.9674040000000002,913900
1823,1987-06-03,0.0,2.351852,2.296296,2.351852,2.015003,1000300
1824,1987-06-04,0.0,2.333333,2.259259,2.277778,1.9515369999999999,511600
1825,1987-06-05,0.0,2.277778,2.240741,2.240741,1.919805,392100
1826,1987-06-08,0.0,2.333333,2.240741,2.3148150000000003,1.98327,756600
1827,1987-06-09,0.0,2.333333,2.277778,2.277778,1.9515369999999999,413100
1828,1987-06-10,0.0,2.296296,2.222222,2.277778,1.9515369999999999,1904100
1829,1987-06-11,0.0,2.351852,2.277778,2.333333,1.999136,849100
1830,1987-06-12,0.0,2.444444,2.333333,2.388889,2.046736,2905200
1831,1987-06-15,0.0,2.425926,2.351852,2.388889,2.046736,801100
1832,1987-06-16,0.0,2.388889,2.351852,2.37037,2.030869,1005000
1833,1987-06-17,0.0,2.407408,2.351852,2.388889,2.046736,579700
1834,1987-06-18,0.0,2.388889,2.333333,2.37037,2.030869,432600
1835,1987-06-19,0.0,2.37037,2.333333,2.333333,1.999136,475800
1836,1987-06-22,0.0,2.388889,2.333333,2.37037,2.030869,459000
1837,1987-06-23,0.0,2.388889,2.3148150000000003,2.351852,2.015003,778900
1838,1987-06-24,0.0,2.333333,2.296296,2.333333,2.005455,703900
1839,1987-06-25,0.0,2.333333,2.259259,2.259259,1.941789,1074600
1840,1987-06-26,0.0,2.3148150000000003,2.259259,2.259259,1.941789,693900
1841,1987-06-29,0.0,2.277778,2.222222,2.259259,1.941789,479800
1842,1987-06-30,0.0,2.259259,2.1851849999999997,2.203704,1.894041,703300
1843,1987-07-01,0.0,2.222222,2.1851849999999997,2.203704,1.894041,219300
1844,1987-07-02,0.0,2.240741,2.203704,2.240741,1.925874,419800
1845,1987-07-06,0.0,2.296296,2.203704,2.296296,1.9736220000000002,477100
1846,1987-07-07,0.0,2.296296,2.222222,2.240741,1.925874,697900
1847,1987-07-08,0.0,2.277778,2.203704,2.222222,1.909957,436000
1848,1987-07-09,0.0,2.240741,2.203704,2.203704,1.894041,538600
1849,1987-07-10,0.0,2.222222,2.203704,2.203704,1.894041,381300
1850,1987-07-13,0.0,2.222222,2.1851849999999997,2.203704,1.894041,334000
1851,1987-07-14,0.0,2.203704,2.166667,2.166667,1.862209,492000
1852,1987-07-15,0.0,2.203704,2.148148,2.1851849999999997,1.8781240000000001,561600
1853,1987-07-16,0.0,2.222222,2.166667,2.203704,1.894041,560200
1854,1987-07-17,0.0,2.203704,2.12963,2.148148,1.846293,613500
1855,1987-07-20,0.0,2.240741,2.12963,2.1851849999999997,1.8781240000000001,847000
1856,1987-07-21,0.0,2.222222,1.981481,2.0370369999999998,1.750794,1580100
1857,1987-07-22,0.0,2.055556,1.981481,2.0370369999999998,1.750794,1562500
1858,1987-07-23,0.0,2.055556,1.981481,2.0,1.7189619999999999,965200
1859,1987-07-24,0.0,2.12963,2.0370369999999998,2.12963,1.830375,1198800
1860,1987-07-27,0.0,2.203704,2.092592,2.1851849999999997,1.8781240000000001,642600
1861,1987-07-28,0.0,2.203704,2.12963,2.166667,1.862209,292900
1862,1987-07-29,0.0,2.1851849999999997,2.148148,2.166667,1.862209,388000
1863,1987-07-30,0.0,2.1851849999999997,2.111111,2.12963,1.830375,643900
1864,1987-07-31,0.0,2.12963,2.018518,2.0370369999999998,1.750794,935500
1865,1987-08-03,0.0,2.092592,2.0,2.0370369999999998,1.750794,679000
1866,1987-08-04,0.0,2.074074,2.0,2.0370369999999998,1.750794,832200
1867,1987-08-05,0.0,2.092592,2.0370369999999998,2.055556,1.7667110000000001,602100
1868,1987-08-06,0.0,2.074074,2.0370369999999998,2.0370369999999998,1.750794,573000
1869,1987-08-07,0.0,2.074074,2.018518,2.074074,1.782627,380700
1870,1987-08-10,0.0,2.074074,2.018518,2.074074,1.782627,795100
1871,1987-08-11,0.0,2.074074,2.0370369999999998,2.074074,1.782627,621000
1872,1987-08-12,0.0,2.074074,2.018518,2.074074,1.782627,597300
1873,1987-08-13,0.0,2.055556,2.0,2.0370369999999998,1.750794,696600
1874,1987-08-14,0.0,2.0370369999999998,1.981481,2.018518,1.734878,643200
1875,1987-08-17,0.0,2.055556,1.962963,1.962963,1.687129,567600
1876,1987-08-18,0.0,1.981481,1.9259259999999998,1.962963,1.687129,793000
1877,1987-08-19,0.0,1.981481,1.9259259999999998,1.962963,1.687129,493300
1878,1987-08-20,0.0,2.055556,1.962963,1.981481,1.7030450000000001,824100
1879,1987-08-21,0.0,2.018518,1.962963,1.981481,1.7030450000000001,463000
1880,1987-08-24,0.0,2.018518,1.9444439999999998,2.018518,1.734878,882900
1881,1987-08-25,0.0,2.111111,2.018518,2.074074,1.782627,1306800
1882,1987-08-26,0.0,2.111111,2.055556,2.092592,1.798543,654000
1883,1987-08-27,0.0,2.148148,2.055556,2.12963,1.830375,942900
1884,1987-08-28,0.0,2.148148,2.092592,2.111111,1.814459,462300
1885,1987-08-31,0.0,2.12963,2.074074,2.111111,1.814459,586500
1886,1987-09-01,0.0,2.12963,2.0370369999999998,2.055556,1.7667110000000001,428500
1887,1987-09-02,0.0,2.018518,1.9444439999999998,1.981481,1.7030450000000001,1042800
1888,1987-09-03,0.0,2.092592,1.962963,2.092592,1.798543,1498500
1889,1987-09-04,0.0,2.1851849999999997,2.111111,2.148148,1.846293,1635400
1890,1987-09-08,0.0,2.148148,2.0370369999999998,2.092592,1.798543,716800
1891,1987-09-09,0.0,2.111111,2.0370369999999998,2.074074,1.782627,469800
1892,1987-09-10,0.0,2.12963,2.055556,2.055556,1.7667110000000001,581800
1893,1987-09-11,0.0,2.074074,2.018518,2.0370369999999998,1.750794,376600
1894,1987-09-14,0.0,2.074074,2.0370369999999998,2.055556,1.7667110000000001,402900
1895,1987-09-15,0.0,2.092592,2.018518,2.055556,1.7667110000000001,498700
1896,1987-09-16,0.0,2.074074,2.018518,2.0370369999999998,1.750794,544600
1897,1987-09-17,0.0,2.074074,2.018518,2.055556,1.7667110000000001,691200
1898,1987-09-18,0.0,2.203704,2.0370369999999998,2.166667,1.862209,1658400
1899,1987-09-21,0.0,2.203704,2.055556,2.074074,1.782627,3066400
1900,1987-09-22,0.0,2.074074,2.0370369999999998,2.074074,1.782627,851100
1901,1987-09-23,0.0,2.12963,2.074074,2.111111,1.814459,1555200
1902,1987-09-24,0.0,2.166667,2.074074,2.12963,1.830375,600700
1903,1987-09-25,0.0,2.111111,2.074074,2.092592,1.798543,311800
1904,1987-09-28,0.0,2.1851849999999997,2.092592,2.1851849999999997,1.8781240000000001,1265500
1905,1987-09-29,0.0,2.1851849999999997,2.0370369999999998,2.092592,1.798543,1064400
1906,1987-09-30,0.0,2.074074,1.981481,2.074074,1.782627,749800
1907,1987-10-01,0.0,2.12963,2.074074,2.074074,1.782627,450100
1908,1987-10-02,0.0,2.166667,2.092592,2.111111,1.814459,637800
1909,1987-10-05,0.0,2.148148,2.092592,2.111111,1.814459,345600
1910,1987-10-06,0.0,2.12963,2.074074,2.12963,1.830375,490000
1911,1987-10-07,0.0,2.111111,2.055556,2.074074,1.782627,648000
1912,1987-10-08,0.0,2.092592,2.0370369999999998,2.055556,1.7667110000000001,470400
1913,1987-10-09,0.0,2.111111,2.0370369999999998,2.055556,1.7667110000000001,461700
1914,1987-10-12,0.0,2.055556,2.0,2.0370369999999998,1.750794,436000
1915,1987-10-13,0.0,2.055556,2.018518,2.018518,1.734878,365100
1916,1987-10-14,0.0,2.055556,2.0,2.0370369999999998,1.750794,628300
1917,1987-10-15,0.0,2.055556,2.018518,2.0370369999999998,1.750794,1601700
1918,1987-10-16,0.0,2.0370369999999998,1.9259259999999998,2.0,1.7189619999999999,1358700
1919,1987-10-19,0.0,2.0370369999999998,1.481481,1.518519,1.305138,3273000
1920,1987-10-20,0.0,1.666667,1.203704,1.444444,1.241472,3653700
1921,1987-10-21,0.0,1.703704,1.444444,1.481481,1.273304,2427300
1922,1987-10-22,0.0,1.555556,1.388889,1.444444,1.241472,4005400
1923,1987-10-23,0.0,1.444444,1.314815,1.351852,1.161891,1706400
1924,1987-10-26,0.0,1.296296,1.12963,1.148148,0.9868110000000001,2355700
1925,1987-10-27,0.0,1.351852,1.185185,1.222222,1.050476,1967500
1926,1987-10-28,0.0,1.259259,1.148148,1.203704,1.0345600000000001,1275700
1927,1987-10-29,0.0,1.314815,1.185185,1.277778,1.098226,1179900
1928,1987-10-30,0.0,1.462963,1.333333,1.388889,1.1937229999999999,1328400
1929,1987-11-02,0.0,1.5,1.388889,1.462963,1.2573889999999999,1364100
1930,1987-11-03,0.0,1.481481,1.425926,1.462963,1.2573889999999999,938200
1931,1987-11-04,0.0,1.481481,1.444444,1.462963,1.2573889999999999,1921000
1932,1987-11-05,0.0,1.481481,1.444444,1.462963,1.2573889999999999,1367500
1933,1987-11-06,0.0,1.518519,1.444444,1.481481,1.273304,891000
1934,1987-11-09,0.0,1.518519,1.462963,1.5,1.2892219999999999,1150200
1935,1987-11-10,0.0,1.518519,1.462963,1.481481,1.273304,1113700
1936,1987-11-11,0.0,1.537037,1.5,1.537037,1.3210540000000002,809200
1937,1987-11-12,0.0,1.592593,1.555556,1.574074,1.352886,1210900
1938,1987-11-13,0.0,1.592593,1.537037,1.592593,1.368802,810000
1939,1987-11-16,0.0,1.62963,1.574074,1.611111,1.384719,727600
1940,1987-11-17,0.0,1.592593,1.555556,1.574074,1.352886,423100
1941,1987-11-18,0.0,1.592593,1.555556,1.592593,1.368802,393400
1942,1987-11-19,0.0,1.592593,1.537037,1.537037,1.3210540000000002,923400
1943,1987-11-20,0.0,1.555556,1.518519,1.555556,1.33697,494100
1944,1987-11-23,0.0,1.574074,1.5,1.537037,1.3210540000000002,488700
1945,1987-11-24,0.0,1.555556,1.518519,1.518519,1.305138,280000
1946,1987-11-25,0.0,1.537037,1.518519,1.537037,1.3210540000000002,298900
1947,1987-11-27,0.0,1.537037,1.5,1.518519,1.305138,384700
1948,1987-11-30,0.0,1.518519,1.444444,1.444444,1.241472,798400
1949,1987-12-01,0.0,1.481481,1.444444,1.444444,1.241472,492700
1950,1987-12-02,0.0,1.462963,1.444444,1.444444,1.241472,748500
1951,1987-12-03,0.0,1.462963,1.407407,1.407407,1.20964,652600
1952,1987-12-04,0.0,1.407407,1.314815,1.37037,1.177807,855900
1953,1987-12-07,0.0,1.407407,1.333333,1.333333,1.145974,435300
1954,1987-12-08,0.0,1.351852,1.296296,1.314815,1.130058,441400
1955,1987-12-09,0.0,1.351852,1.296296,1.314815,1.130058,735000
1956,1987-12-10,0.0,1.333333,1.259259,1.277778,1.098226,745200
1957,1987-12-11,0.0,1.296296,1.259259,1.277778,1.098226,750600
1958,1987-12-14,0.0,1.314815,1.259259,1.314815,1.130058,619600
1959,1987-12-15,0.0,1.333333,1.277778,1.277778,1.098226,583200
1960,1987-12-16,0.0,1.333333,1.277778,1.314815,1.130058,645900
1961,1987-12-17,0.0,1.333333,1.277778,1.296296,1.114142,818100
1962,1987-12-18,1.296296,1.296296,1.240741,1.277778,1.098226,1138000
1963,1987-12-21,1.296296,1.462963,1.296296,1.314815,1.130058,1013100
1964,1987-12-22,1.296296,1.314815,1.259259,1.259259,1.082309,832900
1965,1987-12-23,1.296296,1.333333,1.277778,1.333333,1.145974,1084600
1966,1987-12-24,1.314815,1.333333,1.296296,1.314815,1.136374,415800
1967,1987-12-28,1.314815,1.333333,1.259259,1.259259,1.088358,757900
1968,1987-12-29,1.259259,1.277778,1.240741,1.240741,1.072352,824100
1969,1987-12-30,1.240741,1.259259,1.222222,1.240741,1.072352,1522800
1970,1987-12-31,1.222222,1.240741,1.185185,1.222222,1.056347,1561200
1971,1988-01-04,1.222222,1.351852,1.222222,1.296296,1.120368,374500
1972,1988-01-05,1.333333,1.425926,1.333333,1.425926,1.232405,1606500
1973,1988-01-06,1.444444,1.481481,1.425926,1.481481,1.2804209999999998,905100
1974,1988-01-07,1.481481,1.481481,1.444444,1.462963,1.264416,573000
1975,1988-01-08,1.462963,1.481481,1.314815,1.333333,1.152379,735000
1976,1988-01-11,1.277778,1.37037,1.277778,1.314815,1.136374,772200
1977,1988-01-12,1.314815,1.333333,1.277778,1.296296,1.120368,375900
1978,1988-01-13,1.314815,1.37037,1.296296,1.351852,1.168384,374500
1979,1988-01-14,1.351852,1.37037,1.314815,1.351852,1.168384,226000
1980,1988-01-15,1.407407,1.462963,1.37037,1.388889,1.200394,669600
1981,1988-01-18,1.388889,1.425926,1.388889,1.425926,1.232405,244300
1982,1988-01-19,1.425926,1.444444,1.351852,1.351852,1.168384,318600
1983,1988-01-20,1.351852,1.388889,1.314815,1.351852,1.168384,784900
1984,1988-01-21,1.314815,1.333333,1.296296,1.296296,1.120368,620200
1985,1988-01-22,1.296296,1.333333,1.296296,1.314815,1.136374,519700
1986,1988-01-25,1.333333,1.37037,1.333333,1.351852,1.168384,301000
1987,1988-01-26,1.333333,1.351852,1.333333,1.351852,1.168384,124200
1988,1988-01-27,1.333333,1.351852,1.296296,1.296296,1.120368,351000
1989,1988-01-28,1.296296,1.314815,1.296296,1.296296,1.120368,259800
1990,1988-01-29,1.314815,1.314815,1.259259,1.277778,1.104363,344800
1991,1988-02-01,1.277778,1.314815,1.277778,1.296296,1.120368,421800
1992,1988-02-02,1.296296,1.314815,1.277778,1.277778,1.104363,263800
1993,1988-02-03,1.277778,1.333333,1.259259,1.296296,1.120368,791700
1994,1988-02-04,1.314815,1.333333,1.259259,1.277778,1.104363,589200
1995,1988-02-05,1.259259,1.277778,1.259259,1.259259,1.088358,471100
1996,1988-02-08,1.259259,1.259259,1.222222,1.240741,1.072352,348900
1997,1988-02-09,1.240741,1.240741,1.222222,1.222222,1.056347,471100
1998,1988-02-10,1.222222,1.259259,1.222222,1.240741,1.072352,513000
1999,1988-02-11,1.222222,1.240741,1.222222,1.222222,1.056347,737100
2000,1988-02-12,1.240741,1.240741,1.222222,1.240741,1.072352,835600
2001,1988-02-16,1.222222,1.222222,1.203704,1.222222,1.056347,721500
2002,1988-02-17,1.222222,1.222222,1.203704,1.222222,1.056347,496800
2003,1988-02-18,1.222222,1.222222,1.203704,1.222222,1.056347,1042200
2004,1988-02-19,1.222222,1.259259,1.203704,1.259259,1.088358,715500
2005,1988-02-22,1.259259,1.333333,1.259259,1.333333,1.152379,745200
2006,1988-02-23,1.333333,1.37037,1.314815,1.333333,1.152379,1002300
2007,1988-02-24,1.333333,1.444444,1.333333,1.444444,1.24841,2079000
2008,1988-02-25,1.444444,1.518519,1.425926,1.462963,1.264416,3626700
2009,1988-02-26,1.462963,1.462963,1.444444,1.462963,1.264416,609400
2010,1988-02-29,1.462963,1.5,1.462963,1.481481,1.2804209999999998,722200
2011,1988-03-01,1.5,1.518519,1.462963,1.481481,1.2804209999999998,603400
2012,1988-03-02,1.462963,1.5,1.462963,1.5,1.296426,433900
2013,1988-03-03,1.5,1.574074,1.481481,1.555556,1.344442,1331700
2014,1988-03-04,1.537037,1.592593,1.5,1.592593,1.376452,739800
2015,1988-03-07,1.574074,1.62963,1.555556,1.611111,1.392457,1131900
2016,1988-03-08,1.611111,1.62963,1.555556,1.555556,1.344442,903100
2017,1988-03-09,1.574074,1.611111,1.555556,1.592593,1.376452,549400
2018,1988-03-10,1.611111,1.611111,1.537037,1.555556,1.344442,825400
2019,1988-03-11,1.537037,1.555556,1.5,1.555556,1.344442,592600
2020,1988-03-14,1.555556,1.555556,1.518519,1.555556,1.344442,270000
2021,1988-03-15,1.555556,1.555556,1.481481,1.518519,1.312431,479200
2022,1988-03-16,1.518519,1.518519,1.462963,1.481481,1.2804209999999998,627700
2023,1988-03-17,1.5,1.537037,1.5,1.537037,1.328437,530500
2024,1988-03-18,1.537037,1.555556,1.5,1.518519,1.312431,355000
2025,1988-03-21,1.518519,1.537037,1.481481,1.481481,1.2804209999999998,438000
2026,1988-03-22,1.5,1.518519,1.481481,1.5,1.296426,280800
2027,1988-03-23,1.5,1.518519,1.481481,1.5,1.296426,367800
2028,1988-03-24,1.5,1.518519,1.444444,1.481481,1.2804209999999998,452200
2029,1988-03-25,1.444444,1.481481,1.444444,1.481481,1.2804209999999998,334800
2030,1988-03-28,1.444444,1.462963,1.444444,1.444444,1.24841,263800
2031,1988-03-29,1.462963,1.462963,1.425926,1.462963,1.264416,373200
2032,1988-03-30,1.462963,1.481481,1.425926,1.425926,1.232405,475800
2033,1988-03-31,1.444444,1.462963,1.425926,1.444444,1.24841,452800
2034,1988-04-04,1.462963,1.462963,1.425926,1.425926,1.232405,340800
2035,1988-04-05,1.425926,1.444444,1.407407,1.425926,1.232405,752500
2036,1988-04-06,1.407407,1.444444,1.407407,1.444444,1.24841,397500
2037,1988-04-07,1.444444,1.444444,1.407407,1.425926,1.232405,204400
2038,1988-04-08,1.425926,1.462963,1.407407,1.444444,1.24841,502800
2039,1988-04-11,1.481481,1.518519,1.481481,1.5,1.296426,675000
2040,1988-04-12,1.518519,1.555556,1.5,1.537037,1.328437,668800
2041,1988-04-13,1.555556,1.555556,1.5,1.537037,1.328437,389400
2042,1988-04-14,1.5,1.518519,1.425926,1.425926,1.232405,1283100
2043,1988-04-15,1.444444,1.5,1.444444,1.462963,1.264416,558100
2044,1988-04-18,1.481481,1.518519,1.462963,1.5,1.296426,345600
2045,1988-04-19,1.5,1.518519,1.444444,1.444444,1.24841,233500
2046,1988-04-20,1.444444,1.462963,1.425926,1.444444,1.24841,317200
2047,1988-04-21,1.444444,1.481481,1.425926,1.481481,1.2804209999999998,319200
2048,1988-04-22,1.481481,1.481481,1.444444,1.481481,1.2804209999999998,222700
2049,1988-04-25,1.462963,1.481481,1.444444,1.444444,1.24841,137700
2050,1988-04-26,1.444444,1.537037,1.444444,1.518519,1.312431,1247400
2051,1988-04-27,1.518519,1.537037,1.5,1.537037,1.328437,475800
2052,1988-04-28,1.555556,1.62963,1.555556,1.592593,1.376452,2227500
2053,1988-04-29,1.592593,1.592593,1.555556,1.555556,1.344442,720100
2054,1988-05-02,1.574074,1.592593,1.574074,1.574074,1.360447,527800
2055,1988-05-03,1.574074,1.592593,1.574074,1.592593,1.376452,480600
2056,1988-05-04,1.592593,1.759259,1.574074,1.740741,1.504494,4463100
2057,1988-05-05,1.759259,1.7777779999999999,1.574074,1.740741,1.504494,2135700
2058,1988-05-06,1.7222220000000001,1.740741,1.666667,1.685185,1.4564780000000002,828900
2059,1988-05-09,1.666667,1.796296,1.666667,1.759259,1.5205,2502100
2060,1988-05-10,1.7777779999999999,1.851852,1.740741,1.814815,1.5685149999999999,2130900
2061,1988-05-11,1.759259,1.814815,1.703704,1.7222220000000001,1.488489,1154800
2062,1988-05-12,1.7222220000000001,1.7777779999999999,1.7222220000000001,1.759259,1.5205,744400
2063,1988-05-13,1.740741,1.759259,1.7222220000000001,1.740741,1.504494,552100
2064,1988-05-16,1.740741,1.814815,1.7222220000000001,1.796296,1.55251,1023300
2065,1988-05-17,1.851852,1.851852,1.796296,1.796296,1.55251,3364800
2066,1988-05-18,1.814815,1.833333,1.703704,1.740741,1.504494,2440000
2067,1988-05-19,1.703704,1.759259,1.685185,1.7222220000000001,1.488489,1031400
2068,1988-05-20,1.7222220000000001,1.759259,1.703704,1.703704,1.472484,594000
2069,1988-05-23,1.7222220000000001,1.740741,1.666667,1.666667,1.440473,664800
2070,1988-05-24,1.685185,1.685185,1.666667,1.666667,1.440473,333400
2071,1988-05-25,1.685185,1.703704,1.666667,1.703704,1.472484,317800
2072,1988-05-26,1.7222220000000001,1.7222220000000001,1.703704,1.7222220000000001,1.488489,672900
2073,1988-05-27,1.740741,1.740741,1.703704,1.740741,1.504494,296200
2074,1988-05-31,1.7222220000000001,1.796296,1.7222220000000001,1.796296,1.55251,1180500
2075,1988-06-01,1.833333,1.833333,1.7777779999999999,1.796296,1.55251,1035400
2076,1988-06-02,1.796296,1.796296,1.740741,1.740741,1.504494,477100
2077,1988-06-03,1.740741,1.7777779999999999,1.7222220000000001,1.7777779999999999,1.536505,218700
2078,1988-06-06,1.759259,1.814815,1.759259,1.796296,1.55251,814000
2079,1988-06-07,1.814815,1.814815,1.740741,1.759259,1.5205,671500
2080,1988-06-08,1.7777779999999999,1.7777779999999999,1.703704,1.740741,1.504494,840300
2081,1988-06-09,1.7222220000000001,1.7777779999999999,1.7222220000000001,1.759259,1.5205,518400
2082,1988-06-10,1.759259,1.7777779999999999,1.740741,1.759259,1.5205,786300
2083,1988-06-13,1.759259,1.7777779999999999,1.740741,1.7777779999999999,1.536505,513600
2084,1988-06-14,1.7777779999999999,1.814815,1.759259,1.7777779999999999,1.536505,1060300
2085,1988-06-15,1.7777779999999999,1.796296,1.759259,1.796296,1.55251,1314100
2086,1988-06-16,1.796296,1.796296,1.703704,1.7222220000000001,1.488489,961200
2087,1988-06-17,1.7222220000000001,1.7777779999999999,1.703704,1.740741,1.504494,841600
2088,1988-06-20,1.7222220000000001,1.7222220000000001,1.703704,1.703704,1.472484,760600
2089,1988-06-21,1.7222220000000001,1.759259,1.703704,1.759259,1.5205,703900
2090,1988-06-22,1.7777779999999999,1.888889,1.7777779999999999,1.888889,1.6325370000000001,2993500
2091,1988-06-23,1.87037,1.962963,1.87037,1.9259259999999998,1.6645470000000002,4059400
2092,1988-06-24,1.907407,1.9259259999999998,1.87037,1.907407,1.6485419999999997,693900
2093,1988-06-27,1.888889,1.907407,1.851852,1.851852,1.600525,476500
2094,1988-06-28,1.851852,1.962963,1.851852,1.9444439999999998,1.680552,1515300
2095,1988-06-29,1.9259259999999998,1.962963,1.888889,1.9259259999999998,1.6709150000000002,1013800
2096,1988-06-30,1.907407,1.9259259999999998,1.907407,1.9259259999999998,1.6709150000000002,724900
2097,1988-07-01,1.9259259999999998,1.9259259999999998,1.907407,1.9259259999999998,1.6709150000000002,321300
2098,1988-07-05,1.907407,1.9259259999999998,1.87037,1.907407,1.6548479999999999,430600
2099,1988-07-06,1.907407,1.907407,1.87037,1.87037,1.622715,571600
2100,1988-07-07,1.814815,1.851852,1.796296,1.833333,1.590582,1390500
2101,1988-07-08,1.833333,1.833333,1.7777779999999999,1.814815,1.574516,795100
2102,1988-07-11,1.814815,1.833333,1.796296,1.796296,1.558449,562200
2103,1988-07-12,1.814815,1.814815,1.740741,1.759259,1.526317,809200
2104,1988-07-13,1.759259,1.7777779999999999,1.759259,1.7777779999999999,1.542383,467700
2105,1988-07-14,1.7777779999999999,1.796296,1.759259,1.7777779999999999,1.542383,576400
2106,1988-07-15,1.759259,1.7777779999999999,1.7222220000000001,1.759259,1.526317,967200
2107,1988-07-18,1.759259,1.759259,1.703704,1.703704,1.478117,734400
2108,1988-07-19,1.7222220000000001,1.740741,1.666667,1.685185,1.46205,533800
2109,1988-07-20,1.685185,1.7222220000000001,1.685185,1.685185,1.46205,718800
2110,1988-07-21,1.703704,1.703704,1.666667,1.685185,1.46205,344800
2111,1988-07-22,1.666667,1.685185,1.62963,1.648148,1.429918,809200
2112,1988-07-25,1.648148,1.648148,1.555556,1.574074,1.365651,1138000
2113,1988-07-26,1.574074,1.611111,1.574074,1.611111,1.397785,857800
2114,1988-07-27,1.611111,1.648148,1.592593,1.62963,1.413851,664200
2115,1988-07-28,1.62963,1.685185,1.611111,1.685185,1.46205,753300
2116,1988-07-29,1.666667,1.7222220000000001,1.666667,1.703704,1.478117,579100
2117,1988-08-01,1.7222220000000001,1.7222220000000001,1.685185,1.685185,1.46205,306400
2118,1988-08-02,1.7222220000000001,1.740741,1.666667,1.666667,1.445984,329400
2119,1988-08-03,1.685185,1.685185,1.62963,1.648148,1.429918,546700
2120,1988-08-04,1.62963,1.703704,1.592593,1.611111,1.397785,852400
2121,1988-08-05,1.592593,1.62963,1.592593,1.62963,1.413851,557500
2122,1988-08-08,1.62963,1.62963,1.611111,1.611111,1.397785,357700
2123,1988-08-09,1.62963,1.648148,1.611111,1.62963,1.413851,571600
2124,1988-08-10,1.611111,1.62963,1.574074,1.592593,1.381718,568300
2125,1988-08-11,1.574074,1.592593,1.555556,1.592593,1.381718,398200
2126,1988-08-12,1.574074,1.611111,1.574074,1.592593,1.381718,257800
2127,1988-08-15,1.611111,1.62963,1.592593,1.592593,1.381718,283500
2128,1988-08-16,1.611111,1.62963,1.574074,1.62963,1.413851,538600
2129,1988-08-17,1.648148,1.666667,1.611111,1.666667,1.445984,727600
2130,1988-08-18,1.666667,1.703704,1.666667,1.685185,1.46205,666100
2131,1988-08-19,1.703704,1.703704,1.648148,1.648148,1.429918,229500
2132,1988-08-22,1.666667,1.666667,1.574074,1.574074,1.365651,348300
2133,1988-08-23,1.574074,1.592593,1.537037,1.555556,1.349585,562200
2134,1988-08-24,1.555556,1.62963,1.537037,1.611111,1.397785,331300
2135,1988-08-25,1.611111,1.611111,1.574074,1.574074,1.365651,196300
2136,1988-08-26,1.574074,1.592593,1.574074,1.574074,1.365651,308400
2137,1988-08-29,1.592593,1.62963,1.574074,1.611111,1.397785,575100
2138,1988-08-30,1.611111,1.611111,1.574074,1.592593,1.381718,260500
2139,1988-08-31,1.592593,1.592593,1.574074,1.592593,1.381718,198400
2140,1988-09-01,1.592593,1.592593,1.537037,1.555556,1.349585,430600
2141,1988-09-02,1.537037,1.574074,1.537037,1.574074,1.365651,321900
2142,1988-09-06,1.574074,1.592593,1.555556,1.574074,1.365651,202500
2143,1988-09-07,1.555556,1.574074,1.518519,1.537037,1.333518,500100
2144,1988-09-08,1.537037,1.574074,1.518519,1.574074,1.365651,375300
2145,1988-09-09,1.555556,1.574074,1.537037,1.555556,1.349585,416400
2146,1988-09-12,1.574074,1.592593,1.555556,1.592593,1.381718,311100
2147,1988-09-13,1.592593,1.592593,1.555556,1.555556,1.349585,154500
2148,1988-09-14,1.574074,1.574074,1.518519,1.518519,1.317452,377200
2149,1988-09-15,1.537037,1.537037,1.518519,1.537037,1.333518,238200
2150,1988-09-16,1.518519,1.537037,1.518519,1.537037,1.333518,275400
2151,1988-09-19,1.518519,1.592593,1.518519,1.592593,1.381718,846400
2152,1988-09-20,1.592593,1.592593,1.555556,1.592593,1.381718,496000
2153,1988-09-21,1.592593,1.611111,1.574074,1.574074,1.365651,164700
2154,1988-09-22,1.574074,1.592593,1.537037,1.574074,1.365651,371200
2155,1988-09-23,1.574074,1.592593,1.555556,1.574074,1.365651,298300
2156,1988-09-26,1.555556,1.574074,1.537037,1.574074,1.365651,188200
2157,1988-09-27,1.555556,1.574074,1.537037,1.555556,1.349585,428500
2158,1988-09-28,1.537037,1.592593,1.518519,1.574074,1.365651,456300
2159,1988-09-29,1.555556,1.555556,1.481481,1.5,1.3013860000000002,1876500
2160,1988-09-30,1.5,1.518519,1.425926,1.425926,1.23712,2756700
2161,1988-10-03,1.407407,1.518519,1.259259,1.296296,1.124654,3094800
2162,1988-10-04,1.296296,1.351852,1.296296,1.351852,1.1728530000000001,966600
2163,1988-10-05,1.351852,1.37037,1.296296,1.351852,1.1728530000000001,1445100
2164,1988-10-06,1.351852,1.407407,1.314815,1.351852,1.1728530000000001,798400
2165,1988-10-07,1.37037,1.407407,1.351852,1.407407,1.2210530000000002,868000
2166,1988-10-10,1.407407,1.462963,1.407407,1.425926,1.23712,561600
2167,1988-10-11,1.444444,1.444444,1.388889,1.388889,1.2049860000000001,383400
2168,1988-10-12,1.37037,1.407407,1.351852,1.351852,1.1728530000000001,711400
2169,1988-10-13,1.351852,1.37037,1.333333,1.351852,1.1728530000000001,570300
2170,1988-10-14,1.351852,1.37037,1.351852,1.37037,1.18892,297000
2171,1988-10-17,1.37037,1.37037,1.351852,1.351852,1.1728530000000001,361800
2172,1988-10-18,1.351852,1.37037,1.351852,1.351852,1.1728530000000001,423900
2173,1988-10-19,1.37037,1.37037,1.333333,1.351852,1.1728530000000001,820000
2174,1988-10-20,1.333333,1.351852,1.314815,1.333333,1.156787,610800
2175,1988-10-21,1.314815,1.333333,1.314815,1.333333,1.156787,496800
2176,1988-10-24,1.333333,1.333333,1.296296,1.333333,1.156787,652000
2177,1988-10-25,1.333333,1.333333,1.314815,1.333333,1.156787,347500
2178,1988-10-26,1.314815,1.425926,1.314815,1.425926,1.23712,883500
2179,1988-10-27,1.425926,1.425926,1.37037,1.388889,1.2049860000000001,454200
2180,1988-10-28,1.388889,1.407407,1.351852,1.37037,1.18892,938800
2181,1988-10-31,1.388889,1.388889,1.351852,1.388889,1.2049860000000001,415800
2182,1988-11-01,1.388889,1.388889,1.333333,1.37037,1.18892,414400
2183,1988-11-02,1.37037,1.388889,1.351852,1.37037,1.18892,516300
2184,1988-11-03,1.37037,1.388889,1.351852,1.37037,1.18892,465000
2185,1988-11-04,1.351852,1.388889,1.351852,1.351852,1.1728530000000001,882100
2186,1988-11-07,1.333333,1.37037,1.333333,1.333333,1.156787,730900
2187,1988-11-08,1.37037,1.388889,1.37037,1.388889,1.2049860000000001,444700
2188,1988-11-09,1.388889,1.388889,1.37037,1.388889,1.2049860000000001,307000
2189,1988-11-10,1.37037,1.407407,1.351852,1.407407,1.2210530000000002,425800
2190,1988-11-11,1.388889,1.388889,1.351852,1.351852,1.1728530000000001,344200
2191,1988-11-14,1.351852,1.388889,1.314815,1.333333,1.156787,800500
2192,1988-11-15,1.314815,1.37037,1.314815,1.351852,1.1728530000000001,417100
2193,1988-11-16,1.351852,1.37037,1.296296,1.314815,1.1407209999999999,539200
2194,1988-11-17,1.314815,1.333333,1.296296,1.333333,1.156787,363100
2195,1988-11-18,1.333333,1.333333,1.296296,1.314815,1.1407209999999999,340200
2196,1988-11-21,1.314815,1.314815,1.277778,1.296296,1.124654,547300
2197,1988-11-22,1.277778,1.296296,1.259259,1.259259,1.0925209999999999,473100
2198,1988-11-23,1.277778,1.277778,1.240741,1.259259,1.0925209999999999,871300
2199,1988-11-25,1.259259,1.277778,1.240741,1.240741,1.076454,469800
2200,1988-11-28,1.240741,1.259259,1.203704,1.203704,1.0443209999999998,802500
2201,1988-11-29,1.203704,1.240741,1.203704,1.203704,1.0443209999999998,1098900
2202,1988-11-30,1.222222,1.259259,1.203704,1.240741,1.076454,730900
2203,1988-12-01,1.222222,1.259259,1.222222,1.222222,1.0603879999999999,829500
2204,1988-12-02,1.240741,1.240741,1.203704,1.222222,1.0603879999999999,498700
2205,1988-12-05,1.222222,1.240741,1.203704,1.203704,1.0443209999999998,829500
2206,1988-12-06,1.222222,1.259259,1.185185,1.259259,1.0925209999999999,945600
2207,1988-12-07,1.240741,1.240741,1.203704,1.240741,1.076454,537900
2208,1988-12-08,1.222222,1.240741,1.203704,1.222222,1.0603879999999999,592600
2209,1988-12-09,1.222222,1.240741,1.203704,1.222222,1.0603879999999999,525700
2210,1988-12-12,1.222222,1.240741,1.203704,1.203704,1.0443209999999998,813300
2211,1988-12-13,1.203704,1.222222,1.203704,1.222222,1.0603879999999999,489300
2212,1988-12-14,1.203704,1.222222,1.185185,1.203704,1.0443209999999998,565600
2213,1988-12-15,1.185185,1.222222,1.185185,1.203704,1.0443209999999998,613500
2214,1988-12-16,1.203704,1.259259,1.203704,1.240741,1.076454,887500
2215,1988-12-19,1.240741,1.333333,1.240741,1.296296,1.124654,1329000
2216,1988-12-20,1.314815,1.333333,1.296296,1.296296,1.124654,903700
2217,1988-12-21,1.296296,1.333333,1.277778,1.277778,1.108588,363700
2218,1988-12-22,1.277778,1.314815,1.277778,1.277778,1.108588,589900
2219,1988-12-23,1.259259,1.277778,1.259259,1.259259,1.095694,271300
2220,1988-12-27,1.277778,1.314815,1.259259,1.277778,1.111807,615600
2221,1988-12-28,1.277778,1.296296,1.259259,1.296296,1.127921,453600
2222,1988-12-29,1.277778,1.314815,1.277778,1.296296,1.127921,762700
2223,1988-12-30,1.277778,1.314815,1.259259,1.314815,1.144033,1711800
2224,1989-01-03,1.314815,1.333333,1.296296,1.314815,1.144033,429300
2225,1989-01-04,1.314815,1.351852,1.314815,1.333333,1.160146,535900
2226,1989-01-05,1.333333,1.351852,1.277778,1.296296,1.127921,930100
2227,1989-01-06,1.314815,1.333333,1.296296,1.333333,1.160146,354300
2228,1989-01-09,1.314815,1.333333,1.296296,1.314815,1.144033,292900
2229,1989-01-10,1.314815,1.314815,1.296296,1.296296,1.127921,324000
2230,1989-01-11,1.259259,1.277778,1.240741,1.259259,1.095694,814600
2231,1989-01-12,1.277778,1.277778,1.222222,1.259259,1.095694,619600
2232,1989-01-13,1.240741,1.259259,1.222222,1.259259,1.095694,410400
2233,1989-01-16,1.259259,1.296296,1.240741,1.259259,1.095694,436600
2234,1989-01-17,1.259259,1.277778,1.259259,1.277778,1.111807,275400
2235,1989-01-18,1.259259,1.296296,1.259259,1.277778,1.111807,412300
2236,1989-01-19,1.277778,1.333333,1.277778,1.333333,1.160146,531100
2237,1989-01-20,1.314815,1.314815,1.277778,1.296296,1.127921,317800
2238,1989-01-23,1.277778,1.314815,1.277778,1.296296,1.127921,344200
2239,1989-01-24,1.296296,1.351852,1.296296,1.296296,1.127921,1118400
2240,1989-01-25,1.296296,1.314815,1.296296,1.296296,1.127921,504900
2241,1989-01-26,1.296296,1.296296,1.277778,1.277778,1.111807,409000
2242,1989-01-27,1.277778,1.296296,1.240741,1.277778,1.111807,922000
2243,1989-01-30,1.259259,1.277778,1.240741,1.277778,1.111807,487300
2244,1989-01-31,1.259259,1.277778,1.259259,1.259259,1.095694,391500
2245,1989-02-01,1.259259,1.277778,1.240741,1.277778,1.111807,554800
2246,1989-02-02,1.240741,1.259259,1.203704,1.240741,1.079581,1640800
2247,1989-02-03,1.222222,1.240741,1.185185,1.185185,1.031241,1941300
2248,1989-02-06,1.185185,1.240741,1.166667,1.166667,1.015128,2114100
2249,1989-02-07,1.166667,1.222222,1.166667,1.166667,1.015128,1351900
2250,1989-02-08,1.185185,1.222222,1.166667,1.203704,1.0473540000000001,1941900
2251,1989-02-09,1.203704,1.222222,1.185185,1.185185,1.031241,707400
2252,1989-02-10,1.203704,1.203704,1.166667,1.185185,1.031241,716100
2253,1989-02-13,1.166667,1.185185,1.166667,1.185185,1.031241,1140000
2254,1989-02-14,1.185185,1.203704,1.166667,1.185185,1.031241,969900
2255,1989-02-15,1.185185,1.203704,1.148148,1.166667,1.015128,911800
2256,1989-02-16,1.166667,1.203704,1.148148,1.166667,1.015128,966600
2257,1989-02-17,1.185185,1.185185,1.166667,1.166667,1.015128,409600
2258,1989-02-21,1.222222,1.240741,1.203704,1.203704,1.0473540000000001,785700
2259,1989-02-22,1.222222,1.222222,1.185185,1.185185,1.031241,506200
2260,1989-02-23,1.203704,1.203704,1.185185,1.203704,1.0473540000000001,287500
2261,1989-02-24,1.203704,1.203704,1.166667,1.185185,1.031241,244300
2262,1989-02-27,1.185185,1.185185,1.166667,1.166667,1.015128,214600
2263,1989-02-28,1.166667,1.203704,1.166667,1.185185,1.031241,497400
2264,1989-03-01,1.185185,1.203704,1.166667,1.185185,1.031241,4486000
2265,1989-03-02,1.185185,1.185185,1.166667,1.166667,1.015128,752500
2266,1989-03-03,1.166667,1.166667,1.148148,1.148148,0.999015,467700
2267,1989-03-06,1.148148,1.148148,1.111111,1.12963,0.982902,621000
2268,1989-03-07,1.148148,1.185185,1.12963,1.12963,0.982902,547300
2269,1989-03-08,1.12963,1.166667,1.12963,1.148148,0.999015,1060300
2270,1989-03-09,1.12963,1.166667,1.111111,1.148148,0.999015,905100
2271,1989-03-10,1.148148,1.166667,1.12963,1.166667,1.015128,365100
2272,1989-03-13,1.166667,1.203704,1.148148,1.185185,1.031241,736300
2273,1989-03-14,1.185185,1.203704,1.166667,1.185185,1.031241,370500
2274,1989-03-15,1.185185,1.203704,1.185185,1.185185,1.031241,425200
2275,1989-03-16,1.185185,1.240741,1.185185,1.240741,1.079581,803200
2276,1989-03-17,1.222222,1.222222,1.185185,1.203704,1.0473540000000001,427900
2277,1989-03-20,1.203704,1.203704,1.166667,1.185185,1.031241,382000
2278,1989-03-21,1.185185,1.203704,1.166667,1.185185,1.031241,971200
2279,1989-03-22,1.166667,1.203704,1.166667,1.185185,1.031241,413100
2280,1989-03-23,1.185185,1.240741,1.185185,1.222222,1.063467,1802200
2281,1989-03-27,1.240741,1.314815,1.222222,1.259259,1.095694,664200
2282,1989-03-28,1.259259,1.277778,1.240741,1.240741,1.079581,452800
2283,1989-03-29,1.240741,1.259259,1.222222,1.222222,1.063467,219300
2284,1989-03-30,1.240741,1.259259,1.222222,1.259259,1.095694,332100
2285,1989-03-31,1.240741,1.259259,1.240741,1.259259,1.095694,416400
2286,1989-04-03,1.240741,1.277778,1.240741,1.277778,1.111807,1012500
2287,1989-04-04,1.277778,1.277778,1.259259,1.259259,1.095694,322600
2288,1989-04-05,1.259259,1.314815,1.259259,1.314815,1.144033,1207500
2289,1989-04-06,1.333333,1.37037,1.314815,1.351852,1.17626,1227700
2290,1989-04-07,1.333333,1.37037,1.314815,1.333333,1.160146,796500
2291,1989-04-10,1.333333,1.333333,1.296296,1.296296,1.127921,445500
2292,1989-04-11,1.296296,1.314815,1.259259,1.296296,1.127921,1792000
2293,1989-04-12,1.259259,1.277778,1.240741,1.259259,1.095694,1713100
2294,1989-04-13,1.259259,1.277778,1.203704,1.203704,1.0473540000000001,2571700
2295,1989-04-14,1.222222,1.259259,1.203704,1.259259,1.095694,433300
2296,1989-04-17,1.259259,1.277778,1.240741,1.259259,1.095694,325300
2297,1989-04-18,1.259259,1.296296,1.259259,1.277778,1.111807,645900
2298,1989-04-19,1.277778,1.296296,1.277778,1.277778,1.111807,290800
2299,1989-04-20,1.277778,1.314815,1.277778,1.277778,1.111807,589200
2300,1989-04-21,1.277778,1.314815,1.277778,1.314815,1.144033,470400
2301,1989-04-24,1.314815,1.333333,1.277778,1.296296,1.127921,1098100
2302,1989-04-25,1.296296,1.314815,1.259259,1.314815,1.144033,929400
2303,1989-04-26,1.314815,1.333333,1.277778,1.277778,1.111807,388800
2304,1989-04-27,1.296296,1.314815,1.240741,1.277778,1.111807,947700
2305,1989-04-28,1.259259,1.277778,1.240741,1.240741,1.079581,514300
2306,1989-05-01,1.240741,1.240741,1.222222,1.240741,1.079581,452800
2307,1989-05-02,1.222222,1.240741,1.222222,1.222222,1.063467,350200
2308,1989-05-03,1.222222,1.240741,1.203704,1.203704,1.0473540000000001,331300
2309,1989-05-04,1.222222,1.240741,1.203704,1.222222,1.063467,338800
2310,1989-05-05,1.240741,1.259259,1.222222,1.240741,1.079581,386100
2311,1989-05-08,1.240741,1.259259,1.240741,1.240741,1.079581,308400
2312,1989-05-09,1.240741,1.259259,1.222222,1.240741,1.079581,262500
2313,1989-05-10,1.240741,1.277778,1.222222,1.259259,1.095694,355600
2314,1989-05-11,1.259259,1.277778,1.259259,1.277778,1.111807,388000
2315,1989-05-12,1.296296,1.351852,1.296296,1.333333,1.160146,1382400
2316,1989-05-15,1.333333,1.388889,1.314815,1.388889,1.208485,1496400
2317,1989-05-16,1.37037,1.407407,1.37037,1.388889,1.208485,1499100
2318,1989-05-17,1.388889,1.388889,1.37037,1.388889,1.208485,907800
2319,1989-05-18,1.37037,1.462963,1.37037,1.444444,1.256825,1251400
2320,1989-05-19,1.425926,1.462963,1.425926,1.444444,1.256825,895600
2321,1989-05-22,1.462963,1.462963,1.388889,1.425926,1.240712,508900
2322,1989-05-23,1.407407,1.425926,1.388889,1.407407,1.224599,340800
2323,1989-05-24,1.407407,1.462963,1.407407,1.425926,1.240712,500100
2324,1989-05-25,1.425926,1.462963,1.425926,1.444444,1.256825,602700
2325,1989-05-26,1.425926,1.481481,1.425926,1.481481,1.289051,614200
2326,1989-05-30,1.462963,1.481481,1.444444,1.462963,1.272939,689800
2327,1989-05-31,1.462963,1.481481,1.444444,1.462963,1.272939,541900
2328,1989-06-01,1.462963,1.481481,1.444444,1.462963,1.272939,653400
2329,1989-06-02,1.462963,1.481481,1.462963,1.481481,1.289051,816700
2330,1989-06-05,1.462963,1.481481,1.444444,1.462963,1.272939,573700
2331,1989-06-06,1.444444,1.481481,1.444444,1.462963,1.272939,448800
2332,1989-06-07,1.481481,1.518519,1.462963,1.518519,1.3212780000000002,925300
2333,1989-06-08,1.518519,1.518519,1.481481,1.5,1.305165,713400
2334,1989-06-09,1.518519,1.574074,1.5,1.537037,1.337391,1709700
2335,1989-06-12,1.555556,1.555556,1.537037,1.555556,1.353504,759300
2336,1989-06-13,1.555556,1.555556,1.537037,1.555556,1.353504,457600
2337,1989-06-14,1.537037,1.555556,1.518519,1.518519,1.3212780000000002,579100
2338,1989-06-15,1.518519,1.537037,1.518519,1.518519,1.3212780000000002,527800
2339,1989-06-16,1.518519,1.555556,1.518519,1.555556,1.353504,480600
2340,1989-06-19,1.537037,1.555556,1.537037,1.555556,1.353504,345600
2341,1989-06-20,1.537037,1.555556,1.537037,1.555556,1.353504,454900
2342,1989-06-21,1.537037,1.574074,1.537037,1.555556,1.353504,712000
2343,1989-06-22,1.555556,1.592593,1.555556,1.555556,1.353504,587200
2344,1989-06-23,1.555556,1.574074,1.537037,1.555556,1.353504,453600
2345,1989-06-26,1.537037,1.574074,1.537037,1.555556,1.359983,325900
2346,1989-06-27,1.555556,1.574074,1.555556,1.555556,1.359983,400200
2347,1989-06-28,1.555556,1.574074,1.537037,1.555556,1.359983,403600
2348,1989-06-29,1.537037,1.555556,1.5,1.518519,1.327602,583800
2349,1989-06-30,1.5,1.518519,1.462963,1.518519,1.327602,826800
2350,1989-07-03,1.5,1.518519,1.5,1.5,1.311412,145800
2351,1989-07-05,1.5,1.518519,1.5,1.518519,1.327602,584500
2352,1989-07-06,1.537037,1.537037,1.518519,1.537037,1.343792,322600
2353,1989-07-07,1.518519,1.537037,1.5,1.537037,1.343792,361800
2354,1989-07-10,1.518519,1.537037,1.5,1.5,1.311412,312400
2355,1989-07-11,1.5,1.518519,1.481481,1.481481,1.295221,290800
2356,1989-07-12,1.481481,1.537037,1.462963,1.518519,1.327602,722200
2357,1989-07-13,1.537037,1.537037,1.5,1.518519,1.327602,654700
2358,1989-07-14,1.518519,1.518519,1.5,1.5,1.311412,249000
2359,1989-07-17,1.518519,1.518519,1.481481,1.518519,1.327602,361800
2360,1989-07-18,1.518519,1.518519,1.481481,1.481481,1.295221,422500
2361,1989-07-19,1.481481,1.5,1.462963,1.5,1.311412,820800
2362,1989-07-20,1.5,1.5,1.462963,1.462963,1.279031,679600
2363,1989-07-21,1.462963,1.5,1.462963,1.481481,1.295221,671500
2364,1989-07-24,1.481481,1.537037,1.481481,1.481481,1.295221,811300
2365,1989-07-25,1.481481,1.5,1.481481,1.481481,1.295221,279400
2366,1989-07-26,1.481481,1.481481,1.388889,1.407407,1.23046,603400
2367,1989-07-27,1.407407,1.462963,1.407407,1.444444,1.2628409999999999,629700
2368,1989-07-28,1.462963,1.462963,1.407407,1.425926,1.246651,509500
2369,1989-07-31,1.444444,1.462963,1.407407,1.407407,1.23046,683100
2370,1989-08-01,1.425926,1.425926,1.407407,1.407407,1.23046,704700
2371,1989-08-02,1.407407,1.444444,1.407407,1.425926,1.246651,467700
2372,1989-08-03,1.444444,1.444444,1.388889,1.407407,1.23046,492700
2373,1989-08-04,1.425926,1.555556,1.388889,1.555556,1.359983,2329300
2374,1989-08-07,1.537037,1.555556,1.5,1.5,1.311412,919300
2375,1989-08-08,1.5,1.518519,1.462963,1.518519,1.327602,807900
2376,1989-08-09,1.5,1.555556,1.462963,1.462963,1.279031,609400
2377,1989-08-10,1.462963,1.462963,1.444444,1.462963,1.279031,392800
2378,1989-08-11,1.462963,1.481481,1.444444,1.462963,1.279031,503500
2379,1989-08-14,1.444444,1.462963,1.425926,1.462963,1.279031,288100
2380,1989-08-15,1.444444,1.5,1.444444,1.462963,1.279031,563500
2381,1989-08-16,1.462963,1.5,1.462963,1.5,1.311412,654000
2382,1989-08-17,1.5,1.537037,1.462963,1.518519,1.327602,939600
2383,1989-08-18,1.518519,1.537037,1.462963,1.481481,1.295221,635800
2384,1989-08-21,1.5,1.5,1.444444,1.481481,1.295221,585100
2385,1989-08-22,1.481481,1.5,1.462963,1.481481,1.295221,648600
2386,1989-08-23,1.481481,1.5,1.462963,1.462963,1.279031,481200
2387,1989-08-24,1.481481,1.574074,1.444444,1.555556,1.359983,2021500
2388,1989-08-25,1.574074,1.833333,1.574074,1.7777779999999999,1.554266,6106600
2389,1989-08-28,1.796296,2.074074,1.759259,2.055556,1.79712,9659800
2390,1989-08-29,2.148148,2.203704,1.9444439999999998,1.981481,1.732359,9665200
2391,1989-08-30,2.074074,2.12963,2.018518,2.0370369999999998,1.780929,5892700
2392,1989-08-31,2.074074,2.166667,2.074074,2.148148,1.8780709999999998,5676000
2393,1989-09-01,2.148148,2.277778,2.12963,2.259259,1.975213,6783000
2394,1989-09-05,2.240741,2.277778,2.1851849999999997,2.203704,1.9266419999999997,3867000
2395,1989-09-06,2.1851849999999997,2.222222,2.111111,2.203704,1.9266419999999997,2799100
2396,1989-09-07,2.222222,2.222222,2.148148,2.166667,1.894261,1411300
2397,1989-09-08,2.166667,2.203704,2.12963,2.12963,1.8618810000000001,2002600
2398,1989-09-11,2.1851849999999997,2.1851849999999997,2.148148,2.148148,1.8780709999999998,1520700
2399,1989-09-12,2.111111,2.148148,2.055556,2.148148,1.8780709999999998,2749900
2400,1989-09-13,2.12963,2.3148150000000003,2.111111,2.259259,1.975213,3758400
2401,1989-09-14,2.296296,2.3148150000000003,2.222222,2.240741,1.959023,2123500
2402,1989-09-15,2.240741,2.259259,2.166667,2.166667,1.894261,1533600
2403,1989-09-18,2.1851849999999997,2.1851849999999997,2.148148,2.148148,1.8780709999999998,934800
2404,1989-09-19,2.148148,2.166667,2.12963,2.148148,1.8780709999999998,955000
2405,1989-09-20,2.166667,2.203704,2.148148,2.1851849999999997,1.910452,871300
2406,1989-09-21,2.222222,2.240741,2.1851849999999997,2.1851849999999997,1.910452,668800
2407,1989-09-22,2.203704,2.222222,2.148148,2.203704,1.9266419999999997,1059000
2408,1989-09-25,2.1851849999999997,2.222222,2.166667,2.203704,1.9266419999999997,462300
2409,1989-09-26,2.166667,2.259259,2.166667,2.203704,1.9266419999999997,2161900
2410,1989-09-27,2.1851849999999997,2.259259,2.1851849999999997,2.259259,1.975213,1629400
2411,1989-09-28,2.296296,2.518518,2.296296,2.444444,2.137114,7297300
2412,1989-09-29,2.518518,2.611111,2.4629630000000002,2.555556,2.234257,4435300
2413,1989-10-02,2.555556,2.833333,2.481482,2.703704,2.363779,7435000
2414,1989-10-03,2.740741,2.851852,2.703704,2.740741,2.39616,7269700
2415,1989-10-04,2.796296,2.796296,2.648148,2.703704,2.363779,2885500
2416,1989-10-05,2.722222,2.777778,2.574074,2.703704,2.363779,4524400
2417,1989-10-06,2.703704,2.796296,2.6851849999999997,2.759259,2.41235,4770900
2418,1989-10-09,2.759259,2.888889,2.740741,2.851852,2.4933009999999998,5329800
2419,1989-10-10,2.944444,3.055556,2.888889,3.0,2.622823,7120500
2420,1989-10-11,3.0,3.018518,2.87037,2.944444,2.574252,4580500
2421,1989-10-12,2.907408,3.092592,2.888889,3.0370369999999998,2.655204,4542700
2422,1989-10-13,3.0,3.0370369999999998,2.555556,2.62963,2.2990180000000002,5618700
2423,1989-10-16,2.518518,2.777778,2.481482,2.740741,2.39616,9710500
2424,1989-10-17,2.740741,2.944444,2.703704,2.851852,2.4933009999999998,5140800
2425,1989-10-18,2.851852,3.074074,2.833333,3.0370369999999998,2.655204,5592300
2426,1989-10-19,3.074074,3.092592,2.87037,3.0370369999999998,2.655204,6069600
2427,1989-10-20,3.0370369999999998,3.0370369999999998,2.796296,2.888889,2.5256819999999998,3167100
2428,1989-10-23,2.888889,2.888889,2.777778,2.87037,2.509491,1351900
2429,1989-10-24,2.833333,2.833333,2.666667,2.796296,2.444731,2716800
2430,1989-10-25,2.833333,2.851852,2.740741,2.796296,2.444731,1274400
2431,1989-10-26,2.8148150000000003,2.8148150000000003,2.740741,2.777778,2.4285400000000004,1192000
2432,1989-10-27,2.759259,2.796296,2.5370369999999998,2.555556,2.234257,2346900
2433,1989-10-30,2.555556,2.6851849999999997,2.5370369999999998,2.574074,2.250448,1470100
2434,1989-10-31,2.574074,2.777778,2.574074,2.703704,2.363779,1904100
2435,1989-11-01,2.740741,3.0,2.722222,2.9629630000000002,2.590442,6538600
2436,1989-11-02,2.9629630000000002,3.018518,2.925926,2.944444,2.574252,3122500
2437,1989-11-03,2.925926,3.111111,2.888889,3.074074,2.687583,5389200
2438,1989-11-06,3.055556,3.092592,2.925926,2.9629630000000002,2.590442,4373200
2439,1989-11-07,2.944444,3.0,2.907408,2.981482,2.606632,4269300
2440,1989-11-08,2.981482,3.296296,2.9629630000000002,3.296296,2.8818669999999997,8980800
2441,1989-11-09,3.37037,3.5,3.1851849999999997,3.222222,2.8171060000000003,8849800
2442,1989-11-10,3.240741,3.388889,3.222222,3.3518519999999996,2.930438,2846400
2443,1989-11-13,3.37037,3.37037,3.240741,3.296296,2.8818669999999997,2295000
2444,1989-11-14,3.277778,3.3518519999999996,3.222222,3.3518519999999996,2.930438,2439400
2445,1989-11-15,3.5555559999999997,3.62963,3.5,3.574074,3.124722,9857700
2446,1989-11-16,3.666667,3.666667,3.425926,3.5,3.059961,6251800
2447,1989-11-17,3.462963,3.462963,3.333333,3.37037,2.946629,4587900
2448,1989-11-20,3.407408,3.462963,3.3148150000000003,3.3518519999999996,2.930438,1627300
2449,1989-11-21,3.333333,3.333333,3.166667,3.3148150000000003,2.898057,3476200
2450,1989-11-22,3.277778,3.425926,3.240741,3.407408,2.979009,3098800
2451,1989-11-24,3.425926,3.5,3.407408,3.407408,2.979009,1032700
2452,1989-11-27,3.37037,3.425926,3.333333,3.37037,2.946629,681000
2453,1989-11-28,3.37037,3.388889,3.259259,3.296296,2.8818669999999997,1067100
2454,1989-11-29,3.277778,3.3148150000000003,3.203704,3.203704,2.8009150000000003,1636200
2455,1989-11-30,3.203704,3.259259,3.12963,3.259259,2.849488,1878400
2456,1989-12-01,3.259259,3.333333,3.12963,3.296296,2.8818669999999997,2566300
2457,1989-12-04,3.296296,3.388889,3.259259,3.37037,2.946629,1566600
2458,1989-12-05,3.388889,3.388889,3.3148150000000003,3.3518519999999996,2.930438,1230400
2459,1989-12-06,3.3518519999999996,3.388889,3.3148150000000003,3.3518519999999996,2.930438,1140700
2460,1989-12-07,3.37037,3.537037,3.37037,3.481482,3.043771,2621700
2461,1989-12-08,3.462963,3.611111,3.4444440000000003,3.5555559999999997,3.108532,2410300
2462,1989-12-11,3.518518,3.722222,3.5,3.703704,3.238053,3547800
2463,1989-12-12,3.722222,3.7592589999999997,3.611111,3.611111,3.157102,2319900
2464,1989-12-13,3.574074,3.722222,3.574074,3.6481480000000004,3.189483,2399500
2465,1989-12-14,3.62963,3.666667,3.592592,3.592592,3.1409130000000003,1632100
2466,1989-12-15,3.592592,3.592592,3.407408,3.425926,2.995199,2037700
2467,1989-12-18,3.481482,3.481482,3.166667,3.259259,2.849488,2176800
2468,1989-12-19,3.222222,3.3148150000000003,3.203704,3.296296,2.8818669999999997,1645600
2469,1989-12-20,3.240741,3.4444440000000003,3.240741,3.407408,2.979009,3094200
2470,1989-12-21,3.388889,3.592592,3.37037,3.537037,3.092341,2439400
2471,1989-12-22,3.5555559999999997,3.6481480000000004,3.5,3.592592,3.147506,1744800
2472,1989-12-26,3.5555559999999997,3.592592,3.518518,3.574074,3.131282,602700
2473,1989-12-27,3.574074,3.574074,3.518518,3.5555559999999997,3.1150580000000003,469000
2474,1989-12-28,3.5555559999999997,3.5555559999999997,3.407408,3.481482,3.050161,1019200
2475,1989-12-29,3.4444440000000003,3.592592,3.37037,3.592592,3.147506,1543000
2476,1990-01-02,3.592592,3.592592,3.481482,3.518518,3.082609,1451200
2477,1990-01-03,3.481482,3.518518,3.37037,3.388889,2.969039,1169100
2478,1990-01-04,3.37037,3.388889,3.1851849999999997,3.3518519999999996,2.9365900000000003,2288800
2479,1990-01-05,3.277778,3.3518519999999996,3.259259,3.3518519999999996,2.9365900000000003,1463400
2480,1990-01-08,3.3148150000000003,3.407408,3.277778,3.388889,2.969039,652000
2481,1990-01-09,3.37037,3.425926,3.3518519999999996,3.37037,2.952815,1156200
2482,1990-01-10,3.333333,3.388889,3.277778,3.388889,2.969039,1041400
2483,1990-01-11,3.37037,3.407408,3.333333,3.3518519999999996,2.9365900000000003,409600
2484,1990-01-12,3.296296,3.296296,3.148148,3.203704,2.806796,2115400
2485,1990-01-15,3.1851849999999997,3.203704,3.018518,3.055556,2.677003,2145100
2486,1990-01-16,2.907408,3.055556,2.87037,3.055556,2.677003,3742800
2487,1990-01-17,3.092592,3.1851849999999997,3.074074,3.092592,2.70945,1785300
2488,1990-01-18,3.018518,3.111111,3.018518,3.074074,2.6932259999999997,780300
2489,1990-01-19,3.111111,3.166667,3.0370369999999998,3.0370369999999998,2.660778,1642900
2490,1990-01-22,3.0,3.055556,2.777778,2.8148150000000003,2.466087,4672300
2491,1990-01-23,2.851852,3.0,2.833333,2.925926,2.5634330000000003,3044200
2492,1990-01-24,2.777778,3.296296,2.759259,3.296296,2.887917,4695900
2493,1990-01-25,3.407408,3.4444440000000003,3.12963,3.148148,2.758124,5001000
2494,1990-01-26,3.148148,3.240741,3.074074,3.166667,2.774348,1528800
2495,1990-01-29,3.148148,3.222222,3.12963,3.148148,2.758124,1670500
2496,1990-01-30,3.148148,3.203704,3.0370369999999998,3.0370369999999998,2.660778,1645600
2497,1990-01-31,3.0370369999999998,3.092592,2.888889,3.0,2.628329,1860300
2498,1990-02-01,3.0370369999999998,3.074074,2.925926,2.944444,2.579657,1405900
2499,1990-02-02,2.9629630000000002,3.055556,2.944444,2.9629630000000002,2.5958810000000003,1720500
2500,1990-02-05,2.9629630000000002,3.0,2.944444,2.9629630000000002,2.5958810000000003,1094800
2501,1990-02-06,3.0,3.0,2.944444,2.944444,2.579657,317800
2502,1990-02-07,2.925926,2.9629630000000002,2.907408,2.944444,2.579657,516300
2503,1990-02-08,2.9629630000000002,3.203704,2.944444,3.1851849999999997,2.790572,1411300
2504,1990-02-09,3.1851849999999997,3.296296,3.111111,3.222222,2.823021,1320900
2505,1990-02-12,3.259259,3.277778,3.1851849999999997,3.240741,2.839245,1048900
2506,1990-02-13,3.3148150000000003,3.3518519999999996,3.166667,3.203704,2.806796,2069500
2507,1990-02-14,3.166667,3.203704,3.055556,3.074074,2.6932259999999997,911800
2508,1990-02-15,3.074074,3.222222,3.018518,3.222222,2.823021,445500
2509,1990-02-16,3.240741,3.259259,3.148148,3.148148,2.758124,928800
2510,1990-02-20,3.111111,3.111111,3.0370369999999998,3.092592,2.70945,635800
2511,1990-02-21,3.0370369999999998,3.111111,3.0,3.092592,2.70945,439300
2512,1990-02-22,3.111111,3.240741,3.111111,3.148148,2.758124,631000
2513,1990-02-23,3.092592,3.148148,3.055556,3.111111,2.725675,502800
2514,1990-02-26,3.074074,3.148148,3.074074,3.111111,2.725675,423100
2515,1990-02-27,3.111111,3.1851849999999997,3.092592,3.148148,2.758124,750600
2516,1990-02-28,3.12963,3.296296,3.12963,3.296296,2.887917,1277700
2517,1990-03-01,3.259259,3.296296,3.203704,3.240741,2.839245,768100
2518,1990-03-02,3.259259,3.333333,3.222222,3.259259,2.85547,758700
2519,1990-03-05,3.166667,3.1851849999999997,3.055556,3.092592,2.70945,2327400
2520,1990-03-06,3.018518,3.0370369999999998,2.925926,2.981482,2.612105,2137000
2521,1990-03-07,3.018518,3.0370369999999998,2.9629630000000002,2.981482,2.612105,1154200
2522,1990-03-08,3.0,3.166667,2.9629630000000002,3.148148,2.758124,1926400
2523,1990-03-09,3.111111,3.240741,3.092592,3.240741,2.839245,1282500
2524,1990-03-12,3.240741,3.240741,3.148148,3.203704,2.806796,988200
2525,1990-03-13,3.203704,3.240741,3.166667,3.1851849999999997,2.790572,690400
2526,1990-03-14,3.203704,3.222222,3.166667,3.203704,2.806796,651300
2527,1990-03-15,3.222222,3.222222,3.12963,3.12963,2.7419,558100
2528,1990-03-16,3.12963,3.203704,3.12963,3.166667,2.774348,693100
2529,1990-03-19,3.166667,3.203704,3.148148,3.203704,2.806796,575700
2530,1990-03-20,3.203704,3.240741,3.111111,3.111111,2.725675,2448100
2531,1990-03-21,3.111111,3.111111,3.018518,3.018518,2.6445540000000003,1301400
2532,1990-03-22,3.018518,3.018518,2.888889,2.925926,2.5634330000000003,2275300
2533,1990-03-23,2.925926,3.055556,2.925926,3.0,2.628329,957100
2534,1990-03-26,3.0,3.0370369999999998,2.981482,3.018518,2.6445540000000003,398800
2535,1990-03-27,3.0370369999999998,3.055556,2.944444,2.9629630000000002,2.5958810000000003,1003600
2536,1990-03-28,2.981482,3.0370369999999998,2.944444,2.9629630000000002,2.5958810000000003,1732600
2537,1990-03-29,2.9629630000000002,3.018518,2.9629630000000002,2.9629630000000002,2.5958810000000003,967900
2538,1990-03-30,2.9629630000000002,3.0,2.925926,2.925926,2.5634330000000003,1077300
2539,1990-04-02,2.888889,2.944444,2.87037,2.944444,2.579657,933400
2540,1990-04-03,2.925926,3.148148,2.925926,3.074074,2.6932259999999997,2414400
2541,1990-04-04,3.074074,3.222222,3.074074,3.1851849999999997,2.790572,3303400
2542,1990-04-05,3.148148,3.277778,3.148148,3.277778,2.8716939999999997,3683400
2543,1990-04-06,3.296296,3.3148150000000003,3.240741,3.240741,2.839245,1287100
2544,1990-04-09,3.259259,3.388889,3.240741,3.3518519999999996,2.9365900000000003,1942600
2545,1990-04-10,3.407408,3.481482,3.407408,3.4444440000000003,3.017712,3188700
2546,1990-04-11,3.4444440000000003,3.537037,3.425926,3.4444440000000003,3.017712,2052600
2547,1990-04-12,3.259259,3.3148150000000003,3.1851849999999997,3.259259,2.85547,5119800
2548,1990-04-16,3.1851849999999997,3.277778,3.1851849999999997,3.240741,2.839245,2006100
2549,1990-04-17,3.203704,3.203704,3.148148,3.1851849999999997,2.790572,2036400
2550,1990-04-18,3.203704,3.203704,3.074074,3.111111,2.725675,1611900
2551,1990-04-19,3.055556,3.111111,3.055556,3.055556,2.677003,1050300
2552,1990-04-20,3.074074,3.092592,2.981482,3.0370369999999998,2.660778,1585500
2553,1990-04-23,2.981482,3.0370369999999998,2.925926,3.0370369999999998,2.660778,1948000
2554,1990-04-24,3.0,3.222222,3.0,3.1851849999999997,2.790572,1437000
2555,1990-04-25,3.1851849999999997,3.3148150000000003,3.1851849999999997,3.259259,2.85547,1518000
2556,1990-04-26,3.277778,3.37037,3.166667,3.1851849999999997,2.790572,2047900
2557,1990-04-27,3.148148,3.148148,3.0370369999999998,3.0370369999999998,2.660778,1692100
2558,1990-04-30,3.0,3.166667,3.0,3.148148,2.758124,1642200
2559,1990-05-01,3.148148,3.240741,3.148148,3.1851849999999997,2.790572,1877800
2560,1990-05-02,3.1851849999999997,3.203704,3.148148,3.203704,2.806796,1127800
2561,1990-05-03,3.222222,3.222222,3.148148,3.166667,2.774348,2500800
2562,1990-05-04,3.1851849999999997,3.277778,3.148148,3.259259,2.85547,1664500
2563,1990-05-07,3.259259,3.3148150000000003,3.240741,3.296296,2.887917,1385100
2564,1990-05-08,3.277778,3.3518519999999996,3.277778,3.3148150000000003,2.904141,1782000
2565,1990-05-09,3.333333,3.388889,3.333333,3.333333,2.920366,1387800
2566,1990-05-10,3.333333,3.4444440000000003,3.333333,3.4444440000000003,3.017712,3096900
2567,1990-05-11,3.425926,3.5555559999999997,3.425926,3.537037,3.0988330000000004,4189600
2568,1990-05-14,3.518518,3.537037,3.3518519999999996,3.3518519999999996,2.9365900000000003,4164700
2569,1990-05-15,3.3148150000000003,3.425926,3.3148150000000003,3.37037,2.952815,1714500
2570,1990-05-16,3.37037,3.388889,3.333333,3.3518519999999996,2.9365900000000003,749200
2571,1990-05-17,3.37037,3.462963,3.333333,3.4444440000000003,3.017712,2255100
2572,1990-05-18,3.462963,3.5,3.388889,3.407408,2.985263,1950000
2573,1990-05-21,3.407408,3.62963,3.407408,3.62963,3.179954,3140100
2574,1990-05-22,3.62963,3.666667,3.518518,3.537037,3.0988330000000004,3541000
2575,1990-05-23,3.5555559999999997,3.611111,3.537037,3.611111,3.1637299999999997,2062000
2576,1990-05-24,3.62963,3.666667,3.5,3.537037,3.0988330000000004,1741500
2577,1990-05-25,3.5555559999999997,3.5555559999999997,3.388889,3.388889,2.969039,1293300
2578,1990-05-29,3.37037,3.518518,3.37037,3.5,3.066385,3009700
2579,1990-05-30,3.5,3.5555559999999997,3.259259,3.333333,2.920366,7112400
2580,1990-05-31,3.3518519999999996,3.37037,3.259259,3.259259,2.85547,4579800
2581,1990-06-01,3.296296,3.3518519999999996,3.296296,3.3518519999999996,2.9365900000000003,2337400
2582,1990-06-04,3.333333,3.462963,3.333333,3.388889,2.969039,2382000
2583,1990-06-05,3.407408,3.5,3.3518519999999996,3.481482,3.050161,3217600
2584,1990-06-06,3.4444440000000003,3.4444440000000003,3.3518519999999996,3.37037,2.952815,4779000
2585,1990-06-07,3.3518519999999996,3.425926,3.259259,3.296296,2.887917,3532200
2586,1990-06-08,3.333333,3.333333,3.1851849999999997,3.240741,2.839245,3873100
2587,1990-06-11,3.259259,3.333333,3.240741,3.296296,2.887917,2392800
2588,1990-06-12,3.3148150000000003,3.333333,3.203704,3.203704,2.806796,7186600
2589,1990-06-13,3.203704,3.462963,3.166667,3.3518519999999996,2.9365900000000003,4762000
2590,1990-06-14,3.3148150000000003,3.462963,3.296296,3.4444440000000003,3.017712,1868400
2591,1990-06-15,3.407408,3.4444440000000003,3.3518519999999996,3.3518519999999996,2.9365900000000003,1719100
2592,1990-06-18,3.37037,3.388889,3.259259,3.296296,2.887917,1560600
2593,1990-06-19,3.3148150000000003,3.3518519999999996,3.296296,3.333333,2.920366,973900
2594,1990-06-20,3.333333,3.388889,3.277778,3.296296,2.887917,1292500
2595,1990-06-21,3.333333,3.388889,3.3148150000000003,3.388889,2.969039,891000
2596,1990-06-22,3.388889,3.425926,3.3518519999999996,3.37037,2.952815,1239300
2597,1990-06-25,3.3518519999999996,3.407408,3.333333,3.3518519999999996,2.943061,606100
2598,1990-06-26,3.388889,3.407408,3.3518519999999996,3.37037,2.9593220000000002,492700
2599,1990-06-27,3.407408,3.425926,3.37037,3.407408,2.991841,856500
2600,1990-06-28,3.425926,3.481482,3.37037,3.481482,3.056882,1585500
2601,1990-06-29,3.5,3.611111,3.481482,3.481482,3.056882,4221400
2602,1990-07-02,3.518518,3.574074,3.481482,3.574074,3.138182,1502500
2603,1990-07-03,3.5,3.518518,3.3518519999999996,3.407408,2.991841,3433000
2604,1990-07-05,3.425926,3.425926,3.3518519999999996,3.407408,2.991841,1306000
2605,1990-07-06,3.425926,3.4444440000000003,3.407408,3.425926,3.008101,914500
2606,1990-07-09,3.425926,3.425926,3.333333,3.37037,2.9593220000000002,2201100
2607,1990-07-10,3.37037,3.425926,3.333333,3.3518519999999996,2.943061,1884600
2608,1990-07-11,3.3518519999999996,3.3518519999999996,3.3148150000000003,3.3518519999999996,2.943061,1971000
2609,1990-07-12,3.3518519999999996,3.425926,3.3148150000000003,3.425926,3.008101,1038700
2610,1990-07-13,3.425926,3.425926,3.37037,3.407408,2.991841,1097500
2611,1990-07-16,3.407408,3.407408,3.333333,3.3518519999999996,2.943061,993600
2612,1990-07-17,3.3518519999999996,3.3518519999999996,3.259259,3.3148150000000003,2.91054,2175400
2613,1990-07-18,3.277778,3.333333,3.277778,3.3148150000000003,2.91054,1219600
2614,1990-07-19,3.333333,3.4444440000000003,3.3148150000000003,3.425926,3.008101,1474800
2615,1990-07-20,3.425926,3.462963,3.407408,3.4444440000000003,3.024362,1286500
2616,1990-07-23,3.407408,3.425926,3.333333,3.425926,3.008101,1933200
2617,1990-07-24,3.4444440000000003,3.462963,3.277778,3.296296,2.8942799999999997,1991200
2618,1990-07-25,3.3148150000000003,3.388889,3.296296,3.37037,2.9593220000000002,1033300
2619,1990-07-26,3.333333,3.3518519999999996,3.166667,3.1851849999999997,2.796721,5017900
2620,1990-07-27,3.148148,3.148148,2.777778,2.8148150000000003,2.47152,8351700
2621,1990-07-30,2.833333,2.888889,2.777778,2.888889,2.536561,3143400
2622,1990-07-31,2.888889,3.0370369999999998,2.87037,3.0,2.634121,2673600
2623,1990-08-01,3.0,3.055556,2.907408,2.925926,2.569081,1076500
2624,1990-08-02,2.907408,2.907408,2.833333,2.888889,2.536561,1260100
2625,1990-08-03,2.87037,2.888889,2.62963,2.87037,2.520301,2897100
2626,1990-08-06,2.722222,2.722222,2.518518,2.648148,2.32518,2256400
2627,1990-08-07,2.666667,2.777778,2.648148,2.648148,2.32518,2758000
2628,1990-08-08,2.666667,2.796296,2.666667,2.759259,2.422741,1676700
2629,1990-08-09,2.777778,2.796296,2.740741,2.740741,2.4064810000000003,761400
2630,1990-08-10,2.759259,2.759259,2.6851849999999997,2.722222,2.3902200000000002,436600
2631,1990-08-13,2.703704,2.796296,2.703704,2.759259,2.422741,1277700
2632,1990-08-14,2.777778,2.796296,2.740741,2.759259,2.422741,488700
2633,1990-08-15,2.777778,2.796296,2.666667,2.703704,2.37396,474400
2634,1990-08-16,2.666667,2.666667,2.5,2.518518,2.211361,2278800
2635,1990-08-17,2.481482,2.5,2.407408,2.4629630000000002,2.1625810000000003,3177900
2636,1990-08-20,2.4629630000000002,2.574074,2.444444,2.5,2.1951,1685400
2637,1990-08-21,2.407408,2.407408,2.296296,2.37037,2.08128,2311200
2638,1990-08-22,2.351852,2.407408,2.277778,2.277778,1.9999810000000002,1435000
2639,1990-08-23,2.074074,2.240741,2.0370369999999998,2.166667,1.902421,3532900
2640,1990-08-24,2.37037,2.444444,2.3148150000000003,2.425926,2.130061,3489000
2641,1990-08-27,2.555556,2.574074,2.5,2.518518,2.211361,1709100
2642,1990-08-28,2.518518,2.555556,2.5,2.518518,2.211361,918000
2643,1990-08-29,2.481482,2.5370369999999998,2.4629630000000002,2.5,2.1951,443400
2644,1990-08-30,2.5,2.518518,2.425926,2.481482,2.17884,830800
2645,1990-08-31,2.5,2.555556,2.444444,2.5370369999999998,2.227622,542700
2646,1990-09-04,2.555556,2.555556,2.444444,2.5,2.1951,987400
2647,1990-09-05,2.518518,2.740741,2.5,2.722222,2.3902200000000002,2638500
2648,1990-09-06,2.722222,2.944444,2.722222,2.833333,2.487779,4367200
2649,1990-09-07,2.833333,2.851852,2.796296,2.851852,2.5040419999999997,994200
2650,1990-09-10,2.87037,2.944444,2.833333,2.87037,2.520301,1285200
2651,1990-09-11,2.907408,2.907408,2.851852,2.851852,2.5040419999999997,653400
2652,1990-09-12,2.8148150000000003,2.833333,2.722222,2.759259,2.422741,344200
2653,1990-09-13,2.740741,2.777778,2.703704,2.777778,2.439,589200
2654,1990-09-14,2.759259,2.833333,2.740741,2.8148150000000003,2.47152,1096200
2655,1990-09-17,2.8148150000000003,2.8148150000000003,2.722222,2.777778,2.439,668200
2656,1990-09-18,2.777778,2.87037,2.759259,2.8148150000000003,2.47152,882900
2657,1990-09-19,2.833333,2.851852,2.796296,2.796296,2.455261,452800
2658,1990-09-20,2.777778,2.777778,2.703704,2.740741,2.4064810000000003,321300
2659,1990-09-21,2.740741,2.8148150000000003,2.666667,2.777778,2.439,738400
2660,1990-09-24,2.740741,2.740741,2.62963,2.6851849999999997,2.364008,513000
2661,1990-09-25,2.666667,2.740741,2.62963,2.740741,2.412918,461700
2662,1990-09-26,2.740741,2.740741,2.611111,2.666667,2.347705,325900
2663,1990-09-27,2.666667,2.666667,2.5,2.5,2.200972,1059700
2664,1990-09-28,2.5,2.611111,2.4629630000000002,2.574074,2.2661860000000003,683100
2665,1990-10-01,2.592592,2.703704,2.592592,2.648148,2.331399,1200700
2666,1990-10-02,2.6851849999999997,2.888889,2.666667,2.833333,2.494434,1730700
2667,1990-10-03,2.8148150000000003,2.8148150000000003,2.759259,2.777778,2.4455240000000003,415000
2668,1990-10-04,2.777778,2.796296,2.740741,2.759259,2.429221,676300
2669,1990-10-05,2.6851849999999997,2.759259,2.62963,2.722222,2.396614,404200
2670,1990-10-08,2.759259,2.759259,2.703704,2.722222,2.396614,487900
2671,1990-10-09,2.6851849999999997,2.722222,2.666667,2.703704,2.3803099999999997,284100
2672,1990-10-10,2.666667,2.722222,2.611111,2.648148,2.331399,870700
2673,1990-10-11,2.648148,2.648148,2.518518,2.574074,2.2661860000000003,888900
2674,1990-10-12,2.574074,2.648148,2.5370369999999998,2.611111,2.298793,985500
2675,1990-10-15,2.648148,2.703704,2.648148,2.6851849999999997,2.364008,394800
2676,1990-10-16,2.703704,2.703704,2.592592,2.62963,2.315096,422500
2677,1990-10-17,2.592592,2.62963,2.555556,2.592592,2.28249,670200
2678,1990-10-18,2.592592,2.722222,2.592592,2.722222,2.396614,801100
2679,1990-10-19,2.740741,2.796296,2.740741,2.759259,2.429221,1064400
2680,1990-10-22,2.759259,2.777778,2.722222,2.759259,2.429221,1120500
2681,1990-10-23,2.759259,2.796296,2.6851849999999997,2.796296,2.4618279999999997,1027900
2682,1990-10-24,2.759259,2.759259,2.666667,2.6851849999999997,2.364008,635800
2683,1990-10-25,2.6851849999999997,2.6851849999999997,2.62963,2.648148,2.331399,313200
2684,1990-10-26,2.611111,2.62963,2.4629630000000002,2.4629630000000002,2.168365,2375200
2685,1990-10-29,2.481482,2.555556,2.388889,2.444444,2.1520610000000002,3119100
2686,1990-10-30,2.444444,2.481482,2.425926,2.425926,2.135759,1187200
2687,1990-10-31,2.444444,2.481482,2.425926,2.425926,2.135759,1725300
2688,1990-11-01,2.407408,2.444444,2.388889,2.444444,2.1520610000000002,811300
2689,1990-11-02,2.444444,2.481482,2.425926,2.444444,2.1520610000000002,618900
2690,1990-11-05,2.425926,2.518518,2.407408,2.518518,2.217275,1441800
2691,1990-11-06,2.518518,2.518518,2.444444,2.481482,2.184668,1295200
2692,1990-11-07,2.444444,2.4629630000000002,2.296296,2.3148150000000003,2.037937,1980400
2693,1990-11-08,2.3148150000000003,2.444444,2.296296,2.407408,2.119455,963900
2694,1990-11-09,2.407408,2.5,2.333333,2.333333,2.05424,1090800
2695,1990-11-12,2.351852,2.592592,2.333333,2.592592,2.28249,2326600
2696,1990-11-13,2.592592,2.666667,2.574074,2.62963,2.315096,1397200
2697,1990-11-14,2.648148,2.666667,2.555556,2.62963,2.315096,1043500
2698,1990-11-15,2.611111,2.648148,2.574074,2.592592,2.28249,485200
2699,1990-11-16,2.611111,2.648148,2.592592,2.62963,2.315096,1185900
2700,1990-11-19,2.62963,2.6851849999999997,2.611111,2.6851849999999997,2.364008,1127200
2701,1990-11-20,2.6851849999999997,2.703704,2.648148,2.666667,2.347705,1026600
2702,1990-11-21,2.666667,2.722222,2.666667,2.703704,2.3803099999999997,1216900
2703,1990-11-23,2.722222,2.740741,2.703704,2.740741,2.412918,301600
2704,1990-11-26,2.703704,2.740741,2.6851849999999997,2.740741,2.412918,917200
2705,1990-11-27,2.8148150000000003,2.9629630000000002,2.796296,2.9629630000000002,2.6085599999999998,2431900
2706,1990-11-28,3.018518,3.074074,2.907408,2.944444,2.5922560000000003,1813600
2707,1990-11-29,2.944444,2.944444,2.851852,2.888889,2.543345,566200
2708,1990-11-30,2.833333,2.907408,2.8148150000000003,2.907408,2.5596490000000003,1411300
2709,1990-12-03,2.925926,3.0,2.907408,2.9629630000000002,2.6085599999999998,809200
2710,1990-12-04,2.9629630000000002,2.9629630000000002,2.888889,2.925926,2.5759529999999997,498100
2711,1990-12-05,2.925926,3.111111,2.925926,3.055556,2.690077,2205100
2712,1990-12-06,3.1851849999999997,3.259259,3.0370369999999998,3.0370369999999998,2.6737740000000003,1680700
2713,1990-12-07,3.055556,3.111111,3.0370369999999998,3.055556,2.690077,669600
2714,1990-12-10,3.074074,3.203704,3.055556,3.12963,2.755292,2974000
2715,1990-12-11,3.148148,3.148148,3.0,3.111111,2.738988,1557100
2716,1990-12-12,3.111111,3.12963,3.018518,3.0370369999999998,2.6737740000000003,987400
2717,1990-12-13,3.074074,3.111111,3.018518,3.055556,2.690077,1107600
2718,1990-12-14,3.0370369999999998,3.0370369999999998,2.888889,2.925926,2.5759529999999997,6300400
2719,1990-12-17,2.888889,2.925926,2.851852,2.888889,2.543345,764700
2720,1990-12-18,2.907408,2.925926,2.888889,2.925926,2.5759529999999997,1150200
2721,1990-12-19,2.925926,2.9629630000000002,2.87037,2.888889,2.543345,1156200
2722,1990-12-20,2.888889,2.925926,2.87037,2.907408,2.5596490000000003,673600
2723,1990-12-21,2.907408,3.0,2.888889,2.944444,2.5922560000000003,712800
2724,1990-12-24,2.925926,2.9629630000000002,2.925926,2.925926,2.5824529999999997,145800
2725,1990-12-26,2.925926,2.9629630000000002,2.907408,2.9629630000000002,2.615141,122100
2726,1990-12-27,2.944444,3.0370369999999998,2.925926,3.018518,2.664175,556200
2727,1990-12-28,3.0,3.0370369999999998,2.981482,2.981482,2.631485,544000
2728,1990-12-31,3.018518,3.111111,3.0,3.055556,2.696864,849100
2729,1991-01-02,3.0370369999999998,3.055556,2.925926,2.944444,2.598796,562200
2730,1991-01-03,2.944444,2.944444,2.777778,2.796296,2.468039,1709100
2731,1991-01-04,2.703704,2.722222,2.592592,2.648148,2.337282,2602800
2732,1991-01-07,2.62963,2.666667,2.592592,2.611111,2.304592,1343200
2733,1991-01-08,2.611111,2.666667,2.592592,2.592592,2.288249,1191300
2734,1991-01-09,2.62963,2.6851849999999997,2.5370369999999998,2.5370369999999998,2.239216,2098500
2735,1991-01-10,2.574074,2.648148,2.555556,2.648148,2.337282,448800
2736,1991-01-11,2.62963,2.648148,2.592592,2.62963,2.320938,387400
2737,1991-01-14,2.611111,2.62963,2.555556,2.574074,2.271904,565600
2738,1991-01-15,2.555556,2.592592,2.5370369999999998,2.592592,2.288249,622300
2739,1991-01-16,2.592592,2.722222,2.555556,2.722222,2.40266,1950000
2740,1991-01-17,2.9629630000000002,2.9629630000000002,2.777778,2.8148150000000003,2.484384,2027700
2741,1991-01-18,2.777778,2.944444,2.759259,2.925926,2.5824529999999997,1972300
2742,1991-01-21,2.888889,2.907408,2.851852,2.888889,2.549762,746500
2743,1991-01-22,2.851852,2.851852,2.703704,2.777778,2.451694,1330300
2744,1991-01-23,2.777778,2.8148150000000003,2.740741,2.796296,2.468039,517000
2745,1991-01-24,2.777778,2.796296,2.759259,2.777778,2.451694,898300
2746,1991-01-25,2.759259,2.8148150000000003,2.592592,2.796296,2.468039,2756700
2747,1991-01-28,2.759259,2.833333,2.740741,2.740741,2.419006,616900
2748,1991-01-29,2.740741,2.759259,2.648148,2.6851849999999997,2.369972,4304400
2749,1991-01-30,2.666667,2.740741,2.648148,2.740741,2.419006,1472100
2750,1991-01-31,2.777778,2.9629630000000002,2.759259,2.9629630000000002,2.615141,2593900
2751,1991-02-01,2.9629630000000002,3.0,2.907408,2.907408,2.566107,2384100
2752,1991-02-04,2.907408,3.092592,2.907408,3.074074,2.7132080000000003,2417800
2753,1991-02-05,3.111111,3.1851849999999997,3.074074,3.148148,2.778588,3507900
2754,1991-02-06,3.111111,3.296296,3.0370369999999998,3.259259,2.876655,3257500
2755,1991-02-07,3.333333,3.3518519999999996,3.111111,3.148148,2.778588,2818000
2756,1991-02-08,3.148148,3.259259,3.148148,3.222222,2.843966,1243300
2757,1991-02-11,3.333333,3.425926,3.3148150000000003,3.388889,2.9910669999999997,3261600
2758,1991-02-12,3.333333,3.37037,3.3148150000000003,3.333333,2.942034,2142400
2759,1991-02-13,3.37037,3.407408,3.333333,3.388889,2.9910669999999997,833500
2760,1991-02-14,3.407408,3.407408,3.222222,3.277778,2.893001,1341100
2761,1991-02-15,3.296296,3.333333,3.259259,3.3148150000000003,2.925688,876700
2762,1991-02-19,3.259259,3.3148150000000003,3.222222,3.296296,2.9093430000000002,2755900
2763,1991-02-20,3.3148150000000003,3.3148150000000003,3.12963,3.12963,2.762244,1040800
2764,1991-02-21,3.148148,3.259259,3.12963,3.222222,2.843966,754600
2765,1991-02-22,3.240741,3.277778,3.1851849999999997,3.203704,2.8276209999999997,956400
2766,1991-02-25,3.240741,3.296296,3.1851849999999997,3.222222,2.843966,1225000
2767,1991-02-26,3.1851849999999997,3.333333,3.148148,3.333333,2.942034,1189300
2768,1991-02-27,3.3518519999999996,3.462963,3.3518519999999996,3.407408,3.007412,1956700
2769,1991-02-28,3.4444440000000003,3.462963,3.296296,3.333333,2.942034,722800
2770,1991-03-01,3.296296,3.388889,3.222222,3.3518519999999996,2.9583779999999997,859200
2771,1991-03-04,3.3518519999999996,3.388889,3.296296,3.3518519999999996,2.9583779999999997,605400
2772,1991-03-05,3.37037,3.537037,3.3518519999999996,3.537037,3.121825,2046600
2773,1991-03-06,3.5555559999999997,3.5555559999999997,3.4444440000000003,3.4444440000000003,3.040102,1704300
2774,1991-03-07,3.481482,3.5,3.4444440000000003,3.5,3.0891349999999997,1013100
2775,1991-03-08,3.518518,3.574074,3.462963,3.5555559999999997,3.13817,2399500
2776,1991-03-11,3.537037,3.6481480000000004,3.518518,3.6481480000000004,3.2198919999999998,1667200
2777,1991-03-12,3.611111,3.666667,3.4444440000000003,3.518518,3.10548,2013400
2778,1991-03-13,3.5,3.5555559999999997,3.5,3.537037,3.121825,676300
2779,1991-03-14,3.537037,3.5555559999999997,3.481482,3.518518,3.10548,768700
2780,1991-03-15,3.5,3.611111,3.5,3.574074,3.154514,1301400
2781,1991-03-18,3.574074,3.611111,3.5555559999999997,3.5555559999999997,3.13817,675000
2782,1991-03-19,3.5555559999999997,3.5555559999999997,3.462963,3.537037,3.121825,650700
2783,1991-03-20,3.5,3.611111,3.5,3.592592,3.170858,955000
2784,1991-03-21,3.62963,3.7407410000000003,3.62963,3.6851849999999997,3.252581,2950300
2785,1991-03-22,3.666667,3.981482,3.666667,3.962963,3.5047989999999998,1891900
2786,1991-03-25,3.907408,3.9444440000000003,3.8148150000000003,3.907408,3.455665,2247700
2787,1991-03-26,3.925926,3.925926,3.796296,3.833333,3.3901559999999997,1250100
2788,1991-03-27,3.87037,3.962963,3.87037,3.907408,3.455665,1505200
2789,1991-03-28,3.925926,3.981482,3.907408,3.981482,3.521176,1144000
2790,1991-04-01,3.925926,3.981482,3.888889,3.962963,3.5047989999999998,1173100
2791,1991-04-02,4.0,4.111111,3.981482,4.0740739999999995,3.603064,1761000
2792,1991-04-03,4.111111,4.148148,4.0740739999999995,4.111111,3.635819,1000900
2793,1991-04-04,4.092593,4.129630000000001,3.925926,3.925926,3.4720419999999996,1659100
2794,1991-04-05,3.925926,3.925926,3.777778,3.777778,3.3410230000000003,1185900
2795,1991-04-08,3.833333,4.0,3.833333,4.0,3.537553,1229100
2796,1991-04-09,4.018518,4.111111,3.925926,3.9444440000000003,3.4884209999999998,936100
2797,1991-04-10,3.9444440000000003,3.9444440000000003,3.6851849999999997,3.703704,3.275513,2008800
2798,1991-04-11,3.7407410000000003,3.87037,3.7407410000000003,3.87037,3.42291,1568700
2799,1991-04-12,3.925926,3.962963,3.777778,3.907408,3.455665,559500
2800,1991-04-15,3.9444440000000003,4.018518,3.925926,3.962963,3.5047989999999998,1261500
2801,1991-04-16,3.833333,4.0,3.833333,3.962963,3.5047989999999998,446100
2802,1991-04-17,3.962963,3.981482,3.907408,3.962963,3.5047989999999998,741700
2803,1991-04-18,3.925926,3.9444440000000003,3.7592589999999997,3.777778,3.3410230000000003,2244300
2804,1991-04-19,3.777778,3.777778,3.666667,3.6851849999999997,3.2591330000000003,1860300
2805,1991-04-22,3.666667,3.6851849999999997,3.537037,3.62963,3.210003,2095200
2806,1991-04-23,3.666667,3.87037,3.666667,3.8518519999999996,3.4065339999999997,1810300
2807,1991-04-24,3.87037,3.925926,3.8148150000000003,3.8518519999999996,3.4065339999999997,1858900
2808,1991-04-25,3.8518519999999996,3.87037,3.666667,3.6851849999999997,3.2591330000000003,1096800
2809,1991-04-26,3.5,3.6481480000000004,3.407408,3.62963,3.210003,3136600
2810,1991-04-29,3.6481480000000004,3.703704,3.62963,3.6481480000000004,3.226379,1153500
2811,1991-04-30,3.611111,3.611111,3.481482,3.537037,3.128115,1907500
2812,1991-05-01,3.5,3.537037,3.425926,3.462963,3.062604,3852100
2813,1991-05-02,3.4444440000000003,3.574074,3.407408,3.5555559999999997,3.1444919999999996,1693500
2814,1991-05-03,3.518518,3.537037,3.481482,3.518518,3.1117369999999998,616900
2815,1991-05-06,3.537037,3.537037,3.4444440000000003,3.462963,3.062604,254400
2816,1991-05-07,3.5,3.592592,3.481482,3.574074,3.16087,379300
2817,1991-05-08,3.574074,3.611111,3.5555559999999997,3.592592,3.177247,1073200
2818,1991-05-09,3.574074,3.592592,3.537037,3.592592,3.177247,473800
2819,1991-05-10,3.518518,3.537037,3.5,3.5,3.095359,578400
2820,1991-05-13,3.537037,3.6851849999999997,3.518518,3.62963,3.210003,1718500
2821,1991-05-14,3.666667,3.666667,3.5555559999999997,3.592592,3.177247,2359000
2822,1991-05-15,3.518518,3.518518,3.462963,3.481482,3.078983,703900
2823,1991-05-16,3.5,3.5,3.425926,3.462963,3.062604,1335700
2824,1991-05-17,3.481482,3.5,3.425926,3.425926,3.029849,561600
2825,1991-05-20,3.407408,3.518518,3.3518519999999996,3.3518519999999996,2.964339,708000
2826,1991-05-21,3.3148150000000003,3.388889,3.259259,3.37037,2.980716,2400900
2827,1991-05-22,3.407408,3.481482,3.407408,3.462963,3.062604,730300
2828,1991-05-23,3.481482,3.611111,3.481482,3.574074,3.16087,1703700
2829,1991-05-24,3.592592,3.611111,3.537037,3.537037,3.128115,1134600
2830,1991-05-28,3.518518,3.537037,3.462963,3.518518,3.1117369999999998,690400
2831,1991-05-29,3.518518,3.592592,3.481482,3.5555559999999997,3.1444919999999996,1616500
2832,1991-05-30,3.5555559999999997,3.62963,3.518518,3.5555559999999997,3.1444919999999996,1228500
2833,1991-05-31,3.592592,3.611111,3.537037,3.5555559999999997,3.1444919999999996,907800
2834,1991-06-03,3.592592,3.62963,3.592592,3.592592,3.177247,528400
2835,1991-06-04,3.592592,3.6851849999999997,3.574074,3.6851849999999997,3.2591330000000003,929400
2836,1991-06-05,3.666667,3.9444440000000003,3.6481480000000004,3.888889,3.439289,2631700
2837,1991-06-06,3.87037,3.87037,3.7407410000000003,3.8148150000000003,3.3737769999999996,765400
2838,1991-06-07,3.796296,3.8148150000000003,3.6481480000000004,3.7407410000000003,3.308268,529200
2839,1991-06-10,3.703704,3.888889,3.6851849999999997,3.7592589999999997,3.324646,1030000
2840,1991-06-11,3.796296,3.8518519999999996,3.722222,3.796296,3.3574010000000003,494100
2841,1991-06-12,3.796296,3.796296,3.722222,3.796296,3.3574010000000003,402900
2842,1991-06-13,3.777778,3.833333,3.7407410000000003,3.796296,3.3574010000000003,209200
2843,1991-06-14,3.796296,3.8518519999999996,3.796296,3.8148150000000003,3.3737769999999996,307000
2844,1991-06-17,3.796296,3.833333,3.777778,3.777778,3.3410230000000003,328000
2845,1991-06-18,3.796296,3.833333,3.703704,3.7407410000000003,3.308268,499500
2846,1991-06-19,3.777778,3.8518519999999996,3.7407410000000003,3.796296,3.3574010000000003,938200
2847,1991-06-20,3.7592589999999997,3.888889,3.7592589999999997,3.87037,3.42291,900400
2848,1991-06-21,3.888889,3.925926,3.8518519999999996,3.888889,3.439289,789000
2849,1991-06-24,3.87037,3.87037,3.703704,3.7407410000000003,3.3145830000000003,526500
2850,1991-06-25,3.777778,3.8148150000000003,3.7407410000000003,3.7592589999999997,3.330993,372600
2851,1991-06-26,3.796296,3.796296,3.6481480000000004,3.666667,3.2489470000000003,567000
2852,1991-06-27,3.62963,3.796296,3.62963,3.722222,3.298174,1921000
2853,1991-06-28,3.6851849999999997,3.6851849999999997,3.574074,3.592592,3.183312,1729900
2854,1991-07-01,3.592592,3.62963,3.5555559999999997,3.5555559999999997,3.1504950000000003,1374300
2855,1991-07-02,3.5555559999999997,3.5555559999999997,3.462963,3.481482,3.08486,1179900
2856,1991-07-03,3.5,3.518518,3.462963,3.462963,3.06845,978700
2857,1991-07-05,3.462963,3.481482,3.462963,3.481482,3.08486,213300
2858,1991-07-08,3.462963,3.481482,3.4444440000000003,3.462963,3.06845,343500
2859,1991-07-09,3.481482,3.592592,3.481482,3.592592,3.183312,1065700
2860,1991-07-10,3.592592,3.611111,3.5555559999999997,3.574074,3.166903,876100
2861,1991-07-11,3.574074,3.592592,3.5555559999999997,3.592592,3.183312,894300
2862,1991-07-12,3.62963,3.722222,3.611111,3.666667,3.2489470000000003,682300
2863,1991-07-15,3.6851849999999997,3.703704,3.611111,3.666667,3.2489470000000003,374500
2864,1991-07-16,3.666667,3.666667,3.62963,3.62963,3.2161310000000003,460900
2865,1991-07-17,3.666667,3.703704,3.62963,3.6851849999999997,3.265357,412300
2866,1991-07-18,3.666667,3.7407410000000003,3.666667,3.722222,3.298174,1009000
2867,1991-07-19,3.703704,3.722222,3.6481480000000004,3.666667,3.2489470000000003,720900
2868,1991-07-22,3.6851849999999997,3.6851849999999997,3.611111,3.62963,3.2161310000000003,629700
2869,1991-07-23,3.62963,3.7407410000000003,3.62963,3.6481480000000004,3.232539,959100
2870,1991-07-24,3.666667,3.6851849999999997,3.611111,3.6851849999999997,3.265357,530500
2871,1991-07-25,3.703704,3.703704,3.6481480000000004,3.666667,3.2489470000000003,328000
2872,1991-07-26,3.6851849999999997,3.6851849999999997,3.611111,3.611111,3.199722,172800
2873,1991-07-29,3.574074,3.703704,3.5555559999999997,3.666667,3.2489470000000003,556200
2874,1991-07-30,3.6851849999999997,3.7407410000000003,3.6481480000000004,3.6851849999999997,3.265357,406900
2875,1991-07-31,3.703704,3.703704,3.6481480000000004,3.6851849999999997,3.265357,570300
2876,1991-08-01,3.6851849999999997,3.7407410000000003,3.666667,3.703704,3.281765,594600
2877,1991-08-02,3.703704,3.8518519999999996,3.6851849999999997,3.833333,3.3966279999999998,722800
2878,1991-08-05,3.833333,3.833333,3.796296,3.8148150000000003,3.3802190000000003,371800
2879,1991-08-06,3.8148150000000003,3.8518519999999996,3.796296,3.8148150000000003,3.3802190000000003,992800
2880,1991-08-07,3.796296,3.833333,3.7407410000000003,3.8148150000000003,3.3802190000000003,575100
2881,1991-08-08,3.8148150000000003,3.833333,3.7407410000000003,3.7407410000000003,3.3145830000000003,280000
2882,1991-08-09,3.7407410000000003,3.8518519999999996,3.7407410000000003,3.8518519999999996,3.413037,542700
2883,1991-08-12,3.8518519999999996,3.888889,3.833333,3.833333,3.3966279999999998,542700
2884,1991-08-13,3.8518519999999996,3.87037,3.8148150000000003,3.833333,3.3966279999999998,622900
2885,1991-08-14,3.8518519999999996,3.87037,3.833333,3.833333,3.3966279999999998,512200
2886,1991-08-15,3.8518519999999996,3.925926,3.8518519999999996,3.925926,3.478671,508200
2887,1991-08-16,3.9444440000000003,4.0,3.888889,3.907408,3.4622620000000004,1168300
2888,1991-08-19,3.703704,3.8148150000000003,3.5555559999999997,3.8148150000000003,3.3802190000000003,1439100
2889,1991-08-20,3.8148150000000003,3.87037,3.796296,3.8518519999999996,3.413037,436600
2890,1991-08-21,3.8518519999999996,3.962963,3.833333,3.9444440000000003,3.49508,1536300
2891,1991-08-22,3.9444440000000003,4.0,3.907408,3.962963,3.511489,556800
2892,1991-08-23,3.981482,4.037037000000001,3.981482,4.018518,3.560716,1350600
2893,1991-08-26,4.0,4.018518,3.962963,3.962963,3.511489,425200
2894,1991-08-27,3.981482,3.981482,3.907408,3.962963,3.511489,284100
2895,1991-08-28,3.962963,3.981482,3.925926,3.981482,3.5278980000000004,332100
2896,1991-08-29,4.0,4.203704,3.981482,4.1666669999999995,3.691987,1899400
2897,1991-08-30,4.185185,4.203704,4.129630000000001,4.1666669999999995,3.691987,567600
2898,1991-09-03,4.129630000000001,4.1666669999999995,4.092593,4.148148,3.675578,675000
2899,1991-09-04,4.148148,4.1666669999999995,4.0740739999999995,4.0740739999999995,3.609943,454200
2900,1991-09-05,4.0740739999999995,4.240741000000001,4.0740739999999995,4.222222,3.7412120000000004,674200
2901,1991-09-06,4.222222,4.259258999999999,4.203704,4.259258999999999,3.77403,745800
2902,1991-09-09,4.259258999999999,4.351852,4.222222,4.296296,3.8068489999999997,1356000
2903,1991-09-10,4.314815,4.3333330000000005,4.259258999999999,4.277778,3.7904400000000003,1030000
2904,1991-09-11,4.277778,4.296296,4.222222,4.222222,3.7412120000000004,427900
2905,1991-09-12,4.259258999999999,4.685185,4.259258999999999,4.685185,4.151433,2524500
2906,1991-09-13,4.648148,4.6666669999999995,4.444445,4.537037000000001,4.020162,2542600
2907,1991-09-16,4.555555,4.5740739999999995,4.388889,4.444445,3.9381190000000004,1126500
2908,1991-09-17,4.444445,4.444445,4.351852,4.388889,3.8888910000000005,432000
2909,1991-09-18,4.388889,4.462962999999999,4.388889,4.462962999999999,3.954528,679000
2910,1991-09-19,4.444445,4.740741000000001,4.4259260000000005,4.592593,4.069389,2377900
2911,1991-09-20,4.648148,4.777778,4.629630000000001,4.740741000000001,4.200661,1501800
2912,1991-09-23,4.740741000000001,4.740741000000001,4.722222,4.740741000000001,4.200661,847000
2913,1991-09-24,4.703704,4.870369999999999,4.703704,4.870369999999999,4.32228,848400
2914,1991-09-25,4.851852,4.851852,4.777778,4.814815,4.272973,690400
2915,1991-09-26,4.814815,5.0,4.777778,4.981482,4.420884,829500
2916,1991-09-27,4.981482,5.185185,4.981482,5.185185,4.601665000000001,1941300
2917,1991-09-30,5.129630000000001,5.129630000000001,5.055555,5.0740739999999995,4.50306,1509900
2918,1991-10-01,5.037037000000001,5.055555,4.888889,4.888889,4.338711,1260900
2919,1991-10-02,4.9259260000000005,4.944445,4.8333330000000005,4.9259260000000005,4.371583,893700
2920,1991-10-03,4.944445,5.0,4.907407,4.962962999999999,4.404451,579100
2921,1991-10-04,5.0,5.129630000000001,4.962962999999999,5.055555,4.486623000000001,947700
2922,1991-10-07,5.037037000000001,5.055555,4.944445,4.962962999999999,4.404451,726300
2923,1991-10-08,4.962962999999999,5.018518,4.962962999999999,5.018518,4.453754,549400
2924,1991-10-09,5.018518,5.055555,4.981482,5.055555,4.486623000000001,758700
2925,1991-10-10,5.037037000000001,5.111111,4.962962999999999,4.981482,4.420884,712000
2926,1991-10-11,5.018518,5.0740739999999995,5.0,5.037037000000001,4.4701900000000006,369100
2927,1991-10-14,5.055555,5.0740739999999995,4.981482,5.037037000000001,4.4701900000000006,501400
2928,1991-10-15,5.0740739999999995,5.240741000000001,5.0740739999999995,5.203704,4.618099,720900
2929,1991-10-16,5.203704,5.222222,5.148148,5.185185,4.601665000000001,706000
2930,1991-10-17,5.203704,5.388889,5.203704,5.388889,4.782445,735000
2931,1991-10-18,5.370369999999999,5.388889,5.314815,5.351852,4.749575,920700
2932,1991-10-21,5.296296,5.518518,5.259258999999999,5.5,4.881049,1074600
2933,1991-10-22,5.5,5.5,5.388889,5.444445,4.831748,708000
2934,1991-10-23,5.462962999999999,5.462962999999999,5.314815,5.370369999999999,4.766011,402300
2935,1991-10-24,5.370369999999999,5.370369999999999,4.888889,5.1666669999999995,4.585229,2193000
2936,1991-10-25,5.092593,5.3333330000000005,5.092593,5.3333330000000005,4.733140000000001,870700
2937,1991-10-28,5.351852,5.351852,5.240741000000001,5.259258999999999,4.667401,343500
2938,1991-10-29,5.222222,5.3333330000000005,5.222222,5.3333330000000005,4.733140000000001,375300
2939,1991-10-30,5.3333330000000005,5.370369999999999,5.1666669999999995,5.277778,4.683838,1688800
2940,1991-10-31,5.277778,5.407407,5.277778,5.407407,4.798878,1352700
2941,1991-11-01,5.407407,5.648148,5.351852,5.611111,4.979658000000001,949000
2942,1991-11-04,5.611111,5.611111,5.4259260000000005,5.444445,4.831748,648600
2943,1991-11-05,5.444445,5.555555,5.4259260000000005,5.481482,4.864617,772800
2944,1991-11-06,5.518518,5.555555,5.444445,5.481482,4.864617,494700
2945,1991-11-07,5.481482,5.722222,5.444445,5.648148,5.0125269999999995,951000
2946,1991-11-08,5.685185,5.703704,5.5740739999999995,5.629630000000001,4.996093,1323600
2947,1991-11-11,5.648148,5.648148,5.592593,5.648148,5.0125269999999995,433900
2948,1991-11-12,5.648148,5.722222,5.629630000000001,5.648148,5.0125269999999995,897700
2949,1991-11-13,5.592593,5.814815,5.537037000000001,5.796296,5.1440019999999995,614200
2950,1991-11-14,5.796296,5.907407,5.703704,5.740741000000001,5.094698999999999,884800
2951,1991-11-15,5.722222,5.851852,5.370369999999999,5.4259260000000005,4.815311,824100
2952,1991-11-18,5.407407,5.6666669999999995,5.351852,5.629630000000001,4.996093,1113000
2953,1991-11-19,5.592593,5.592593,5.296296,5.462962999999999,4.848183000000001,1269000
2954,1991-11-20,5.5,5.555555,5.314815,5.370369999999999,4.766011,827500
2955,1991-11-21,5.370369999999999,5.5740739999999995,5.314815,5.518518,4.897487,932100
2956,1991-11-22,5.537037000000001,5.555555,5.4259260000000005,5.462962999999999,4.848183000000001,689100
2957,1991-11-25,5.4259260000000005,5.444445,5.3333330000000005,5.351852,4.749575,633100
2958,1991-11-26,5.351852,5.4259260000000005,5.314815,5.370369999999999,4.766011,469000
2959,1991-11-27,5.3333330000000005,5.444445,5.3333330000000005,5.370369999999999,4.766011,527800
2960,1991-11-29,5.351852,5.4259260000000005,5.351852,5.407407,4.798878,153100
2961,1991-12-02,5.407407,5.6666669999999995,5.351852,5.648148,5.0125269999999995,641200
2962,1991-12-03,5.629630000000001,5.6666669999999995,5.518518,5.648148,5.0125269999999995,947700
2963,1991-12-04,5.648148,5.685185,5.555555,5.592593,4.963223,630400
2964,1991-12-05,5.555555,5.6666669999999995,5.555555,5.5740739999999995,4.94679,576400
2965,1991-12-06,5.611111,5.6666669999999995,5.537037000000001,5.555555,4.930354,461700
2966,1991-12-09,5.555555,5.5740739999999995,5.481482,5.518518,4.897487,502800
2967,1991-12-10,5.481482,5.5,5.370369999999999,5.444445,4.831748,894300
2968,1991-12-11,5.481482,5.518518,5.462962999999999,5.481482,4.864617,547300
2969,1991-12-12,5.518518,5.611111,5.518518,5.592593,4.963223,365800
2970,1991-12-13,5.592593,5.703704,5.592593,5.629630000000001,4.996093,1017900
2971,1991-12-16,5.611111,5.648148,5.518518,5.518518,4.897487,245700
2972,1991-12-17,5.518518,5.518518,5.370369999999999,5.444445,4.831748,753900
2973,1991-12-18,5.444445,5.5,5.388889,5.462962999999999,4.848183000000001,190900
2974,1991-12-19,5.481482,5.481482,5.3333330000000005,5.407407,4.798878,769500
2975,1991-12-20,5.481482,5.5,5.388889,5.388889,4.782445,311800
2976,1991-12-23,5.388889,5.537037000000001,5.388889,5.5,4.881049,778900
2977,1991-12-24,5.444445,5.6666669999999995,5.444445,5.648148,5.019291,1094800
2978,1991-12-26,5.648148,5.759258999999999,5.629630000000001,5.740741000000001,5.101573,647200
2979,1991-12-27,5.759258999999999,5.814815,5.703704,5.777778,5.134486,666900
2980,1991-12-30,5.796296,6.185185,5.796296,6.129630000000001,5.447165,2177500
2981,1991-12-31,6.222222,6.314815,6.055555,6.1666669999999995,5.480076,2323300
2982,1992-01-02,6.092593,6.148148,5.888889,6.148148,5.46362,1372900
2983,1992-01-03,6.111111,6.148148,6.0740739999999995,6.0740739999999995,5.397793,837000
2984,1992-01-06,6.0740739999999995,6.129630000000001,6.018518,6.055555,5.3813379999999995,378000
2985,1992-01-07,6.055555,6.148148,6.018518,6.129630000000001,5.447165,661500
2986,1992-01-08,6.055555,6.148148,6.018518,6.055555,5.3813379999999995,1158300
2987,1992-01-09,6.092593,6.407407,6.0740739999999995,6.407407,5.694013,1355400
2988,1992-01-10,6.222222,6.407407,6.185185,6.370369999999999,5.6611,1243300
2989,1992-01-13,6.370369999999999,6.370369999999999,6.296296,6.3333330000000005,5.628186,555400
2990,1992-01-14,6.351852,6.351852,6.185185,6.222222,5.529448,609400
2991,1992-01-15,6.259258999999999,6.296296,5.888889,5.907407,5.249681,1514700
2992,1992-01-16,5.8333330000000005,5.8333330000000005,5.592593,5.796296,5.150942,3833200
2993,1992-01-17,5.814815,5.888889,5.722222,5.8333330000000005,5.183857,1725900
2994,1992-01-20,5.6666669999999995,5.703704,5.592593,5.611111,4.986376,1717200
2995,1992-01-21,5.537037000000001,5.537037000000001,5.296296,5.296296,4.7066099999999995,2033700
2996,1992-01-22,5.259258999999999,5.277778,5.092593,5.129630000000001,4.558502,3014500
2997,1992-01-23,5.185185,5.592593,5.185185,5.3333330000000005,4.739526000000001,1574100
2998,1992-01-24,5.203704,5.444445,5.092593,5.370369999999999,4.772439,2202400
2999,1992-01-27,5.518518,5.685185,5.481482,5.592593,4.969921,895000
3000,1992-01-28,5.611111,5.629630000000001,5.203704,5.259258999999999,4.673696,1912900
3001,1992-01-29,5.259258999999999,5.370369999999999,5.129630000000001,5.222222,4.640787,1322200
3002,1992-01-30,5.240741000000001,5.259258999999999,5.129630000000001,5.1666669999999995,4.591417,970600
3003,1992-01-31,5.1666669999999995,5.1666669999999995,5.0,5.018518,4.459764,1269600
3004,1992-02-03,4.962962999999999,4.981482,4.814815,4.9259260000000005,4.377479,2582500
3005,1992-02-04,4.9259260000000005,4.9259260000000005,4.8333330000000005,4.888889,4.344563,1482300
3006,1992-02-05,5.0740739999999995,5.351852,5.0740739999999995,5.296296,4.7066099999999995,3731400
3007,1992-02-06,5.407407,5.444445,5.3333330000000005,5.351852,4.7559830000000005,2127600
3008,1992-02-07,5.388889,5.407407,5.203704,5.240741000000001,4.657243,1135900
3009,1992-02-10,5.240741000000001,5.3333330000000005,5.222222,5.296296,4.7066099999999995,1796100
3010,1992-02-11,5.3333330000000005,5.351852,5.296296,5.3333330000000005,4.739526000000001,1022500
3011,1992-02-12,5.3333330000000005,5.3333330000000005,5.277778,5.277778,4.690156,442800
3012,1992-02-13,5.296296,5.296296,4.944445,5.018518,4.459764,3009700
3013,1992-02-14,5.037037000000001,5.111111,4.981482,5.037037000000001,4.476218,1233900
3014,1992-02-18,5.055555,5.055555,4.907407,4.907407,4.361022,645900
3015,1992-02-19,4.888889,4.9259260000000005,4.6666669999999995,4.759258999999999,4.229369,1876500
3016,1992-02-20,4.759258999999999,4.870369999999999,4.740741000000001,4.814815,4.278739,2209900
3017,1992-02-21,4.814815,4.962962999999999,4.777778,4.796296,4.262282,1472800
3018,1992-02-24,4.796296,4.814815,4.685185,4.740741000000001,4.212912,1273000
3019,1992-02-25,4.759258999999999,4.759258999999999,4.6666669999999995,4.740741000000001,4.212912,1161000
3020,1992-02-26,4.777778,4.944445,4.759258999999999,4.9259260000000005,4.377479,1418100
3021,1992-02-27,4.9259260000000005,5.037037000000001,4.907407,4.981482,4.426847,2099200
3022,1992-02-28,4.981482,5.092593,4.981482,5.018518,4.459764,1133200
3023,1992-03-02,5.055555,5.0740739999999995,5.0,5.037037000000001,4.476218,1123800
3024,1992-03-03,5.037037000000001,5.055555,4.962962999999999,5.055555,4.492677,814000
3025,1992-03-04,5.037037000000001,5.3333330000000005,5.0,5.222222,4.640787,2812000
3026,1992-03-05,5.259258999999999,5.314815,5.0740739999999995,5.111111,4.542046,1320300
3027,1992-03-06,5.129630000000001,5.1666669999999995,4.944445,4.962962999999999,4.410392,726300
3028,1992-03-09,4.962962999999999,5.018518,4.888889,4.907407,4.361022,1208800
3029,1992-03-10,4.907407,5.0740739999999995,4.907407,5.055555,4.492677,1349200
3030,1992-03-11,5.018518,5.037037000000001,4.907407,5.0,4.4433050000000005,1046800
3031,1992-03-12,5.0,5.148148,4.962962999999999,5.148148,4.5749580000000005,707400
3032,1992-03-13,5.111111,5.222222,5.111111,5.185185,4.607872,1313500
3033,1992-03-16,5.222222,5.222222,5.148148,5.185185,4.607872,949000
3034,1992-03-17,5.203704,5.314815,5.185185,5.277778,4.690156,596700
3035,1992-03-18,5.351852,5.648148,5.314815,5.592593,4.969921,4866700
3036,1992-03-19,5.611111,5.685185,5.444445,5.444445,4.838265,1194000
3037,1992-03-20,5.407407,5.555555,5.407407,5.537037000000001,4.92055,783000
3038,1992-03-23,5.5740739999999995,5.629630000000001,5.537037000000001,5.611111,4.986376,1375600
3039,1992-03-24,5.592593,5.629630000000001,5.537037000000001,5.537037000000001,4.92055,825400
3040,1992-03-25,5.5740739999999995,5.648148,5.5740739999999995,5.611111,4.993062,1225800
3041,1992-03-26,5.629630000000001,5.685185,5.5740739999999995,5.611111,4.993062,1182600
3042,1992-03-27,5.611111,5.611111,5.407407,5.407407,4.811791,625000
3043,1992-03-30,5.407407,5.481482,5.407407,5.481482,4.877708999999999,367200
3044,1992-03-31,5.462962999999999,5.611111,5.4259260000000005,5.611111,4.993062,505500
3045,1992-04-01,5.555555,5.629630000000001,5.555555,5.629630000000001,5.009535,1593600
3046,1992-04-02,5.629630000000001,5.629630000000001,5.518518,5.537037000000001,4.927144,324600
3047,1992-04-03,5.537037000000001,5.537037000000001,5.407407,5.481482,4.877708999999999,660700
3048,1992-04-06,5.481482,5.555555,5.481482,5.537037000000001,4.927144,495400
3049,1992-04-07,5.537037000000001,5.629630000000001,5.370369999999999,5.388889,4.795313,703900
3050,1992-04-08,5.351852,5.351852,5.055555,5.222222,4.647004,1266900
3051,1992-04-09,5.240741000000001,5.481482,5.240741000000001,5.462962999999999,4.861226,901000
3052,1992-04-10,5.5,5.537037000000001,5.4259260000000005,5.444445,4.8447510000000005,365800
3053,1992-04-13,5.444445,5.5,5.444445,5.481482,4.877708999999999,411000
3054,1992-04-14,5.518518,5.629630000000001,5.462962999999999,5.629630000000001,5.009535,1296600
3055,1992-04-15,5.629630000000001,5.629630000000001,5.5,5.518518,4.910665,837000
3056,1992-04-16,5.518518,5.537037000000001,5.296296,5.3333330000000005,4.745878,679000
3057,1992-04-20,5.296296,5.3333330000000005,5.0740739999999995,5.092593,4.531655000000001,768700
3058,1992-04-21,5.055555,5.0740739999999995,4.9259260000000005,4.981482,4.432780999999999,1003000
3059,1992-04-22,5.018518,5.259258999999999,4.981482,5.1666669999999995,4.597569,1478800
3060,1992-04-23,5.148148,5.185185,5.018518,5.111111,4.548132,841000
3061,1992-04-24,5.111111,5.185185,5.018518,5.018518,4.465738,281400
3062,1992-04-27,5.037037000000001,5.055555,4.981482,5.037037000000001,4.482216,684400
3063,1992-04-28,5.037037000000001,5.111111,5.0,5.0,4.449259,415000
3064,1992-04-29,5.018518,5.0740739999999995,4.981482,5.0,4.449259,766000
3065,1992-04-30,5.018518,5.259258999999999,4.981482,5.222222,4.647004,636400
3066,1992-05-01,5.222222,5.240741000000001,5.129630000000001,5.148148,4.5810889999999995,658800
3067,1992-05-04,5.1666669999999995,5.222222,5.148148,5.185185,4.614047,484600
3068,1992-05-05,5.185185,5.296296,5.1666669999999995,5.296296,4.712919,485200
3069,1992-05-06,5.314815,5.351852,5.222222,5.222222,4.647004,426600
3070,1992-05-07,5.240741000000001,5.259258999999999,5.1666669999999995,5.185185,4.614047,221400
3071,1992-05-08,5.185185,5.222222,5.1666669999999995,5.1666669999999995,4.597569,311100
3072,1992-05-11,5.203704,5.240741000000001,5.185185,5.203704,4.630527,257800
3073,1992-05-12,5.185185,5.185185,5.0740739999999995,5.0740739999999995,4.5151769999999996,287500
3074,1992-05-13,5.092593,5.092593,5.0,5.037037000000001,4.482216,884200
3075,1992-05-14,5.0,5.055555,5.0,5.037037000000001,4.482216,529800
3076,1992-05-15,5.0,5.111111,5.0,5.092593,4.531655000000001,447400
3077,1992-05-18,5.055555,5.296296,5.037037000000001,5.277778,4.69644,1390500
3078,1992-05-19,5.296296,5.314815,5.185185,5.185185,4.614047,702000
3079,1992-05-20,5.222222,5.277778,5.185185,5.259258999999999,4.679962000000001,419100
3080,1992-05-21,5.277778,5.277778,5.203704,5.240741000000001,4.663485,433900
3081,1992-05-22,5.240741000000001,5.240741000000001,5.1666669999999995,5.1666669999999995,4.597569,611500
3082,1992-05-26,5.1666669999999995,5.1666669999999995,5.092593,5.148148,4.5810889999999995,373900
3083,1992-05-27,5.111111,5.111111,5.018518,5.0740739999999995,4.5151769999999996,370500
3084,1992-05-28,5.0740739999999995,5.111111,5.055555,5.092593,4.531655000000001,286200
3085,1992-05-29,5.092593,5.277778,5.092593,5.185185,4.614047,1270900
3086,1992-06-01,5.203704,5.518518,5.203704,5.481482,4.877708999999999,2202400
3087,1992-06-02,5.518518,5.518518,5.407407,5.481482,4.877708999999999,1395100
3088,1992-06-03,5.481482,5.555555,5.462962999999999,5.518518,4.910665,1117000
3089,1992-06-04,5.537037000000001,5.5740739999999995,5.481482,5.555555,4.943621,645900
3090,1992-06-05,5.5740739999999995,5.5740739999999995,5.518518,5.518518,4.910665,443400
3091,1992-06-08,5.481482,5.481482,5.370369999999999,5.4259260000000005,4.82827,640500
3092,1992-06-09,5.462962999999999,5.537037000000001,5.407407,5.444445,4.8447510000000005,962500
3093,1992-06-10,5.444445,5.5740739999999995,5.4259260000000005,5.5740739999999995,4.960102,764100
3094,1992-06-11,5.555555,5.5740739999999995,5.518518,5.537037000000001,4.927144,505500
3095,1992-06-12,5.555555,5.629630000000001,5.518518,5.555555,4.943621,1162300
3096,1992-06-15,5.5,5.537037000000001,5.481482,5.5,4.894185,332100
3097,1992-06-16,5.5,5.703704,5.5,5.611111,4.993062,1233900
3098,1992-06-17,5.611111,5.629630000000001,5.518518,5.518518,4.910665,1512000
3099,1992-06-18,5.481482,5.481482,5.296296,5.388889,4.795313,631000
3100,1992-06-19,5.4259260000000005,5.462962999999999,5.388889,5.462962999999999,4.861226,433900
3101,1992-06-22,5.4259260000000005,5.462962999999999,5.296296,5.3333330000000005,4.745878,506800
3102,1992-06-23,5.407407,5.555555,5.407407,5.537037000000001,4.927144,878800
3103,1992-06-24,5.5,5.648148,5.4259260000000005,5.4259260000000005,4.83474,1472800
3104,1992-06-25,5.518518,5.611111,5.407407,5.5740739999999995,4.966746,2004700
3105,1992-06-26,5.5740739999999995,5.629630000000001,5.518518,5.629630000000001,5.016249,646600
3106,1992-06-29,5.611111,5.759258999999999,5.555555,5.648148,5.03275,2196400
3107,1992-06-30,5.648148,5.851852,5.648148,5.851852,5.2142599999999995,2230800
3108,1992-07-01,5.870369999999999,5.9259260000000005,5.814815,5.888889,5.24726,1513300
3109,1992-07-02,5.907407,5.981482,5.796296,5.888889,5.24726,736300
3110,1992-07-06,5.888889,6.111111,5.888889,6.055555,5.3957690000000005,1637500
3111,1992-07-07,6.0740739999999995,6.0740739999999995,5.888889,5.888889,5.24726,633700
3112,1992-07-08,5.851852,5.851852,5.740741000000001,5.814815,5.181258000000001,694500
3113,1992-07-09,5.814815,5.962962999999999,5.777778,5.814815,5.181258000000001,969300
3114,1992-07-10,5.851852,6.092593,5.851852,6.055555,5.3957690000000005,1134000
3115,1992-07-13,6.055555,6.148148,6.018518,6.148148,5.478271,724200
3116,1992-07-14,6.185185,6.222222,6.148148,6.185185,5.511275,702000
3117,1992-07-15,6.1666669999999995,6.222222,6.1666669999999995,6.185185,5.511275,406900
3118,1992-07-16,6.222222,6.222222,6.1666669999999995,6.185185,5.511275,235500
3119,1992-07-17,6.185185,6.185185,6.0740739999999995,6.0740739999999995,5.412271,546700
3120,1992-07-20,5.962962999999999,6.018518,5.870369999999999,6.0,5.346265,394800
3121,1992-07-21,5.981482,6.1666669999999995,5.981482,6.1666669999999995,5.494774,1170400
3122,1992-07-22,6.1666669999999995,6.1666669999999995,6.037037000000001,6.111111,5.445272,382000
3123,1992-07-23,6.111111,6.148148,6.037037000000001,6.148148,5.478271,825400
3124,1992-07-24,6.111111,6.1666669999999995,6.092593,6.148148,5.478271,456900
3125,1992-07-27,6.185185,6.259258999999999,6.1666669999999995,6.240741000000001,5.560778,1180500
3126,1992-07-28,6.222222,6.240741000000001,6.148148,6.240741000000001,5.560778,384700
3127,1992-07-29,6.222222,6.351852,6.222222,6.277778,5.5937790000000005,694500
3128,1992-07-30,6.277778,6.592592999999999,6.259258999999999,6.5,5.7917879999999995,1240600
3129,1992-07-31,6.574074,6.592592999999999,6.444445,6.444445,5.742286,691800
3130,1992-08-03,6.518518,7.037037,6.518518,7.037037,6.2703120000000006,1902300
3131,1992-08-04,7.111111,7.222222,7.037037,7.185185000000001,6.402319,3327300
3132,1992-08-05,7.148148,7.3333330000000005,7.074074,7.185185000000001,6.402319,1595800
3133,1992-08-06,7.222222,7.3333330000000005,7.185185000000001,7.296296000000001,6.501323999999999,770400
3134,1992-08-07,7.259258999999999,7.3333330000000005,6.814814999999999,6.851852,6.105303,1706500
3135,1992-08-10,6.851852,6.851852,6.555555,6.6666669999999995,5.940296,1896000
3136,1992-08-11,6.777778,6.814814999999999,6.703703999999999,6.814814999999999,6.072302,586800
3137,1992-08-12,6.851852,7.0,6.814814999999999,6.962963,6.204308,1081300
3138,1992-08-13,6.925926,6.962963,6.777778,6.888889,6.138305,585400
3139,1992-08-14,6.925926,7.037037,6.888889,6.962963,6.204308,980700
3140,1992-08-17,7.0,7.148148,6.962963,7.148148,6.369318,702600
3141,1992-08-18,7.185185000000001,7.222222,7.0,7.222222,6.43532,627000
3142,1992-08-19,7.185185000000001,7.296296000000001,7.148148,7.259258999999999,6.468322,976000
3143,1992-08-20,7.259258999999999,7.444445,7.259258999999999,7.370369999999999,6.5673259999999996,1429800
3144,1992-08-21,7.407407000000001,7.444445,7.3333330000000005,7.370369999999999,6.5673259999999996,1135300
3145,1992-08-24,7.259258999999999,7.259258999999999,7.074074,7.148148,6.369318,908700
3146,1992-08-25,7.111111,7.148148,6.962963,7.148148,6.369318,963100
3147,1992-08-26,7.185185000000001,7.370369999999999,7.148148,7.296296000000001,6.501323999999999,696700
3148,1992-08-27,7.3333330000000005,7.370369999999999,7.111111,7.185185000000001,6.402319,450100
3149,1992-08-28,7.259258999999999,7.259258999999999,7.0,7.037037,6.2703120000000006,613000
3150,1992-08-31,7.0,7.148148,7.0,7.111111,6.336317,391500
3151,1992-09-01,7.111111,7.296296000000001,7.111111,7.296296000000001,6.501323999999999,713700
3152,1992-09-02,7.259258999999999,7.518517999999999,7.222222,7.407407000000001,6.6003289999999994,575700
3153,1992-09-03,7.444445,7.518517999999999,7.3333330000000005,7.407407000000001,6.6003289999999994,1298800
3154,1992-09-04,7.259258999999999,7.370369999999999,7.111111,7.148148,6.369318,1486900
3155,1992-09-08,7.185185000000001,7.3333330000000005,7.148148,7.3333330000000005,6.534326,465900
3156,1992-09-09,7.296296000000001,7.629630000000001,7.296296000000001,7.629630000000001,6.79834,895900
3157,1992-09-10,7.592592999999999,7.814814999999999,7.555555,7.777778,6.930344,1359400
3158,1992-09-11,7.851852,8.111111,7.777778,7.888889,7.029349000000001,1163800
3159,1992-09-14,8.0,8.148149,7.814814999999999,7.814814999999999,6.9633460000000005,860500
3160,1992-09-15,7.925926,8.0,7.814814999999999,7.962963,7.095353,613500
3161,1992-09-16,7.888889,8.037037,7.888889,8.0,7.128357,858700
3162,1992-09-17,7.962963,8.037037,7.925926,8.0,7.128357,675100
3163,1992-09-18,7.925926,8.074074000000001,7.925926,8.037037,7.161357000000001,621100
3164,1992-09-21,7.962963,8.037037,7.851852,8.0,7.128357,375400
3165,1992-09-22,7.925926,8.0,7.777778,7.962963,7.095353,663000
3166,1992-09-23,7.962963,8.074074000000001,7.925926,8.0,7.128357,673600
3167,1992-09-24,7.888889,8.074074000000001,7.888889,8.037037,7.1693240000000005,965400
3168,1992-09-25,8.037037,8.037037,7.518517999999999,7.6666669999999995,6.838939999999999,1095400
3169,1992-09-28,7.629630000000001,7.629630000000001,7.185185000000001,7.444445,6.6407110000000005,2387400
3170,1992-09-29,7.407407000000001,7.851852,7.407407000000001,7.814814999999999,6.971092999999999,459000
3171,1992-09-30,7.814814999999999,7.851852,7.555555,7.555555,6.739826,261100
3172,1992-10-01,7.481482000000001,7.6666669999999995,7.444445,7.6666669999999995,6.838939999999999,763300
3173,1992-10-02,7.6666669999999995,7.703703999999999,7.444445,7.555555,6.739826,459600
3174,1992-10-05,7.444445,7.592592999999999,7.111111,7.592592999999999,6.772863,1232700
3175,1992-10-06,7.481482000000001,7.703703999999999,7.407407000000001,7.592592999999999,6.772863,610200
3176,1992-10-07,7.629630000000001,7.703703999999999,7.444445,7.481482000000001,6.673749000000001,276900
3177,1992-10-08,7.444445,7.6666669999999995,7.444445,7.555555,6.739826,540100
3178,1992-10-09,7.555555,7.555555,7.370369999999999,7.407407000000001,6.607672,434800
3179,1992-10-12,7.3333330000000005,7.518517999999999,7.3333330000000005,7.444445,6.6407110000000005,342400
3180,1992-10-13,7.481482000000001,7.518517999999999,7.3333330000000005,7.3333330000000005,6.541595,328600
3181,1992-10-14,7.296296000000001,7.444445,7.259258999999999,7.3333330000000005,6.541595,1036800
3182,1992-10-15,7.259258999999999,7.481482000000001,7.222222,7.444445,6.6407110000000005,748800
3183,1992-10-16,7.444445,7.444445,7.148148,7.3333330000000005,6.541595,436000
3184,1992-10-19,7.296296000000001,7.851852,7.259258999999999,7.851852,7.004133,1031400
3185,1992-10-20,7.814814999999999,7.925926,7.777778,7.888889,7.0371690000000005,576400
3186,1992-10-21,8.037037,8.074074000000001,7.629630000000001,7.6666669999999995,6.838939999999999,2065500
3187,1992-10-22,7.6666669999999995,7.777778,7.555555,7.740741000000001,6.905017999999999,808600
3188,1992-10-23,7.814814999999999,8.148149,7.814814999999999,8.0,7.136286999999999,953700
3189,1992-10-26,8.037037,8.037037,7.888889,7.962963,7.1032470000000005,220900
3190,1992-10-27,7.851852,7.888889,7.777778,7.814814999999999,6.971092999999999,596200
3191,1992-10-28,7.814814999999999,7.851852,7.6666669999999995,7.703703999999999,6.871981,329500
3192,1992-10-29,7.777778,8.222222,7.703703999999999,8.111111,7.235399,1159800
3193,1992-10-30,8.0,8.111111,7.962963,8.037037,7.1693240000000005,560400
3194,1992-11-02,7.888889,8.222222,7.777778,8.111111,7.235399,968100
3195,1992-11-03,8.074074000000001,8.111111,7.814814999999999,7.925926,7.07021,627300
3196,1992-11-04,7.925926,7.962963,7.6666669999999995,7.740741000000001,6.905017999999999,629200
3197,1992-11-05,7.703703999999999,7.740741000000001,7.629630000000001,7.703703999999999,6.871981,364000
3198,1992-11-06,7.703703999999999,7.962963,7.703703999999999,7.888889,7.0371690000000005,675000
3199,1992-11-09,7.962963,8.296296,7.925926,8.259259,7.367553999999999,1044100
3200,1992-11-10,8.296296,8.555555,8.259259,8.407408,7.499708999999999,1202400
3201,1992-11-11,8.333333,8.740741,8.259259,8.740741,7.797053999999999,1192900
3202,1992-11-12,8.851851,8.851851,8.444445,8.481482000000002,7.565783000000001,1246200
3203,1992-11-13,8.444445,8.481482000000002,8.296296,8.444445,7.532748,522400
3204,1992-11-16,8.518517999999998,8.740741,8.481482000000002,8.703704,7.764017,672300
3205,1992-11-17,8.703704,8.925925999999999,8.666667,8.851851,7.89617,2188900
3206,1992-11-18,8.777778,9.0,8.703704,9.0,8.028317,829000
3207,1992-11-19,9.037037,9.259259,8.925925999999999,9.259259,8.259592999999999,766800
3208,1992-11-20,9.333333,9.444445,9.222222,9.37037,8.358702000000001,890500
3209,1992-11-23,9.407408,9.407408,9.111111,9.222222,8.226548,886200
3210,1992-11-24,9.296296,9.333333,9.037037,9.037037,8.061358,962100
3211,1992-11-25,9.074074000000001,9.074074000000001,8.777778,8.851851,7.89617,1049500
3212,1992-11-27,8.851851,8.851851,8.703704,8.777778,7.830089999999999,355000
3213,1992-11-30,8.851851,8.888889,8.777778,8.888889,7.929207000000001,737100
3214,1992-12-01,8.814815,9.0,8.777778,8.925925999999999,7.962242999999999,666100
3215,1992-12-02,8.851851,8.962963,8.814815,8.888889,7.929207000000001,616500
3216,1992-12-03,8.814815,8.888889,8.777778,8.814815,7.86313,483400
3217,1992-12-04,8.777778,8.851851,8.703704,8.814815,7.86313,646600
3218,1992-12-07,8.666667,8.777778,8.481482000000002,8.592592,7.6649,1369800
3219,1992-12-08,8.62963,8.814815,8.62963,8.703704,7.764017,788400
3220,1992-12-09,8.666667,8.740741,8.518517999999998,8.62963,7.697939999999999,852700
3221,1992-12-10,8.518517999999998,8.518517999999998,8.074074000000001,8.444445,7.532748,1359000
3222,1992-12-11,8.407408,8.481482000000002,8.259259,8.481482000000002,7.565783000000001,336700
3223,1992-12-14,8.407408,8.851851,8.407408,8.703704,7.764017,569800
3224,1992-12-15,8.62963,8.888889,8.592592,8.888889,7.929207000000001,675900
3225,1992-12-16,8.851851,9.037037,8.703704,8.777778,7.830089999999999,991500
3226,1992-12-17,8.851851,8.962963,8.851851,8.925925999999999,7.962242999999999,599400
3227,1992-12-18,9.111111,9.111111,8.925925999999999,9.037037,8.061358,561100
3228,1992-12-21,9.037037,9.037037,8.777778,9.0,8.028317,1064700
3229,1992-12-22,9.037037,9.111111,8.925925999999999,8.962963,7.995278999999999,795100
3230,1992-12-23,8.962963,8.962963,8.777778,8.814815,7.86313,555000
3231,1992-12-24,8.777778,8.888889,8.777778,8.851851,7.904141,209200
3232,1992-12-28,8.814815,8.962963,8.814815,8.888889,7.937212,227700
3233,1992-12-29,8.888889,9.074074000000001,8.851851,8.851851,7.904141,765400
3234,1992-12-30,8.888889,9.0,8.888889,9.0,8.036422,355200
3235,1992-12-31,8.962963,9.333333,8.962963,9.333333,8.334069,418600
3236,1993-01-04,9.148149,9.148149,8.962963,9.074074000000001,8.102566,1150200
3237,1993-01-05,9.0,9.074074000000001,8.777778,8.814815,7.871067999999999,513600
3238,1993-01-06,8.777778,8.888889,8.444445,8.481482000000002,7.573421000000001,963100
3239,1993-01-07,8.518517999999998,8.703704,8.481482000000002,8.518517999999998,7.606495,1391400
3240,1993-01-08,8.592592,8.851851,8.555555,8.814815,7.871067999999999,899100
3241,1993-01-11,8.851851,8.925925999999999,8.777778,8.851851,7.904141,445000
3242,1993-01-12,8.777778,8.814815,8.740741,8.777778,7.837994,405900
3243,1993-01-13,8.777778,8.925925999999999,8.703704,8.851851,7.904141,507600
3244,1993-01-14,8.851851,8.962963,8.814815,8.851851,7.904141,372700
3245,1993-01-15,8.851851,9.037037,8.814815,9.037037,8.069497,572400
3246,1993-01-18,9.0,9.111111,8.925925999999999,8.962963,8.00335,439300
3247,1993-01-19,8.925925999999999,9.0,8.888889,8.962963,8.00335,531400
3248,1993-01-20,8.925925999999999,9.296296,8.925925999999999,9.185185,8.201782000000001,804600
3249,1993-01-21,9.259259,9.555555,9.259259,9.481482000000002,8.466358,1157100
3250,1993-01-22,9.555555,10.259259,9.518517999999998,9.814815,8.764006,1822600
3251,1993-01-25,10.074074000000001,10.925925999999999,10.074074000000001,10.37037,9.26008,2293200
3252,1993-01-26,10.592592,10.962963,10.37037,10.592592,9.45851,2573700
3253,1993-01-27,10.592592,10.62963,10.222222,10.407408,9.293153,1059000
3254,1993-01-28,10.481482000000002,10.62963,10.296296,10.518517999999998,9.392366,559000
3255,1993-01-29,10.444445,10.703704,10.444445,10.62963,9.49158,735700
3256,1993-02-01,10.740741,10.888889,10.592592,10.666667,9.524653,1062000
3257,1993-02-02,10.703704,10.703704,10.555555,10.62963,9.49158,505000
3258,1993-02-03,10.62963,10.814815,10.518517999999998,10.777778,9.623864999999999,1117900
3259,1993-02-04,10.814815,10.888889,10.592592,10.666667,9.524653,742600
3260,1993-02-05,10.740741,10.740741,10.407408,10.592592,9.45851,762300
3261,1993-02-08,10.62963,10.925925999999999,10.555555,10.925925999999999,9.756151,765400
3262,1993-02-09,11.0,11.111111,10.703704,10.777778,9.623864999999999,1136200
3263,1993-02-10,11.0,11.148149,10.777778,10.888889,9.723083,1655700
3264,1993-02-11,10.851851,10.888889,10.777778,10.814815,9.656941,827500
3265,1993-02-12,10.814815,10.851851,10.703704,10.740741,9.590798,767400
3266,1993-02-16,10.62963,10.703704,9.925925999999999,10.037037,8.96243,1648900
3267,1993-02-17,10.0,10.0,9.148149,9.333333,8.334069,4091100
3268,1993-02-18,9.185185,9.925925999999999,9.185185,9.518517999999998,8.49943,1867600
3269,1993-02-19,9.518517999999998,9.666667,8.814815,9.0,8.036422,1531500
3270,1993-02-22,8.444445,8.666667,7.037037,7.629630000000001,6.812774,10105600
3271,1993-02-23,7.814814999999999,8.666667,7.740741000000001,8.62963,7.705711999999999,5841600
3272,1993-02-24,8.62963,9.111111,8.592592,8.925925999999999,7.970281,2599600
3273,1993-02-25,8.962963,9.0,8.666667,8.814815,7.871067999999999,1341400
3274,1993-02-26,8.814815,9.037037,8.777778,9.037037,8.069497,1017400
3275,1993-03-01,8.962963,8.962963,8.814815,8.888889,7.937212,1398700
3276,1993-03-02,8.888889,8.962963,8.814815,8.888889,7.937212,759600
3277,1993-03-03,8.888889,9.111111,8.851851,8.962963,8.00335,1042800
3278,1993-03-04,8.925925999999999,9.0,8.814815,9.0,8.036422,1000900
3279,1993-03-05,8.888889,8.925925999999999,8.740741,8.814815,7.871067999999999,974200
3280,1993-03-08,8.962963,9.0,8.814815,8.888889,7.937212,1084900
3281,1993-03-09,8.814815,8.851851,8.481482000000002,8.740741,7.804925,1542300
3282,1993-03-10,8.814815,9.185185,8.777778,9.185185,8.201782000000001,1495300
3283,1993-03-11,9.333333,9.37037,9.0,9.037037,8.069497,879700
3284,1993-03-12,8.925925999999999,8.962963,8.592592,8.888889,7.937212,825700
3285,1993-03-15,8.962963,9.111111,8.740741,9.037037,8.069497,634000
3286,1993-03-16,9.037037,9.037037,8.62963,8.666667,7.73878,965800
3287,1993-03-17,8.592592,8.666667,8.074074000000001,8.222222,7.341919,1700500
3288,1993-03-18,8.296296,8.333333,8.074074000000001,8.148149,7.275775,1391100
3289,1993-03-19,8.148149,8.148149,7.592592999999999,7.703703999999999,6.878919000000001,1722100
3290,1993-03-22,7.629630000000001,8.037037,7.592592999999999,8.0,7.143492,1593100
3291,1993-03-23,8.222222,8.259259,8.0,8.0,7.143492,709300
3292,1993-03-24,8.0,8.0,7.777778,8.0,7.143492,779500
3293,1993-03-25,8.0,8.222222,7.888889,8.222222,7.350086999999999,503700
3294,1993-03-26,8.148149,8.296296,8.074074000000001,8.222222,7.350086999999999,932400
3295,1993-03-29,8.259259,8.444445,8.148149,8.148149,7.283869999999999,1135900
3296,1993-03-30,8.074074000000001,8.444445,8.0,8.296296,7.416307000000001,945900
3297,1993-03-31,8.444445,8.740741,8.444445,8.592592,7.681174,1741500
3298,1993-04-01,8.481482000000002,8.481482000000002,8.185185,8.296296,7.416307000000001,993700
3299,1993-04-02,8.222222,8.259259,7.851852,7.962963,7.118328999999999,1141600
3300,1993-04-05,8.0,8.074074000000001,7.740741000000001,7.777778,6.952785,1462000
3301,1993-04-06,7.851852,7.851852,7.629630000000001,7.6666669999999995,6.853460000000001,651300
3302,1993-04-07,7.703703999999999,7.851852,7.6666669999999995,7.777778,6.952785,995100
3303,1993-04-08,7.888889,7.925926,7.777778,7.851852,7.019004,1211500
3304,1993-04-12,7.888889,7.888889,7.370369999999999,7.481482000000001,6.687919,1448100
3305,1993-04-13,7.481482000000001,7.518517999999999,7.074074,7.185185000000001,6.423049,2126800
3306,1993-04-14,7.222222,7.370369999999999,7.185185000000001,7.3333330000000005,6.555485000000001,2166300
3307,1993-04-15,7.407407000000001,7.592592999999999,7.370369999999999,7.481482000000001,6.687919,1882500
3308,1993-04-16,7.444445,7.555555,7.3333330000000005,7.370369999999999,6.588591,1411300
3309,1993-04-19,7.222222,7.481482000000001,7.222222,7.370369999999999,6.588591,1869700
3310,1993-04-20,7.370369999999999,7.6666669999999995,7.185185000000001,7.629630000000001,6.820353,3093700
3311,1993-04-21,7.851852,7.925926,7.518517999999999,7.740741000000001,6.9196789999999995,2787000
3312,1993-04-22,7.703703999999999,7.851852,7.518517999999999,7.555555,6.754136999999999,1416700
3313,1993-04-23,7.444445,7.481482000000001,6.962963,7.259258999999999,6.489267,3483000
3314,1993-04-26,7.222222,7.407407000000001,7.185185000000001,7.407407000000001,6.621701,1544400
3315,1993-04-27,7.481482000000001,7.851852,7.481482000000001,7.777778,6.952785,2188900
3316,1993-04-28,7.925926,8.111111,7.888889,8.0,7.151439,3415000
3317,1993-04-29,8.037037,8.037037,7.740741000000001,7.814814999999999,6.985894,859200
3318,1993-04-30,7.777778,8.074074000000001,7.777778,8.037037,7.184546000000001,749200
3319,1993-05-03,8.074074000000001,8.185185,8.0,8.185185,7.316978999999999,1572300
3320,1993-05-04,8.333333,8.407408,8.185185,8.37037,7.482522,1641100
3321,1993-05-05,8.37037,8.481482000000002,8.222222,8.407408,7.515632000000001,838900
3322,1993-05-06,8.444445,8.555555,8.259259,8.333333,7.449414999999999,1383700
3323,1993-05-07,8.296296,8.444445,8.296296,8.444445,7.548741000000001,430800
3324,1993-05-10,8.407408,8.592592,8.37037,8.518517999999998,7.614958000000001,482100
3325,1993-05-11,8.518517999999998,8.666667,8.444445,8.62963,7.714283999999999,643900
3326,1993-05-12,8.592592,8.703704,8.518517999999998,8.592592,7.681174,1126000
3327,1993-05-13,8.444445,8.481482000000002,8.185185,8.333333,7.449414999999999,794700
3328,1993-05-14,8.333333,8.555555,8.222222,8.555555,7.648064,438700
3329,1993-05-17,8.592592,8.851851,8.592592,8.814815,7.879825,1159200
3330,1993-05-18,8.851851,8.925925999999999,8.777778,8.888889,7.946041999999999,785800
3331,1993-05-19,8.888889,9.037037,8.814815,8.962963,8.012253999999999,772300
3332,1993-05-20,9.0,9.074074000000001,8.925925999999999,8.925925999999999,7.979147,890200
3333,1993-05-21,8.888889,9.037037,8.888889,8.925925999999999,7.979147,580500
3334,1993-05-24,8.888889,9.111111,8.851851,9.111111,8.144689999999999,614200
3335,1993-05-25,9.074074000000001,9.074074000000001,8.814815,8.814815,7.879825,679900
3336,1993-05-26,8.851851,8.962963,8.740741,8.962963,8.012253999999999,1419700
3337,1993-05-27,8.888889,8.925925999999999,8.592592,8.666667,7.747389,769600
3338,1993-05-28,8.666667,8.666667,8.481482000000002,8.592592,7.681174,465000
3339,1993-06-01,8.703704,8.703704,8.518517999999998,8.518517999999998,7.614958000000001,406500
3340,1993-06-02,8.555555,8.555555,8.407408,8.444445,7.548741000000001,744400
3341,1993-06-03,8.296296,8.37037,8.222222,8.296296,7.416307000000001,1306300
3342,1993-06-04,8.296296,8.37037,8.185185,8.259259,7.383196000000001,494100
3343,1993-06-07,8.259259,8.259259,8.037037,8.074074000000001,7.217653,924700
3344,1993-06-08,8.074074000000001,8.074074000000001,7.888889,7.962963,7.118328999999999,418000
3345,1993-06-09,7.888889,8.185185,7.888889,8.074074000000001,7.217653,890500
3346,1993-06-10,8.111111,8.222222,8.111111,8.111111,7.250761,575700
3347,1993-06-11,8.148149,8.222222,8.037037,8.111111,7.250761,519000
3348,1993-06-14,8.148149,8.592592,8.148149,8.481482000000002,7.581847,613800
3349,1993-06-15,8.444445,8.851851,8.444445,8.740741,7.813608,1558500
3350,1993-06-16,8.703704,8.740741,8.444445,8.481482000000002,7.581847,888400
3351,1993-06-17,8.481482000000002,8.481482000000002,8.222222,8.37037,7.482522,1527400
3352,1993-06-18,8.37037,8.444445,8.333333,8.333333,7.449414999999999,949600
3353,1993-06-21,8.37037,8.592592,8.296296,8.407408,7.515632000000001,752100
3354,1993-06-22,8.444445,8.518517999999998,8.296296,8.407408,7.515632000000001,783100
3355,1993-06-23,8.481482000000002,8.481482000000002,8.296296,8.333333,7.449414999999999,591900
3356,1993-06-24,8.296296,8.444445,8.296296,8.407408,7.523658,900000
3357,1993-06-25,8.407408,8.62963,8.407408,8.62963,7.7225220000000006,334800
3358,1993-06-28,8.703704,8.740741,8.666667,8.666667,7.755661,718200
3359,1993-06-29,8.703704,8.777778,8.555555,8.592592,7.689375999999999,980100
3360,1993-06-30,8.592592,8.62963,8.037037,8.074074000000001,7.225359,1229800
3361,1993-07-01,8.037037,8.074074000000001,7.925926,7.962963,7.12593,1159200
3362,1993-07-02,7.962963,8.0,7.925926,7.962963,7.12593,590100
3363,1993-07-06,7.888889,7.925926,7.592592999999999,7.6666669999999995,6.860780999999999,1098900
3364,1993-07-07,7.6666669999999995,7.703703999999999,7.111111,7.555555,6.76135,5827900
3365,1993-07-08,7.629630000000001,7.777778,7.518517999999999,7.6666669999999995,6.860780999999999,3378300
3366,1993-07-09,7.703703999999999,7.814814999999999,7.6666669999999995,7.6666669999999995,6.860780999999999,1799500
3367,1993-07-12,7.740741000000001,7.814814999999999,7.6666669999999995,7.703703999999999,6.893925,875400
3368,1993-07-13,7.740741000000001,8.074074000000001,7.703703999999999,8.0,7.159075,1309000
3369,1993-07-14,8.0,8.074074000000001,7.851852,8.0,7.159075,666900
3370,1993-07-15,7.888889,7.962963,7.851852,7.851852,7.026497999999999,337600
3371,1993-07-16,7.814814999999999,7.851852,7.555555,7.592592999999999,6.794492,750600
3372,1993-07-19,7.592592999999999,7.888889,7.555555,7.888889,7.0596429999999994,579300
3373,1993-07-20,7.888889,8.037037,7.814814999999999,8.0,7.159075,650800
3374,1993-07-21,8.0,8.037037,7.925926,8.0,7.159075,612400
3375,1993-07-22,7.962963,7.962963,7.703703999999999,7.740741000000001,6.927069,407700
3376,1993-07-23,7.740741000000001,7.925926,7.740741000000001,7.740741000000001,6.927069,477400
3377,1993-07-26,7.777778,7.814814999999999,7.740741000000001,7.777778,6.960211,578700
3378,1993-07-27,7.740741000000001,7.740741000000001,7.407407000000001,7.444445,6.661919,2016900
3379,1993-07-28,7.518517999999999,7.703703999999999,6.814814999999999,6.925926,6.197902,6108700
3380,1993-07-29,7.0,7.111111,6.888889,6.962963,6.231046,3762600
3381,1993-07-30,6.962963,7.0,6.703703999999999,6.925926,6.197902,2570400
3382,1993-08-02,6.814814999999999,6.851852,6.703703999999999,6.740741000000001,6.032183,1604400
3383,1993-08-03,6.740741000000001,6.740741000000001,6.111111,6.3333330000000005,5.667602,5586400
3384,1993-08-04,6.3333330000000005,6.629630000000001,6.296296,6.518518,5.833321,4615200
3385,1993-08-05,6.518518,6.555555,6.0,6.111111,5.468739,3572700
3386,1993-08-06,6.148148,6.925926,5.814815,6.851852,6.131614,12810100
3387,1993-08-09,6.851852,6.888889,6.444445,6.6666669999999995,5.965895,7106400
3388,1993-08-10,6.703703999999999,6.777778,6.481482,6.703703999999999,5.999039,5305000
3389,1993-08-11,6.6666669999999995,6.851852,6.6666669999999995,6.777778,6.065326,3501400
3390,1993-08-12,6.777778,6.851852,6.703703999999999,6.851852,6.131614,2193300
3391,1993-08-13,6.851852,6.888889,6.777778,6.814814999999999,6.098471,1824000
3392,1993-08-16,6.814814999999999,6.888889,6.6666669999999995,6.777778,6.065326,1188900
3393,1993-08-17,6.888889,7.111111,6.851852,7.074074,6.330479,2700100
3394,1993-08-18,7.185185000000001,7.444445,7.185185000000001,7.444445,6.661919,4150500
3395,1993-08-19,7.518517999999999,7.518517999999999,6.925926,7.074074,6.330479,3330000
3396,1993-08-20,7.222222,7.222222,7.037037,7.074074,6.330479,1217800
3397,1993-08-23,7.0,7.074074,6.888889,7.0,6.264189,751200
3398,1993-08-24,6.962963,6.962963,6.740741000000001,6.814814999999999,6.098471,2317900
3399,1993-08-25,6.814814999999999,6.888889,6.555555,6.555555,5.866462,1696200
3400,1993-08-26,6.555555,6.814814999999999,6.555555,6.703703999999999,5.999039,1199700
3401,1993-08-27,6.740741000000001,6.814814999999999,6.6666669999999995,6.740741000000001,6.032183,1486900
3402,1993-08-30,6.777778,6.962963,6.777778,6.962963,6.231046,1054900
3403,1993-08-31,6.962963,6.962963,6.703703999999999,6.703703999999999,5.999039,1506600
3404,1993-09-01,6.777778,6.851852,6.370369999999999,6.555555,5.866462,3259800
3405,1993-09-02,7.074074,7.259258999999999,6.592592999999999,7.111111,6.363622,6438100
3406,1993-09-03,7.259258999999999,7.481482000000001,7.259258999999999,7.444445,6.661919,4703500
3407,1993-09-07,7.407407000000001,7.407407000000001,7.259258999999999,7.296296000000001,6.5293410000000005,1764600
3408,1993-09-08,7.370369999999999,7.370369999999999,7.148148,7.185185000000001,6.429908999999999,1183200
3409,1993-09-09,7.407407000000001,7.703703999999999,7.370369999999999,7.629630000000001,6.827636999999999,4460500
3410,1993-09-10,7.629630000000001,8.074074000000001,7.629630000000001,8.0,7.159075,3937900
3411,1993-09-13,8.148149,8.296296,8.037037,8.222222,7.3579360000000005,5061300
3412,1993-09-14,8.185185,8.407408,7.962963,8.407408,7.523658,2256700
3413,1993-09-15,8.259259,8.62963,8.185185,8.555555,7.656229,4000600
3414,1993-09-16,8.592592,8.666667,8.407408,8.444445,7.5568029999999995,2063700
3415,1993-09-17,8.333333,8.62963,8.333333,8.518517999999998,7.623089,1260400
3416,1993-09-20,8.555555,8.703704,8.407408,8.481482000000002,7.589942999999999,2033200
3417,1993-09-21,8.296296,8.666667,8.185185,8.592592,7.689375999999999,3119100
3418,1993-09-22,8.518517999999998,8.518517999999998,7.925926,8.111111,7.258503999999999,5562000
3419,1993-09-23,8.074074000000001,8.407408,7.888889,8.37037,7.490513000000001,3935200
3420,1993-09-24,8.259259,8.259259,8.0,8.074074000000001,7.235603,1536400
3421,1993-09-27,8.037037,8.074074000000001,7.962963,8.074074000000001,7.235603,1222300
3422,1993-09-28,8.074074000000001,8.444445,8.037037,8.37037,7.501133,2650000
3423,1993-09-29,8.37037,8.407408,8.222222,8.333333,7.467942999999999,1133200
3424,1993-09-30,8.407408,9.0,8.333333,8.703704,7.7998520000000005,4727700
3425,1993-10-01,8.703704,8.925925999999999,8.666667,8.777778,7.866232000000001,2631300
3426,1993-10-04,8.851851,8.962963,8.703704,8.851851,7.932616,1450500
3427,1993-10-05,8.888889,9.259259,8.888889,9.222222,8.264521,3016500
3428,1993-10-06,9.185185,9.185185,8.962963,9.0,8.065375,1900800
3429,1993-10-07,8.851851,8.888889,8.555555,8.666667,7.766659,1993500
3430,1993-10-08,8.740741,8.777778,8.555555,8.555555,7.667083,874000
3431,1993-10-11,9.148149,9.296296,8.925925999999999,9.037037,8.098564999999999,3663100
3432,1993-10-12,9.333333,9.62963,9.222222,9.555555,8.563242,3962200
3433,1993-10-13,9.407408,9.518517999999998,9.185185,9.444445,8.463667,2785900
3434,1993-10-14,9.444445,9.518517999999998,9.222222,9.407408,8.430475999999999,1260100
3435,1993-10-15,9.407408,9.444445,9.296296,9.333333,8.364094,1153000
3436,1993-10-18,9.259259,9.259259,8.888889,9.0,8.065375,1866600
3437,1993-10-19,9.074074000000001,9.148149,8.666667,8.740741,7.833042,1478800
3438,1993-10-20,9.333333,9.703704,9.148149,9.222222,8.264521,3915000
3439,1993-10-21,9.333333,9.37037,9.037037,9.259259,8.297717,2084500
3440,1993-10-22,9.259259,9.518517999999998,9.111111,9.185185,8.231328999999999,2214000
3441,1993-10-25,9.111111,9.148149,8.888889,9.037037,8.098564999999999,1341400
3442,1993-10-26,9.148149,9.296296,8.666667,8.814815,7.899422,2267500
3443,1993-10-27,8.666667,9.0,8.481482000000002,8.888889,7.965802,4400200
3444,1993-10-28,8.740741,9.148149,8.703704,8.851851,7.932616,3537900
3445,1993-10-29,8.888889,8.925925999999999,8.592592,8.740741,7.833042,1913100
3446,1993-11-01,8.814815,9.407408,8.62963,9.407408,8.430475999999999,9555900
3447,1993-11-02,9.407408,9.777778,9.259259,9.37037,8.397285,8276100
3448,1993-11-03,9.407408,9.518517999999998,9.259259,9.333333,8.364094,2986200
3449,1993-11-04,9.407408,9.555555,9.148149,9.185185,8.231328999999999,1977000
3450,1993-11-05,9.185185,9.185185,8.740741,8.925925999999999,7.998995,2540700
3451,1993-11-08,9.481482000000002,9.888889,9.407408,9.666667,8.662816000000001,6368500
3452,1993-11-09,9.777778,9.888889,9.407408,9.407408,8.430475999999999,3020100
3453,1993-11-10,9.407408,9.444445,9.111111,9.444445,8.463667,2760000
3454,1993-11-11,9.444445,9.518517999999998,9.296296,9.37037,8.397285,1242900
3455,1993-11-12,9.37037,9.592592,9.333333,9.444445,8.463667,1933800
3456,1993-11-15,9.481482000000002,9.481482000000002,9.222222,9.296296,8.330905,737700
3457,1993-11-16,9.296296,9.518517999999998,9.222222,9.444445,8.463667,1365000
3458,1993-11-17,9.444445,9.481482000000002,9.111111,9.185185,8.231328999999999,1425700
3459,1993-11-18,9.185185,9.185185,8.777778,8.777778,7.866232000000001,2008800
3460,1993-11-19,8.777778,8.888889,8.703704,8.740741,7.833042,2358400
3461,1993-11-22,8.740741,8.740741,8.296296,8.296296,7.4347520000000005,2592100
3462,1993-11-23,8.407408,8.481482000000002,8.259259,8.296296,7.4347520000000005,2009400
3463,1993-11-24,8.333333,8.518517999999998,8.296296,8.444445,7.567516,2206000
3464,1993-11-26,8.481482000000002,8.592592,8.481482000000002,8.555555,7.667083,500100
3465,1993-11-29,8.555555,8.62963,8.481482000000002,8.518517999999998,7.633897999999999,548200
3466,1993-11-30,8.37037,8.407408,7.851852,7.962963,7.136033,5535900
3467,1993-12-01,7.888889,8.111111,7.888889,7.925926,7.102842,3260400
3468,1993-12-02,7.925926,7.962963,7.407407000000001,7.6666669999999995,6.870507000000001,2786500
3469,1993-12-03,7.6666669999999995,7.925926,7.592592999999999,7.925926,7.102842,1421500
3470,1993-12-06,7.962963,8.111111,7.777778,7.814814999999999,7.003269,2274900
3471,1993-12-07,7.777778,7.777778,7.518517999999999,7.518517999999999,6.737744,1897300
3472,1993-12-08,7.592592999999999,7.592592999999999,7.3333330000000005,7.370369999999999,6.604978,2184400
3473,1993-12-09,7.370369999999999,7.444445,7.074074,7.370369999999999,6.604978,3107800
3474,1993-12-10,7.407407000000001,7.481482000000001,7.370369999999999,7.481482000000001,6.704553,1529700
3475,1993-12-13,7.481482000000001,7.592592999999999,7.370369999999999,7.518517999999999,6.737744,1660500
3476,1993-12-14,7.555555,7.6666669999999995,7.370369999999999,7.370369999999999,6.604978,1408000
3477,1993-12-15,7.370369999999999,7.370369999999999,7.111111,7.185185000000001,6.439025,2072800
3478,1993-12-16,7.185185000000001,7.222222,7.0,7.074074,6.339455,2635800
3479,1993-12-17,7.074074,7.370369999999999,7.037037,7.037037,6.306261,2039800
3480,1993-12-20,7.037037,7.185185000000001,6.962963,7.0,6.27307,2269300
3481,1993-12-21,7.185185000000001,7.222222,7.074074,7.148148,6.405834,1595800
3482,1993-12-22,7.148148,7.185185000000001,7.111111,7.148148,6.405834,1377100
3483,1993-12-23,7.185185000000001,7.185185000000001,7.037037,7.111111,6.372643,1267800
3484,1993-12-27,7.111111,7.185185000000001,7.111111,7.185185000000001,6.449773,934200
3485,1993-12-28,7.185185000000001,7.592592999999999,7.148148,7.555555,6.782238,3359700
3486,1993-12-29,7.592592999999999,7.6666669999999995,7.444445,7.518517999999999,6.748989,1579600
3487,1993-12-30,7.481482000000001,7.518517999999999,7.148148,7.481482000000001,6.715744,1004500
3488,1993-12-31,7.481482000000001,7.518517999999999,7.370369999999999,7.518517999999999,6.748989,1151500
3489,1994-01-03,7.444445,7.481482000000001,7.185185000000001,7.185185000000001,6.449773,3669900
3490,1994-01-04,7.148148,7.185185000000001,6.888889,6.962963,6.250296,4996500
3491,1994-01-05,7.0,7.407407000000001,6.851852,7.296296000000001,6.549511,3385800
3492,1994-01-06,7.259258999999999,7.259258999999999,6.925926,7.037037,6.316788,3218400
3493,1994-01-07,7.0,7.111111,6.962963,7.0,6.283543,1699800
3494,1994-01-10,7.0,7.259258999999999,6.925926,7.074074,6.350034,1673200
3495,1994-01-11,7.074074,7.074074,6.925926,6.925926,6.21705,2026500
3496,1994-01-12,7.111111,7.222222,7.074074,7.074074,6.350034,2938900
3497,1994-01-13,7.111111,7.185185000000001,7.037037,7.148148,6.416526999999999,1581400
3498,1994-01-14,7.148148,7.370369999999999,7.074074,7.185185000000001,6.449773,2575800
3499,1994-01-17,7.222222,7.259258999999999,7.037037,7.074074,6.350034,1899600
3500,1994-01-18,7.111111,7.148148,6.888889,7.037037,6.316788,2910100
3501,1994-01-19,7.111111,7.111111,6.888889,6.888889,6.183804,2069100
3502,1994-01-20,6.962963,7.037037,6.888889,7.037037,6.316788,1855500
3503,1994-01-21,7.148148,7.148148,6.925926,7.0,6.283543,1900800
3504,1994-01-24,7.037037,7.037037,6.814814999999999,6.888889,6.183804,2192500
3505,1994-01-25,7.3333330000000005,7.3333330000000005,7.148148,7.222222,6.48302,4900600
3506,1994-01-26,7.296296000000001,7.370369999999999,7.037037,7.185185000000001,6.449773,3705000
3507,1994-01-27,7.185185000000001,7.296296000000001,7.111111,7.222222,6.48302,2375500
3508,1994-01-28,7.259258999999999,7.259258999999999,7.111111,7.148148,6.416526999999999,2017500
3509,1994-01-31,7.111111,7.148148,7.0,7.037037,6.316788,2247900
3510,1994-02-01,7.0,7.222222,6.888889,7.185185000000001,6.449773,3726600
3511,1994-02-02,7.222222,7.3333330000000005,7.185185000000001,7.222222,6.48302,1846900
3512,1994-02-03,7.296296000000001,7.296296000000001,7.185185000000001,7.259258999999999,6.516266000000001,1377900
3513,1994-02-04,7.296296000000001,7.3333330000000005,7.0,7.037037,6.316788,1634800
3514,1994-02-07,7.0,7.3333330000000005,7.0,7.259258999999999,6.516266000000001,2273500
3515,1994-02-08,7.296296000000001,7.3333330000000005,7.111111,7.148148,6.416526999999999,1186200
3516,1994-02-09,7.148148,7.148148,7.074074,7.111111,6.383282,1083600
3517,1994-02-10,7.148148,7.259258999999999,7.037037,7.074074,6.350034,1365700
3518,1994-02-11,7.074074,7.111111,7.037037,7.111111,6.383282,606700
3519,1994-02-14,7.111111,7.185185000000001,7.074074,7.111111,6.383282,735000
3520,1994-02-15,7.148148,7.148148,7.037037,7.074074,6.350034,681700
3521,1994-02-16,7.074074,7.074074,6.962963,7.0,6.283543,774400
3522,1994-02-17,7.074074,7.148148,6.962963,7.0,6.283543,1385200
3523,1994-02-18,7.037037,7.037037,6.925926,6.962963,6.250296,1189300
3524,1994-02-22,7.0,7.0,6.851852,6.925926,6.21705,951700
3525,1994-02-23,7.0,7.037037,6.962963,7.0,6.283543,641200
3526,1994-02-24,7.0,7.0,6.925926,6.962963,6.250296,534700
3527,1994-02-25,6.925926,6.962963,6.851852,6.888889,6.183804,879400
3528,1994-02-28,7.0,7.037037,6.888889,7.0,6.283543,720400
3529,1994-03-01,6.925926,7.0,6.888889,6.962963,6.250296,697500
3530,1994-03-02,6.888889,6.925926,6.814814999999999,6.888889,6.183804,608800
3531,1994-03-03,6.925926,6.925926,6.740741000000001,6.814814999999999,6.117311,970600
3532,1994-03-04,6.814814999999999,6.814814999999999,6.518518,6.629630000000001,5.951078,2601600
3533,1994-03-07,6.629630000000001,6.703703999999999,6.592592999999999,6.629630000000001,5.951078,1053600
3534,1994-03-08,6.629630000000001,6.703703999999999,6.592592999999999,6.629630000000001,5.951078,720900
3535,1994-03-09,6.6666669999999995,6.925926,6.555555,6.925926,6.21705,1467000
3536,1994-03-10,6.962963,7.074074,6.814814999999999,6.925926,6.21705,1849500
3537,1994-03-11,6.888889,6.925926,6.777778,6.777778,6.084064,758700
3538,1994-03-14,6.888889,6.925926,6.814814999999999,6.814814999999999,6.117311,652000
3539,1994-03-15,6.814814999999999,6.888889,6.814814999999999,6.814814999999999,6.117311,351100
3540,1994-03-16,6.814814999999999,6.814814999999999,6.703703999999999,6.740741000000001,6.050818,742000
3541,1994-03-17,6.777778,6.777778,5.851852,6.037037000000001,5.419137999999999,10231800
3542,1994-03-18,6.0,6.037037000000001,5.6666669999999995,5.777778,5.186417,9130900
3543,1994-03-21,5.703704,5.962962999999999,5.6666669999999995,5.962962999999999,5.352648,4157500
3544,1994-03-22,5.962962999999999,5.962962999999999,5.777778,5.814815,5.2196620000000005,2119500
3545,1994-03-23,5.851852,5.888889,5.555555,5.555555,4.986937,2990200
3546,1994-03-24,5.518518,5.592593,5.407407,5.518518,4.953693,3426300
3547,1994-03-25,5.555555,5.6666669999999995,5.407407,5.407407,4.864398,2135700
3548,1994-03-28,5.444445,5.444445,5.222222,5.407407,4.864398,2288200
3549,1994-03-29,5.3333330000000005,5.3333330000000005,5.111111,5.111111,4.597857,2447500
3550,1994-03-30,5.148148,5.148148,4.703704,4.962962999999999,4.464586,3731500
3551,1994-03-31,5.0,5.222222,4.851852,5.185185,4.664491,2644200
3552,1994-04-04,5.0,5.185185,4.9259260000000005,5.0740739999999995,4.564538,1609800
3553,1994-04-05,5.296296,5.3333330000000005,5.0,5.037037000000001,4.5312209999999995,2511000
3554,1994-04-06,5.037037000000001,5.111111,4.814815,4.9259260000000005,4.431268,1715400
3555,1994-04-07,4.9259260000000005,5.037037000000001,4.851852,5.037037000000001,4.5312209999999995,966600
3556,1994-04-08,5.037037000000001,5.037037000000001,4.9259260000000005,4.9259260000000005,4.431268,969400
3557,1994-04-11,4.9259260000000005,5.037037000000001,4.9259260000000005,4.9259260000000005,4.431268,771400
3558,1994-04-12,4.9259260000000005,4.9259260000000005,4.814815,4.814815,4.331313,1271800
3559,1994-04-13,4.851852,4.851852,4.629630000000001,4.703704,4.231358999999999,2172300
3560,1994-04-14,4.703704,5.185185,4.6666669999999995,5.0740739999999995,4.564538,4481500
3561,1994-04-15,5.185185,5.185185,4.9259260000000005,4.9259260000000005,4.431268,2441700
3562,1994-04-18,4.962962999999999,5.111111,4.9259260000000005,5.111111,4.597857,2057400
3563,1994-04-19,5.148148,5.185185,4.962962999999999,5.037037000000001,4.5312209999999995,1360900
3564,1994-04-20,5.037037000000001,5.037037000000001,4.851852,4.888889,4.397949,1364100
3565,1994-04-21,4.888889,5.148148,4.814815,5.111111,4.597857,1636200
3566,1994-04-22,5.185185,5.3333330000000005,5.148148,5.3333330000000005,4.7977620000000005,2088600
3567,1994-04-25,5.259258999999999,5.370369999999999,5.185185,5.3333330000000005,4.7977620000000005,947800
3568,1994-04-26,5.370369999999999,5.407407,5.259258999999999,5.407407,4.864398,988300
3569,1994-04-28,5.3333330000000005,5.407407,5.111111,5.259258999999999,4.731126000000001,1534500
3570,1994-04-29,5.259258999999999,5.592593,5.259258999999999,5.592593,5.030989,2740600
3571,1994-05-02,5.444445,5.740741000000001,5.3333330000000005,5.629630000000001,5.064306,3637500
3572,1994-05-03,5.629630000000001,5.6666669999999995,5.444445,5.518518,4.964351000000001,1724100
3573,1994-05-04,5.629630000000001,5.814815,5.629630000000001,5.703704,5.130942,3480400
3574,1994-05-05,5.740741000000001,5.851852,5.740741000000001,5.851852,5.264211,2262600
3575,1994-05-06,5.777778,5.962962999999999,5.740741000000001,5.851852,5.264211,3007000
3576,1994-05-09,5.777778,5.777778,5.555555,5.592593,5.030989,1777500
3577,1994-05-10,5.629630000000001,5.629630000000001,5.481482,5.518518,4.964351000000001,1941300
3578,1994-05-11,5.555555,5.592593,5.481482,5.481482,4.9310339999999995,1080600
3579,1994-05-12,5.518518,5.592593,5.518518,5.555555,4.997669999999999,706200
3580,1994-05-13,5.555555,5.814815,5.444445,5.814815,5.2308959999999995,1271200
3581,1994-05-16,5.703704,5.888889,5.592593,5.6666669999999995,5.097622,1511200
3582,1994-05-17,5.703704,6.0,5.6666669999999995,5.851852,5.264211,2004900
3583,1994-05-18,5.888889,5.962962999999999,5.851852,5.9259260000000005,5.330846,1888600
3584,1994-05-19,5.962962999999999,5.962962999999999,5.814815,5.888889,5.29753,1029300
3585,1994-05-20,5.9259260000000005,5.9259260000000005,5.777778,5.777778,5.197577,592800
3586,1994-05-23,5.814815,5.851852,5.740741000000001,5.814815,5.2308959999999995,536500
3587,1994-05-24,5.851852,6.0,5.814815,5.851852,5.264211,1256800
3588,1994-05-25,5.814815,5.851852,5.777778,5.851852,5.264211,765000
3589,1994-05-26,5.851852,5.888889,5.777778,5.851852,5.264211,789900
3590,1994-05-27,5.851852,5.851852,5.740741000000001,5.777778,5.197577,684400
3591,1994-05-31,5.777778,5.777778,5.6666669999999995,5.6666669999999995,5.097622,1056600
3592,1994-06-01,5.703704,5.814815,5.592593,5.777778,5.197577,1468800
3593,1994-06-02,5.814815,6.3333330000000005,5.740741000000001,6.296296,5.664026,6075000
3594,1994-06-03,6.222222,6.481482,6.185185,6.185185,5.56407,3171100
3595,1994-06-06,6.296296,6.3333330000000005,6.185185,6.259258999999999,5.630706,994500
3596,1994-06-07,6.296296,6.481482,6.259258999999999,6.444445,5.797296,1798200
3597,1994-06-08,6.407407,6.518518,6.185185,6.222222,5.59739,1453500
3598,1994-06-09,6.3333330000000005,6.407407,6.259258999999999,6.3333330000000005,5.697343,1701900
3599,1994-06-10,6.370369999999999,6.407407,6.259258999999999,6.296296,5.664026,760600
3600,1994-06-13,6.3333330000000005,6.3333330000000005,6.185185,6.296296,5.664026,759600
3601,1994-06-14,6.259258999999999,6.3333330000000005,6.185185,6.296296,5.664026,1088700
3602,1994-06-15,6.3333330000000005,6.3333330000000005,6.185185,6.185185,5.56407,649300
3603,1994-06-16,6.259258999999999,6.259258999999999,6.148148,6.222222,5.59739,926700
3604,1994-06-17,6.185185,6.185185,5.962962999999999,6.0740739999999995,5.464118,1130800
3605,1994-06-20,6.111111,6.148148,5.962962999999999,5.962962999999999,5.364166,931500
3606,1994-06-21,6.037037000000001,6.148148,6.0,6.037037000000001,5.4308,1562500
3607,1994-06-22,6.296296,6.3333330000000005,6.185185,6.259258999999999,5.630706,1976500
3608,1994-06-23,6.222222,6.481482,6.222222,6.370369999999999,5.730659999999999,2779800
3609,1994-06-24,6.370369999999999,6.370369999999999,6.259258999999999,6.296296,5.674582,1368100
3610,1994-06-27,6.296296,6.629630000000001,6.259258999999999,6.481482,5.841480000000001,2721100
3611,1994-06-28,6.518518,6.814814999999999,6.518518,6.777778,6.108521,2354400
3612,1994-06-29,6.777778,6.777778,6.518518,6.518518,5.87486,1015800
3613,1994-06-30,6.518518,6.518518,6.296296,6.296296,5.674582,739300
3614,1994-07-01,6.370369999999999,6.444445,6.3333330000000005,6.407407,5.7747209999999995,801400
3615,1994-07-05,6.407407,6.555555,6.3333330000000005,6.407407,5.7747209999999995,1051600
3616,1994-07-06,6.407407,6.407407,6.296296,6.3333330000000005,5.707961,425200
3617,1994-07-07,6.3333330000000005,6.444445,6.296296,6.3333330000000005,5.707961,629700
3618,1994-07-08,6.296296,6.3333330000000005,6.222222,6.259258999999999,5.6412,714300
3619,1994-07-11,6.3333330000000005,6.370369999999999,6.0740739999999995,6.259258999999999,5.6412,1821300
3620,1994-07-12,6.296296,6.444445,6.296296,6.444445,5.8081,959400
3621,1994-07-13,6.444445,6.555555,6.407407,6.407407,5.7747209999999995,1290600
3622,1994-07-14,6.481482,6.481482,6.370369999999999,6.407407,5.7747209999999995,546700
3623,1994-07-15,6.407407,6.481482,6.407407,6.407407,5.7747209999999995,567900
3624,1994-07-18,6.444445,6.518518,6.370369999999999,6.370369999999999,5.74134,770100
3625,1994-07-19,6.407407,6.407407,6.185185,6.407407,5.7747209999999995,1332000
3626,1994-07-20,6.370369999999999,6.518518,6.3333330000000005,6.481482,5.841480000000001,1323900
3627,1994-07-21,6.814814999999999,7.037037,6.6666669999999995,6.703703999999999,6.04176,6415800
3628,1994-07-22,6.777778,6.851852,6.518518,6.629630000000001,5.975,2378800
3629,1994-07-25,6.592592999999999,6.814814999999999,6.592592999999999,6.740741000000001,6.075141,1929300
3630,1994-07-26,6.777778,6.888889,6.629630000000001,6.629630000000001,5.975,899100
3631,1994-07-27,6.6666669999999995,6.6666669999999995,6.555555,6.555555,5.908239,829800
3632,1994-07-28,6.592592999999999,6.629630000000001,6.444445,6.444445,5.8081,1139500
3633,1994-07-29,6.518518,6.740741000000001,6.518518,6.555555,5.908239,1881900
3634,1994-08-01,6.592592999999999,6.629630000000001,6.444445,6.444445,5.8081,1082200
3635,1994-08-02,6.481482,6.703703999999999,6.370369999999999,6.703703999999999,6.04176,1528200
3636,1994-08-03,6.888889,6.888889,6.703703999999999,6.777778,6.108521,2346300
3637,1994-08-04,6.851852,6.962963,6.777778,6.888889,6.208661,1802400
3638,1994-08-05,6.814814999999999,7.074074,6.740741000000001,7.074074,6.375558,1593100
3639,1994-08-08,6.962963,7.0,6.888889,6.925926,6.24204,1250200
3640,1994-08-09,6.925926,7.0,6.888889,6.962963,6.2754199999999996,870900
3641,1994-08-10,7.0,7.185185000000001,7.0,7.185185000000001,6.475698,1830700
3642,1994-08-11,7.111111,7.185185000000001,7.0,7.074074,6.375558,817300
3643,1994-08-12,7.111111,7.148148,7.037037,7.074074,6.375558,735700
3644,1994-08-15,7.111111,7.111111,7.0,7.037037,6.342179,512200
3645,1994-08-16,7.074074,7.148148,7.037037,7.148148,6.44232,1065100
3646,1994-08-17,7.111111,7.185185000000001,7.037037,7.111111,6.408939,885100
3647,1994-08-18,7.296296000000001,7.925926,7.185185000000001,7.777778,7.009777000000001,7294200
3648,1994-08-19,7.777778,7.851852,7.6666669999999995,7.703703999999999,6.943017,2573700
3649,1994-08-22,7.703703999999999,8.037037,7.703703999999999,7.925926,7.1432970000000005,3029500
3650,1994-08-23,8.0,8.111111,7.629630000000001,7.777778,7.009777000000001,2669100
3651,1994-08-24,7.6666669999999995,7.740741000000001,7.407407000000001,7.407407000000001,6.675978999999999,2144400
3652,1994-08-25,7.555555,7.740741000000001,7.555555,7.740741000000001,6.976399000000001,1565200
3653,1994-08-26,7.703703999999999,7.777778,7.555555,7.555555,6.809498,1357300
3654,1994-08-29,7.629630000000001,7.851852,7.629630000000001,7.740741000000001,6.976399000000001,1574100
3655,1994-08-30,7.777778,7.777778,7.629630000000001,7.6666669999999995,6.909638,1293900
3656,1994-08-31,7.629630000000001,7.6666669999999995,7.481482000000001,7.629630000000001,6.876258999999999,1984600
3657,1994-09-01,7.629630000000001,7.740741000000001,7.518517999999999,7.740741000000001,6.976399000000001,1905700
3658,1994-09-02,7.703703999999999,7.703703999999999,7.555555,7.592592999999999,6.842878,447400
3659,1994-09-06,7.592592999999999,7.6666669999999995,7.555555,7.6666669999999995,6.909638,630600
3660,1994-09-07,7.6666669999999995,7.740741000000001,7.592592999999999,7.592592999999999,6.842878,732300
3661,1994-09-08,7.629630000000001,7.777778,7.592592999999999,7.740741000000001,6.976399000000001,1496400
3662,1994-09-09,7.703703999999999,7.777778,7.629630000000001,7.6666669999999995,6.909638,2116300
3663,1994-09-12,7.6666669999999995,7.703703999999999,7.592592999999999,7.703703999999999,6.943017,648600
3664,1994-09-13,7.740741000000001,7.814814999999999,7.703703999999999,7.740741000000001,6.976399000000001,1120500
3665,1994-09-14,7.777778,7.814814999999999,7.6666669999999995,7.703703999999999,6.943017,584500
3666,1994-09-15,7.629630000000001,7.777778,7.592592999999999,7.703703999999999,6.943017,727600
3667,1994-09-16,7.6666669999999995,7.703703999999999,7.592592999999999,7.6666669999999995,6.909638,886200
3668,1994-09-19,7.703703999999999,7.703703999999999,7.629630000000001,7.703703999999999,6.943017,513000
3669,1994-09-20,7.703703999999999,7.703703999999999,7.481482000000001,7.518517999999999,6.776117999999999,1316400
3670,1994-09-21,7.555555,7.555555,7.185185000000001,7.185185000000001,6.475698,2195100
3671,1994-09-22,7.222222,7.3333330000000005,7.185185000000001,7.185185000000001,6.475698,1250700
3672,1994-09-23,7.222222,7.370369999999999,7.185185000000001,7.185185000000001,6.475698,1537200
3673,1994-09-26,7.185185000000001,7.296296000000001,7.111111,7.259258999999999,6.555974000000001,868900
3674,1994-09-27,7.259258999999999,7.518517999999999,7.259258999999999,7.481482000000001,6.756666,1099500
3675,1994-09-28,7.518517999999999,7.703703999999999,7.481482000000001,7.703703999999999,6.957357000000001,1484200
3676,1994-09-29,7.629630000000001,7.629630000000001,7.518517999999999,7.555555,6.823563,541300
3677,1994-09-30,7.555555,7.629630000000001,7.555555,7.555555,6.823563,788500
3678,1994-10-03,7.629630000000001,7.703703999999999,7.444445,7.6666669999999995,6.92391,1448100
3679,1994-10-04,7.740741000000001,7.777778,7.629630000000001,7.703703999999999,6.957357000000001,1936500
3680,1994-10-05,7.703703999999999,7.703703999999999,7.555555,7.629630000000001,6.890461,1272600
3681,1994-10-06,7.629630000000001,7.629630000000001,7.555555,7.555555,6.823563,452800
3682,1994-10-07,7.592592999999999,7.814814999999999,7.555555,7.740741000000001,6.990808,1402600
3683,1994-10-10,7.814814999999999,8.444445,7.740741000000001,8.407408,7.592888,5258200
3684,1994-10-11,8.407408,8.407408,8.185185,8.185185,7.392192999999999,3366900
3685,1994-10-12,8.185185,8.296296,8.148149,8.259259,7.45909,1313700
3686,1994-10-13,8.333333,8.37037,8.148149,8.148149,7.358746000000001,1037400
3687,1994-10-14,8.148149,8.222222,8.0,8.185185,7.392192999999999,756100
3688,1994-10-17,8.259259,8.481482000000002,8.222222,8.333333,7.525988000000001,1562800
3689,1994-10-18,8.407408,8.62963,8.37037,8.481482000000002,7.659786,1996600
3690,1994-10-19,8.555555,8.703704,8.518517999999998,8.555555,7.726682,1431600
3691,1994-10-20,8.592592,8.592592,8.407408,8.444445,7.626336,1341900
3692,1994-10-21,8.518517999999998,8.62963,8.481482000000002,8.62963,7.793577,1488300
3693,1994-10-24,8.703704,8.814815,8.666667,8.703704,7.860475999999999,2206500
3694,1994-10-25,8.814815,8.814815,8.666667,8.777778,7.927372,2550100
3695,1994-10-26,8.777778,8.851851,8.074074000000001,8.518517999999998,7.693232000000001,6334200
3696,1994-10-27,8.518517999999998,8.555555,8.407408,8.481482000000002,7.659786,2494900
3697,1994-10-28,8.444445,8.481482000000002,8.37037,8.407408,7.592888,2611500
3698,1994-10-31,8.37037,8.407408,8.259259,8.296296,7.492539999999999,2012100
3699,1994-11-01,8.259259,8.333333,8.111111,8.296296,7.492539999999999,1716700
3700,1994-11-02,8.296296,8.333333,8.148149,8.148149,7.358746000000001,1473700
3701,1994-11-03,8.185185,8.259259,8.148149,8.222222,7.425642,855100
3702,1994-11-04,8.296296,8.407408,8.222222,8.222222,7.425642,1117000
3703,1994-11-07,8.296296,8.333333,8.185185,8.259259,7.45909,748800
3704,1994-11-08,8.259259,8.481482000000002,8.259259,8.37037,7.559436,1018500
3705,1994-11-09,8.481482000000002,8.555555,8.407408,8.481482000000002,7.659786,1468300
3706,1994-11-10,8.518517999999998,8.666667,8.481482000000002,8.592592,7.760128999999999,1322200
3707,1994-11-11,8.592592,8.62963,8.481482000000002,8.555555,7.726682,1125400
3708,1994-11-14,8.555555,8.814815,8.555555,8.777778,7.927372,1629600
3709,1994-11-15,8.703704,8.777778,8.444445,8.555555,7.726682,1092700
3710,1994-11-16,8.481482000000002,8.666667,8.481482000000002,8.666667,7.827025999999999,831600
3711,1994-11-17,8.740741,8.740741,8.592592,8.592592,7.760128999999999,629700
3712,1994-11-18,8.592592,8.703704,8.555555,8.62963,7.793577,990900
3713,1994-11-21,8.666667,8.666667,8.555555,8.62963,7.793577,1051200
3714,1994-11-22,8.555555,8.555555,8.37037,8.407408,7.592888,1850800
3715,1994-11-23,8.296296,8.296296,7.925926,8.074074000000001,7.2918449999999995,2520000
3716,1994-11-25,8.111111,8.37037,8.111111,8.37037,7.559436,493300
3717,1994-11-28,8.37037,8.518517999999998,8.333333,8.444445,7.626336,719500
3718,1994-11-29,8.444445,8.518517999999998,8.37037,8.444445,7.626336,899100
3719,1994-11-30,8.518517999999998,8.666667,8.518517999999998,8.518517999999998,7.693232000000001,1100200
3720,1994-12-01,8.518517999999998,8.518517999999998,8.37037,8.407408,7.592888,757500
3721,1994-12-02,8.407408,8.62963,8.407408,8.518517999999998,7.693232000000001,1818600
3722,1994-12-05,8.518517999999998,8.62963,8.518517999999998,8.555555,7.726682,756900
3723,1994-12-06,8.555555,8.666667,8.518517999999998,8.62963,7.793577,969900
3724,1994-12-07,8.592592,8.703704,8.518517999999998,8.666667,7.827025999999999,1051600
3725,1994-12-08,8.740741,8.777778,8.222222,8.259259,7.45909,1503900
3726,1994-12-09,8.222222,8.259259,7.851852,7.962963,7.191499,1982400
3727,1994-12-12,8.074074000000001,8.148149,7.888889,7.888889,7.124603,1949500
3728,1994-12-13,7.925926,8.037037,7.925926,7.925926,7.1580509999999995,1985100
3729,1994-12-14,8.0,8.259259,8.0,8.222222,7.425642,1265800
3730,1994-12-15,8.148149,8.333333,8.111111,8.259259,7.45909,642700
3731,1994-12-16,8.148149,8.333333,8.148149,8.333333,7.525988000000001,766900
3732,1994-12-19,8.296296,8.407408,8.259259,8.37037,7.559436,744700
3733,1994-12-20,8.444445,8.555555,7.703703999999999,7.703703999999999,6.957357000000001,3967800
3734,1994-12-21,7.740741000000001,7.925926,7.259258999999999,7.851852,7.091152,6944500
3735,1994-12-22,7.925926,8.074074000000001,7.888889,7.962963,7.191499,2270200
3736,1994-12-23,7.925926,8.0,7.888889,7.925926,7.174069,719500
3737,1994-12-27,8.074074000000001,8.074074000000001,7.814814999999999,7.851852,7.1070210000000005,592800
3738,1994-12-28,7.851852,7.962963,7.851852,7.888889,7.1405449999999995,635100
3739,1994-12-29,7.925926,8.074074000000001,7.925926,7.962963,7.207592,727600
3740,1994-12-30,8.037037,8.148149,7.962963,8.0,7.241117,741300
3741,1995-01-03,8.074074000000001,8.074074000000001,7.629630000000001,7.6666669999999995,6.939404,822100
3742,1995-01-04,7.703703999999999,7.777778,7.6666669999999995,7.6666669999999995,6.939404,711600
3743,1995-01-05,7.703703999999999,7.740741000000001,7.6666669999999995,7.703703999999999,6.972928,1123300
3744,1995-01-06,7.703703999999999,7.777778,7.629630000000001,7.703703999999999,6.972928,1012600
3745,1995-01-09,7.6666669999999995,7.703703999999999,7.481482000000001,7.555555,6.838833,700600
3746,1995-01-10,7.518517999999999,7.518517999999999,7.3333330000000005,7.370369999999999,6.671214999999999,1785600
3747,1995-01-11,7.407407000000001,7.6666669999999995,7.3333330000000005,7.6666669999999995,6.939404,1409500
3748,1995-01-12,7.740741000000001,7.814814999999999,7.740741000000001,7.777778,7.039974000000001,812700
3749,1995-01-13,7.777778,7.888889,7.740741000000001,7.814814999999999,7.0735,838500
3750,1995-01-16,7.851852,8.037037,7.851852,8.0,7.241117,616500
3751,1995-01-17,7.962963,8.148149,7.962963,8.074074000000001,7.308161999999999,687100
3752,1995-01-18,8.037037,8.185185,8.0,8.0,7.241117,1032700
3753,1995-01-19,8.111111,8.148149,8.0,8.111111,7.341688,685300
3754,1995-01-20,8.296296,8.296296,7.925926,8.0,7.241117,1002300
3755,1995-01-23,7.962963,7.962963,7.777778,7.851852,7.1070210000000005,1203700
3756,1995-01-24,8.148149,8.481482000000002,8.037037,8.444445,7.643401,3776800
3757,1995-01-25,8.444445,8.444445,8.185185,8.259259,7.475781,2523300
3758,1995-01-26,8.148149,8.296296,8.111111,8.296296,7.509306,891600
3759,1995-01-27,8.259259,8.37037,8.222222,8.37037,7.576353999999999,1333000
3760,1995-01-30,8.407408,8.407408,8.259259,8.296296,7.509306,764200
3761,1995-01-31,8.296296,8.37037,8.222222,8.296296,7.509306,834300
3762,1995-02-01,8.407408,8.481482000000002,8.333333,8.444445,7.643401,1403200
3763,1995-02-02,8.444445,8.666667,8.407408,8.555555,7.7439729999999996,1340700
3764,1995-02-03,8.62963,8.888889,8.62963,8.777778,7.945114,2628400
3765,1995-02-06,8.814815,8.851851,8.740741,8.777778,7.945114,1283800
3766,1995-02-07,8.814815,8.888889,8.814815,8.888889,8.045686,1734700
3767,1995-02-08,8.851851,9.0,8.814815,8.851851,8.012163000000001,1775200
3768,1995-02-09,8.962963,9.185185,8.925925999999999,8.925925999999999,8.079209,1868400
3769,1995-02-10,8.925925999999999,9.037037,8.888889,8.962963,8.112733,1173300
3770,1995-02-13,9.0,9.074074000000001,8.925925999999999,9.037037,8.179780000000001,1793700
3771,1995-02-14,9.074074000000001,9.074074000000001,8.851851,8.888889,8.045686,1205100
3772,1995-02-15,8.925925999999999,9.037037,8.851851,8.888889,8.045686,1240800
3773,1995-02-16,8.925925999999999,8.962963,8.888889,8.888889,8.045686,578700
3774,1995-02-17,8.925925999999999,9.037037,8.888889,9.0,8.146258,783600
3775,1995-02-21,8.962963,9.111111,8.962963,9.037037,8.179780000000001,678300
3776,1995-02-22,9.037037,9.185185,8.962963,9.185185,8.313874,1345500
3777,1995-02-23,9.185185,9.259259,9.111111,9.185185,8.313874,1190700
3778,1995-02-24,9.185185,9.259259,9.111111,9.222222,8.347397,813600
3779,1995-02-27,9.185185,9.296296,9.074074000000001,9.185185,8.313874,946500
3780,1995-02-28,9.185185,9.259259,9.148149,9.259259,8.380921,751500
3781,1995-03-01,9.185185,9.222222,9.148149,9.222222,8.347397,881500
3782,1995-03-02,9.185185,9.185185,8.962963,9.074074000000001,8.213299000000001,2855200
3783,1995-03-03,9.0,9.037037,8.888889,8.925925999999999,8.079209,1201600
3784,1995-03-06,8.814815,9.148149,8.666667,9.148149,8.28035,1477800
3785,1995-03-07,9.111111,9.185185,8.962963,9.0,8.146258,538200
3786,1995-03-08,8.962963,9.0,8.814815,8.814815,7.978636999999999,872700
3787,1995-03-09,8.888889,8.888889,8.814815,8.851851,8.012163000000001,416400
3788,1995-03-10,8.851851,9.148149,8.777778,9.074074000000001,8.213299000000001,1397200
3789,1995-03-13,8.962963,9.0,8.814815,8.851851,8.012163000000001,1045800
3790,1995-03-14,8.851851,9.111111,8.851851,9.037037,8.179780000000001,1019400
3791,1995-03-15,8.962963,9.111111,8.962963,9.0,8.146258,483400
3792,1995-03-16,9.0,9.185185,9.0,9.074074000000001,8.213299000000001,725800
3793,1995-03-17,9.074074000000001,9.407408,9.0,9.333333,8.447969,1856400
3794,1995-03-20,9.333333,9.666667,9.333333,9.592592,8.682635000000001,1429800
3795,1995-03-21,9.592592,9.777778,9.555555,9.592592,8.682635000000001,1748400
3796,1995-03-22,9.592592,9.851851,9.518517999999998,9.777778,8.850254,1669200
3797,1995-03-23,9.740741,9.888889,9.740741,9.851851,8.917302000000001,1719900
3798,1995-03-24,9.814815,10.0,9.814815,9.962963,9.017872,1080600
3799,1995-03-27,9.888889,9.925925999999999,9.740741,9.888889,8.96415,1221900
3800,1995-03-28,9.888889,9.888889,9.481482000000002,9.703704,8.796282000000001,2357200
3801,1995-03-29,9.740741,9.925925999999999,9.481482000000002,9.592592,8.69556,1485900
3802,1995-03-30,9.518517999999998,9.666667,9.37037,9.481482000000002,8.594838000000001,921600
3803,1995-03-31,9.37037,9.518517999999998,9.037037,9.407408,8.527693,1158900
3804,1995-04-03,9.333333,9.407408,9.222222,9.407408,8.527693,1399900
3805,1995-04-04,9.481482000000002,9.518517999999998,9.333333,9.37037,8.494119,1053900
3806,1995-04-05,9.296296,9.407408,9.185185,9.37037,8.494119,1354600
3807,1995-04-06,9.37037,9.407408,9.296296,9.296296,8.426971,510400
3808,1995-04-07,9.296296,9.37037,9.296296,9.333333,8.460546,765000
3809,1995-04-10,9.296296,9.37037,9.259259,9.259259,8.393399,664200
3810,1995-04-11,9.259259,9.37037,9.222222,9.222222,8.359825,384700
3811,1995-04-12,9.259259,9.296296,9.222222,9.259259,8.393399,655600
3812,1995-04-13,9.259259,9.518517999999998,9.222222,9.518517999999998,8.628417,1065300
3813,1995-04-17,9.555555,9.592592,9.37037,9.407408,8.527693,1161100
3814,1995-04-18,9.444445,9.444445,9.333333,9.333333,8.460546,381600
3815,1995-04-19,9.333333,9.37037,9.111111,9.148149,8.292678,695200
3816,1995-04-20,9.185185,9.296296,9.074074000000001,9.074074000000001,8.225529,783100
3817,1995-04-21,9.148149,9.148149,8.962963,9.0,8.158384,814000
3818,1995-04-24,9.0,9.259259,8.888889,9.185185,8.326248,911200
3819,1995-04-25,9.259259,9.444445,9.259259,9.407408,8.527693,1242900
3820,1995-04-26,9.37037,9.37037,9.074074000000001,9.074074000000001,8.225529,743100
3821,1995-04-27,9.0,9.148149,9.0,9.111111,8.259105,1063000
3822,1995-04-28,9.111111,9.185185,9.037037,9.111111,8.259105,664300
3823,1995-05-01,9.111111,9.148149,8.962963,9.037037,8.191957,746100
3824,1995-05-02,8.962963,9.037037,8.962963,9.0,8.158384,1023400
3825,1995-05-03,9.111111,9.37037,9.111111,9.259259,8.393399,4229700
3826,1995-05-04,9.37037,9.444445,9.185185,9.259259,8.393399,2063400
3827,1995-05-05,9.296296,9.37037,9.148149,9.148149,8.292678,1508500
3828,1995-05-08,9.148149,9.185185,9.037037,9.037037,8.191957,740400
3829,1995-05-09,8.962963,9.037037,8.703704,8.740741,7.923366000000001,2255800
3830,1995-05-10,8.814815,8.814815,8.703704,8.740741,7.923366000000001,1179900
3831,1995-05-11,8.740741,8.777778,8.518517999999998,8.703704,7.8897949999999994,1572700
3832,1995-05-12,8.703704,8.851851,8.592592,8.666667,7.8562199999999995,1678000
3833,1995-05-15,8.592592,8.62963,8.222222,8.37037,7.587633,2266600
3834,1995-05-16,8.333333,8.666667,8.296296,8.592592,7.789075,2594200
3835,1995-05-17,8.666667,8.814815,8.592592,8.703704,7.8897949999999994,1919200
3836,1995-05-18,8.703704,8.740741,8.481482000000002,8.555555,7.755499,889600
3837,1995-05-19,8.518517999999998,8.62963,8.518517999999998,8.555555,7.755499,893800
3838,1995-05-22,8.555555,8.62963,8.518517999999998,8.592592,7.789075,2829100
3839,1995-05-23,8.592592,8.62963,8.444445,8.481482000000002,7.6883539999999995,2007600
3840,1995-05-24,8.481482000000002,8.518517999999998,8.37037,8.481482000000002,7.6883539999999995,2928300
3841,1995-05-25,8.481482000000002,8.851851,8.444445,8.703704,7.8897949999999994,3503200
3842,1995-05-26,8.444445,8.444445,8.185185,8.37037,7.587633,3221200
3843,1995-05-30,8.481482000000002,8.481482000000002,8.222222,8.407408,7.6212089999999995,1201000
3844,1995-05-31,8.333333,8.555555,8.259259,8.481482000000002,7.6883539999999995,1140000
3845,1995-06-01,8.407408,8.444445,8.37037,8.444445,7.6547789999999996,1104400
3846,1995-06-02,8.37037,8.444445,8.296296,8.333333,7.554059,1449900
3847,1995-06-05,8.296296,8.518517999999998,8.296296,8.518517999999998,7.721926,780900
3848,1995-06-06,8.518517999999998,8.703704,8.518517999999998,8.592592,7.789075,935100
3849,1995-06-07,8.62963,8.777778,8.518517999999998,8.592592,7.789075,880800
3850,1995-06-08,8.592592,8.592592,8.407408,8.481482000000002,7.6883539999999995,645300
3851,1995-06-09,8.407408,8.555555,8.296296,8.555555,7.755499,1133500
3852,1995-06-12,8.555555,8.592592,8.481482000000002,8.592592,7.789075,889200
3853,1995-06-13,8.481482000000002,8.62963,8.444445,8.592592,7.789075,1140000
3854,1995-06-14,8.592592,8.666667,8.518517999999998,8.62963,7.822647999999999,733000
3855,1995-06-15,8.703704,8.740741,8.592592,8.62963,7.822647999999999,806500
3856,1995-06-16,8.62963,8.62963,8.481482000000002,8.592592,7.789075,899100
3857,1995-06-19,8.518517999999998,8.740741,8.518517999999998,8.703704,7.8897949999999994,932800
3858,1995-06-20,8.740741,8.740741,8.518517999999998,8.592592,7.789075,1065300
3859,1995-06-21,8.666667,8.740741,8.592592,8.703704,7.8897949999999994,899100
3860,1995-06-22,8.777778,9.222222,8.740741,9.111111,8.259105,2050600
3861,1995-06-23,8.962963,9.037037,8.888889,8.962963,8.124813,1360000
3862,1995-06-26,8.925925999999999,9.148149,8.925925999999999,9.0,8.158384,1348800
3863,1995-06-27,8.962963,8.962963,8.740741,8.777778,7.956942999999999,935100
3864,1995-06-28,8.777778,9.074074000000001,8.62963,9.074074000000001,8.225529,2170300
3865,1995-06-29,9.111111,9.37037,9.074074000000001,9.259259,8.407119,2686600
3866,1995-06-30,9.259259,9.259259,9.074074000000001,9.111111,8.272606,645900
3867,1995-07-03,9.111111,9.111111,9.0,9.037037,8.20535,444100
3868,1995-07-05,9.037037,9.037037,8.925925999999999,9.0,8.171721,1214200
3869,1995-07-06,9.037037,9.148149,9.0,9.148149,8.306231,1566600
3870,1995-07-07,9.148149,9.296296,9.037037,9.074074000000001,8.238974,1871700
3871,1995-07-10,9.037037,9.111111,8.740741,8.740741,7.9363220000000005,1731300
3872,1995-07-11,8.777778,8.777778,8.555555,8.62963,7.835435,3163600
3873,1995-07-12,8.555555,8.62963,8.259259,8.407408,7.633667,5597700
3874,1995-07-13,8.407408,8.555555,8.37037,8.518517999999998,7.73455,3098200
3875,1995-07-14,8.481482000000002,8.740741,8.37037,8.666667,7.869063000000001,1866600
3876,1995-07-17,8.592592,8.666667,8.444445,8.555555,7.768178999999999,1774000
3877,1995-07-18,8.518517999999998,8.592592,8.444445,8.518517999999998,7.73455,1098900
3878,1995-07-19,8.481482000000002,8.518517999999998,8.037037,8.259259,7.4991509999999995,2868900
3879,1995-07-20,8.481482000000002,8.481482000000002,8.296296,8.37037,7.6000369999999995,1882500
3880,1995-07-21,8.296296,8.333333,8.148149,8.222222,7.465522999999999,1459500
3881,1995-07-24,8.222222,8.444445,8.222222,8.37037,7.6000369999999995,2049400
3882,1995-07-25,8.407408,8.444445,8.148149,8.185185,7.431894000000001,1752400
3883,1995-07-26,8.259259,8.814815,8.259259,8.740741,7.9363220000000005,4980700
3884,1995-07-27,8.777778,8.851851,8.666667,8.851851,8.037207,3102300
3885,1995-07-28,8.888889,8.962963,8.740741,8.888889,8.070837,2021800
3886,1995-07-31,8.888889,8.962963,8.814815,8.888889,8.070837,1287900
3887,1995-08-01,8.925925999999999,8.925925999999999,8.703704,8.814815,8.003578,1009300
3888,1995-08-02,8.814815,8.851851,8.703704,8.777778,7.969950999999999,2050600
3889,1995-08-03,8.703704,8.740741,8.62963,8.740741,7.9363220000000005,905800
3890,1995-08-04,8.666667,8.851851,8.666667,8.814815,8.003578,961300
3891,1995-08-07,8.851851,8.888889,8.777778,8.851851,8.037207,1001200
3892,1995-08-08,8.888889,8.925925999999999,8.666667,8.703704,7.902694,1360900
3893,1995-08-09,8.777778,8.962963,8.666667,8.962963,8.138095,1952700
3894,1995-08-10,9.037037,9.074074000000001,8.925925999999999,9.074074000000001,8.238974,1686300
3895,1995-08-11,9.074074000000001,9.148149,8.962963,9.0,8.171721,1395900
3896,1995-08-14,9.037037,9.185185,9.0,9.111111,8.272606,1486500
3897,1995-08-15,9.185185,9.333333,9.111111,9.333333,8.474378,2161300
3898,1995-08-16,9.333333,9.666667,9.277778,9.611111,8.726589,2782900
3899,1995-08-17,9.722222,9.888889,9.5,9.833333,8.928361,3560800
3900,1995-08-18,9.833333,10.277778,9.833333,10.222222,9.281464,3133800
3901,1995-08-21,10.222222,10.277778,9.944445,9.944445,9.029246,2049700
3902,1995-08-22,10.055555,10.055555,9.666667,9.888889,8.978804,2305900
3903,1995-08-23,10.0,10.333333,9.888889,10.222222,9.281464,2650900
3904,1995-08-24,10.222222,10.277778,9.888889,10.166667,9.231017,924000
3905,1995-08-25,10.166667,10.222222,9.888889,9.888889,8.978804,895900
3906,1995-08-28,10.0,10.111111,9.833333,10.055555,9.130136,882000
3907,1995-08-29,10.111111,10.222222,9.833333,10.166667,9.231017,1301100
3908,1995-08-30,10.222222,10.277778,10.0,10.111111,9.180577,1418800
3909,1995-08-31,10.111111,10.222222,10.0,10.166667,9.231017,952200
3910,1995-09-01,10.166667,10.222222,9.888889,9.944445,9.029246,1359100
3911,1995-09-05,10.0,10.083333,9.944445,10.055555,9.130136,1868400
3912,1995-09-06,10.0,10.5,9.944445,10.388889,9.432795,2658100
3913,1995-09-07,10.666667,10.666667,10.444445,10.555555,9.584113,1901400
3914,1995-09-08,10.611111,10.666667,10.444445,10.5,9.533676,1280700
3915,1995-09-11,10.388889,10.555555,10.333333,10.444445,9.483232000000001,1126300
3916,1995-09-12,10.444445,10.666667,10.388889,10.5,9.533676,1405500
3917,1995-09-13,10.5,10.555555,10.333333,10.333333,9.382347,905400
3918,1995-09-14,10.333333,10.444445,10.333333,10.388889,9.432795,537700
3919,1995-09-15,10.444445,10.444445,10.166667,10.333333,9.382347,2222500
3920,1995-09-18,10.388889,10.555555,10.277778,10.5,9.533676,737700
3921,1995-09-19,9.444445,9.722222,9.0,9.166667,8.323052,9664200
3922,1995-09-20,9.166667,9.611111,9.166667,9.333333,8.474378,5631900
3923,1995-09-21,9.277778,9.333333,9.111111,9.222222,8.373489999999999,2713200
3924,1995-09-22,9.277778,9.333333,9.166667,9.277778,8.423933,1625800
3925,1995-09-25,9.333333,9.444445,9.111111,9.166667,8.323052,1369000
3926,1995-09-26,9.222222,9.333333,9.0,9.111111,8.272606,1520700
3927,1995-09-27,9.111111,9.111111,8.722222,9.111111,8.288782000000001,1639900
3928,1995-09-28,9.0,9.111111,8.888889,9.055555,8.238241,623400
3929,1995-09-29,9.111111,9.111111,8.833333,8.944445,8.137156,1010200
3930,1995-10-02,8.944445,9.055555,8.833333,9.0,8.187696,1282000
3931,1995-10-03,9.055555,9.055555,8.722222,8.777778,7.9855350000000005,1123300
3932,1995-10-04,8.777778,9.055555,8.722222,9.0,8.187696,991500
3933,1995-10-05,9.0,9.0,8.388889,8.5,7.732827,3305400
3934,1995-10-06,8.555555,8.611111,8.444445,8.555555,7.783367,2253300
3935,1995-10-09,8.555555,8.555555,8.166667,8.277778,7.5306630000000006,2124900
3936,1995-10-10,8.222222,8.5,8.166667,8.333333,7.581204,1286200
3937,1995-10-11,8.555555,8.722222,8.444445,8.611111,7.833911,2258500
3938,1995-10-12,8.666667,8.722222,8.388889,8.5,7.732827,1827400
3939,1995-10-13,8.444445,8.666667,8.388889,8.666667,7.88445,1434700
3940,1995-10-16,8.666667,8.666667,8.388889,8.5,7.732827,2448900
3941,1995-10-17,8.555555,8.611111,8.277778,8.388889,7.631742999999999,1534600
3942,1995-10-18,8.555555,8.611111,8.388889,8.444445,7.682286,1548900
3943,1995-10-19,8.444445,8.5,8.388889,8.388889,7.631742999999999,2033100
3944,1995-10-20,8.444445,8.5,8.222222,8.333333,7.581204,2487300
3945,1995-10-23,8.333333,8.5,8.277778,8.333333,7.581204,1392000
3946,1995-10-24,8.611111,8.777778,8.277778,8.444445,7.682286,1849900
3947,1995-10-25,8.5,8.611111,8.388889,8.5,7.732827,1221300
3948,1995-10-26,8.555555,8.666667,8.5,8.555555,7.783367,959500
3949,1995-10-27,8.5,8.555555,8.388889,8.5,7.732827,622900
3950,1995-10-30,8.388889,8.555555,8.333333,8.444445,7.682286,1117000
3951,1995-10-31,8.444445,8.5,8.277778,8.5,7.732827,1243500
3952,1995-11-01,8.388889,8.5,8.388889,8.444445,7.682286,449500
3953,1995-11-02,8.5,8.611111,8.388889,8.555555,7.783367,929800
3954,1995-11-03,8.666667,8.888889,8.611111,8.777778,7.9855350000000005,2538400
3955,1995-11-06,8.888889,9.055555,8.5,9.0,8.187696,1328500
3956,1995-11-07,8.944445,9.277778,8.944445,9.222222,8.389864,2537100
3957,1995-11-08,9.277778,9.555555,9.222222,9.444445,8.592030000000001,1893600
3958,1995-11-09,9.444445,9.444445,9.222222,9.333333,8.490945,1531800
3959,1995-11-10,9.388889,9.444445,9.333333,9.444445,8.592030000000001,664600
3960,1995-11-13,9.444445,9.5,9.333333,9.333333,8.490945,783900
3961,1995-11-14,9.444445,9.444445,9.166667,9.166667,8.339329,2016600
3962,1995-11-15,9.277778,9.277778,9.111111,9.222222,8.389864,654400
3963,1995-11-16,9.277778,9.5,9.166667,9.444445,8.592030000000001,1090900
3964,1995-11-17,9.5,9.555555,9.444445,9.5,8.64257,824100
3965,1995-11-20,9.666667,9.777778,9.611111,9.722222,8.844732,812800
3966,1995-11-21,9.722222,9.777778,9.555555,9.555555,8.693114999999999,1167700
3967,1995-11-22,9.611111,9.722222,9.444445,9.666667,8.794199,840600
3968,1995-11-24,9.611111,9.722222,9.611111,9.666667,8.794199,211500
3969,1995-11-27,9.666667,9.777778,9.611111,9.666667,8.794199,807300
3970,1995-11-28,9.666667,9.833333,9.666667,9.722222,8.844732,886900
3971,1995-11-29,9.777778,10.111111,9.777778,10.111111,9.198524,1185700
3972,1995-11-30,10.0,10.388889,10.0,10.388889,9.451236,2354100
3973,1995-12-01,10.333333,10.444445,10.222222,10.388889,9.451236,1260000
3974,1995-12-04,10.388889,10.5,10.0,10.111111,9.198524,1844200
3975,1995-12-05,10.111111,10.222222,10.0,10.111111,9.198524,2491600
3976,1995-12-06,10.222222,10.444445,10.166667,10.333333,9.400692999999999,1364800
3977,1995-12-07,10.222222,10.444445,10.222222,10.444445,9.501772,889300
3978,1995-12-08,10.444445,10.888889,10.388889,10.833333,9.855561999999999,1662400
3979,1995-12-11,10.833333,10.888889,10.666667,10.666667,9.703941,708700
3980,1995-12-12,10.666667,10.722222,10.444445,10.444445,9.501772,618400
3981,1995-12-13,10.444445,10.611111,10.111111,10.222222,9.299608000000001,1021900
3982,1995-12-14,10.333333,10.388889,10.111111,10.111111,9.198524,585000
3983,1995-12-15,9.888889,10.333333,9.888889,10.333333,9.400692999999999,1072800
3984,1995-12-18,10.111111,10.111111,9.666667,10.0,9.097439999999999,1037400
3985,1995-12-19,9.888889,10.111111,9.833333,10.0,9.097439999999999,779400
3986,1995-12-20,10.055555,10.277778,10.055555,10.277778,9.350147999999999,675100
3987,1995-12-21,10.277778,10.5,10.166667,10.333333,9.400692999999999,756000
3988,1995-12-22,10.222222,10.388889,10.166667,10.166667,9.249071,428100
3989,1995-12-26,10.277778,10.444445,10.222222,10.388889,9.451236,235500
3990,1995-12-27,10.333333,10.5,10.333333,10.444445,9.518065,371400
3991,1995-12-28,10.5,10.5,10.277778,10.444445,9.518065,609900
3992,1995-12-29,10.277778,10.444445,10.166667,10.444445,9.518065,450100
3993,1996-01-02,10.333333,10.388889,10.111111,10.166667,9.264928,1138900
3994,1996-01-03,10.166667,10.222222,9.944445,10.0,9.113039,614800
3995,1996-01-04,10.0,10.111111,9.666667,9.777778,8.91053,880600
3996,1996-01-05,9.833333,9.833333,9.333333,9.5,8.657386,1293900
3997,1996-01-08,9.444445,9.833333,9.444445,9.722222,8.859899,200800
3998,1996-01-09,9.777778,9.777778,9.333333,9.388889,8.55613,868500
3999,1996-01-10,9.166667,9.722222,9.166667,9.277778,8.454877999999999,740800
4000,1996-01-11,9.388889,9.611111,9.333333,9.555555,8.708018,520200
4001,1996-01-12,9.444445,9.611111,9.333333,9.611111,8.758639,504000
4002,1996-01-15,9.444445,9.5,9.333333,9.388889,8.55613,420700
4003,1996-01-16,9.333333,9.388889,8.833333,8.833333,8.049849,2035300
4004,1996-01-17,8.944445,9.055555,8.833333,8.888889,8.100478,1434100
4005,1996-01-18,8.888889,9.0,8.833333,9.0,8.201732000000002,720900
4006,1996-01-19,9.0,9.055555,8.944445,9.0,8.201732000000002,505300
4007,1996-01-22,9.055555,9.055555,8.5,8.611111,7.847339999999999,2296800
4008,1996-01-23,8.666667,8.944445,8.611111,8.833333,8.049849,1051600
4009,1996-01-24,8.888889,9.166667,8.833333,9.111111,8.302994,954000
4010,1996-01-25,8.444445,8.5,8.222222,8.388889,7.644827,5953600
4011,1996-01-26,8.388889,8.5,8.222222,8.5,7.746084,2669500
4012,1996-01-29,8.5,8.611111,8.277778,8.333333,7.594199000000001,2380900
4013,1996-01-30,8.333333,8.611111,8.277778,8.611111,7.847339999999999,5723100
4014,1996-01-31,8.611111,8.722222,8.388889,8.444445,7.695455,1804900
4015,1996-02-01,8.444445,8.611111,8.333333,8.5,7.746084,2214100
4016,1996-02-02,8.5,8.722222,8.444445,8.611111,7.847339999999999,2365600
4017,1996-02-05,8.666667,8.777778,8.555555,8.722222,7.948596,2829300
4018,1996-02-06,8.833333,8.944445,8.722222,8.888889,8.100478,3737400
4019,1996-02-07,8.944445,9.055555,8.722222,8.888889,8.100478,1317300
4020,1996-02-08,8.777778,9.055555,8.777778,9.0,8.201732000000002,1524300
4021,1996-02-09,9.055555,9.222222,9.0,9.222222,8.404247,1298200
4022,1996-02-12,9.111111,9.222222,8.888889,8.944445,8.151108,1419300
4023,1996-02-13,8.722222,9.111111,8.722222,9.0,8.201732000000002,1173300
4024,1996-02-14,8.944445,9.055555,8.833333,9.0,8.201732000000002,1034700
4025,1996-02-15,8.944445,9.0,8.833333,8.888889,8.100478,973900
4026,1996-02-16,8.888889,9.0,8.833333,8.888889,8.100478,1604400
4027,1996-02-20,8.777778,8.833333,8.722222,8.777778,7.999225,1196500
4028,1996-02-21,8.777778,8.777778,8.666667,8.722222,7.948596,1062600
4029,1996-02-22,8.777778,8.777778,8.666667,8.777778,7.999225,1107900
4030,1996-02-23,8.777778,8.944445,8.722222,8.777778,7.999225,1364500
4031,1996-02-26,8.722222,8.888889,8.666667,8.722222,7.948596,1100700
4032,1996-02-27,8.722222,8.833333,8.666667,8.722222,7.948596,1925700
4033,1996-02-28,8.777778,8.777778,8.666667,8.666667,7.897969,1111900
4034,1996-02-29,8.666667,8.722222,8.611111,8.666667,7.897969,753400
4035,1996-03-01,8.722222,8.777778,8.611111,8.722222,7.948596,933400
4036,1996-03-04,8.722222,8.722222,8.611111,8.611111,7.847339999999999,988800
4037,1996-03-05,8.666667,9.0,8.611111,8.888889,8.100478,1699300
4038,1996-03-06,8.888889,9.0,8.777778,8.833333,8.049849,1165200
4039,1996-03-07,8.944445,9.111111,8.888889,9.0,8.201732000000002,1046800
4040,1996-03-08,8.833333,8.944445,8.666667,8.666667,7.897969,1392900
4041,1996-03-11,8.666667,8.888889,8.611111,8.777778,7.999225,548500
4042,1996-03-12,8.777778,8.833333,8.5,8.555555,7.796710000000001,1165500
4043,1996-03-13,8.611111,8.666667,8.444445,8.5,7.746084,1938100
4044,1996-03-14,8.555555,8.722222,8.5,8.611111,7.847339999999999,1683600
4045,1996-03-15,8.555555,8.666667,8.5,8.611111,7.847339999999999,2240700
4046,1996-03-18,8.611111,8.777778,8.611111,8.722222,7.948596,911700
4047,1996-03-19,8.722222,8.833333,8.666667,8.722222,7.948596,667800
4048,1996-03-20,8.722222,8.833333,8.666667,8.666667,7.897969,933300
4049,1996-03-21,8.666667,8.833333,8.666667,8.777778,7.999225,715500
4050,1996-03-22,8.888889,8.944445,8.833333,8.833333,8.049849,1004800
4051,1996-03-25,8.888889,9.444445,8.833333,9.444445,8.606759,2838100
4052,1996-03-26,9.388889,9.388889,8.888889,9.055555,8.252366,3783300
4053,1996-03-27,9.111111,9.166667,8.888889,9.0,8.217869,2979000
4054,1996-03-28,9.0,9.444445,9.0,9.222222,8.420781,3938500
4055,1996-03-29,9.333333,9.5,9.222222,9.333333,8.522236999999999,1745700
4056,1996-04-01,9.388889,9.5,9.277778,9.388889,8.572963,2417100
4057,1996-04-02,9.5,9.5,9.277778,9.277778,8.47151,1044100
4058,1996-04-03,9.277778,9.333333,9.222222,9.222222,8.420781,745800
4059,1996-04-04,9.277778,9.611111,9.222222,9.5,8.674417,2153800
4060,1996-04-08,9.222222,9.333333,9.111111,9.333333,8.522236999999999,1360500
4061,1996-04-09,9.5,9.555555,9.333333,9.333333,8.522236999999999,978000
4062,1996-04-10,9.333333,9.333333,8.888889,8.944445,8.167141,743100
4063,1996-04-11,8.944445,9.0,8.722222,8.777778,8.014961,1219000
4064,1996-04-12,8.777778,8.944445,8.722222,8.777778,8.014961,1090300
4065,1996-04-15,8.777778,8.944445,8.777778,8.833333,8.065686,579100
4066,1996-04-16,8.833333,8.888889,8.722222,8.777778,8.014961,739800
4067,1996-04-17,8.777778,8.833333,8.555555,8.611111,7.862778,1781200
4068,1996-04-18,8.666667,8.888889,8.666667,8.833333,8.065686,649900
4069,1996-04-19,8.777778,8.888889,8.777778,8.777778,8.014961,392800
4070,1996-04-22,8.833333,8.888889,8.833333,8.888889,8.116414,908700
4071,1996-04-23,8.944445,8.944445,8.833333,8.944445,8.167141,553000
4072,1996-04-24,9.0,9.0,8.722222,8.888889,8.116414,899500
4073,1996-04-25,8.888889,8.944445,8.833333,8.888889,8.116414,487000
4074,1996-04-26,8.833333,8.944445,8.777778,8.833333,8.065686,581400
4075,1996-04-29,8.888889,8.888889,8.722222,8.777778,8.014961,438000
4076,1996-04-30,8.722222,8.722222,8.611111,8.666667,7.913507000000001,657100
4077,1996-05-01,8.666667,8.833333,8.611111,8.777778,8.014961,556600
4078,1996-05-02,8.666667,8.777778,8.666667,8.722222,7.964232000000001,860100
4079,1996-05-03,8.833333,8.833333,8.722222,8.777778,8.014961,917500
4080,1996-05-06,8.777778,8.833333,8.555555,8.611111,7.862778,578400
4081,1996-05-07,8.611111,8.666667,8.444445,8.555555,7.812049000000001,1363200
4082,1996-05-08,8.388889,8.555555,8.277778,8.444445,7.710595,1483200
4083,1996-05-09,8.444445,8.555555,8.388889,8.5,7.761323,917100
4084,1996-05-10,8.444445,8.555555,8.388889,8.444445,7.710595,1210600
4085,1996-05-13,8.388889,8.722222,8.333333,8.666667,7.913507000000001,1132300
4086,1996-05-14,8.666667,8.888889,8.611111,8.833333,8.065686,997300
4087,1996-05-15,8.833333,8.833333,8.611111,8.722222,7.964232000000001,655800
4088,1996-05-16,8.666667,8.722222,8.555555,8.666667,7.913507000000001,730900
4089,1996-05-17,8.611111,8.833333,8.611111,8.722222,7.964232000000001,765900
4090,1996-05-20,8.722222,8.777778,8.666667,8.666667,7.913507000000001,704800
4091,1996-05-21,8.722222,8.777778,8.611111,8.611111,7.862778,875200
4092,1996-05-22,8.666667,8.722222,8.555555,8.611111,7.862778,733500
4093,1996-05-23,8.666667,8.666667,8.444445,8.5,7.761323,774900
4094,1996-05-24,8.5,8.555555,8.444445,8.444445,7.710595,1084600
4095,1996-05-28,8.5,8.611111,8.444445,8.444445,7.710595,824800
4096,1996-05-29,8.444445,8.555555,8.444445,8.5,7.761323,675900
4097,1996-05-30,8.5,8.555555,8.444445,8.5,7.761323,529600
4098,1996-05-31,8.444445,8.5,8.444445,8.444445,7.710595,501400
4099,1996-06-03,8.5,8.5,8.444445,8.444445,7.710595,605200
4100,1996-06-04,8.444445,8.666667,8.444445,8.555555,7.812049000000001,3563500
4101,1996-06-05,8.611111,8.722222,8.611111,8.611111,7.862778,1049500
4102,1996-06-06,8.666667,8.722222,8.5,8.555555,7.812049000000001,1469800
4103,1996-06-07,8.444445,8.555555,8.388889,8.555555,7.812049000000001,724000
4104,1996-06-10,8.5,8.611111,8.5,8.555555,7.812049000000001,582300
4105,1996-06-11,8.5,8.555555,8.444445,8.5,7.761323,654400
4106,1996-06-12,8.5,8.666667,8.5,8.611111,7.862778,945900
4107,1996-06-13,8.666667,8.833333,8.5,8.833333,8.065686,1509900
4108,1996-06-14,8.833333,9.055555,8.833333,8.833333,8.065686,2098300
4109,1996-06-17,8.833333,8.833333,8.555555,8.666667,7.913507000000001,808600
4110,1996-06-18,8.666667,8.833333,8.611111,8.833333,8.065686,1784800
4111,1996-06-19,8.833333,9.0,8.666667,8.777778,8.014961,1345200
4112,1996-06-20,8.833333,8.833333,8.555555,8.611111,7.862778,945000
4113,1996-06-21,8.666667,8.666667,8.277778,8.277778,7.558414,5846100
4114,1996-06-24,8.388889,8.388889,8.055555,8.222222,7.507683999999999,1436800
4115,1996-06-25,8.222222,8.277778,7.944445,8.055555,7.355500999999999,1531800
4116,1996-06-26,8.111111,8.111111,7.555555,7.611111,6.965053999999999,2411100
4117,1996-06-27,7.555555,7.611111,7.222222,7.5,6.863372,3200800
4118,1996-06-28,7.611111,7.8333330000000005,7.5,7.722222,7.066733999999999,2560000
4119,1996-07-01,7.6666669999999995,7.777778,7.555555,7.6666669999999995,7.015894,1408600
4120,1996-07-02,7.5,7.555555,7.222222,7.388889,6.761695,3969000
4121,1996-07-03,7.388889,7.5,7.3333330000000005,7.3333330000000005,6.7108550000000005,2357100
4122,1996-07-05,7.3333330000000005,7.444445,7.277778,7.3333330000000005,6.7108550000000005,934300
4123,1996-07-08,7.277778,7.388889,7.1666669999999995,7.277778,6.660014,1968700
4124,1996-07-09,7.222222,7.3333330000000005,7.1666669999999995,7.1666669999999995,6.558336,1586700
4125,1996-07-10,7.1666669999999995,7.222222,6.8333330000000005,6.944445,6.354976000000001,2238400
4126,1996-07-11,6.8333330000000005,7.0,6.777778,6.944445,6.354976000000001,1585300
4127,1996-07-12,7.111111,7.1666669999999995,6.888889,7.0,6.405816000000001,1216500
4128,1996-07-15,7.0,7.055555,6.555555,6.555555,5.999097,2069700
4129,1996-07-16,6.777778,6.8333330000000005,6.3333330000000005,6.6666669999999995,6.100777,2866000
4130,1996-07-17,6.888889,6.944445,6.444445,6.444445,5.897418,2631700
4131,1996-07-18,6.555555,7.111111,6.444445,7.0,6.405816000000001,3232800
4132,1996-07-19,7.055555,7.444445,7.0,7.3333330000000005,6.7108550000000005,2085300
4133,1996-07-22,7.277778,7.388889,7.111111,7.222222,6.609176,939700
4134,1996-07-23,7.1666669999999995,7.222222,6.777778,6.777778,6.202456,1142700
4135,1996-07-24,6.6666669999999995,6.8333330000000005,6.555555,6.611111,6.049938,1413000
4136,1996-07-25,6.722222,6.777778,6.611111,6.611111,6.049938,802300
4137,1996-07-26,6.611111,6.777778,6.611111,6.777778,6.202456,1122700
4138,1996-07-29,6.8333330000000005,6.8333330000000005,6.6666669999999995,6.6666669999999995,6.100777,492000
4139,1996-07-30,6.722222,6.777778,6.555555,6.6666669999999995,6.100777,800100
4140,1996-07-31,6.6666669999999995,6.777778,6.6666669999999995,6.6666669999999995,6.100777,539500
4141,1996-08-01,6.722222,7.055555,6.722222,6.944445,6.354976000000001,818500
4142,1996-08-02,7.0,7.1666669999999995,6.944445,7.055555,6.4566550000000005,610600
4143,1996-08-05,7.0,7.0,6.6666669999999995,6.6666669999999995,6.100777,991900
4144,1996-08-06,6.722222,7.0,6.722222,6.8333330000000005,6.253297,997200
4145,1996-08-07,6.888889,6.888889,6.777778,6.8333330000000005,6.253297,754600
4146,1996-08-08,6.8333330000000005,6.8333330000000005,6.777778,6.8333330000000005,6.253297,415500
4147,1996-08-09,6.8333330000000005,6.8333330000000005,6.722222,6.777778,6.202456,523900
4148,1996-08-12,6.8333330000000005,6.944445,6.777778,6.944445,6.354976000000001,544000
4149,1996-08-13,6.944445,6.944445,6.777778,6.777778,6.202456,612000
4150,1996-08-14,6.777778,6.8333330000000005,6.722222,6.777778,6.202456,544600
4151,1996-08-15,6.777778,6.777778,6.611111,6.777778,6.202456,850900
4152,1996-08-16,6.722222,6.722222,6.611111,6.6666669999999995,6.100777,445200
4153,1996-08-19,6.722222,6.777778,6.6666669999999995,6.722222,6.151617,878800
4154,1996-08-20,6.722222,6.777778,6.6666669999999995,6.722222,6.151617,445900
4155,1996-08-21,6.777778,6.8333330000000005,6.6666669999999995,6.6666669999999995,6.100777,584700
4156,1996-08-22,6.6666669999999995,6.944445,6.611111,6.888889,6.304136,1011100
4157,1996-08-23,6.944445,7.388889,6.944445,7.3333330000000005,6.7108550000000005,1530900
4158,1996-08-26,7.277778,7.388889,7.222222,7.388889,6.761695,889800
4159,1996-08-27,7.388889,7.5,7.3333330000000005,7.444445,6.8125350000000005,829800
4160,1996-08-28,7.444445,7.611111,7.388889,7.611111,6.965053999999999,811300
4161,1996-08-29,7.555555,7.6666669999999995,7.388889,7.444445,6.8125350000000005,616500
4162,1996-08-30,7.444445,7.5,7.277778,7.277778,6.660014,369900
4163,1996-09-03,7.222222,7.277778,7.1666669999999995,7.222222,6.609176,684100
4164,1996-09-04,7.277778,7.3333330000000005,7.222222,7.222222,6.609176,387100
4165,1996-09-05,7.277778,7.3333330000000005,7.1666669999999995,7.277778,6.660014,685900
4166,1996-09-06,7.277778,7.388889,7.277778,7.388889,6.761695,844600
4167,1996-09-09,7.3333330000000005,7.388889,7.222222,7.277778,6.660014,994200
4168,1996-09-10,7.277778,7.3333330000000005,7.222222,7.277778,6.660014,717400
4169,1996-09-11,7.277778,7.388889,7.222222,7.388889,6.761695,353700
4170,1996-09-12,7.388889,7.444445,7.222222,7.222222,6.609176,812700
4171,1996-09-13,7.222222,7.277778,7.111111,7.1666669999999995,6.558336,842800
4172,1996-09-16,7.222222,7.222222,7.111111,7.111111,6.507496,659400
4173,1996-09-17,7.1666669999999995,7.222222,7.0,7.055555,6.4566550000000005,834000
4174,1996-09-18,7.055555,7.277778,7.055555,7.111111,6.507496,848800
4175,1996-09-19,7.111111,7.1666669999999995,6.944445,7.1666669999999995,6.558336,935700
4176,1996-09-20,7.111111,7.222222,7.055555,7.1666669999999995,6.558336,1532400
4177,1996-09-23,7.222222,7.222222,7.055555,7.055555,6.4566550000000005,526200
4178,1996-09-24,7.055555,7.222222,7.055555,7.1666669999999995,6.558336,799600
4179,1996-09-25,7.1666669999999995,7.388889,7.1666669999999995,7.3333330000000005,6.748569,1504500
4180,1996-09-26,7.3333330000000005,7.6666669999999995,7.3333330000000005,7.611111,7.02122,1273900
4181,1996-09-27,7.611111,7.722222,7.5,7.611111,7.02122,1140900
4182,1996-09-30,7.611111,7.611111,7.388889,7.611111,7.02122,1226700
4183,1996-10-01,7.5,7.555555,7.388889,7.5,6.918717999999999,1239700
4184,1996-10-02,7.5,7.611111,7.3333330000000005,7.3333330000000005,6.764971000000001,1062000
4185,1996-10-03,7.388889,7.5,7.3333330000000005,7.388889,6.8162199999999995,630400
4186,1996-10-04,7.444445,7.5,7.3333330000000005,7.388889,6.8162199999999995,594400
4187,1996-10-07,7.388889,7.444445,7.222222,7.222222,6.662471000000001,928500
4188,1996-10-08,7.222222,7.277778,7.111111,7.111111,6.559972,712800
4189,1996-10-09,7.1666669999999995,7.1666669999999995,6.944445,7.0,6.45747,561100
4190,1996-10-10,6.944445,7.055555,6.888889,6.888889,6.354971,940900
4191,1996-10-11,6.888889,6.944445,6.8333330000000005,6.888889,6.354971,840700
4192,1996-10-14,6.944445,7.055555,6.8333330000000005,6.8333330000000005,6.3037220000000005,713400
4193,1996-10-15,6.8333330000000005,6.944445,6.777778,6.777778,6.252473,1175400
4194,1996-10-16,6.8333330000000005,7.0,6.722222,6.8333330000000005,6.3037220000000005,739500
4195,1996-10-17,6.888889,6.944445,6.722222,6.777778,6.252473,861900
4196,1996-10-18,6.777778,6.888889,6.6666669999999995,6.8333330000000005,6.3037220000000005,1216500
4197,1996-10-21,6.888889,6.888889,6.611111,6.611111,6.098723000000001,1816800
4198,1996-10-22,6.611111,6.6666669999999995,6.555555,6.6666669999999995,6.149973,998700
4199,1996-10-23,6.6666669999999995,6.6666669999999995,6.388889,6.5,5.9962230000000005,1221400
4200,1996-10-24,6.5,6.944445,6.3333330000000005,6.777778,6.252473,2218900
4201,1996-10-25,6.777778,6.944445,6.444445,6.944445,6.4062220000000005,1359900
4202,1996-10-28,6.888889,6.888889,6.611111,6.611111,6.098723000000001,974200
4203,1996-10-29,6.444445,6.777778,6.444445,6.555555,6.047472,1338000
4204,1996-10-30,6.611111,6.6666669999999995,6.444445,6.444445,5.944975,807700
4205,1996-10-31,6.5,6.777778,6.444445,6.722222,6.2012220000000005,1047700
4206,1996-11-01,6.722222,6.777778,6.611111,6.722222,6.2012220000000005,639600
4207,1996-11-04,6.722222,6.722222,6.555555,6.555555,6.047472,647200
4208,1996-11-05,6.555555,6.6666669999999995,6.555555,6.611111,6.098723000000001,554400
4209,1996-11-06,6.6666669999999995,6.888889,6.611111,6.888889,6.354971,897000
4210,1996-11-07,6.722222,6.888889,6.722222,6.8333330000000005,6.3037220000000005,647500
4211,1996-11-08,6.8333330000000005,7.0,6.8333330000000005,7.0,6.45747,1168200
4212,1996-11-11,7.055555,7.055555,6.777778,6.8333330000000005,6.3037220000000005,1309200
4213,1996-11-12,6.8333330000000005,6.888889,6.722222,6.722222,6.2012220000000005,1009000
4214,1996-11-13,6.722222,6.777778,6.6666669999999995,6.722222,6.2012220000000005,797500
4215,1996-11-14,6.6666669999999995,6.888889,6.6666669999999995,6.777778,6.252473,837900
4216,1996-11-15,6.777778,6.888889,6.722222,6.777778,6.252473,876100
4217,1996-11-18,6.777778,6.8333330000000005,6.722222,6.722222,6.2012220000000005,892800
4218,1996-11-19,6.8333330000000005,6.8333330000000005,6.777778,6.8333330000000005,6.3037220000000005,515400
4219,1996-11-20,6.777778,6.8333330000000005,6.722222,6.722222,6.2012220000000005,818700
4220,1996-11-21,6.722222,6.777778,6.6666669999999995,6.722222,6.2012220000000005,766300
4221,1996-11-22,6.6666669999999995,6.722222,6.611111,6.611111,6.098723000000001,595500
4222,1996-11-25,6.611111,6.777778,6.277778,6.777778,6.252473,1484700
4223,1996-11-26,6.722222,6.777778,6.555555,6.555555,6.047472,892300
4224,1996-11-27,6.555555,6.6666669999999995,6.555555,6.611111,6.098723000000001,1049100
4225,1996-11-29,6.611111,6.6666669999999995,6.555555,6.555555,6.047472,347800
4226,1996-12-02,6.555555,6.611111,6.444445,6.5,5.9962230000000005,893700
4227,1996-12-03,6.555555,6.611111,6.444445,6.5,5.9962230000000005,1151200
4228,1996-12-04,6.5,6.611111,6.444445,6.555555,6.047472,1166400
4229,1996-12-05,6.555555,6.555555,6.444445,6.5,5.9962230000000005,767700
4230,1996-12-06,6.444445,6.444445,6.222222,6.222222,5.739974,2303700
4231,1996-12-09,6.277778,6.611111,6.277778,6.555555,6.047472,1519300
4232,1996-12-10,6.611111,7.111111,6.555555,7.055555,6.508722,4073500
4233,1996-12-11,6.944445,7.055555,6.8333330000000005,7.0,6.45747,1573800
4234,1996-12-12,7.0,7.1666669999999995,6.944445,7.111111,6.559972,1719400
4235,1996-12-13,7.055555,7.6666669999999995,7.055555,7.611111,7.02122,2788600
4236,1996-12-16,7.555555,7.555555,7.277778,7.3333330000000005,6.764971000000001,1816200
4237,1996-12-17,7.222222,7.555555,7.222222,7.555555,6.969969,2088900
4238,1996-12-18,7.444445,7.555555,7.444445,7.5,6.918717999999999,1151700
4239,1996-12-19,7.5,7.722222,7.444445,7.555555,6.969969,1157100
4240,1996-12-20,7.555555,7.777778,7.444445,7.6666669999999995,7.072469,2125500
4241,1996-12-23,7.6666669999999995,7.722222,7.611111,7.6666669999999995,7.072469,1059400
4242,1996-12-24,7.722222,7.722222,7.6666669999999995,7.6666669999999995,7.072469,247600
4243,1996-12-26,7.722222,7.722222,7.5,7.5,6.918717999999999,844200
4244,1996-12-27,7.555555,7.611111,7.444445,7.555555,6.969969,1593000
4245,1996-12-30,7.5,7.611111,7.444445,7.5,6.935039999999999,1192000
4246,1996-12-31,7.5,7.5,7.388889,7.388889,6.832298,966300
4247,1997-01-02,7.388889,7.444445,7.3333330000000005,7.3333330000000005,6.7809289999999995,861900
4248,1997-01-03,7.388889,7.6666669999999995,7.388889,7.555555,6.98641,1090900
4249,1997-01-06,7.611111,7.722222,7.555555,7.611111,7.037781,721800
4250,1997-01-07,7.555555,7.944445,7.555555,7.888889,7.294633999999999,688000
4251,1997-01-08,8.0,8.055555,7.888889,7.944445,7.346005,932800
4252,1997-01-09,7.944445,8.0,7.777778,7.777778,7.1918940000000005,577300
4253,1997-01-10,7.6666669999999995,7.8333330000000005,7.611111,7.777778,7.1918940000000005,616500
4254,1997-01-13,7.777778,7.8333330000000005,7.6666669999999995,7.722222,7.140521000000001,501400
4255,1997-01-14,7.722222,7.8333330000000005,7.555555,7.611111,7.037781,921300
4256,1997-01-15,7.444445,7.888889,7.444445,7.6666669999999995,7.089150999999999,1035100
4257,1997-01-16,7.722222,7.777778,7.611111,7.6666669999999995,7.089150999999999,322300
4258,1997-01-17,7.6666669999999995,7.8333330000000005,7.6666669999999995,7.722222,7.140521000000001,572400
4259,1997-01-20,7.722222,7.944445,7.722222,7.888889,7.294633999999999,608100
4260,1997-01-21,7.8333330000000005,8.111111,7.8333330000000005,8.0,7.397375,1278900
4261,1997-01-22,7.8333330000000005,8.055555,7.611111,7.888889,7.294633999999999,1471000
4262,1997-01-23,7.888889,8.055555,7.8333330000000005,7.8333330000000005,7.243263000000001,692500
4263,1997-01-24,7.777778,7.8333330000000005,7.611111,7.6666669999999995,7.089150999999999,587700
4264,1997-01-27,7.611111,7.611111,7.3333330000000005,7.444445,6.8836699999999995,686400
4265,1997-01-28,7.5,7.6666669999999995,7.444445,7.444445,6.8836699999999995,689800
4266,1997-01-29,7.3333330000000005,7.611111,7.3333330000000005,7.555555,6.98641,529200
4267,1997-01-30,7.611111,7.6666669999999995,7.5,7.611111,7.037781,712300
4268,1997-01-31,7.611111,7.611111,7.277778,7.277778,6.729556,961200
4269,1997-02-03,7.388889,7.388889,7.222222,7.3333330000000005,6.7809289999999995,1036500
4270,1997-02-04,7.388889,7.388889,7.111111,7.1666669999999995,6.626816000000001,543600
4271,1997-02-05,7.277778,7.3333330000000005,7.0,7.0,6.472703,1510200
4272,1997-02-06,7.055555,7.111111,6.888889,7.055555,6.524074,1140700
4273,1997-02-07,7.111111,7.1666669999999995,7.0,7.0,6.472703,568000
4274,1997-02-10,7.0,7.111111,6.888889,6.944445,6.421333,656700
4275,1997-02-11,6.944445,7.222222,6.888889,7.1666669999999995,6.626816000000001,596400
4276,1997-02-12,7.1666669999999995,7.222222,7.111111,7.111111,6.575444999999999,537700
4277,1997-02-13,7.055555,7.222222,7.0,7.222222,6.678186,680800
4278,1997-02-14,7.1666669999999995,7.194445,7.055555,7.111111,6.575444999999999,811800
4279,1997-02-18,7.111111,7.555555,7.0,7.5,6.935039999999999,1400500
4280,1997-02-19,7.5,7.5,7.3333330000000005,7.388889,6.832298,698100
4281,1997-02-20,7.277778,7.277778,7.111111,7.111111,6.575444999999999,375700
4282,1997-02-21,7.1666669999999995,7.277778,7.1666669999999995,7.222222,6.678186,391000
4283,1997-02-24,7.222222,7.3333330000000005,7.1666669999999995,7.3333330000000005,6.7809289999999995,793900
4284,1997-02-25,7.388889,7.722222,7.3333330000000005,7.6666669999999995,7.089150999999999,1869300
4285,1997-02-26,7.6666669999999995,7.6666669999999995,7.444445,7.5,6.935039999999999,894600
4286,1997-02-27,7.5,7.555555,7.3333330000000005,7.388889,6.832298,580200
4287,1997-02-28,7.388889,7.5,7.277778,7.444445,6.8836699999999995,782100
4288,1997-03-03,7.5,7.555555,7.388889,7.444445,6.8836699999999995,734100
4289,1997-03-04,7.444445,7.5,7.3333330000000005,7.388889,6.832298,489300
4290,1997-03-05,7.444445,7.611111,7.388889,7.5,6.935039999999999,1135900
4291,1997-03-06,7.5,7.6666669999999995,7.5,7.5,6.935039999999999,760200
4292,1997-03-07,7.5,7.611111,7.444445,7.5,6.935039999999999,470800
4293,1997-03-10,7.555555,7.777778,7.5,7.722222,7.140521000000001,1033200
4294,1997-03-11,7.777778,7.8333330000000005,7.555555,7.611111,7.037781,703900
4295,1997-03-12,7.611111,7.722222,7.388889,7.5,6.935039999999999,536400
4296,1997-03-13,7.5,7.611111,7.277778,7.277778,6.729556,967500
4297,1997-03-14,7.3333330000000005,7.444445,7.277778,7.3333330000000005,6.7809289999999995,577300
4298,1997-03-17,7.3333330000000005,7.3333330000000005,7.111111,7.222222,6.678186,1035100
4299,1997-03-18,7.1666669999999995,7.222222,7.055555,7.111111,6.575444999999999,532900
4300,1997-03-19,7.0,7.111111,6.888889,7.0,6.472703,645000
4301,1997-03-20,6.888889,7.0,6.6666669999999995,6.722222,6.21585,1854100
4302,1997-03-21,6.777778,6.888889,6.722222,6.722222,6.21585,1325400
4303,1997-03-24,6.777778,6.777778,6.6666669999999995,6.722222,6.21585,481000
4304,1997-03-25,6.722222,7.111111,6.722222,6.944445,6.421333,1309200
4305,1997-03-26,6.888889,6.944445,6.777778,6.777778,6.283308,470400
4306,1997-03-27,6.8333330000000005,6.8333330000000005,6.555555,6.611111,6.128801,1213600
4307,1997-03-31,6.555555,6.611111,6.388889,6.611111,6.128801,866400
4308,1997-04-01,6.3333330000000005,6.444445,5.555555,5.611111,5.201756,6494500
4309,1997-04-02,5.6666669999999995,5.777778,5.388889,5.5,5.098749,3931300
4310,1997-04-03,5.444445,5.555555,5.3333330000000005,5.5,5.098749,2850300
4311,1997-04-04,5.388889,5.555555,5.388889,5.5,5.098749,1648500
4312,1997-04-07,5.5,5.555555,5.444445,5.5,5.098749,2695600
4313,1997-04-08,5.5,5.611111,5.444445,5.555555,5.150253,2397300
4314,1997-04-09,5.611111,5.611111,5.388889,5.444445,5.0472470000000005,1163400
4315,1997-04-10,5.444445,5.444445,5.277778,5.388889,4.995744,1528600
4316,1997-04-11,5.388889,5.444445,5.277778,5.3333330000000005,4.944244,781300
4317,1997-04-14,5.388889,5.555555,5.277778,5.3333330000000005,4.944244,917700
4318,1997-04-15,5.444445,5.555555,5.388889,5.555555,5.150253,1530400
4319,1997-04-16,5.5,5.555555,5.388889,5.444445,5.0472470000000005,912600
4320,1997-04-17,5.388889,5.444445,5.388889,5.444445,5.0472470000000005,793300
4321,1997-04-18,5.444445,5.444445,5.3333330000000005,5.388889,4.995744,491400
4322,1997-04-21,5.388889,5.388889,5.111111,5.111111,4.738232,1620400
4323,1997-04-22,5.1666669999999995,5.777778,5.111111,5.722222,5.30476,4956900
4324,1997-04-23,5.777778,5.888889,5.722222,5.888889,5.459267,5726400
4325,1997-04-24,5.888889,5.888889,5.5,5.555555,5.150253,2563800
4326,1997-04-25,5.5,5.611111,5.388889,5.555555,5.150253,1370400
4327,1997-04-28,5.5,5.555555,5.5,5.5,5.098749,438900
4328,1997-04-29,5.555555,5.722222,5.5,5.5,5.098749,889600
4329,1997-04-30,5.3333330000000005,5.388889,5.222222,5.3333330000000005,4.944244,2438200
4330,1997-05-01,5.388889,5.555555,5.3333330000000005,5.388889,4.995744,2212200
4331,1997-05-02,5.444445,5.611111,5.444445,5.611111,5.201756,2228100
4332,1997-05-05,5.722222,6.0,5.6666669999999995,5.944445,5.51077,2114700
4333,1997-05-06,5.8333330000000005,6.0,5.8333330000000005,5.944445,5.51077,2149200
4334,1997-05-07,5.888889,6.055555,5.888889,5.944445,5.51077,1051800
4335,1997-05-08,5.944445,6.055555,5.888889,6.055555,5.613773,752400
4336,1997-05-09,6.0,6.111111,5.888889,6.055555,5.613773,812400
4337,1997-05-12,6.055555,6.111111,5.888889,5.944445,5.51077,792000
4338,1997-05-13,5.944445,6.0,5.777778,5.888889,5.459267,757500
4339,1997-05-14,5.944445,6.111111,5.8333330000000005,6.0,5.562273,2221600
4340,1997-05-15,6.0,6.055555,5.944445,6.055555,5.613773,811800
4341,1997-05-16,6.055555,6.111111,5.944445,6.055555,5.613773,888900
4342,1997-05-19,6.055555,6.222222,6.0,6.222222,5.768282,849600
4343,1997-05-20,6.1666669999999995,6.3333330000000005,6.111111,6.277778,5.8197849999999995,1096200
4344,1997-05-21,6.3333330000000005,6.388889,6.222222,6.388889,5.922791,948700
4345,1997-05-22,6.388889,6.555555,6.388889,6.5,6.025795,1279500
4346,1997-05-23,6.444445,6.611111,6.444445,6.5,6.025795,1132600
4347,1997-05-27,6.5,6.555555,6.444445,6.5,6.025795,636000
4348,1997-05-28,6.5,6.611111,6.444445,6.5,6.025795,724900
4349,1997-05-29,6.5,6.555555,6.5,6.555555,6.077297,535500
4350,1997-05-30,6.5,6.722222,6.5,6.722222,6.2318050000000005,1138200
4351,1997-06-02,6.722222,6.777778,6.611111,6.6666669999999995,6.180301999999999,692700
4352,1997-06-03,6.6666669999999995,6.6666669999999995,6.5,6.555555,6.077297,720900
4353,1997-06-04,6.611111,6.6666669999999995,6.555555,6.611111,6.128801,372600
4354,1997-06-05,6.611111,6.777778,6.555555,6.6666669999999995,6.180301999999999,560800
4355,1997-06-06,6.6666669999999995,6.722222,6.555555,6.6666669999999995,6.180301999999999,535200
4356,1997-06-09,6.6666669999999995,6.722222,6.555555,6.611111,6.128801,430600
4357,1997-06-10,6.6666669999999995,6.777778,6.611111,6.6666669999999995,6.180301999999999,540400
4358,1997-06-11,6.6666669999999995,7.5,6.6666669999999995,7.222222,6.695328,4986000
4359,1997-06-12,7.277778,7.5,7.0,7.277778,6.74683,2497200
4360,1997-06-13,7.222222,7.277778,7.055555,7.055555,6.540821,1181400
4361,1997-06-16,7.1666669999999995,7.1666669999999995,6.8333330000000005,6.888889,6.3863129999999995,1237900
4362,1997-06-17,6.888889,6.944445,6.777778,6.888889,6.3863129999999995,1090500
4363,1997-06-18,6.888889,6.888889,6.777778,6.8333330000000005,6.334811,583200
4364,1997-06-19,6.777778,7.0,6.6666669999999995,7.0,6.489318,745200
4365,1997-06-20,7.0,7.1666669999999995,6.944445,7.0,6.489318,987000
4366,1997-06-23,7.055555,7.111111,6.777778,6.777778,6.283308,737500
4367,1997-06-24,6.8333330000000005,6.944445,6.805555,6.861111,6.360562,738100
4368,1997-06-25,6.777778,6.8333330000000005,6.472222,6.638889,6.1545510000000005,2065200
4369,1997-06-26,6.6666669999999995,6.777778,6.638889,6.638889,6.171081,662400
4370,1997-06-27,6.694445,6.722222,6.555555,6.555555,6.093616,630900
4371,1997-06-30,6.5833330000000005,6.694445,6.555555,6.555555,6.093616,937900
4372,1997-07-01,6.555555,6.638889,6.5,6.638889,6.171081,730900
4373,1997-07-02,6.638889,6.638889,6.555555,6.611111,6.145258,634500
4374,1997-07-03,6.6666669999999995,6.694445,6.611111,6.694445,6.22272,387900
4375,1997-07-07,6.722222,6.805555,6.611111,6.6666669999999995,6.196898,711600
4376,1997-07-08,6.611111,6.694445,6.611111,6.638889,6.171081,525700
4377,1997-07-09,6.638889,6.944445,6.527778,6.777778,6.30018,1516600
4378,1997-07-10,7.055555,7.25,6.9166669999999995,7.222222,6.7133080000000005,2644800
4379,1997-07-11,7.194445,7.222222,7.0833330000000005,7.138889,6.635845,1097700
4380,1997-07-14,7.111111,7.1666669999999995,7.0833330000000005,7.1666669999999995,6.661668,498100
4381,1997-07-15,7.1666669999999995,7.222222,7.0833330000000005,7.0833330000000005,6.584206,689500
4382,1997-07-16,7.111111,7.1666669999999995,7.0833330000000005,7.111111,6.6100259999999995,778000
4383,1997-07-17,7.0833330000000005,7.111111,6.9166669999999995,6.972222,6.480924,873600
4384,1997-07-18,6.972222,7.0,6.777778,6.888889,6.403462,726900
4385,1997-07-21,6.8333330000000005,6.888889,6.611111,6.722222,6.24854,928900
4386,1997-07-22,6.722222,6.888889,6.722222,6.8333330000000005,6.351821,669700
4387,1997-07-23,7.1666669999999995,7.388889,7.111111,7.277778,6.764947,2698200
4388,1997-07-24,7.305555,7.472222,7.277778,7.4166669999999995,6.89405,1511700
4389,1997-07-25,7.361111,7.527778,7.3333330000000005,7.4166669999999995,6.89405,1189000
4390,1997-07-28,7.4166669999999995,7.8333330000000005,7.4166669999999995,7.805555,7.255535000000001,2968200
4391,1997-07-29,7.805555,7.888889,7.611111,7.6666669999999995,7.126434,1231200
4392,1997-07-30,7.5833330000000005,7.8333330000000005,7.5833330000000005,7.805555,7.255535000000001,1190200
4393,1997-07-31,7.777778,7.8333330000000005,7.472222,7.5,6.9715110000000005,1140900
4394,1997-08-01,7.8333330000000005,8.111111,7.777778,8.0,7.436278999999999,2922400
4395,1997-08-04,8.0,8.055555,7.888889,7.972222,7.4104589999999995,2639200
4396,1997-08-05,7.972222,9.333333,7.9166669999999995,9.277778,8.62402,6852100
4397,1997-08-06,9.555555,9.555555,8.944445,9.111111,8.469095,5536500
4398,1997-08-07,9.111111,9.194445,9.083333,9.194445,8.546555,1953600
4399,1997-08-08,8.944445,9.305555,8.777778,9.277778,8.62402,2683800
4400,1997-08-11,9.388889,9.694445,9.138889,9.416667,8.75312,3236100
4401,1997-08-12,9.361111,9.444445,8.944445,9.166667,8.520739,1686100
4402,1997-08-13,9.25,9.527778,9.166667,9.333333,8.675659,1606500
4403,1997-08-14,9.305555,9.305555,9.166667,9.166667,8.520739,1117300
4404,1997-08-15,9.166667,9.166667,8.722222,8.777778,8.15925,2017300
4405,1997-08-18,8.777778,8.777778,8.666667,8.722222,8.107610000000001,1241200
4406,1997-08-19,8.861111,9.277778,8.777778,9.111111,8.469095,2701500
4407,1997-08-20,9.055555,9.638889,9.027778,9.638889,8.959682,3085800
4408,1997-08-21,9.666667,9.777778,9.5,9.555555,8.882222,2355900
4409,1997-08-22,9.361111,9.444445,9.111111,9.444445,8.778939999999999,1577700
4410,1997-08-25,9.444445,9.472222,9.166667,9.222222,8.572378,871300
4411,1997-08-26,9.166667,9.25,8.944445,8.944445,8.314173,1260400
4412,1997-08-27,8.972222,9.444445,8.972222,9.444445,8.778939999999999,1341000
4413,1997-08-28,9.444445,9.472222,9.305555,9.361111,8.701478,1186800
4414,1997-08-29,9.361111,9.472222,9.333333,9.444445,8.778939999999999,956700
4415,1997-09-02,9.5,9.777778,9.444445,9.666667,8.985503,1740100
4416,1997-09-03,9.777778,10.305555,9.555555,10.222222,9.501911999999999,4671000
4417,1997-09-04,10.25,10.527778,10.222222,10.361111,9.631016,2150100
4418,1997-09-05,10.388889,10.444445,10.138889,10.333333,9.605194000000001,1346100
4419,1997-09-08,10.416667,10.472222,10.25,10.305555,9.579373,899500
4420,1997-09-09,10.305555,10.444445,10.222222,10.25,9.52773,1143900
4421,1997-09-10,10.138889,10.166667,9.916667,10.027778,9.321171000000001,791500
4422,1997-09-11,9.777778,10.083333,9.555555,9.944445,9.243708999999999,2001300
4423,1997-09-12,9.861111,10.083333,9.777778,10.083333,9.372808000000001,1003000
4424,1997-09-15,10.083333,10.555555,10.083333,10.5,9.760114,1456600
4425,1997-09-16,10.5,10.694445,10.361111,10.638889,9.889217,2503300
4426,1997-09-17,10.611111,10.694445,10.5,10.611111,9.863398,1281700
4427,1997-09-18,10.5,10.611111,10.416667,10.555555,9.811753999999999,1021900
4428,1997-09-19,10.888889,11.0,10.694445,10.805555,10.044139,3027100
4429,1997-09-22,10.833333,10.861111,10.472222,10.638889,9.889217,1165000
4430,1997-09-23,10.444445,10.5,10.277778,10.361111,9.631016,843700
4431,1997-09-24,10.166667,10.361111,9.777778,10.055555,9.346991000000001,1894000
4432,1997-09-25,9.888889,10.111111,9.666667,10.111111,9.398632000000001,1341000
4433,1997-09-26,10.222222,10.277778,9.972222,10.0,9.311722,675600
4434,1997-09-29,9.888889,9.944445,9.833333,9.861111,9.182391,972000
4435,1997-09-30,9.861111,10.027778,9.833333,9.972222,9.285857,743400
4436,1997-10-01,10.111111,10.305555,10.111111,10.194445,9.492782,1759600
4437,1997-10-02,10.222222,10.222222,10.0,10.055555,9.363456,520800
4438,1997-10-03,10.111111,10.138889,9.972222,10.0,9.311722,742000
4439,1997-10-06,10.0,10.138889,9.888889,10.138889,9.441052,1017600
4440,1997-10-07,10.138889,10.194445,10.083333,10.194445,9.492782,980700
4441,1997-10-08,10.222222,10.75,10.194445,10.75,10.010104,1819900
4442,1997-10-09,10.666667,10.833333,10.444445,10.694445,9.95837,1600300
4443,1997-10-10,10.555555,11.25,10.472222,10.888889,10.139434,2709600
4444,1997-10-13,10.777778,10.833333,10.555555,10.555555,9.829038,676500
4445,1997-10-14,10.472222,11.111111,10.444445,11.111111,10.34636,1750600
4446,1997-10-15,10.805555,10.944445,10.666667,10.722222,9.984237,860100
4447,1997-10-16,10.694445,11.138889,10.611111,10.888889,10.139434,2112700
4448,1997-10-17,10.888889,10.888889,10.361111,10.722222,9.984237,1059900
4449,1997-10-20,10.722222,10.916667,10.722222,10.861111,10.113566,661900
4450,1997-10-21,10.861111,10.916667,10.722222,10.777778,10.035967999999999,1180800
4451,1997-10-22,10.777778,11.0,10.555555,11.0,10.242891,1207900
4452,1997-10-23,10.444445,10.944445,10.416667,10.777778,10.035967999999999,1079700
4453,1997-10-24,10.777778,10.861111,10.611111,10.611111,9.880772,843700
4454,1997-10-27,10.5,10.5,9.583333,9.583333,8.923733,1977700
4455,1997-10-28,8.472222,10.277778,8.472222,10.222222,9.51865,2883100
4456,1997-10-29,10.277778,10.361111,9.833333,9.888889,9.208262,936000
4457,1997-10-30,9.777778,9.944445,9.527778,9.666667,9.001331,754300
4458,1997-10-31,9.666667,9.861111,9.555555,9.722222,9.053061999999999,765600
4459,1997-11-03,9.777778,10.055555,9.722222,10.0,9.311722,1034500
4460,1997-11-04,9.972222,10.138889,9.805555,10.111111,9.415187,882000
4461,1997-11-05,10.25,10.777778,10.25,10.611111,9.880772,2370300
4462,1997-11-06,10.888889,10.888889,10.527778,10.583333,9.854907,1416300
4463,1997-11-07,10.333333,10.416667,10.222222,10.222222,9.51865,1292100
4464,1997-11-10,10.888889,10.888889,10.583333,10.611111,9.880772,1557600
4465,1997-11-11,10.833333,10.861111,10.555555,10.611111,9.880772,1298400
4466,1997-11-12,10.611111,10.666667,10.5,10.555555,9.829038,971200
4467,1997-11-13,10.583333,10.583333,10.277778,10.305555,9.596247,1138500
4468,1997-11-14,10.333333,10.666667,10.305555,10.666667,9.932508,1355500
4469,1997-11-17,10.666667,10.666667,10.361111,10.361111,9.647981,668800
4470,1997-11-18,10.388889,10.444445,10.222222,10.277778,9.570383,831700
4471,1997-11-19,10.166667,10.222222,10.027778,10.111111,9.415187,746100
4472,1997-11-20,10.083333,10.333333,10.083333,10.333333,9.622114999999999,806800
4473,1997-11-21,10.333333,10.416667,10.25,10.305555,9.596247,1375600
4474,1997-11-24,10.305555,10.388889,10.166667,10.361111,9.647981,1217200
4475,1997-11-25,10.361111,10.361111,10.194445,10.194445,9.492782,1464900
4476,1997-11-26,10.111111,10.111111,9.833333,9.861111,9.182391,1862700
4477,1997-11-28,9.888889,10.0,9.833333,9.861111,9.182391,342600
4478,1997-12-01,9.916667,10.166667,9.861111,10.027778,9.337589,1132300
4479,1997-12-02,10.138889,10.25,10.0,10.166667,9.46692,574800
4480,1997-12-03,10.083333,10.194445,10.055555,10.138889,9.441052,410100
4481,1997-12-04,10.222222,10.25,10.083333,10.138889,9.441052,609000
4482,1997-12-05,10.083333,10.166667,9.861111,9.916667,9.234124000000001,1066000
4483,1997-12-08,9.888889,9.888889,9.694445,9.777778,9.104796,1053100
4484,1997-12-09,9.777778,9.777778,9.305555,9.361111,8.716805,1271700
4485,1997-12-10,9.361111,9.361111,7.722222,8.666667,8.070161,5364900
4486,1997-12-11,8.444445,8.638889,7.861111,8.444445,7.863232000000001,3091500
4487,1997-12-12,8.555555,8.75,8.527778,8.583333,7.9925619999999995,1786900
4488,1997-12-15,8.666667,8.694445,8.611111,8.638889,8.044293,1383900
4489,1997-12-16,8.638889,9.055555,8.638889,8.944445,8.328818,928000
4490,1997-12-17,9.027778,9.111111,8.888889,9.111111,8.484015,1501600
4491,1997-12-18,9.111111,9.222222,8.805555,8.833333,8.225357,1373100
4492,1997-12-19,8.666667,8.666667,8.333333,8.638889,8.044293,1142500
4493,1997-12-22,8.555555,9.055555,8.555555,8.805555,8.199491,1135500
4494,1997-12-23,8.805555,9.111111,8.805555,9.027778,8.406414,881700
4495,1997-12-24,8.944445,9.055555,8.888889,8.972222,8.354687,452800
4496,1997-12-26,8.916667,9.0,8.833333,9.0,8.380548,232800
4497,1997-12-29,8.916667,9.138889,8.916667,9.111111,8.500808000000001,1178500
4498,1997-12-30,9.138889,9.222222,9.027778,9.138889,8.526725,1363600
4499,1997-12-31,9.166667,9.388889,8.944445,9.305555,8.682226,1130100
4500,1998-01-02,9.277778,9.333333,8.888889,8.916667,8.319386,1398100
4501,1998-01-05,8.805555,9.055555,8.805555,8.916667,8.319386,1539000
4502,1998-01-06,8.916667,8.916667,8.583333,8.805555,8.21572,1462900
4503,1998-01-07,8.805555,8.972222,8.694445,8.972222,8.371224,1362100
4504,1998-01-08,8.916667,9.083333,8.833333,9.083333,8.474892,1152000
4505,1998-01-09,8.972222,9.083333,8.833333,8.888889,8.29347,3367000
4506,1998-01-12,8.472222,8.805555,8.444445,8.638889,8.060216,1024800
4507,1998-01-13,8.75,8.861111,8.722222,8.75,8.163886999999999,671100
4508,1998-01-14,8.638889,9.083333,8.638889,9.083333,8.474892,880200
4509,1998-01-15,9.027778,9.388889,9.0,9.055555,8.448972,1474800
4510,1998-01-16,9.055555,9.083333,8.611111,8.666667,8.086134,2546200
4511,1998-01-20,8.666667,8.666667,8.5,8.611111,8.0343,2536300
4512,1998-01-21,8.611111,8.611111,8.416667,8.444445,7.878796,1339300
4513,1998-01-22,8.527778,8.75,8.333333,8.611111,8.0343,1331200
4514,1998-01-23,8.583333,8.583333,8.055555,8.111111,7.567792,2718900
4515,1998-01-26,8.166667,8.25,7.944445,7.972222,7.438207000000001,1596100
4516,1998-01-27,7.805555,7.944445,7.611111,7.9166669999999995,7.386373,5920800
4517,1998-01-28,7.972222,8.055555,7.9166669999999995,7.944445,7.41229,1273000
4518,1998-01-29,7.6666669999999995,8.194445,7.6666669999999995,7.888889,7.360455,3033000
4519,1998-01-30,7.9166669999999995,8.111111,7.861111,8.0,7.464124000000001,1846000
4520,1998-02-02,8.111111,8.333333,7.972222,8.0,7.464124000000001,5380200
4521,1998-02-03,7.722222,8.222222,7.5833330000000005,8.194445,7.645544999999999,5442900
4522,1998-02-04,8.138889,8.333333,8.027778,8.277778,7.723296,3912000
4523,1998-02-05,8.388889,8.444445,8.277778,8.361111,7.801048,2378800
4524,1998-02-06,8.361111,8.833333,8.333333,8.805555,8.21572,3658600
4525,1998-02-09,8.888889,8.888889,8.444445,8.472222,7.9047160000000005,1699800
4526,1998-02-10,8.305555,8.555555,8.305555,8.472222,7.9047160000000005,1873000
4527,1998-02-11,8.5,8.638889,8.222222,8.361111,7.801048,1707900
4528,1998-02-12,8.25,8.333333,8.138889,8.305555,7.749210000000001,1103800
4529,1998-02-13,8.194445,8.277778,8.138889,8.222222,7.671460000000001,1105800
4530,1998-02-17,8.388889,8.444445,8.25,8.333333,7.775131,1350100
4531,1998-02-18,8.388889,8.666667,8.305555,8.611111,8.0343,2677900
4532,1998-02-19,8.527778,8.916667,8.527778,8.916667,8.319386,2462800
4533,1998-02-20,9.0,9.25,8.888889,9.111111,8.500808000000001,2350500
4534,1998-02-23,9.111111,9.138889,8.833333,8.888889,8.29347,1386000
4535,1998-02-24,8.888889,9.055555,8.888889,8.972222,8.371224,1239300
4536,1998-02-25,8.972222,8.972222,8.861111,8.916667,8.319386,1311700
4537,1998-02-26,9.027778,9.194445,8.916667,9.055555,8.448972,993100
4538,1998-02-27,9.083333,9.166667,9.0,9.055555,8.448972,2739700
4539,1998-03-02,9.166667,9.416667,9.166667,9.388889,8.759979,2315800
4540,1998-03-03,9.388889,9.416667,9.25,9.277778,8.656312,1213200
4541,1998-03-04,9.222222,9.333333,8.916667,8.972222,8.371224,1621900
4542,1998-03-05,8.888889,9.055555,8.777778,9.055555,8.448972,1292500
4543,1998-03-06,8.944445,9.472222,8.944445,9.416667,8.785898,1732600
4544,1998-03-09,9.416667,9.722222,9.277778,9.388889,8.759979,1173300
4545,1998-03-10,9.722222,9.722222,9.444445,9.527778,8.889565,1046400
4546,1998-03-11,9.416667,9.722222,9.388889,9.638889,8.993232,1213200
4547,1998-03-12,9.638889,9.75,9.277778,9.277778,8.656312,1138600
4548,1998-03-13,9.305555,9.527778,9.0,9.111111,8.500808000000001,1853200
4549,1998-03-16,9.222222,9.583333,9.166667,9.527778,8.889565,1645800
4550,1998-03-17,9.555555,9.555555,9.361111,9.361111,8.734061,768700
4551,1998-03-18,9.361111,9.583333,9.361111,9.555555,8.915483,814200
4552,1998-03-19,9.638889,10.0,9.611111,9.916667,9.252403,2029900
4553,1998-03-20,10.055555,10.277778,9.944445,9.972222,9.304236,2038500
4554,1998-03-23,9.916667,10.416667,9.777778,10.222222,9.537491000000001,3413400
4555,1998-03-24,10.527778,10.805555,10.416667,10.555555,9.848494,4675500
4556,1998-03-25,10.666667,10.694445,10.25,10.277778,9.589327,2248600
4557,1998-03-26,10.333333,10.583333,10.138889,10.583333,9.874413,1551600
4558,1998-03-27,10.666667,10.722222,10.5,10.611111,9.90033,1501600
4559,1998-03-30,10.583333,10.611111,10.444445,10.527778,9.839067,1078300
4560,1998-03-31,10.472222,10.611111,10.166667,10.222222,9.553499,1373100
4561,1998-04-01,10.222222,10.5,10.138889,10.472222,9.787148,1109400
4562,1998-04-02,10.444445,10.472222,10.138889,10.138889,9.475617999999999,1144000
4563,1998-04-03,10.083333,10.222222,9.805555,10.166667,9.501582,1317300
4564,1998-04-06,10.166667,10.472222,10.166667,10.444445,9.761188,1128600
4565,1998-04-07,10.444445,10.444445,10.055555,10.333333,9.657343,920200
4566,1998-04-08,10.361111,10.416667,10.222222,10.333333,9.657343,769000
4567,1998-04-09,10.666667,11.222222,10.611111,11.055555,10.332314,6130500
4568,1998-04-13,11.111111,11.277778,10.888889,11.194445,10.462123,2655600
4569,1998-04-14,11.166667,11.361111,11.111111,11.25,10.514041,2399500
4570,1998-04-15,11.222222,11.583333,11.194445,11.555555,10.799607,2427000
4571,1998-04-16,11.472222,11.638889,11.305555,11.472222,10.721728,1289800
4572,1998-04-17,11.388889,11.555555,11.361111,11.5,10.747686,553500
4573,1998-04-20,11.555555,11.861111,11.444445,11.805555,11.033254,2505700
4574,1998-04-21,12.0,12.0,11.694445,11.861111,11.085177,1564200
4575,1998-04-22,11.722222,11.916667,11.444445,11.611111,10.851526,3171700
4576,1998-04-23,11.5,12.083333,11.472222,12.027778,11.240938,2914200
4577,1998-04-24,12.083333,12.111111,11.833333,11.916667,11.137094,1586200
4578,1998-04-27,11.472222,11.555555,10.972222,11.333333,10.591925,3406600
4579,1998-04-28,11.555555,11.777778,11.5,11.777778,11.007292999999999,2175400
4580,1998-04-29,11.75,12.055555,11.666667,11.944445,11.163057,2267700
4581,1998-04-30,12.111111,12.416667,12.055555,12.055555,11.266898,2876800
4582,1998-05-01,12.111111,12.138889,11.388889,11.888889,11.111135,2640100
4583,1998-05-04,11.777778,12.361111,11.777778,12.194445,11.396701,2433600
4584,1998-05-05,12.083333,12.527778,12.0,12.444445,11.630346000000001,2444800
4585,1998-05-06,12.555555,12.722222,12.333333,12.416667,11.604386,2169000
4586,1998-05-07,12.527778,12.555555,12.166667,12.388889,11.578425,1053900
4587,1998-05-08,12.277778,12.444445,11.944445,12.416667,11.604386,1317100
4588,1998-05-11,12.444445,13.027778,12.444445,12.916667,12.071677000000001,2927700
4589,1998-05-12,13.111111,13.277778,12.583333,12.75,11.915915,2559300
4590,1998-05-13,12.638889,12.916667,12.305555,12.472222,11.656309,1873300
4591,1998-05-14,12.444445,13.527778,12.416667,13.416667000000002,12.538967999999999,4227400
4592,1998-05-15,13.305554999999998,13.305554999999998,12.916667,12.916667,12.071677000000001,1706800
4593,1998-05-18,12.861111,13.166667000000002,12.666667,13.0,12.149558,2279400
4594,1998-05-19,13.055555,13.75,13.0,13.555554999999998,12.668771000000001,3268500
4595,1998-05-20,13.611111,14.222222,13.472222,14.055554999999998,13.13606,3576300
4596,1998-05-21,14.055554999999998,14.333332999999998,13.861111,14.194445000000002,13.265863000000001,4074700
4597,1998-05-22,14.111111,14.222222,13.888889,14.027778,13.110102,1148400
4598,1998-05-26,13.944445000000002,14.444445000000002,13.722222,14.111111,13.187984,3407500
4599,1998-05-27,14.25,14.25,13.805554999999998,13.916667000000002,13.006261,3197200
4600,1998-05-28,13.972222,14.0,13.555554999999998,13.555554999999998,12.668771000000001,1378300
4601,1998-05-29,13.444445000000002,13.5,13.222222,13.333332999999998,12.461085,1304700
4602,1998-06-01,13.333332999999998,13.666667000000002,13.333332999999998,13.638889,12.746652000000001,1250700
4603,1998-06-02,13.638889,13.638889,13.194445000000002,13.305554999999998,12.435124,1671900
4604,1998-06-03,13.388889,13.5,13.333332999999998,13.333332999999998,12.461085,753300
4605,1998-06-04,13.527778,13.805554999999998,13.361111,13.5,12.61685,1522900
4606,1998-06-05,13.5,14.333332999999998,13.5,13.833332999999998,12.928378,2450800
4607,1998-06-08,13.861111,13.972222,13.805554999999998,13.805554999999998,12.902415,820300
4608,1998-06-09,13.944445000000002,13.944445000000002,13.722222,13.75,12.850494,986400
4609,1998-06-10,13.722222,13.833332999999998,13.611111,13.666667000000002,12.772611999999999,1040800
4610,1998-06-11,13.638889,13.805554999999998,13.444445000000002,13.777778,12.876456,1420300
4611,1998-06-12,13.944445000000002,14.166667000000002,13.944445000000002,14.111111,13.187984,1257300
4612,1998-06-15,14.111111,14.222222,13.777778,13.916667000000002,13.006261,1587100
4613,1998-06-16,13.805554999999998,13.944445000000002,13.666667000000002,13.75,12.850494,1408600
4614,1998-06-17,13.805554999999998,14.166667000000002,13.805554999999998,13.861111,12.954336999999999,1957900
4615,1998-06-18,13.777778,13.805554999999998,13.638889,13.75,12.850494,1157500
4616,1998-06-19,13.638889,13.944445000000002,13.583332999999998,13.833332999999998,12.928378,1158400
4617,1998-06-22,13.833332999999998,14.333332999999998,13.805554999999998,14.333332999999998,13.395670999999998,1711500
4618,1998-06-23,14.444445000000002,14.555554999999998,14.166667000000002,14.305554999999998,13.369709,1626700
4619,1998-06-24,14.0,14.166667000000002,13.527778,14.111111,13.187984,4342200
4620,1998-06-25,14.166667000000002,14.5,14.111111,14.388889,13.447592000000002,1980100
4621,1998-06-26,14.305554999999998,14.388889,14.0,14.138889,13.23029,713200
4622,1998-06-29,14.166667000000002,14.333332999999998,14.138889,14.194445000000002,13.282276000000001,621900
4623,1998-06-30,14.111111,14.111111,13.361111,13.444445000000002,12.580473,1634400
4624,1998-07-01,13.75,13.833332999999998,13.611111,13.680554999999998,12.801414,4793500
4625,1998-07-02,13.694445000000002,14.638889,13.666667000000002,14.472222,13.542209,2058900
4626,1998-07-06,14.666667000000002,14.666667000000002,14.0,14.222222,13.308271,1877800
4627,1998-07-07,14.277778,14.277778,13.833332999999998,13.861111,12.970363,1940100
4628,1998-07-08,13.861111,14.388889,13.861111,14.222222,13.308271,1454800
4629,1998-07-09,14.527778,15.277778,14.5,15.0,14.036064999999999,2208100
4630,1998-07-10,15.083332999999998,15.194445000000002,14.777778,14.916667000000002,13.958088,1654600
4631,1998-07-13,15.0,15.0,14.722222,14.805554999999998,13.854117,1086400
4632,1998-07-14,14.805554999999998,15.444445000000002,14.75,15.277778,14.295994,2060700
4633,1998-07-15,15.444445000000002,15.5,15.0,15.027778,14.062057000000001,2186100
4634,1998-07-16,15.0,15.611111,15.0,15.527778,14.529928,1367700
4635,1998-07-17,15.555554999999998,15.583332999999998,15.222222,15.555554999999998,14.555921,898600
4636,1998-07-20,15.25,15.333332999999998,14.111111,14.5,13.568199,2952400
4637,1998-07-21,14.777778,14.805554999999998,14.222222,14.222222,13.308271,2427000
4638,1998-07-22,14.111111,14.166667000000002,13.611111,13.972222,13.074339,1354900
4639,1998-07-23,13.944445000000002,14.055554999999998,13.694445000000002,13.777778,12.892387,1226800
4640,1998-07-24,13.666667000000002,13.888889,13.472222,13.555554999999998,12.684445,1413400
4641,1998-07-27,12.722222,13.444445000000002,12.083333,13.333332999999998,12.476502,5201200
4642,1998-07-28,13.111111,13.111111,11.777778,12.361111,11.566757,5923800
4643,1998-07-29,12.555555,13.0,12.555555,12.583333,11.774697999999999,1230300
4644,1998-07-30,12.583333,13.0,12.555555,12.777778,11.95665,1149000
4645,1998-07-31,12.75,12.833333,12.027778,12.166667,11.384811000000001,1623600
4646,1998-08-03,12.138889,12.222222,11.722222,12.111111,11.332825999999999,2107000
4647,1998-08-04,12.0,12.055555,11.555555,11.638889,10.890948,1771200
4648,1998-08-05,11.666667,11.777778,10.888889,11.194445,10.475066,1863400
4649,1998-08-06,11.194445,12.166667,11.138889,11.833333,11.072896,1843300
4650,1998-08-07,12.055555,12.416667,12.0,12.416667,11.618744,1516500
4651,1998-08-10,12.305555,12.5,12.111111,12.444445,11.644736,487800
4652,1998-08-11,12.333333,12.333333,11.888889,12.25,11.462788,986500
4653,1998-08-12,12.25,13.027778,12.25,12.666667,11.852675999999999,1710400
4654,1998-08-13,12.694445,12.861111,12.611111,12.666667,11.852675999999999,749400
4655,1998-08-14,12.694445,13.0,12.694445,12.944445,12.112605,1012600
4656,1998-08-17,12.666667,12.972222,12.388889,12.888889,12.060621000000001,1298800
4657,1998-08-18,12.888889,13.472222,12.888889,13.444445000000002,12.580473,1281600
4658,1998-08-19,13.555554999999998,13.972222,13.5,13.611111,12.73643,1673500
4659,1998-08-20,13.5,13.5,12.972222,13.083333,12.242572000000001,938700
4660,1998-08-21,12.666667,12.722222,12.111111,12.555555,11.748706,873900
4661,1998-08-24,12.444445,13.0,12.333333,12.472222,11.670729,1102200
4662,1998-08-25,12.638889,12.666667,11.444445,11.861111,11.098891,1633200
4663,1998-08-26,11.555555,12.083333,11.416667,12.0,11.228855000000001,1142200
4664,1998-08-27,11.888889,11.888889,11.333333,11.416667,10.683005999999999,1552600
4665,1998-08-28,11.25,11.444445,11.111111,11.388889,10.657014,940000
4666,1998-08-31,11.277778,11.333333,10.111111,10.166667,9.513338000000001,1410300
4667,1998-09-01,10.194445,11.305555,9.833333,11.222222,10.501058,1824900
4668,1998-09-02,11.666667,13.0,11.638889,12.027778,11.254846,3835000
4669,1998-09-03,11.694445,12.388889,11.444445,12.0,11.228855000000001,1379200
4670,1998-09-04,12.111111,12.25,11.722222,12.194445,11.410803,955300
4671,1998-09-08,12.666667,12.972222,12.611111,12.805555,11.982642,1627200
4672,1998-09-09,12.75,12.833333,12.527778,12.694445,11.878673,575100
4673,1998-09-10,12.583333,12.583333,12.166667,12.333333,11.540766,1586200
4674,1998-09-11,12.111111,12.388889,12.055555,12.361111,11.566757,1073200
4675,1998-09-14,12.388889,12.916667,12.388889,12.75,11.930659,1442800
4676,1998-09-15,12.666667,12.694445,12.444445,12.638889,11.826689,693600
4677,1998-09-16,12.666667,13.222222,12.666667,12.805555,11.982642,1536400
4678,1998-09-17,12.583333,12.583333,12.277778,12.388889,11.592752,644800
4679,1998-09-18,12.388889,12.5,12.083333,12.25,11.462788,620200
4680,1998-09-21,12.083333,12.222222,11.777778,12.166667,11.384811000000001,590100
4681,1998-09-22,12.277778,12.5,12.277778,12.388889,11.592752,704400
4682,1998-09-23,12.277778,12.611111,12.138889,12.138889,11.358819,763300
4683,1998-09-24,12.166667,12.527778,11.916667,12.444445,11.644736,1437900
4684,1998-09-25,12.333333,12.944445,12.277778,12.527778,11.722713,752500
4685,1998-09-28,12.611111,12.972222,12.611111,12.833333,12.025703,941100
4686,1998-09-29,12.944445,13.305554999999998,12.888889,13.277778,12.442175,1282200
4687,1998-09-30,13.277778,13.916667000000002,13.111111,13.111111,12.285996,2632000
4688,1998-10-01,12.888889,13.277778,12.777778,13.138889,12.312027,1683100
4689,1998-10-02,13.138889,13.805554999999998,12.888889,13.805554999999998,12.936739999999999,1406200
4690,1998-10-05,13.805554999999998,14.166667000000002,13.583332999999998,13.972222,13.092916,1919700
4691,1998-10-06,14.222222,14.416667000000002,13.833332999999998,13.944445000000002,13.066887,2428800
4692,1998-10-07,13.888889,13.944445000000002,13.194445000000002,13.444445000000002,12.598353999999999,1614100
4693,1998-10-08,13.333332999999998,13.333332999999998,12.027778,12.5,11.713346000000001,1433200
4694,1998-10-09,12.5,12.777778,12.472222,12.722222,11.921582,912100
4695,1998-10-12,13.111111,13.833332999999998,13.027778,13.75,12.88468,815100
4696,1998-10-13,13.638889,13.638889,13.444445000000002,13.472222,12.624384,1351300
4697,1998-10-14,13.361111,13.583332999999998,13.277778,13.388889,12.546292999999999,1387500
4698,1998-10-15,13.277778,13.555554999999998,13.111111,13.5,12.650413,1175800
4699,1998-10-16,13.555554999999998,13.861111,13.555554999999998,13.722222,12.858655,1327600
4700,1998-10-19,13.611111,13.833332999999998,13.444445000000002,13.5,12.650413,1438300
4701,1998-10-20,13.611111,14.222222,13.611111,13.75,12.88468,1360300
4702,1998-10-21,13.666667000000002,13.666667000000002,13.25,13.666667000000002,12.806591000000001,1243000
4703,1998-10-22,13.777778,14.888889,13.777778,14.833332999999998,13.899835000000001,2874300
4704,1998-10-23,14.777778,15.111111,14.555554999999998,14.555554999999998,13.639542,1727500
4705,1998-10-26,14.888889,15.194445000000002,14.833332999999998,15.027778,14.082045,1926600
4706,1998-10-27,15.111111,15.5,15.055554999999998,15.111111,14.160135999999998,2676600
4707,1998-10-28,15.055554999999998,15.333332999999998,14.916667000000002,15.305554999999998,14.342339,1146100
4708,1998-10-29,15.305554999999998,15.472222,15.194445000000002,15.305554999999998,14.342339,1386900
4709,1998-10-30,15.388889,15.472222,15.194445000000002,15.305554999999998,14.342339,1371700
4710,1998-11-02,15.388889,15.444445000000002,15.166667000000002,15.333332999999998,14.368372,2103900
4711,1998-11-03,15.222222,15.222222,14.75,14.972222,14.029985,1509300
4712,1998-11-04,15.083332999999998,15.277778,14.277778,14.333332999999998,13.431301999999999,2001700
4713,1998-11-05,14.416667000000002,14.944445000000002,14.333332999999998,14.888889,13.951898000000002,1603900
4714,1998-11-06,14.777778,15.027778,14.75,15.027778,14.082045,1364500
4715,1998-11-09,15.055554999999998,15.305554999999998,14.972222,15.222222,14.264254999999999,1371300
4716,1998-11-10,15.111111,15.138889,14.75,15.055554999999998,14.108076,1120500
4717,1998-11-11,15.111111,15.111111,14.555554999999998,14.777778,13.847779000000001,1819000
4718,1998-11-12,14.833332999999998,15.305554999999998,14.638889,15.305554999999998,14.342339,986500
4719,1998-11-13,15.472222,15.611111,15.361111,15.611111,14.628669,1806700
4720,1998-11-16,15.722222,15.916667000000002,15.333332999999998,15.388889,14.420428,1693500
4721,1998-11-17,15.333332999999998,15.333332999999998,14.888889,15.166667000000002,14.212193,981000
4722,1998-11-18,15.111111,15.111111,14.638889,14.666667000000002,13.743661,928300
4723,1998-11-19,14.666667000000002,15.138889,14.611111,15.138889,14.186160999999998,1070100
4724,1998-11-20,15.138889,15.277778,15.055554999999998,15.111111,14.160135999999998,1097700
4725,1998-11-23,15.166667000000002,15.777778,15.111111,15.555554999999998,14.576609,1701000
4726,1998-11-24,15.444445000000002,15.972222,15.444445000000002,15.583332999999998,14.602637,2226300
4727,1998-11-25,15.388889,15.527778,15.222222,15.527778,14.550578,1195600
4728,1998-11-27,15.555554999999998,15.555554999999998,15.111111,15.25,14.290281,508200
4729,1998-11-30,15.25,15.444445000000002,14.722222,14.75,13.821751999999998,1659300
4730,1998-12-01,14.75,15.222222,14.638889,15.138889,14.186160999999998,1542600
4731,1998-12-02,15.111111,15.166667000000002,14.972222,15.0,14.056013,818200
4732,1998-12-03,15.0,15.5,15.0,15.361111,14.394401,1103500
4733,1998-12-04,15.416667000000002,15.527778,15.277778,15.277778,14.316312,601600
4734,1998-12-07,14.222222,14.416667000000002,13.305554999999998,14.194445000000002,13.301154,7059300
4735,1998-12-08,14.0,14.472222,13.777778,14.305554999999998,13.405272,2855800
4736,1998-12-09,14.305554999999998,14.333332999999998,14.055554999999998,14.111111,13.223067000000002,1458000
4737,1998-12-10,13.833332999999998,13.958332999999998,12.722222,12.833333,12.025703,4957600
4738,1998-12-11,12.666667,13.388889,12.333333,12.555555,11.765405,5040100
4739,1998-12-14,12.222222,12.416667,11.861111,12.0,11.244812,3743700
4740,1998-12-15,12.166667,12.944445,12.138889,12.833333,12.025703,3443500
4741,1998-12-16,12.833333,13.111111,12.638889,12.916667,12.10379,4342000
4742,1998-12-17,13.027778,13.527778,12.972222,13.527778,12.676444,2805400
4743,1998-12-18,13.555554999999998,13.833332999999998,13.166667000000002,13.361111,12.520266000000001,3155400
4744,1998-12-21,13.305554999999998,13.333332999999998,11.888889,11.888889,11.140692999999999,4035700
4745,1998-12-22,11.777778,11.833333,10.777778,10.777778,10.099506,8178700
4746,1998-12-23,11.111111,12.555555,11.055555,12.416667,11.635256,6056500
4747,1998-12-24,12.305555,12.333333,11.972222,12.027778,11.270843,1363600
4748,1998-12-28,12.138889,13.083333,12.138889,13.027778,12.207911,2603800
4749,1998-12-29,12.694445,13.166667000000002,12.527778,12.861111,12.0682,1506100
4750,1998-12-30,12.666667,13.083333,12.666667,12.944445,12.146398,1639000
4751,1998-12-31,12.972222,14.0,12.722222,14.0,13.136876999999998,2281200
4752,1999-01-04,13.805554999999998,13.861111,13.222222,13.333332999999998,12.511308999999999,2942200
4753,1999-01-05,13.305554999999998,13.777778,13.305554999999998,13.666667000000002,12.824094,1707900
4754,1999-01-06,13.777778,13.972222,13.638889,13.888889,13.032615,2131800
4755,1999-01-07,13.722222,13.777778,13.388889,13.583332999999998,12.7459,1020100
4756,1999-01-08,13.583332999999998,13.777778,12.972222,13.222222,12.407051,1500400
4757,1999-01-11,13.194445000000002,13.194445000000002,12.472222,12.888889,12.094268,3127200
4758,1999-01-12,12.833333,13.055555,12.805555,13.055555,12.250658,1640800
4759,1999-01-13,12.861111,13.027778,12.583333,12.888889,12.094268,1629400
4760,1999-01-14,12.888889,12.944445,12.722222,12.861111,12.0682,1065600
4761,1999-01-15,13.055555,13.388889,12.972222,13.333332999999998,12.511308999999999,1279500
4762,1999-01-19,13.361111,13.361111,12.833333,13.027778,12.224591,1709500
4763,1999-01-20,12.916667,13.611111,12.75,13.555554999999998,12.719831,2734300
4764,1999-01-21,13.333332999999998,14.222222,13.333332999999998,13.611111,12.771963000000001,2287300
4765,1999-01-22,13.333332999999998,13.583332999999998,13.111111,13.527778,12.693767999999999,1386000
4766,1999-01-25,13.472222,13.472222,13.25,13.333332999999998,12.511308999999999,1513300
4767,1999-01-26,13.25,13.333332999999998,12.972222,13.0,12.198528999999999,1386400
4768,1999-01-27,13.111111,13.583332999999998,13.055555,13.444445000000002,12.61557,1642600
4769,1999-01-28,13.416667000000002,14.194445000000002,13.416667000000002,13.888889,13.032615,2734200
4770,1999-01-29,13.888889,13.888889,13.444445000000002,13.555554999999998,12.719831,1462500
4771,1999-02-01,13.333332999999998,13.361111,13.027778,13.333332999999998,12.511308999999999,1665400
4772,1999-02-02,13.25,13.25,12.916667,13.027778,12.224591,948100
4773,1999-02-03,12.972222,13.083333,12.555555,12.833333,12.042137,1190400
4774,1999-02-04,12.888889,13.194445000000002,12.833333,13.138889,12.328852000000001,1839600
4775,1999-02-05,13.111111,13.111111,12.75,12.972222,12.172463,1450800
4776,1999-02-08,13.083333,13.138889,12.944445,13.111111,12.30279,1467000
4777,1999-02-09,13.111111,13.305554999999998,12.833333,12.833333,12.042137,1154700
4778,1999-02-10,13.055555,13.222222,12.361111,12.444445,11.677225,1366200
4779,1999-02-11,12.444445,12.666667,12.333333,12.527778,11.755417999999999,2193000
4780,1999-02-12,12.583333,12.666667,12.388889,12.472222,11.703289,1288300
4781,1999-02-16,12.5,12.694445,12.333333,12.388889,11.625093,2598900
4782,1999-02-17,12.222222,12.333333,11.888889,12.0,11.260178999999999,1216500
4783,1999-02-18,12.111111,12.166667,11.888889,12.0,11.260178999999999,687300
4784,1999-02-19,12.083333,12.194445,11.722222,11.805555,11.077722,435300
4785,1999-02-22,11.916667,12.111111,11.666667,11.666667,10.947392,1485600
4786,1999-02-23,11.75,11.944445,11.694445,11.722222,10.999527,1082800
4787,1999-02-24,11.833333,12.083333,11.75,11.916667,11.181983,1243900
4788,1999-02-25,11.972222,12.027778,11.805555,11.861111,11.129849,896500
4789,1999-02-26,11.944445,12.25,11.944445,12.138889,11.390509,742000
4790,1999-03-01,12.138889,12.611111,12.138889,12.583333,11.807549,1768900
4791,1999-03-02,12.583333,12.777778,12.583333,12.777778,11.990005,1057200
4792,1999-03-03,12.833333,12.972222,12.722222,12.805555,12.016073,1981500
4793,1999-03-04,12.833333,13.277778,12.805555,12.972222,12.172463,2530900
4794,1999-03-05,13.083333,13.305554999999998,13.0,13.111111,12.30279,2480500
4795,1999-03-08,13.111111,13.333332999999998,13.083333,13.25,12.433117,1250500
4796,1999-03-09,13.166667000000002,13.305554999999998,13.111111,13.222222,12.407051,1265500
4797,1999-03-10,13.222222,13.222222,13.027778,13.027778,12.224591,2082100
4798,1999-03-11,13.055555,13.138889,13.055555,13.111111,12.30279,2023200
4799,1999-03-12,13.111111,13.166667000000002,13.0,13.138889,12.328852000000001,1466700
4800,1999-03-15,13.138889,13.138889,12.777778,12.833333,12.042137,970200
4801,1999-03-16,12.777778,12.944445,12.694445,12.75,11.963942,981400
4802,1999-03-17,12.75,12.805555,12.388889,12.694445,11.911808,1999800
4803,1999-03-18,12.75,13.75,12.388889,13.444445000000002,12.61557,2925100
4804,1999-03-19,13.388889,13.444445000000002,13.222222,13.25,12.433117,1411300
4805,1999-03-22,13.333332999999998,13.652778,13.333332999999998,13.361111,12.537375,2172700
4806,1999-03-23,13.361111,13.444445000000002,12.75,12.75,11.963942,1491300
4807,1999-03-24,12.722222,12.75,12.25,12.388889,11.625093,1228500
4808,1999-03-25,12.444445,12.5,12.333333,12.472222,11.703289,769000
4809,1999-03-26,12.444445,12.444445,12.166667,12.166667,11.41657,717400
4810,1999-03-29,12.25,12.305555,12.111111,12.277778,11.537692999999999,928000
4811,1999-03-30,12.166667,12.361111,12.027778,12.111111,11.381072999999999,1284700
4812,1999-03-31,12.194445,12.305555,12.138889,12.194445,11.459384,781200
4813,1999-04-01,12.277778,12.416667,12.0,12.166667,11.433278999999999,1993900
4814,1999-04-05,12.222222,12.333333,12.138889,12.194445,11.459384,1924200
4815,1999-04-06,12.194445,12.305555,12.111111,12.194445,11.459384,1463800
4816,1999-04-07,12.222222,12.333333,12.0,12.027778,11.302764999999999,974800
4817,1999-04-08,12.055555,12.055555,11.638889,11.722222,11.015627,3584400
4818,1999-04-09,11.638889,11.722222,11.333333,11.333333,10.650177000000001,3082200
4819,1999-04-12,11.083333,11.333333,10.5,10.583333,9.945386,3727900
4820,1999-04-13,10.583333,11.166667,9.777778,11.055555,10.389145,4405600
4821,1999-04-14,11.055555,11.166667,10.694445,10.722222,10.075903,2378700
4822,1999-04-15,10.694445,10.777778,10.444445,10.527778,9.893181,2557000
4823,1999-04-16,10.555555,11.0,10.333333,10.333333,9.710456,2609700
4824,1999-04-19,10.333333,10.638889,10.111111,10.194445,9.579941,2652700
4825,1999-04-20,10.083333,10.222222,10.083333,10.166667,9.553839,2576800
4826,1999-04-21,10.194445,10.75,10.138889,10.75,10.102006,2085300
4827,1999-04-22,10.694445,10.777778,10.444445,10.472222,9.840973,1024300
4828,1999-04-23,10.472222,10.583333,10.277778,10.583333,9.945386,1148800
4829,1999-04-26,10.75,10.944445,10.611111,10.694445,10.049798,1371700
4830,1999-04-27,10.777778,10.888889,10.555555,10.694445,10.049798,1179400
4831,1999-04-28,10.666667,10.805555,10.527778,10.722222,10.075903,1347000
4832,1999-04-29,10.777778,10.833333,10.333333,10.444445,9.814872,1349500
4833,1999-04-30,10.555555,10.638889,10.083333,10.083333,9.475526,1137600
4834,1999-05-03,10.083333,10.333333,10.027778,10.194445,9.579941,1607100
4835,1999-05-04,10.305555,10.333333,9.944445,9.972222,9.371112,1391400
4836,1999-05-05,10.0,10.138889,9.805555,9.944445,9.345009,1580500
4837,1999-05-06,9.916667,10.138889,9.666667,9.722222,9.136182000000002,3222000
4838,1999-05-07,9.777778,9.888889,9.611111,9.833333,9.240596,3271900
4839,1999-05-10,9.888889,10.166667,9.722222,9.972222,9.371112,1354200
4840,1999-05-11,9.972222,10.611111,9.861111,10.555555,9.919281,3273900
4841,1999-05-12,11.166667,11.166667,10.555555,10.916667,10.258627,2804400
4842,1999-05-13,10.944445,11.027778,10.777778,10.861111,10.20642,2377800
4843,1999-05-14,10.666667,11.138889,10.611111,11.111111,10.441352,2316600
4844,1999-05-17,11.111111,11.111111,10.222222,10.333333,9.710456,2899800
4845,1999-05-18,10.666667,10.666667,10.305555,10.388889,9.762664,2904900
4846,1999-05-19,10.5,10.611111,10.416667,10.5,9.867075,1684300
4847,1999-05-20,10.666667,11.055555,10.611111,10.833333,10.180317,2231200
4848,1999-05-21,10.833333,11.055555,10.833333,10.916667,10.258627,1296400
4849,1999-05-24,11.0,11.305555,10.777778,10.777778,10.128110000000001,1223700
4850,1999-05-25,10.805555,11.083333,10.75,10.861111,10.20642,1462600
4851,1999-05-26,10.972222,11.166667,10.444445,10.5,9.867075,1387800
4852,1999-05-27,10.583333,10.861111,10.555555,10.805555,10.154214999999999,1332000
4853,1999-05-28,10.861111,11.333333,10.833333,11.277778,10.59797,1557600
4854,1999-06-01,11.305555,11.444445,11.138889,11.138889,10.467457000000001,1188000
4855,1999-06-02,11.166667,11.194445,10.638889,10.833333,10.180317,1596700
4856,1999-06-03,11.111111,11.305555,10.583333,10.944445,10.28473,2240200
4857,1999-06-04,10.916667,11.083333,10.638889,11.083333,10.415247,1917900
4858,1999-06-07,11.083333,11.111111,10.666667,10.777778,10.128110000000001,1731700
4859,1999-06-08,10.888889,11.833333,10.888889,11.583333,10.885109,2173200
4860,1999-06-09,11.694445,12.611111,11.694445,12.430555,11.681261,2453100
4861,1999-06-10,12.444445,12.444445,11.777778,12.194445,11.459384,1316400
4862,1999-06-11,12.111111,12.305555,11.944445,12.027778,11.302764999999999,802000
4863,1999-06-14,12.027778,12.055555,11.694445,11.888889,11.172246000000001,1055800
4864,1999-06-15,12.0,12.138889,11.916667,11.916667,11.19835,648100
4865,1999-06-16,11.972222,12.055555,11.75,11.833333,11.120036,623800
4866,1999-06-17,11.861111,11.944445,11.583333,11.666667,10.963417999999999,1113700
4867,1999-06-18,11.555555,11.666667,11.333333,11.333333,10.650177000000001,1355100
4868,1999-06-21,11.388889,11.527778,11.25,11.444445,10.754592,1244800
4869,1999-06-22,11.333333,11.666667,11.333333,11.388889,10.702384,762700
4870,1999-06-23,11.388889,11.777778,11.361111,11.666667,10.963417999999999,1304700
4871,1999-06-24,11.861111,11.861111,11.083333,11.388889,10.702384,1401400
4872,1999-06-25,11.472222,11.583333,11.027778,11.138889,10.467457000000001,1226700
4873,1999-06-28,11.111111,11.388889,11.083333,11.25,10.588768,706200
4874,1999-06-29,11.361111,11.388889,10.916667,11.166667,10.510336,1232200
4875,1999-06-30,11.5,12.194445,11.416667,11.777778,11.085528,3477100
4876,1999-07-01,11.888889,12.166667,11.888889,12.0,11.294689,2915700
4877,1999-07-02,11.916667,12.222222,11.916667,12.055555,11.346978,748300
4878,1999-07-06,12.055555,13.111111,12.055555,12.944445,12.18362,2015200
4879,1999-07-07,12.972222,13.472222,12.777778,13.444445000000002,12.654233999999999,3294100
4880,1999-07-08,12.611111,13.111111,12.583333,12.722222,11.97446,3204600
4881,1999-07-09,12.75,12.805555,12.333333,12.416667,11.686866,1674900
4882,1999-07-12,12.416667,13.111111,12.416667,12.694445,11.948317999999999,943200
4883,1999-07-13,12.583333,13.083333,12.555555,12.631945,11.889489,852900
4884,1999-07-14,12.888889,13.194445000000002,12.833333,13.027778,12.262057,1124100
4885,1999-07-15,12.972222,13.305554999999998,12.972222,13.305554999999998,12.523508,1023300
4886,1999-07-16,13.25,13.388889,13.027778,13.388889,12.601944999999999,1453500
4887,1999-07-19,13.333332999999998,13.361111,12.722222,12.805555,12.052897999999999,1183200
4888,1999-07-20,13.277778,13.305554999999998,12.472222,12.611111,11.869881,1495300
4889,1999-07-21,12.722222,12.972222,12.638889,12.916667,12.157477,1315500
4890,1999-07-22,12.888889,12.930555,12.694445,12.888889,12.13133,1325700
4891,1999-07-23,12.611111,12.611111,11.611111,11.611111,10.928654,9173700
4892,1999-07-26,11.722222,12.25,11.638889,11.944445,11.242397,3189600
4893,1999-07-27,12.0,12.111111,11.916667,11.944445,11.242397,1525500
4894,1999-07-28,9.777778,10.333333,9.638889,10.083333,9.490677,16069000
4895,1999-07-29,10.0,10.277778,9.888889,10.055555,9.464533,4951500
4896,1999-07-30,10.083333,10.277778,9.972222,10.166667,9.569113,3405300
4897,1999-08-02,10.194445,10.305555,10.055555,10.083333,9.490677,1585900
4898,1999-08-03,10.083333,10.388889,10.083333,10.277778,9.673691999999999,3690400
4899,1999-08-04,10.25,10.305555,10.138889,10.138889,9.542964999999999,2578200
4900,1999-08-05,10.166667,10.388889,10.0,10.277778,9.673691999999999,2624500
4901,1999-08-06,10.027778,10.194445,9.972222,10.027778,9.438386999999999,1409500
4902,1999-08-09,9.916667,10.0,9.805555,9.833333,9.25537,1822600
4903,1999-08-10,9.833333,9.861111,9.694445,9.722222,9.150788,1736700
4904,1999-08-11,9.777778,9.861111,9.722222,9.805555,9.229223,785200
4905,1999-08-12,9.833333,10.0,9.722222,9.972222,9.386095,950100
4906,1999-08-13,10.055555,10.083333,9.944445,10.0,9.412239,415500
4907,1999-08-16,9.888889,10.138889,9.833333,9.888889,9.307658,490000
4908,1999-08-17,9.972222,9.972222,9.722222,9.75,9.176935,624600
4909,1999-08-18,9.777778,9.916667,9.694445,9.777778,9.203078999999999,1630000
4910,1999-08-19,9.777778,9.888889,9.722222,9.75,9.176935,1539100
4911,1999-08-20,9.805555,9.805555,9.527778,9.694445,9.124644,2210500
4912,1999-08-23,9.694445,9.722222,9.222222,9.611111,9.046207,2429100
4913,1999-08-24,9.527778,9.527778,9.222222,9.5,8.941628999999999,1312200
4914,1999-08-25,9.527778,9.583333,9.138889,9.305555,8.758613,1319100
4915,1999-08-26,9.305555,9.388889,9.222222,9.277778,8.732466,1207800
4916,1999-08-27,9.305555,9.472222,9.222222,9.277778,8.732466,1194900
4917,1999-08-30,9.25,9.333333,8.944445,9.083333,8.549451,1821300
4918,1999-08-31,9.138889,9.194445,8.805555,8.805555,8.288,1545900
4919,1999-09-01,8.861111,8.861111,8.361111,8.444445,7.948113,7439800
4920,1999-09-02,8.444445,8.527778,8.333333,8.388889,7.895825,2530500
4921,1999-09-03,8.416667,8.527778,8.388889,8.416667,7.92197,2616000
4922,1999-09-07,8.5,8.5,8.305555,8.333333,7.843535,1840600
4923,1999-09-08,8.277778,8.416667,8.222222,8.277778,7.791241,1967800
4924,1999-09-09,8.333333,8.805555,8.277778,8.805555,8.288,2054200
4925,1999-09-10,8.777778,8.805555,8.388889,8.444445,7.948113,1692400
4926,1999-09-13,8.361111,8.583333,8.333333,8.361111,7.869679,1152000
4927,1999-09-14,8.416667,8.583333,8.305555,8.5,8.000404,2485800
4928,1999-09-15,8.583333,8.722222,8.583333,8.666667,8.157274000000001,1996800
4929,1999-09-16,8.694445,9.055555,8.611111,8.777778,8.261855,1611600
4930,1999-09-17,8.583333,8.861111,8.472222,8.638889,8.131127000000001,1569300
4931,1999-09-20,8.777778,8.916667,8.666667,8.75,8.235708,1203900
4932,1999-09-21,8.75,8.833333,8.527778,8.583333,8.07884,865300
4933,1999-09-22,8.666667,8.666667,8.361111,8.555555,8.052694,1074700
4934,1999-09-23,8.638889,8.638889,8.166667,8.222222,7.738952,1222200
4935,1999-09-24,8.25,8.333333,8.138889,8.277778,7.791241,895500
4936,1999-09-27,8.416667,8.444445,7.888889,7.972222,7.503646000000001,1271200
4937,1999-09-28,7.944445,7.972222,7.5833330000000005,7.888889,7.441808999999999,1142500
4938,1999-09-29,7.972222,7.972222,7.638889,7.694445,7.258383,713400
4939,1999-09-30,7.75,8.166667,7.722222,8.166667,7.703844999999999,1260600
4940,1999-10-01,8.055555,8.5,7.944445,8.361111,7.887266,1314000
4941,1999-10-04,8.5,8.555555,7.722222,7.777778,7.336994,2920900
4942,1999-10-05,7.777778,8.0,7.6666669999999995,7.694445,7.258383,1264000
4943,1999-10-06,7.777778,8.027778,7.777778,7.944445,7.494215,950400
4944,1999-10-07,8.027778,8.111111,7.638889,7.777778,7.336994,1366600
4945,1999-10-08,7.777778,7.944445,7.75,7.8333330000000005,7.3894,799600
4946,1999-10-11,7.9166669999999995,8.222222,7.694445,8.222222,7.75625,1462000
4947,1999-10-12,8.166667,8.25,7.944445,8.194445,7.730049,1712200
4948,1999-10-13,8.138889,8.166667,7.9166669999999995,8.138889,7.677639999999999,2222200
4949,1999-10-14,8.138889,8.25,7.972222,8.138889,7.677639999999999,1132300
4950,1999-10-15,8.166667,8.166667,7.8333330000000005,7.944445,7.494215,819900
4951,1999-10-18,8.083333,8.083333,7.75,7.972222,7.520417999999999,1062400
4952,1999-10-19,8.0,8.277778,7.9166669999999995,8.277778,7.808657000000001,1017600
4953,1999-10-20,8.277778,8.416667,8.027778,8.194445,7.730049,598500
4954,1999-10-21,8.138889,8.138889,7.9166669999999995,8.027778,7.572827,567000
4955,1999-10-22,8.111111,8.194445,7.972222,8.055555,7.599028999999999,700800
4956,1999-10-25,7.944445,8.416667,7.944445,8.361111,7.887266,938800
4957,1999-10-26,8.416667,8.638889,7.6666669999999995,7.972222,7.520417999999999,2232600
4958,1999-10-27,7.972222,7.972222,7.6666669999999995,7.805555,7.363198,1221000
4959,1999-10-28,7.777778,8.166667,7.6666669999999995,8.111111,7.651436,1976400
4960,1999-10-29,8.111111,8.111111,7.9166669999999995,7.972222,7.520417999999999,627900
4961,1999-11-01,8.0,8.027778,7.9166669999999995,8.027778,7.572827,863500
4962,1999-11-02,8.027778,8.166667,7.888889,7.972222,7.520417999999999,1024200
4963,1999-11-03,8.111111,8.361111,8.111111,8.333333,7.861064,1094400
4964,1999-11-04,8.277778,8.833333,8.25,8.833333,8.332726,1363200
4965,1999-11-05,9.194445,9.444445,8.888889,9.055555,8.542356,2590200
4966,1999-11-08,8.972222,8.972222,8.666667,8.805555,8.306527,632200
4967,1999-11-09,8.805555,8.972222,8.611111,8.916667,8.41134,1351900
4968,1999-11-10,9.027778,9.305555,8.944445,9.25,8.725783,1161100
4969,1999-11-11,9.333333,9.333333,9.111111,9.277778,8.751987,684600
4970,1999-11-12,9.388889,9.444445,9.138889,9.222222,8.699578,1766200
4971,1999-11-15,9.333333,9.388889,9.277778,9.361111,8.830597000000001,534100
4972,1999-11-16,9.388889,9.611111,9.25,9.333333,8.804393,2252200
4973,1999-11-17,9.333333,9.861111,9.333333,9.861111,9.302258,3206800
4974,1999-11-18,9.861111,10.0,9.638889,9.916667,9.35467,1584600
4975,1999-11-19,9.944445,10.027778,9.75,10.027778,9.459480000000001,864100
4976,1999-11-22,10.0,10.027778,9.75,9.916667,9.35467,1053600
4977,1999-11-23,9.888889,9.944445,9.611111,9.888889,9.328463000000001,964500
4978,1999-11-24,10.0,10.194445,9.916667,10.194445,9.616703,1885000
4979,1999-11-26,10.138889,10.138889,10.0,10.027778,9.459480000000001,257800
4980,1999-11-29,9.972222,10.138889,9.916667,10.111111,9.538094000000001,771300
4981,1999-11-30,10.138889,10.472222,10.111111,10.472222,9.878738,1344600
4982,1999-12-01,10.416667,10.666667,10.333333,10.666667,10.062166,1121800
4983,1999-12-02,10.666667,10.75,10.555555,10.583333,9.983552,1331700
4984,1999-12-03,10.583333,10.722222,10.527778,10.555555,9.957346000000001,906000
4985,1999-12-06,10.583333,10.666667,10.25,10.305555,9.721518,894100
4986,1999-12-07,10.305555,10.777778,10.194445,10.75,10.140775999999999,1298800
4987,1999-12-08,10.666667,10.694445,10.222222,10.555555,9.957346000000001,1468000
4988,1999-12-09,10.5,10.638889,10.027778,10.305555,9.721518,1519800
4989,1999-12-10,10.111111,10.138889,9.666667,10.083333,9.511889,940200
4990,1999-12-13,9.916667,10.166667,9.722222,10.083333,9.511889,785700
4991,1999-12-14,10.0,10.388889,10.0,10.027778,9.459480000000001,936100
4992,1999-12-15,10.111111,10.111111,9.805555,9.972222,9.407075,972100
4993,1999-12-16,9.777778,9.861111,9.472222,9.694445,9.145039,1317600
4994,1999-12-17,9.583333,9.666667,9.055555,9.083333,8.568559,2046600
4995,1999-12-20,9.25,9.666667,9.194445,9.583333,9.040224,1443600
4996,1999-12-21,9.583333,9.944445,9.527778,9.694445,9.145039,1417900
4997,1999-12-22,9.805555,10.777778,9.777778,10.611111,10.009756,2509200
4998,1999-12-23,10.638889,11.388889,10.472222,10.944445,10.324203,2579400
4999,1999-12-27,11.027778,11.055555,10.75,10.944445,10.324203,741300
5000,1999-12-28,10.916667,11.083333,10.833333,10.861111,10.245588,597700
5001,1999-12-29,10.916667,11.194445,10.888889,11.194445,10.577347999999999,812200
5002,1999-12-30,11.277778,11.305555,10.888889,10.916667,10.31488,686200
5003,1999-12-31,10.888889,11.194445,10.888889,11.194445,10.577347999999999,513600
5004,2000-01-03,11.111111,11.166667,10.722222,10.833333,10.236141,1853200
5005,2000-01-04,10.694445,10.722222,10.111111,10.333333,9.763705999999999,1139100
5006,2000-01-05,10.333333,10.555555,10.25,10.5,9.921185000000001,1191100
5007,2000-01-06,10.527778,10.666667,10.472222,10.555555,9.973678,821700
5008,2000-01-07,10.555555,11.194445,10.444445,11.111111,10.498606,1631700
5009,2000-01-10,11.111111,11.388889,11.083333,11.333333,10.708578,1534500
5010,2000-01-11,11.277778,12.055555,11.111111,12.0,11.338495,1974600
5011,2000-01-12,12.0,12.194445,11.666667,11.722222,11.076032000000001,2009200
5012,2000-01-13,11.777778,12.0,11.777778,12.0,11.338495,1106700
5013,2000-01-14,12.027778,12.638889,12.027778,12.138889,11.469728,1628200
5014,2000-01-18,12.222222,12.333333,12.055555,12.305555,11.627206,837600
5015,2000-01-19,12.138889,12.416667,12.083333,12.416667,11.732194999999999,1120500
5016,2000-01-20,12.305555,12.444445,12.222222,12.305555,11.627206,1323000
5017,2000-01-21,12.333333,12.388889,11.777778,11.888889,11.233511,867600
5018,2000-01-24,11.805555,11.944445,11.138889,11.277778,10.656087,1690200
5019,2000-01-25,11.166667,11.333333,11.0,11.305555,10.682331,969300
5020,2000-01-26,11.305555,11.305555,10.888889,11.111111,10.498606,914400
5021,2000-01-27,11.333333,11.472222,11.138889,11.305555,10.682331,1448200
5022,2000-01-28,11.333333,12.111111,10.972222,11.666667,11.023538,1572300
5023,2000-01-31,11.5,11.833333,10.722222,11.833333,11.181016,2266600
5024,2000-02-01,11.833333,11.833333,11.222222,11.416667,10.787322,849100
5025,2000-02-02,11.5,11.611111,11.25,11.305555,10.682331,769600
5026,2000-02-03,11.333333,11.388889,11.194445,11.305555,10.682331,478300
5027,2000-02-04,11.333333,11.361111,11.055555,11.138889,10.524854,936900
5028,2000-02-07,11.222222,11.333333,11.111111,11.333333,10.708578,592600
5029,2000-02-08,11.277778,11.333333,11.194445,11.277778,10.656087,1368400
5030,2000-02-09,11.277778,11.333333,11.055555,11.083333,10.47236,1019700
5031,2000-02-10,11.083333,11.111111,10.888889,10.972222,10.367374,1037700
5032,2000-02-11,10.944445,11.055555,10.666667,10.833333,10.236141,801900
5033,2000-02-14,10.805555,10.805555,10.638889,10.75,10.157404,855100
5034,2000-02-15,10.777778,11.055555,10.555555,10.583333,9.999925,864000
5035,2000-02-16,10.472222,10.611111,10.361111,10.388889,9.816195,1132600
5036,2000-02-17,10.361111,10.805555,10.222222,10.805555,10.209897,1956700
5037,2000-02-18,10.888889,11.333333,10.833333,10.861111,10.262387,2154700
5038,2000-02-22,11.111111,11.166667,10.222222,10.277778,9.711212,1121800
5039,2000-02-23,10.388889,10.583333,10.277778,10.277778,9.711212,960700
5040,2000-02-24,10.472222,10.916667,10.333333,10.527778,9.947427000000001,1707700
5041,2000-02-25,10.611111,10.972222,10.305555,10.361111,9.78995,834900
5042,2000-02-28,10.305555,10.333333,10.0,10.083333,9.527486,893800
5043,2000-02-29,10.166667,10.638889,10.166667,10.222222,9.658717,1535500
5044,2000-03-01,10.111111,10.416667,10.027778,10.138889,9.579977,824400
5045,2000-03-02,10.111111,11.166667,10.083333,10.722222,10.131153999999999,3292300
5046,2000-03-03,12.0,13.111111,11.833333,13.111111,12.388354,6770700
5047,2000-03-06,13.111111,13.111111,12.055555,12.361111,11.679699000000001,3171300
5048,2000-03-07,12.416667,12.416667,11.972222,12.111111,11.443482000000001,2250100
5049,2000-03-08,12.222222,12.75,12.222222,12.416667,11.732194999999999,1176400
5050,2000-03-09,12.444445,12.666667,12.25,12.666667,11.968411,3292600
5051,2000-03-10,12.444445,12.444445,12.083333,12.388889,11.705948,2845900
5052,2000-03-13,12.166667,12.222222,11.888889,12.166667,11.495975,1303800
5053,2000-03-14,12.166667,12.194445,11.555555,11.916667,11.259758,1174200
5054,2000-03-15,11.861111,12.333333,11.722222,12.305555,11.627206,2686000
5055,2000-03-16,12.444445,13.333332999999998,12.416667,13.333332999999998,12.598329,4105000
5056,2000-03-17,13.333332999999998,13.333332999999998,12.972222,13.027778,12.309617999999999,2364000
5057,2000-03-20,13.027778,13.055555,12.444445,12.472222,11.784687,1526100
5058,2000-03-21,12.527778,13.055555,12.5,12.944445,12.230875,955900
5059,2000-03-22,12.777778,12.777778,12.277778,12.527778,11.837178999999999,2142000
5060,2000-03-23,12.555555,12.555555,12.111111,12.444445,11.75844,1746400
5061,2000-03-24,12.444445,12.666667,12.222222,12.388889,11.705948,1551700
5062,2000-03-27,12.416667,12.416667,11.888889,12.0,11.338495,1212400
5063,2000-03-28,11.944445,11.972222,11.527778,11.611111,10.971045,2277600
5064,2000-03-29,11.583333,11.833333,11.5,11.611111,10.987866,1380600
5065,2000-03-30,11.638889,11.944445,11.5,11.583333,10.961584,1555200
5066,2000-03-31,11.638889,12.444445,11.638889,12.222222,11.566179,2090400
5067,2000-04-03,12.111111,12.305555,12.055555,12.111111,11.461031,896400
5068,2000-04-04,12.222222,12.888889,12.0,12.583333,11.907907000000002,2735700
5069,2000-04-05,12.555555,13.305554999999998,12.555555,13.166667000000002,12.459928999999999,1789600
5070,2000-04-06,13.055555,13.194445000000002,12.916667,13.166667000000002,12.459928999999999,1734300
5071,2000-04-07,13.166667000000002,13.611111,13.166667000000002,13.444445000000002,12.722796,3109500
5072,2000-04-10,13.333332999999998,13.638889,13.25,13.444445000000002,12.722796,1921500
5073,2000-04-11,13.388889,13.388889,13.111111,13.25,12.538789999999999,1952700
5074,2000-04-12,13.277778,13.305554999999998,12.972222,13.083333,12.381067999999999,1032700
5075,2000-04-13,13.138889,13.138889,12.805555,13.138889,12.433644000000001,924400
5076,2000-04-14,12.972222,13.055555,12.361111,12.833333,12.144487,1218300
5077,2000-04-17,12.555555,12.583333,12.083333,12.333333,11.671327,1667400
5078,2000-04-18,12.277778,12.833333,12.194445,12.722222,12.039342,1025100
5079,2000-04-19,12.833333,13.361111,12.722222,13.138889,12.433644000000001,1099300
5080,2000-04-20,13.138889,13.138889,12.638889,12.833333,12.144487,580600
5081,2000-04-24,12.722222,13.0,12.583333,13.0,12.302207000000001,826800
5082,2000-04-25,12.944445,13.277778,12.444445,12.444445,11.776473,1263100
5083,2000-04-26,12.5,12.666667,12.194445,12.361111,11.697614999999999,1475500
5084,2000-04-27,12.277778,12.361111,12.166667,12.333333,11.671327,537300
5085,2000-04-28,12.222222,12.638889,12.166667,12.611111,11.934192999999999,507600
5086,2000-05-01,12.611111,13.027778,12.472222,12.777778,12.091911999999999,622500
5087,2000-05-02,12.944445,12.944445,12.722222,12.777778,12.091911999999999,558100
5088,2000-05-03,12.777778,12.916667,12.694445,12.694445,12.013053999999999,511200
5089,2000-05-04,12.583333,13.722222,12.583333,13.722222,12.985666,1765000
5090,2000-05-05,13.666667000000002,14.333332999999998,13.388889,14.333332999999998,13.563972,3396600
5091,2000-05-08,14.166667000000002,14.194445000000002,13.805554999999998,13.944445000000002,13.195960000000001,1036300
5092,2000-05-09,14.0,14.277778,13.75,14.194445000000002,13.432539000000002,1228600
5093,2000-05-10,13.888889,13.916667000000002,13.527778,13.805554999999998,13.064525999999999,1515300
5094,2000-05-11,13.805554999999998,13.805554999999998,10.0,10.611111,10.041545,18482100
5095,2000-05-12,10.833333,11.416667,10.333333,11.25,10.646142,8824600
5096,2000-05-15,11.388889,11.972222,11.222222,11.666667,11.040441,5266300
5097,2000-05-16,11.666667,11.833333,11.444445,11.638889,11.014158,2539500
5098,2000-05-17,11.527778,11.583333,11.444445,11.527778,10.90901,1506100
5099,2000-05-18,11.527778,11.611111,11.5,11.583333,10.961584,1026900
5100,2000-05-19,11.5,11.694445,11.444445,11.611111,10.987866,595800
5101,2000-05-22,11.611111,11.75,11.416667,11.472222,10.856434,1019200
5102,2000-05-23,11.583333,11.888889,11.5,11.722222,11.093017999999999,1180500
5103,2000-05-24,11.833333,11.833333,11.472222,11.736111,11.106161,2407500
5104,2000-05-25,11.75,12.166667,11.75,12.041667,11.395313999999999,2329600
5105,2000-05-26,12.083333,12.111111,11.861111,11.930555,11.290164,1435500
5106,2000-05-30,11.916667,11.972222,11.805555,11.888889,11.250736,621600
5107,2000-05-31,11.972222,12.083333,11.861111,11.916667,11.277028,783000
5108,2000-06-01,11.944445,12.083333,11.861111,11.861111,11.22445,839800
5109,2000-06-02,11.972222,12.0,11.805555,11.916667,11.277028,1562100
5110,2000-06-05,11.888889,12.277778,11.777778,12.083333,11.434746,1930900
5111,2000-06-06,12.0,12.0,11.833333,11.888889,11.250736,931900
5112,2000-06-07,11.833333,11.833333,10.805555,11.194445,10.59357,5793900
5113,2000-06-08,11.083333,11.083333,10.25,10.5,9.9364,3541000
5114,2000-06-09,7.4166669999999995,7.777778,7.111111,7.694445,7.281435000000001,22962700
5115,2000-06-12,7.722222,8.083333,7.694445,7.972222,7.5443039999999995,8803500
5116,2000-06-13,8.0,8.111111,7.861111,7.972222,7.5443039999999995,2995200
5117,2000-06-14,8.0,8.111111,7.722222,7.75,7.334008,5335300
5118,2000-06-15,7.944445,8.111111,7.8333330000000005,8.083333,7.649449000000001,2812900
5119,2000-06-16,8.194445,8.194445,7.972222,8.055555,7.623161,3863200
5120,2000-06-19,8.111111,8.138889,7.805555,7.8333330000000005,7.412869000000001,2037100
5121,2000-06-20,7.8333330000000005,7.944445,7.777778,7.805555,7.386581,1145800
5122,2000-06-21,7.972222,7.972222,7.722222,7.722222,7.307722999999999,4033000
5123,2000-06-22,7.638889,7.75,7.638889,7.694445,7.281435000000001,4357900
5124,2000-06-23,7.694445,7.888889,7.444445,7.555555,7.150001,3922200
5125,2000-06-26,7.555555,7.638889,7.5,7.611111,7.202574,1437000
5126,2000-06-27,7.611111,7.722222,7.472222,7.694445,7.281435000000001,1647400
5127,2000-06-28,7.6666669999999995,7.777778,7.444445,7.722222,7.324648,794800
5128,2000-06-29,7.555555,8.0,7.555555,7.944445,7.535429,1284000
5129,2000-06-30,7.972222,8.138889,7.888889,8.055555,7.640817,1133100
5130,2000-07-03,8.138889,8.166667,7.8333330000000005,8.027778,7.614472,413200
5131,2000-07-05,7.972222,8.416667,7.9166669999999995,8.333333,7.904294999999999,1158700
5132,2000-07-06,8.444445,8.722222,8.277778,8.305555,7.877947,2120800
5133,2000-07-07,8.388889,8.722222,8.333333,8.694445,8.246816,1914900
5134,2000-07-10,8.666667,8.861111,8.5,8.75,8.29951,2062500
5135,2000-07-11,8.75,9.0,8.444445,8.444445,8.009687,2379300
5136,2000-07-12,8.694445,8.694445,8.222222,8.666667,8.220469999999999,3437200
5137,2000-07-13,8.944445,9.0,8.361111,8.5,8.062383,6365400
5138,2000-07-14,8.5,8.5,8.222222,8.333333,7.904294999999999,4923900
5139,2000-07-17,8.333333,9.0,8.277778,8.861111,8.404902,2425200
5140,2000-07-18,8.916667,9.055555,8.805555,8.861111,8.404902,1118700
5141,2000-07-19,9.111111,9.138889,8.861111,8.888889,8.431249000000001,1680000
5142,2000-07-20,9.055555,9.055555,8.722222,8.75,8.29951,983200
5143,2000-07-21,8.861111,8.861111,8.722222,8.777778,8.325859,1263700
5144,2000-07-24,8.805555,9.583333,8.805555,9.534722,9.04383,3248500
5145,2000-07-25,9.527778,9.944445,9.361111,9.722222,9.221679,4475400
5146,2000-07-26,9.777778,9.777778,9.243055,9.277778,8.800117,3500200
5147,2000-07-27,9.333333,9.777778,9.222222,9.722222,9.221679,2835400
5148,2000-07-28,9.75,9.777778,9.444445,9.5,9.010899,1345000
5149,2000-07-31,9.583333,9.694445,9.388889,9.444445,8.958202,1600600
5150,2000-08-01,9.5,9.916667,9.472222,9.5,9.010899,2878600
5151,2000-08-02,9.611111,9.888889,9.611111,9.722222,9.221679,2380200
5152,2000-08-03,9.694445,10.166667,9.666667,10.083333,9.564198,2659900
5153,2000-08-04,10.083333,10.277778,9.944445,10.111111,9.590547,1182600
5154,2000-08-07,9.944445,10.305555,9.944445,10.166667,9.643241999999999,1541400
5155,2000-08-08,10.166667,10.222222,9.944445,9.993055,9.478571,1562100
5156,2000-08-09,9.888889,10.611111,9.777778,10.083333,9.564198,4562100
5157,2000-08-10,10.027778,10.916667,10.0,10.555555,10.012111,6284400
5158,2000-08-11,10.694445,12.222222,10.333333,12.222222,11.592967,4878400
5159,2000-08-14,11.694445,11.888889,11.444445,11.583333,10.986972,3205800
5160,2000-08-15,11.527778,11.527778,11.194445,11.25,10.6708,1949400
5161,2000-08-16,11.361111,11.527778,11.305555,11.5,10.90793,1012200
5162,2000-08-17,11.111111,11.888889,11.111111,11.888889,11.276795,1766800
5163,2000-08-18,11.888889,12.027778,11.555555,11.638889,11.039669,1524700
5164,2000-08-21,11.583333,11.972222,11.527778,11.666667,11.066011999999999,1473900
5165,2000-08-22,11.694445,12.194445,11.666667,12.194445,11.56662,1779000
5166,2000-08-23,12.083333,12.083333,11.666667,11.805555,11.197752000000001,1272300
5167,2000-08-24,11.722222,12.194445,11.722222,12.194445,11.56662,925200
5168,2000-08-25,12.194445,12.194445,11.944445,12.138889,11.513926,963000
5169,2000-08-28,12.083333,12.138889,11.805555,11.944445,11.32949,977800
5170,2000-08-29,11.888889,12.055555,11.583333,11.638889,11.039669,1873800
5171,2000-08-30,11.583333,12.055555,11.583333,12.0,11.382185,905400
5172,2000-08-31,12.0,12.138889,11.805555,11.805555,11.197752000000001,1609300
5173,2000-09-01,12.0,12.055555,11.888889,12.055555,11.434882,1662300
5174,2000-09-05,12.055555,12.333333,12.027778,12.222222,11.592967,1331100
5175,2000-09-06,12.222222,12.222222,11.555555,11.75,11.145057000000001,2117700
5176,2000-09-07,11.694445,12.416667,11.694445,12.416667,11.777403,1280200
5177,2000-09-08,12.416667,12.555555,12.111111,12.277778,11.645664,1022400
5178,2000-09-11,12.111111,12.305555,12.055555,12.277778,11.645664,552600
5179,2000-09-12,12.277778,12.444445,12.055555,12.25,11.619315,722200
5180,2000-09-13,11.833333,12.333333,11.805555,12.083333,11.461229,2101500
5181,2000-09-14,12.083333,12.25,11.333333,11.861111,11.250447,6005700
5182,2000-09-15,11.666667,12.0,11.555555,11.75,11.145057000000001,3408900
5183,2000-09-18,11.75,11.777778,11.444445,11.555555,10.960623,2709100
5184,2000-09-19,11.527778,11.527778,10.75,11.0,10.433672,2636100
5185,2000-09-20,11.0,12.277778,10.833333,11.916667,11.303144999999999,7034100
5186,2000-09-21,11.805555,12.055555,11.527778,11.861111,11.250447,2352600
5187,2000-09-22,11.861111,12.0,11.416667,11.972222,11.355841,2207200
5188,2000-09-25,11.972222,12.055555,11.472222,11.805555,11.197752000000001,2169000
5189,2000-09-26,11.833333,12.222222,11.75,12.111111,11.487575999999999,2616900
5190,2000-09-27,12.166667,12.75,12.111111,12.388889,11.76833,3082200
5191,2000-09-28,12.333333,12.361111,12.111111,12.166667,11.557239,1079700
5192,2000-09-29,12.194445,12.25,11.694445,11.972222,11.372536,2080300
5193,2000-10-02,11.861111,12.666667,11.833333,12.472222,11.847489,1688100
5194,2000-10-03,12.472222,12.777778,12.222222,12.361111,11.741945,1161900
5195,2000-10-04,12.25,12.25,11.75,12.138889,11.530853,1483300
5196,2000-10-05,12.194445,12.472222,12.166667,12.444445,11.821102999999999,860500
5197,2000-10-06,12.444445,12.722222,12.138889,12.166667,11.557239,1354500
5198,2000-10-09,12.222222,12.222222,11.972222,12.0,11.398919,730000
5199,2000-10-10,11.972222,12.75,11.972222,12.694445,12.058582000000001,1173600
5200,2000-10-11,12.666667,12.777778,12.277778,12.527778,11.900261,1579200
5201,2000-10-12,12.444445,12.5,12.027778,12.277778,11.662786,793500
5202,2000-10-13,12.166667,12.222222,11.805555,12.055555,11.451694,849300
5203,2000-10-16,11.888889,12.833333,11.888889,12.694445,12.058582000000001,1626300
5204,2000-10-17,12.666667,13.305554999999998,12.666667,13.111111,12.454376,2025900
5205,2000-10-18,12.777778,13.027778,12.444445,13.0,12.348828999999999,1133500
5206,2000-10-19,13.0,13.083333,12.611111,12.833333,12.190513000000001,765600
5207,2000-10-20,12.833333,13.333332999999998,12.722222,13.333332999999998,12.66547,1291600
5208,2000-10-23,13.222222,13.305554999999998,13.138889,13.138889,12.480764,750600
5209,2000-10-24,13.0,13.083333,11.333333,12.138889,11.530853,5777700
5210,2000-10-25,12.138889,12.194445,11.694445,11.944445,11.346148,1509300
5211,2000-10-26,12.0,12.472222,11.888889,12.194445,11.583625999999999,708000
5212,2000-10-27,12.111111,12.166667,12.0,12.138889,11.530853,627700
5213,2000-10-30,11.777778,12.805555,11.333333,12.583333,11.953033999999999,4061400
5214,2000-10-31,12.444445,12.555555,12.138889,12.444445,11.821102999999999,1108300
5215,2000-11-01,12.444445,13.055555,12.361111,12.805555,12.164125,2056000
5216,2000-11-02,12.722222,13.055555,12.583333,13.055555,12.401603999999999,1087200
5217,2000-11-03,12.944445,13.138889,12.694445,12.777778,12.137738,962500
5218,2000-11-06,12.888889,13.333332999999998,12.666667,13.333332999999998,12.66547,1589800
5219,2000-11-07,13.305554999999998,13.305554999999998,12.861111,13.111111,12.454376,904200
5220,2000-11-08,13.222222,13.305554999999998,13.083333,13.277778,12.612697,1475200
5221,2000-11-09,13.277778,13.277778,12.611111,13.027778,12.375217,923100
5222,2000-11-10,12.972222,13.25,12.583333,12.611111,11.979422,1171800
5223,2000-11-13,12.555555,12.555555,11.666667,12.111111,11.504465,2086200
5224,2000-11-14,12.166667,12.722222,12.138889,12.388889,11.76833,1248900
5225,2000-11-15,12.416667,12.555555,12.222222,12.305555,11.689169,1131700
5226,2000-11-16,12.416667,12.416667,12.055555,12.166667,11.557239,532500
5227,2000-11-17,12.083333,12.305555,11.888889,12.194445,11.583625999999999,691200
5228,2000-11-20,12.111111,12.111111,11.194445,11.666667,11.082281,2296800
5229,2000-11-21,11.777778,12.083333,9.972222,10.222222,9.710192999999999,5098600
5230,2000-11-22,10.222222,10.25,9.805555,10.0,9.499101,2586700
5231,2000-11-24,10.055555,10.111111,10.0,10.111111,9.604647,564300
5232,2000-11-27,10.194445,10.5,10.166667,10.277778,9.762967,1764400
5233,2000-11-28,10.333333,10.361111,10.111111,10.25,9.736576,1164600
5234,2000-11-29,10.222222,10.583333,10.166667,10.277778,9.762967,1153500
5235,2000-11-30,10.194445,10.833333,10.166667,10.638889,10.105988,2296900
5236,2000-12-01,10.638889,11.416667,10.638889,11.361111,10.792033,2290500
5237,2000-12-04,11.277778,11.444445,10.666667,10.972222,10.422625,1139500
5238,2000-12-05,10.972222,11.388889,10.972222,11.361111,10.792033,1425100
5239,2000-12-06,11.722222,11.805555,11.472222,11.638889,11.055899,1878700
5240,2000-12-07,11.638889,11.888889,11.5,11.666667,11.082281,1027000
5241,2000-12-08,11.75,12.0,11.444445,11.972222,11.372536,1202100
5242,2000-12-11,12.055555,12.222222,11.805555,11.861111,11.266988000000001,1080100
5243,2000-12-12,11.694445,11.944445,11.277778,11.305555,10.739263000000001,926700
5244,2000-12-13,11.416667,11.833333,11.25,11.388889,10.818419,1401700
5245,2000-12-14,11.388889,11.583333,11.166667,11.194445,10.633716999999999,1472800
5246,2000-12-15,11.111111,11.305555,11.111111,11.166667,10.607328,1652800
5247,2000-12-18,11.305555,11.305555,11.111111,11.222222,10.660103,910300
5248,2000-12-19,11.222222,11.5,11.222222,11.444445,10.871191,698500
5249,2000-12-20,11.416667,11.416667,11.138889,11.194445,10.633716999999999,852400
5250,2000-12-21,11.138889,11.472222,11.0,11.25,10.686488,1122300
5251,2000-12-22,11.277778,11.527778,11.166667,11.5,10.923967,676500
5252,2000-12-26,11.5,11.722222,11.194445,11.388889,10.818419,512200
5253,2000-12-27,11.25,11.416667,11.027778,11.333333,10.78248,1162500
5254,2000-12-28,11.222222,11.5,11.138889,11.333333,10.78248,1150300
5255,2000-12-29,11.333333,11.333333,10.944445,11.194445,10.650344,979200
5256,2001-01-02,11.083333,11.277778,10.888889,10.972222,10.43892,1041900
5257,2001-01-03,10.861111,11.027778,10.333333,10.361111,9.857512,1863100
5258,2001-01-04,10.361111,10.611111,9.333333,9.805555,9.32896,2979100
5259,2001-01-05,9.805555,9.888889,9.388889,9.416667,8.958974000000001,1895100
5260,2001-01-08,9.583333,9.777778,9.583333,9.722222,9.249675,1104000
5261,2001-01-09,9.777778,10.138889,9.722222,9.916667,9.43467,1180500
5262,2001-01-10,9.944445,10.055555,9.5,9.5,9.038256,1699600
5263,2001-01-11,9.444445,9.75,9.444445,9.694445,9.22325,1152400
5264,2001-01-12,9.805555,10.083333,9.638889,9.722222,9.249675,1792800
5265,2001-01-16,9.833333,10.777778,9.833333,10.444445,9.936796000000001,2344000
5266,2001-01-17,10.555555,10.722222,10.166667,10.166667,9.67252,1131000
5267,2001-01-18,10.222222,10.277778,9.916667,10.027778,9.54038,1415700
5268,2001-01-19,9.972222,10.083333,9.833333,9.861111,9.381817999999999,1385700
5269,2001-01-22,9.777778,9.972222,9.638889,9.638889,9.170394,1005000
5270,2001-01-23,9.722222,9.944445,9.666667,9.833333,9.355386,1451800
5271,2001-01-24,9.777778,10.027778,9.722222,9.861111,9.381817999999999,1360300
5272,2001-01-25,9.777778,10.138889,9.75,9.888889,9.40824,1322700
5273,2001-01-26,9.833333,10.333333,9.805555,10.083333,9.593239,2125300
5274,2001-01-29,10.133333,10.6,10.088889,10.373333,9.869141,2646000
5275,2001-01-30,10.0,10.586667,10.0,10.408889,9.902967,2689600
5276,2001-01-31,10.466666,10.511111,10.222222,10.377778,9.873368,1253700
5277,2001-02-01,10.288889,10.555555,10.222222,10.377778,9.873368,1818600
5278,2001-02-02,10.377778,10.488889,10.333333,10.337778,9.835314,930700
5279,2001-02-05,10.177778,10.337778,10.177778,10.288889,9.7888,1936300
5280,2001-02-06,10.293333,10.466666,10.133333,10.155555999999999,9.661949,1779300
5281,2001-02-07,10.115556,10.217778,9.848889,10.008889,9.522409,1299300
5282,2001-02-08,10.053333,10.222222,9.831111,10.222222,9.725375999999999,1710100
5283,2001-02-09,10.222222,10.506667,10.022223,10.266666,9.767657,1233400
5284,2001-02-12,10.266666,10.555555,10.248889,10.551111,10.03828,953100
5285,2001-02-13,10.551111,10.551111,10.333333,10.48,9.970623,1247100
5286,2001-02-14,10.488889,10.511111,10.266666,10.377778,9.873368,935100
5287,2001-02-15,10.377778,10.466666,10.244444999999999,10.448889,9.941024,1238800
5288,2001-02-16,10.266666,10.386666,10.217778,10.315555999999999,9.814172,611100
5289,2001-02-20,10.271111,10.302222,10.0,10.297778,9.797257,1059400
5290,2001-02-21,10.511111,10.546667,10.111111,10.24,9.742289,1095400
5291,2001-02-22,10.133333,10.24,9.955556,10.24,9.742289,1046200
5292,2001-02-23,10.24,10.24,9.626667,9.884444,9.404015,976600
5293,2001-02-26,9.933333,10.435555,9.888889,10.391111,9.886056,915300
5294,2001-02-27,10.28,10.28,10.0,10.088889,9.598519999999999,769900
5295,2001-02-28,10.12,10.555555,10.12,10.4,9.894511999999999,1195800
5296,2001-03-01,10.422222,10.444445,9.968889,10.066667,9.577377,1114200
5297,2001-03-02,10.066667,10.506667,10.066667,10.44,9.932569,1409800
5298,2001-03-05,10.4,10.4,10.106667,10.142222,9.649261,945600
5299,2001-03-06,10.155555999999999,10.182222,9.986667,10.133333,9.640806,902800
5300,2001-03-07,10.066667,10.088889,9.844444000000001,9.924444,9.44207,1449100
5301,2001-03-08,9.88,9.964444,9.688889,9.755555000000001,9.281389,703800
5302,2001-03-09,9.773334,10.0,9.742222,9.8,9.323675999999999,746100
5303,2001-03-12,9.888889,9.888889,9.333333,9.333333,8.879692,1273200
5304,2001-03-13,9.266666,10.364445,9.133333,10.111111,9.619666,3395700
5305,2001-03-14,9.933333,10.195556,9.777778,9.844444000000001,9.365958000000001,1346500
5306,2001-03-15,9.844444000000001,10.088889,9.715555,9.777778,9.302531,1396000
5307,2001-03-16,9.977777,9.977777,9.484445,9.6,9.133395,1069600
5308,2001-03-19,9.595555000000001,10.097777,9.533334,10.017777,9.530867,1177300
5309,2001-03-20,10.017777,10.168889,9.973333,10.044444,9.556236,951400
5310,2001-03-21,10.0,10.0,9.706667,9.715555,9.243335,1561000
5311,2001-03-22,9.693334,9.693334,8.955556,9.346666,8.892375,2744100
5312,2001-03-23,9.555555,9.777778,9.555555,9.768888,9.294074,789400
5313,2001-03-26,9.911111,9.951111000000001,9.755555000000001,9.804444,9.3279,1004100
5314,2001-03-27,9.915556,10.346666,9.888889,10.293333,9.79303,979800
5315,2001-03-28,10.248889,11.2,10.244444999999999,11.102222,10.580879,3957300
5316,2001-03-29,11.164444,11.875556,10.977777,11.115556,10.593588,3327400
5317,2001-03-30,11.111111,11.533334,11.008889,11.488889,10.949389,1429300
5318,2001-04-02,11.444445,11.444445,10.577778,10.808888,10.301321000000002,1668300
5319,2001-04-03,10.808888,10.808888,10.275556,10.675555000000001,10.174248,1338700
5320,2001-04-04,10.666667,10.924444,10.444445,10.875556,10.364859,1166400
5321,2001-04-05,11.0,11.311111,10.844444000000001,11.177778,10.652887,2257600
5322,2001-04-06,10.911111,11.355556,10.777778,10.955556,10.441103,2040400
5323,2001-04-09,11.088889,11.12,10.875556,10.991111,10.474988,1068700
5324,2001-04-10,11.088889,11.088889,10.693334,10.933333,10.41992,949500
5325,2001-04-11,11.044444,11.044444,10.657778,10.746667,10.242023,1008600
5326,2001-04-12,10.746667,11.222222,10.657778,11.217778,10.69101,1297900
5327,2001-04-16,11.111111,11.151111,10.977777,10.991111,10.474988,800100
5328,2001-04-17,10.995556,11.124444,10.995556,11.044444,10.525817,1245600
5329,2001-04-18,11.111111,11.377778,11.075556,11.222222,10.695245,1976500
5330,2001-04-19,11.222222,11.551111,11.222222,11.48,10.940916,1618800
5331,2001-04-20,11.48,11.608889,11.426666,11.577778,11.034101,1497700
5332,2001-04-23,11.466666,11.622222,11.302222,11.457778,10.919738,1335600
5333,2001-04-24,11.435555,11.435555,11.28,11.328889,10.796903,1455400
5334,2001-04-25,11.328889,11.573334,11.222222,11.537778,10.995981,1134400
5335,2001-04-26,11.537778,11.675555000000001,11.315555999999999,11.675555000000001,11.127289,847800
5336,2001-04-27,11.644444,11.853333000000001,11.466666,11.6,11.055282,1765900
5337,2001-04-30,11.644444,11.995556,11.626667,11.884444,11.326367,1224000
5338,2001-05-01,11.884444,11.884444,11.155555999999999,11.848889,11.292483,3010900
5339,2001-05-02,11.853333000000001,11.888889,11.76,11.773334,11.220476,1570200
5340,2001-05-03,11.777778,11.777778,11.511111,11.6,11.055282,1034500
5341,2001-05-04,11.555555,11.955556,11.528889,11.955556,11.394142,917500
5342,2001-05-07,11.888889,11.951111000000001,11.755555000000001,11.786667,11.233183,655800
5343,2001-05-08,11.955556,12.608889,11.906667,12.577778,11.987146000000001,2384500
5344,2001-05-09,12.466666,12.666667,12.111111,12.613334,12.021033000000001,2218500
5345,2001-05-10,12.702222,12.8,12.586667,12.733334,12.135398,954600
5346,2001-05-11,12.724444,12.955556,12.355556,12.373333,11.792301,1530000
5347,2001-05-14,12.511111,12.524445,12.266666,12.395555,11.813477,947200
5348,2001-05-15,12.444445,12.466666,12.333333,12.4,11.817717,446100
5349,2001-05-16,12.377778,12.871111,12.377778,12.493333,11.906667,1310100
5350,2001-05-17,12.506667,12.884444,12.497778,12.884444,12.279409,1193800
5351,2001-05-18,12.795555,12.933333,12.555555,12.835556,12.23282,840100
5352,2001-05-21,12.84,13.022223,12.786667,12.995556,12.385305,1400100
5353,2001-05-22,13.0,13.288889000000001,12.804444,13.288889000000001,12.664864999999999,1439700
5354,2001-05-23,13.222222,13.6,13.133332999999999,13.555554999999998,12.91901,3549700
5355,2001-05-24,13.4,13.64,13.315555999999999,13.622222,12.982542,1956100
5356,2001-05-25,13.546667000000001,13.697778,13.111111,13.488889000000002,12.855472,2148700
5357,2001-05-29,13.546667000000001,14.213332999999999,13.546667000000001,13.884444,13.23245,2724700
5358,2001-05-30,13.888889,14.062222,13.72,13.724444,13.079967,2169900
5359,2001-05-31,13.511110999999998,14.137777,13.511110999999998,14.137777,13.473891,2327100
5360,2001-06-01,14.195556,14.395554999999998,13.911110999999998,13.955556,13.300226,3103300
5361,2001-06-04,13.866667000000001,13.933333,13.688889000000001,13.773334,13.126559,1421100
5362,2001-06-05,13.782222,14.168889000000002,13.688889000000001,13.733334,13.088435,1766400
5363,2001-06-06,13.755555,13.955556,13.2,13.395554999999998,12.766521000000001,3164800
5364,2001-06-07,13.466666,13.466666,13.284445000000002,13.466666,12.834292999999999,3087900
5365,2001-06-08,13.533334,13.533334,13.213332999999999,13.288889000000001,12.664864999999999,1391800
5366,2001-06-11,13.311110999999999,13.342222,11.333333,11.497778,10.95786,12919000
5367,2001-06-12,11.288889,11.751111,11.2,11.475555,10.93668,9889200
5368,2001-06-13,11.475555,11.591111,11.266666,11.271111,10.741837,5355600
5369,2001-06-14,11.377778,11.555555,11.257778,11.337778,10.805377,4818600
5370,2001-06-15,11.111111,11.404444999999999,11.111111,11.2,10.674066,2106000
5371,2001-06-18,11.333333,11.377778,10.946667,11.164444,10.640177,2911500
5372,2001-06-19,11.066667,11.666667,11.062222,11.595555000000001,11.051046000000001,2436000
5373,2001-06-20,11.595555000000001,12.137777,11.595555000000001,12.088889,11.521214,4206600
5374,2001-06-21,12.155555999999999,12.666667,12.106667,12.662222,12.067625,4275100
5375,2001-06-22,12.657778,12.706667,12.004444,12.244444999999999,11.669464,3349800
5376,2001-06-25,12.244444999999999,12.413333,11.897778,12.226666,11.652519999999999,2584300
5377,2001-06-26,12.222222,12.36,12.137777,12.222222,11.648287,1231600
5378,2001-06-27,12.226666,12.844444000000001,12.226666,12.582222,12.008852000000001,3281400
5379,2001-06-28,12.626667,13.164444,12.626667,12.906667,12.318513000000001,5230900
5380,2001-06-29,12.915556,12.973333,12.502222,12.502222,11.932494,2963800
5381,2001-07-02,12.564445,12.653334,12.56,12.577778,12.004609,1096200
5382,2001-07-03,12.577778,12.773334,12.577778,12.666667,12.089444,773100
5383,2001-07-05,12.671111,12.746667,12.622222,12.622222,12.047028,1219900
5384,2001-07-06,12.622222,12.644444,12.4,12.586667,12.01309,724000
5385,2001-07-09,12.631111,12.768888,12.6,12.737778,12.157316,1032000
5386,2001-07-10,12.737778,12.737778,12.622222,12.711111,12.131867,1052700
5387,2001-07-11,12.844444000000001,12.973333,12.671111,12.911111,12.322753,1783000
5388,2001-07-12,12.915556,13.142222,12.826667,12.893333,12.305784,1645800
5389,2001-07-13,12.888889,13.288889000000001,12.866667,12.893333,12.305784,1713600
5390,2001-07-16,12.8,12.977777,12.733334,12.755555000000001,12.174281,1507500
5391,2001-07-17,12.76,13.088889,12.76,13.048888999999999,12.45425,1289800
5392,2001-07-18,12.955556,13.044444,12.706667,12.937778,12.348202,1784800
5393,2001-07-19,12.973333,13.111111,12.826667,12.933333,12.343961,1498900
5394,2001-07-20,12.955556,13.342222,12.933333,13.102222,12.505156,1858900
5395,2001-07-23,13.057777,13.688889000000001,13.0,13.688889000000001,13.065083999999999,2759400
5396,2001-07-24,13.644444,13.8,13.044444,13.333332999999998,12.725735,3612700
5397,2001-07-25,13.991110999999998,14.288889000000001,13.866667000000001,14.271111,13.620776999999999,6281100
5398,2001-07-26,14.355556,14.377778,13.866667000000001,14.266666,13.616534,2852100
5399,2001-07-27,14.288889000000001,14.773334,14.288889000000001,14.622222,13.955888,2877400
5400,2001-07-30,14.893332999999998,14.977777,13.777778,14.933333,14.252820999999999,3085300
5401,2001-07-31,14.866667000000001,15.133332999999999,14.848889000000002,15.0,14.316451,2325300
5402,2001-08-01,15.022223,15.022223,14.626667000000001,14.924444,14.244335999999999,1467600
5403,2001-08-02,14.924444,14.991110999999998,14.511110999999998,14.604445000000002,13.938922,1896300
5404,2001-08-03,14.622222,14.728889,14.333332999999998,14.617778,13.951648,932100
5405,2001-08-06,14.626667000000001,15.048889,14.626667000000001,14.977777,14.295238000000001,1761900
5406,2001-08-07,14.866667000000001,15.222222,14.666667000000002,15.168889000000002,14.477644,2091100
5407,2001-08-08,15.168889000000002,15.288889000000001,14.982223000000001,15.057777,14.371594,1879800
5408,2001-08-09,15.0,15.0,14.444445000000002,14.666667000000002,13.998306,1340500
5409,2001-08-10,14.666667000000002,14.755555,14.577778,14.635554999999998,13.968614,1825200
5410,2001-08-13,14.644444,14.662222,14.488889000000002,14.626667000000001,13.96013,2473300
5411,2001-08-14,14.644444,15.022223,14.631110999999999,15.022223,14.337660000000001,2526300
5412,2001-08-15,15.0,15.222222,14.955556,15.168889000000002,14.477644,2269300
5413,2001-08-16,15.133332999999999,15.222222,15.111111,15.2,14.507339000000002,2110600
5414,2001-08-17,15.204445000000002,15.377778,15.071110999999998,15.377778,14.677012,1406800
5415,2001-08-20,14.777778,14.955556,14.622222,14.862223,14.184951000000002,3178500
5416,2001-08-21,15.111111,15.502222,15.017776999999999,15.106667000000002,14.418256,3259900
5417,2001-08-22,15.106667000000002,15.111111,14.844444000000001,15.013333,14.329173,1643800
5418,2001-08-23,15.026667000000002,15.551110999999999,15.013333,15.528889000000001,14.821238000000001,1725400
5419,2001-08-24,15.528889000000001,15.911110999999998,15.422222,15.777778,15.058782999999998,2746800
5420,2001-08-27,15.777778,16.0,15.688889000000001,15.844444000000001,15.122414000000001,2394900
5421,2001-08-28,15.822222,15.84,15.382222,15.52,14.812752,1812300
5422,2001-08-29,15.52,15.546667000000001,15.222222,15.311110999999999,14.613385000000001,2289600
5423,2001-08-30,15.311110999999999,15.311110999999999,14.8,15.044444,14.358868,1964200
5424,2001-08-31,15.111111,15.151110999999998,14.533334,14.662222,13.994063,1911600
5425,2001-09-04,14.666667000000002,14.933333,14.644444,14.724444,14.053451999999998,1860900
5426,2001-09-05,14.733334,15.026667000000002,14.666667000000002,14.862223,14.184951000000002,1924600
5427,2001-09-06,14.808888,14.853333,14.688889000000001,14.764444000000001,14.091626000000002,1480500
5428,2001-09-07,14.751110999999998,14.755555,14.648889000000002,14.711110999999999,14.040726999999999,1174500
5429,2001-09-10,14.631110999999999,14.733334,14.395554999999998,14.586667000000002,13.921951000000002,965400
5430,2001-09-17,14.475554999999998,14.502222,14.048889,14.102222,13.459585,1315300
5431,2001-09-18,14.124444,14.422222,13.977777,13.977777,13.340810000000001,1258200
5432,2001-09-19,13.133332999999999,13.422222,12.822222,13.266666,12.662106,2328400
5433,2001-09-20,13.266666,13.6,12.977777,13.035556,12.441525,2166400
5434,2001-09-21,12.333333,13.133332999999999,12.311111,13.133332999999999,12.534847000000001,2458300
5435,2001-09-24,13.466666,13.902223000000001,13.222222,13.271111,12.666347,2071000
5436,2001-09-25,13.288889000000001,14.0,13.231112,14.0,13.362020000000001,2461600
5437,2001-09-26,13.937778,14.133332999999999,13.875556,14.031111,13.408743,1447600
5438,2001-09-27,14.075556,14.155555999999999,13.755555,14.08,13.455461999999999,1978800
5439,2001-09-28,14.155555999999999,14.977777,14.155555999999999,14.497778,13.854710999999998,1623700
5440,2001-10-01,14.435554999999999,15.115556,14.391110999999999,14.991110999999998,14.326159,1672600
5441,2001-10-02,15.102222,15.431110999999998,14.982223000000001,15.204445000000002,14.530033,2432200
5442,2001-10-03,15.066667,15.773334,15.044444,15.6,14.908042000000002,3205900
5443,2001-10-04,15.777778,16.444445,15.311110999999999,15.488889000000002,14.801857,4776900
5444,2001-10-05,15.493332999999998,15.733334,14.666667000000002,15.662222,14.967503,1538700
5445,2001-10-08,15.777778,16.088888,15.488889000000002,15.835556,15.133147,2236600
5446,2001-10-09,15.777778,15.911110999999998,15.64,15.711110999999999,15.014225,2682000
5447,2001-10-10,15.688889000000001,15.911110999999998,15.546667000000001,15.693334,14.997235,1863600
5448,2001-10-11,15.951111,16.311111,15.857778,15.955556,15.247828,1858200
5449,2001-10-12,15.866667000000001,16.088888,15.533334,15.542222,14.852826,1660200
5450,2001-10-15,13.444445000000002,14.257778,13.111111,14.16,13.531913000000001,14206900
5451,2001-10-16,14.177778,14.826667,14.168889000000002,14.804444,14.147772,3152700
5452,2001-10-17,14.848889000000002,14.995556,14.288889000000001,14.675555,14.024602,2355700
5453,2001-10-18,14.68,14.906667,14.422222,14.617778,13.969387,1240600
5454,2001-10-19,14.666667000000002,15.084444,14.666667000000002,15.04,14.372879999999999,1987800
5455,2001-10-22,15.022223,15.368889000000001,14.937778,15.222222,14.547019,1290700
5456,2001-10-23,15.222222,15.311110999999999,14.733334,14.906667,14.245462,2188300
5457,2001-10-24,14.906667,15.311110999999999,14.871110999999999,15.062222,14.394115,1978800
5458,2001-10-25,15.333332999999998,15.933333,15.111111,15.551110999999999,14.861320000000001,5153100
5459,2001-10-26,15.777778,16.799999,15.742222,16.311111,15.587614000000002,4141900
5460,2001-10-29,16.355556,16.635555,16.271110999999998,16.453332999999997,15.723517999999999,4108900
5461,2001-10-30,16.444445,16.444445,16.088888,16.333334,15.608847,2571900
5462,2001-10-31,16.311111,16.666666,16.311111,16.386667000000003,15.659813,1798600
5463,2001-11-01,16.351110000000002,16.351110000000002,16.222220999999998,16.32,15.596101999999998,1838800
5464,2001-11-02,16.342222,16.555555,16.297777,16.4,15.672548,1862200
5465,2001-11-05,16.435556,16.764444,16.4,16.653334,15.914651999999998,2212800
5466,2001-11-06,16.688889,16.844444,15.057777,15.84,15.137397,9345100
5467,2001-11-07,15.555554999999998,15.662222,15.204445000000002,15.457778,14.772126,3594700
5468,2001-11-08,15.502222,15.706667000000001,14.666667000000002,15.075556,14.40686,4837500
5469,2001-11-09,15.248889000000002,15.248889000000002,14.577778,15.0,14.334655,1216900
5470,2001-11-12,14.964444,15.351110999999998,14.804444,15.16,14.487557,751600
5471,2001-11-13,14.533334,14.946667000000001,13.933333,14.244445,13.612616000000001,8053200
5472,2001-11-14,14.231112,14.235555999999999,13.644444,13.933333,13.3153,4059400
5473,2001-11-15,13.893332999999998,14.333332999999998,13.8,14.266666,13.633849,2659900
5474,2001-11-16,14.355556,14.528889000000001,14.124444,14.222222,13.591377,1566400
5475,2001-11-19,14.2,14.835556,14.2,14.813334,14.156267999999999,2322900
5476,2001-11-20,14.968889,15.244445,14.871110999999999,15.062222,14.394115,1886100
5477,2001-11-21,15.235555999999999,15.324445,14.955556,15.208889000000001,14.534277,1105600
5478,2001-11-23,15.275556,15.333332999999998,15.066667,15.257778,14.580998000000001,548700
5479,2001-11-26,15.2,15.471110999999999,15.111111,15.444445000000002,14.759386,976200
5480,2001-11-27,15.488889000000002,15.591110999999998,15.275556,15.4,14.716914000000001,1116000
5481,2001-11-28,15.511110999999998,15.528889000000001,15.315555999999999,15.342222,14.661697,1085500
5482,2001-11-29,15.333332999999998,15.333332999999998,15.0,15.266666,14.589492000000002,2403100
5483,2001-11-30,15.266666,15.457778,15.177778,15.324445,14.644707,1621300
5484,2001-12-03,15.533334,15.533334,15.195556,15.333332999999998,14.653203,1257300
5485,2001-12-04,15.444445000000002,15.488889000000002,15.222222,15.44,14.755135999999998,1781500
5486,2001-12-05,15.44,15.471110999999999,15.311110999999999,15.444445000000002,14.759386,2056600
5487,2001-12-06,15.222222,15.782222,15.222222,15.502222,14.814601000000001,1596300
5488,2001-12-07,15.533334,15.773334,15.426666,15.462222,14.776373999999999,1084200
5489,2001-12-10,15.351110999999998,15.755555,15.244445,15.555554999999998,14.865568,1009800
5490,2001-12-11,15.555554999999998,15.555554999999998,15.311110999999999,15.426666,14.742394,1102200
5491,2001-12-12,15.422222,15.622222,15.111111,15.466666,14.780622,1802400
5492,2001-12-13,15.466666,16.084444,15.444445000000002,15.644444,14.950515,2106100
5493,2001-12-14,15.8,16.08,15.671110999999998,16.026667,15.315782999999998,1871700
5494,2001-12-17,16.666666,16.666666,16.177778,16.391111,15.664060000000001,7006900
5495,2001-12-18,16.644444,16.893333,16.466667,16.613332999999997,15.876422,2803200
5496,2001-12-19,16.6,16.711111,16.360001,16.559998999999998,15.825457,1750000
5497,2001-12-20,16.666666,16.755556,16.559998999999998,16.613332999999997,15.876422,1275700
5498,2001-12-21,16.622223,16.857779,16.511110000000002,16.626667,15.889167,1242400
5499,2001-12-24,16.777779000000002,16.831112,16.333334,16.782223000000002,16.037825,555700
5500,2001-12-26,16.826666,16.884445,16.613332999999997,16.751112,16.008091,936000
5501,2001-12-27,16.799999,16.822222,16.617777,16.617777,15.897547,1148100
5502,2001-12-28,16.728889000000002,16.942223000000002,16.693333,16.848888,16.118645,2006500
5503,2001-12-31,16.866667,16.866667,16.555555,16.666666,15.944316,1227100
5504,2002-01-02,16.555555,16.559998999999998,15.915556,16.088888,15.391579,2763600
5505,2002-01-03,16.111110999999998,16.222220999999998,15.844444000000001,15.853333,15.166235,3422200
5506,2002-01-04,15.742222,15.866667000000001,15.511110999999998,15.675555,14.996163000000001,3432300
5507,2002-01-07,15.866667000000001,15.924444,15.724444,15.844444000000001,15.157732999999999,1783800
5508,2002-01-08,15.848889000000002,15.995556,15.733334,15.902223000000001,15.213007000000001,2128500
5509,2002-01-09,15.933333,16.244444,15.933333,16.026667,15.332056,2782900
5510,2002-01-10,16.044445,16.111110999999998,15.875556,15.995556,15.302297,1348600
5511,2002-01-11,15.995556,16.128889,15.995556,16.084444,15.387329999999999,1176900
5512,2002-01-14,16.195555,16.248888,15.933333,15.986667,15.29379,886200
5513,2002-01-15,15.964444,16.088888,15.777778,15.924444,15.234264000000001,1007700
5514,2002-01-16,15.924444,15.991110999999998,15.804444,15.844444000000001,15.157732999999999,858700
5515,2002-01-17,15.955556,15.995556,15.644444,15.826667,15.140725,1918900
5516,2002-01-18,15.826667,15.888889,15.706667000000001,15.777778,15.093954,1504300
5517,2002-01-22,15.791110999999999,15.995556,15.751110999999998,15.928889000000002,15.238519,1693500
5518,2002-01-23,15.991110999999998,16.128889,15.866667000000001,16.040001,15.344813,1655700
5519,2002-01-24,16.044445,16.222220999999998,14.777778,15.155555999999999,14.498701,7056000
5520,2002-01-25,15.155555999999999,15.248889000000002,14.711110999999999,14.884444,14.239339000000001,4421800
5521,2002-01-28,14.995556,15.177778,14.706667000000001,14.751110999999998,14.111785000000001,2259100
5522,2002-01-29,14.777778,15.0,14.568889000000002,14.608889000000001,13.975722,1513500
5523,2002-01-30,14.688889000000001,14.737778,14.515554999999999,14.56,13.928957,2481300
5524,2002-01-31,14.688889000000001,15.155555999999999,14.622222,14.973332999999998,14.324375,3770100
5525,2002-02-01,15.111111,15.244445,15.066667,15.177778,14.519960000000001,2225200
5526,2002-02-04,15.111111,15.111111,14.466666,14.6,13.967223,1826500
5527,2002-02-05,14.6,15.177778,14.6,14.933333,14.286107000000001,1776300
5528,2002-02-06,15.022223,15.022223,14.657778,14.711110999999999,14.073519000000001,1476100
5529,2002-02-07,14.533334,14.555554999999998,13.933333,14.284445000000002,13.665345,1818000
5530,2002-02-08,14.311110999999999,14.884444,14.288889000000001,14.773334,14.133045000000001,3163500
5531,2002-02-11,14.888889,14.906667,14.711110999999999,14.773334,14.133045000000001,1763100
5532,2002-02-12,14.773334,15.066667,14.711110999999999,14.977777,14.328627,2152800
5533,2002-02-13,15.0,15.022223,14.848889000000002,14.977777,14.328627,2703700
5534,2002-02-14,14.995556,15.044444,14.777778,14.804444,14.162806,1498600
5535,2002-02-15,14.733334,14.773334,14.644444,14.755555,14.116033999999999,1232100
5536,2002-02-19,14.755555,14.755555,14.177778,14.386666,13.763135,1477900
5537,2002-02-20,14.444445000000002,14.577778,13.813334,14.155555999999999,13.542042000000002,2915500
5538,2002-02-21,14.155555999999999,14.288889000000001,13.977777,14.044444,13.435742000000001,2014200
5539,2002-02-22,14.155555999999999,14.217778,13.791110999999999,13.933333,13.32945,2371500
5540,2002-02-25,13.995556,14.0,13.888889,13.937778,13.333703,1443300
5541,2002-02-26,14.0,14.133332999999999,13.777778,13.977777,13.371967999999999,1723200
5542,2002-02-27,14.022223,14.2,13.893332999999998,14.017776999999999,13.410235,1309600
5543,2002-02-28,14.017776999999999,14.133332999999999,13.115556,13.502222,12.917022,4907400
5544,2002-03-01,13.555554999999998,13.773334,13.266666,13.6,13.010561000000001,3144100
5545,2002-03-04,13.777778,13.933333,13.622222,13.684444000000001,13.091348,2035500
5546,2002-03-05,13.311110999999999,13.937778,12.8,13.591110999999998,13.002059,6310300
5547,2002-03-06,13.6,14.008889000000002,13.457778,14.004444,13.397476999999999,2215800
5548,2002-03-07,14.137777,14.137777,13.711110999999999,13.746667,13.150875,1221300
5549,2002-03-08,13.8,13.955556,13.333332999999998,13.422222,12.840489,1777000
5550,2002-03-11,13.44,13.568889000000002,13.377778,13.453332999999999,12.870253,1071000
5551,2002-03-12,13.453332999999999,13.644444,13.377778,13.511110999999998,12.925527,1682200
5552,2002-03-13,13.511110999999998,14.022223,13.511110999999998,13.782222,13.184885999999999,1260100
5553,2002-03-14,13.888889,14.151110999999998,13.8,14.075556,13.465507999999998,1066900
5554,2002-03-15,14.133332999999999,14.195556,14.004444,14.133332999999999,13.520782999999998,1185300
5555,2002-03-18,14.128889000000001,14.266666,14.08,14.222222,13.605820000000001,1143400
5556,2002-03-19,14.266666,14.417778,14.2,14.235555999999999,13.618573999999999,781800
5557,2002-03-20,14.253333,14.28,14.004444,14.111111,13.499521,1360500
5558,2002-03-21,13.986667,13.986667,13.533334,13.937778,13.333703,1525200
5559,2002-03-22,13.942223,14.0,13.813334,13.871110999999999,13.269922,942400
5560,2002-03-25,13.808888,13.866667000000001,13.377778,13.506667000000002,12.921275,1227300
5561,2002-03-26,13.577778,13.644444,13.293332999999999,13.32,12.759496,1413100
5562,2002-03-27,13.377778,13.426666,13.124444,13.333332999999998,12.772267999999999,1786200
5563,2002-03-28,13.333332999999998,13.488889000000002,13.031111,13.093333,12.542367,2856700
5564,2002-04-01,13.075556,13.08,12.831111,12.853333000000001,12.312465,1638900
5565,2002-04-02,12.844444000000001,12.888889,12.622222,12.804444,12.265636,2183400
5566,2002-04-03,12.822222,12.928889,12.275556,12.488889,11.963355,3838000
5567,2002-04-04,12.488889,12.622222,12.244444999999999,12.435555,11.912268,2002500
5568,2002-04-05,12.444445,12.488889,12.115556,12.177778,11.665339,1173300
5569,2002-04-08,12.066667,12.355556,11.711111,12.111111,11.601475,2386000
5570,2002-04-09,12.133333,12.413333,12.102222,12.311111,11.79306,1819300
5571,2002-04-10,12.355556,12.813334,12.346666,12.8,12.261377,1882300
5572,2002-04-11,12.631111,12.937778,12.613334,12.622222,12.09108,1908100
5573,2002-04-12,12.6,12.604445,12.235555999999999,12.4,11.878208,1624500
5574,2002-04-15,12.444445,12.555555,12.288889,12.4,11.878208,1074100
5575,2002-04-16,12.511111,12.533334,12.293333,12.4,11.878208,970800
5576,2002-04-17,12.511111,12.533334,12.0,12.04,11.533358999999999,1442400
5577,2002-04-18,12.0,12.177778,11.937778,12.088889,11.580191000000001,2014800
5578,2002-04-19,12.106667,12.222222,12.044444,12.16,11.648308,1126500
5579,2002-04-22,12.093333,12.133333,11.986667,12.106667,11.597219,1455300
5580,2002-04-23,12.177778,12.311111,12.044444,12.244444999999999,11.729198,1250700
5581,2002-04-24,12.271111,12.622222,12.231112,12.337778,11.818605,2629300
5582,2002-04-25,12.377778,12.533334,12.191112,12.195556,11.682366,1834800
5583,2002-04-26,12.177778,12.311111,12.0,12.004444,11.499299,1083700
5584,2002-04-29,12.066667,12.213333,11.662222,11.835556,11.337518,1525000
5585,2002-04-30,11.791111,11.888889,11.706667,11.768888,11.273653999999999,1580800
5586,2002-05-01,11.866667,11.955556,11.791111,11.866667,11.367316,1483200
5587,2002-05-02,11.866667,11.866667,11.577778,11.622222,11.133158,1328800
5588,2002-05-03,11.626667,11.866667,11.466666,11.746667,11.252366,2111100
5589,2002-05-06,11.755555000000001,11.777778,11.311111,11.346666,10.869199,1335300
5590,2002-05-07,11.422222,11.6,11.155555999999999,11.177778,10.707416,1945900
5591,2002-05-08,11.688889,12.311111,11.488889,12.12,11.609991,3056500
5592,2002-05-09,12.173333,12.355556,11.991111,11.995556,11.490783,1906300
5593,2002-05-10,12.088889,12.088889,11.782222,11.902223,11.401377,1525500
5594,2002-05-13,11.955556,12.048888999999999,11.777778,11.884444,11.384345,1586800
5595,2002-05-14,11.995556,12.4,11.928889,12.284445,11.767515,2602800
5596,2002-05-15,12.377778,12.773334,12.333333,12.555555,12.027216000000001,2131800
5597,2002-05-16,12.555555,12.617778,12.182222,12.413333,11.890979,2056500
5598,2002-05-17,12.444445,13.031111,12.426666,12.937778,12.393355,3840400
5599,2002-05-20,13.311110999999999,13.648889000000002,13.2,13.422222,12.857415,3962800
5600,2002-05-21,13.466666,13.555554999999998,13.311110999999999,13.386666,12.823356,2389000
5601,2002-05-22,13.333332999999998,13.502222,13.293332999999999,13.444445000000002,12.878701,1615200
5602,2002-05-23,13.444445000000002,13.888889,13.444445000000002,13.844444000000001,13.261871,1843800
5603,2002-05-24,13.777778,13.884444,13.368889000000001,13.484445000000001,12.917019999999999,1932000
5604,2002-05-28,13.511110999999998,13.706667000000001,13.355556,13.666667000000002,13.091575,2260500
5605,2002-05-29,13.533334,13.666667000000002,13.435554999999999,13.444445000000002,12.878701,1845100
5606,2002-05-30,13.457778,13.595555,13.386666,13.56,12.989395,1830600
5607,2002-05-31,13.56,13.791110999999999,13.52,13.751110999999998,13.172463,1934500
5608,2002-06-03,13.64,13.666667000000002,13.226666,13.271111,12.712663000000001,1620900
5609,2002-06-04,13.244445,13.4,13.093333,13.382222,12.8191,1675900
5610,2002-06-05,13.333332999999998,13.466666,13.191112,13.4,12.836128,2186100
5611,2002-06-06,13.355556,13.377778,13.2,13.288889000000001,12.729693,1882000
5612,2002-06-07,13.2,13.591110999999998,13.16,13.533334,12.963852000000001,1565500
5613,2002-06-10,13.511110999999998,13.844444000000001,13.511110999999998,13.786667000000001,13.206522,1499800
5614,2002-06-11,13.888889,14.137777,13.222222,13.222222,12.665833000000001,2001600
5615,2002-06-12,13.2,13.413332999999998,13.071111,13.328889000000002,12.768011,1814100
5616,2002-06-13,13.311110999999999,13.422222,13.142222,13.297778,12.738209,880300
5617,2002-06-14,13.266666,13.768888,13.088889,13.76,13.180981,1050900
5618,2002-06-17,13.76,14.146667,13.666667000000002,14.044444,13.453453,2443200
5619,2002-06-18,14.044444,14.222222,14.044444,14.182222,13.585435999999998,1145200
5620,2002-06-19,14.173333,14.217778,14.048889,14.111111,13.517315,1422600
5621,2002-06-20,14.088889000000002,14.244445,13.911110999999998,14.12,13.525832999999999,2082700
5622,2002-06-21,14.044444,14.133332999999999,13.608889000000001,13.64,13.066031,1389100
5623,2002-06-24,13.622222,13.688889000000001,13.324445,13.515554999999999,12.946822000000001,1740100
5624,2002-06-25,13.515554999999999,13.52,13.022223,13.186666,12.631772999999999,2110900
5625,2002-06-26,13.111111,13.288889000000001,12.826667,13.271111,12.729828999999999,1508400
5626,2002-06-27,13.355556,13.813334,13.266666,13.711110999999999,13.151882,2031000
5627,2002-06-28,13.733334,14.177778,13.688889000000001,13.933333,13.365039999999999,2473600
5628,2002-07-01,13.822222,13.826667,13.4,13.422222,12.874775,2230200
5629,2002-07-02,13.377778,13.422222,12.844444000000001,12.911111,12.384511,1852300
5630,2002-07-03,12.933333,13.053333,12.533334,13.044444,12.512405000000001,2033500
5631,2002-07-05,13.088889,13.688889000000001,13.0,13.648889000000002,13.092197,1176000
5632,2002-07-08,13.466666,13.555554999999998,13.2,13.333332999999998,12.789511,1553100
5633,2002-07-09,13.422222,13.555554999999998,12.857778,12.942223,12.414352000000001,2551900
5634,2002-07-10,12.955556,13.044444,12.231112,12.355556,11.851616,3337300
5635,2002-07-11,12.288889,13.111111,11.822222,13.111111,12.576352,2620300
5636,2002-07-12,13.133332999999999,13.288889000000001,12.848889,12.937778,12.410086999999999,1670100
5637,2002-07-15,12.866667,13.04,12.395555,12.933333,12.405828,1759900
5638,2002-07-16,12.733334,13.266666,12.648889,12.964444,12.435669,2236600
5639,2002-07-17,13.075556,13.4,13.031111,13.333332999999998,12.789511,2241400
5640,2002-07-18,13.244445,13.377778,12.906667,12.964444,12.435669,2170300
5641,2002-07-19,12.822222,13.222222,12.688889,12.977777,12.448457000000001,3113700
5642,2002-07-22,12.808888,13.142222,12.088889,12.382222,11.877194,2071500
5643,2002-07-23,12.253333,12.462222,11.937778,12.217778,11.719456,1758700
5644,2002-07-24,12.044444,12.666667,11.6,12.444445,11.936877,2214400
5645,2002-07-25,12.555555,13.222222,12.555555,12.88,12.35467,2494500
5646,2002-07-26,12.844444000000001,13.284445000000002,12.831111,13.186666,12.648827,2263600
5647,2002-07-29,13.444445000000002,13.982223000000001,13.368889000000001,13.755555,13.194510000000001,3157600
5648,2002-07-30,13.751110999999998,14.328889000000002,13.577778,14.2,13.620829,2478300
5649,2002-07-31,14.2,14.48,13.777778,14.417778,13.829726,2706900
5650,2002-08-01,14.422222,14.555554999999998,13.888889,13.955556,13.386356,3314700
5651,2002-08-02,13.844444000000001,14.435554999999999,13.777778,14.422222,13.83399,2366200
5652,2002-08-05,14.311110999999999,14.422222,13.675555,13.831110999999998,13.266986,2364900
5653,2002-08-06,14.022223,14.466666,13.92,14.315555999999999,13.731670999999999,1467900
5654,2002-08-07,14.36,14.711110999999999,14.133332999999999,14.622222,14.02583,1865400
5655,2002-08-08,14.511110999999998,15.133332999999999,14.502222,15.08,14.464938,1890000
5656,2002-08-09,14.844444000000001,15.222222,14.622222,14.782222,14.179304,2035800
5657,2002-08-12,14.782222,14.844444000000001,14.595555,14.706667000000001,14.106832,1338900
5658,2002-08-13,14.666667000000002,14.702222,14.288889000000001,14.311110999999999,13.72741,1417200
5659,2002-08-14,14.444445000000002,14.888889,14.355556,14.8,14.196357,1650600
5660,2002-08-15,14.844444000000001,15.071110999999998,14.755555,14.897778,14.29015,1508100
5661,2002-08-16,14.888889,15.066667,14.8,14.937778,14.328514000000002,1106500
5662,2002-08-19,14.933333,15.044444,14.577778,15.0,14.388198999999998,1309500
5663,2002-08-20,14.888889,14.888889,14.577778,14.653334,14.055674,1921000
5664,2002-08-21,14.675555,14.844444000000001,14.6,14.786667000000001,14.183570999999999,1570000
5665,2002-08-22,14.8,15.062222,14.76,15.0,14.388198999999998,1991700
5666,2002-08-23,15.004444,15.177778,14.844444000000001,14.888889,14.281622,1677300
5667,2002-08-26,14.871110999999999,14.933333,14.493332999999998,14.791110999999999,14.187832,1237200
5668,2002-08-27,14.866667000000001,14.875556,14.311110999999999,14.44,13.85104,1346400
5669,2002-08-28,14.355556,14.355556,14.182222,14.231112,13.650673000000001,1117900
5670,2002-08-29,14.222222,14.688889000000001,14.177778,14.591110999999998,13.995989999999999,1291000
5671,2002-08-30,14.546667000000001,14.662222,14.44,14.511110999999998,13.919253,797800
5672,2002-09-03,14.4,14.466666,14.062222,14.222222,13.642145999999999,1655200
5673,2002-09-04,14.222222,14.782222,14.155555999999999,14.733334,14.13241,1270300
5674,2002-09-05,14.666667000000002,14.666667000000002,14.355556,14.355556,13.770042000000002,1337500
5675,2002-09-06,14.466666,14.715554999999998,14.466666,14.635554999999998,14.038621,1220400
5676,2002-09-09,14.64,14.977777,14.444445000000002,14.866667000000001,14.260304999999999,1211400
5677,2002-09-10,14.888889,15.035556,14.817778,14.955556,14.345571,999400
5678,2002-09-11,14.968889,15.155555999999999,14.773334,14.875556,14.268832000000002,711600
5679,2002-09-12,14.622222,14.835556,14.484445000000001,14.577778,13.983198000000002,1088500
5680,2002-09-13,14.577778,14.64,14.48,14.577778,13.983198000000002,1312800
5681,2002-09-16,14.466666,14.622222,14.382222,14.511110999999998,13.919253,1409500
5682,2002-09-17,14.466666,14.511110999999998,14.284445000000002,14.284445000000002,13.70183,1073200
5683,2002-09-18,14.177778,14.733334,14.133332999999999,14.488889000000002,13.897936999999999,1318200
5684,2002-09-19,14.266666,14.355556,14.088889000000002,14.111111,13.535567000000002,1338300
5685,2002-09-20,14.164444,14.213332999999999,13.955556,14.097776999999999,13.522777,1495300
5686,2002-09-23,13.933333,14.044444,13.6,13.742222,13.181723999999999,1198500
5687,2002-09-24,13.555554999999998,13.884444,13.422222,13.808888,13.245667999999998,1453600
5688,2002-09-25,13.92,14.453332999999999,13.888889,14.395554999999998,13.808409,1884100
5689,2002-09-26,14.422222,14.711110999999999,14.222222,14.68,14.098664999999999,1944400
5690,2002-09-27,14.568889000000002,14.777778,14.288889000000001,14.288889000000001,13.723044,1676800
5691,2002-09-30,14.177778,14.617778,14.022223,14.551110999999999,13.974879999999999,1485400
5692,2002-10-01,14.733334,14.822222,14.555554999999998,14.666667000000002,14.085860999999998,1862100
5693,2002-10-02,14.577778,15.0,14.577778,14.688889000000001,14.107201000000002,1630000
5694,2002-10-03,14.755555,15.106667000000002,14.666667000000002,14.857778,14.269404000000002,1431400
5695,2002-10-04,14.875556,14.933333,14.493332999999998,14.573334,13.996223,1231300
5696,2002-10-07,14.355556,14.511110999999998,13.937778,14.222222,13.659018,1842300
5697,2002-10-08,14.288889000000001,14.44,14.137777,14.364445000000002,13.795607,3077200
5698,2002-10-09,14.364445000000002,14.364445000000002,13.902223000000001,13.977777,13.424251000000002,2707200
5699,2002-10-10,13.977777,14.288889000000001,13.648889000000002,14.0,13.445595,1877800
5700,2002-10-11,14.111111,14.555554999999998,14.0,14.364445000000002,13.795607,1603000
5701,2002-10-14,13.888889,14.644444,13.844444000000001,14.64,14.060251999999998,1122000
5702,2002-10-15,14.955556,15.075556,14.555554999999998,14.577778,14.000492999999999,1901800
5703,2002-10-16,14.222222,14.488889000000002,13.955556,13.991110999999998,13.437057000000001,4693000
5704,2002-10-17,14.222222,14.444445000000002,13.688889000000001,13.688889000000001,13.146802,3731400
5705,2002-10-18,13.688889000000001,13.755555,13.288889000000001,13.484445000000001,12.950453999999999,1675300
5706,2002-10-21,13.644444,13.902223000000001,13.6,13.8,13.253514000000001,2599200
5707,2002-10-22,13.511110999999998,13.631110999999999,13.333332999999998,13.44,12.90777,2170900
5708,2002-10-23,13.111111,13.333332999999998,12.786667,13.333332999999998,12.80533,2958000
5709,2002-10-24,13.333332999999998,13.422222,13.08,13.155555999999999,12.63459,1461600
5710,2002-10-25,13.111111,13.471110999999999,13.066667,13.382222,12.85228,1343700
5711,2002-10-28,13.622222,13.866667000000001,13.444445000000002,13.551110999999999,13.014483,1495000
5712,2002-10-29,13.533334,14.022223,13.511110999999998,13.733334,13.189487,3603700
5713,2002-10-30,13.755555,14.084444,13.755555,14.044444,13.488279,1601500
5714,2002-10-31,14.066667,14.266666,13.866667000000001,13.986667,13.432788,2200500
5715,2002-11-01,14.0,14.284445000000002,13.711110999999999,14.266666,13.7017,2177200
5716,2002-11-04,14.453332999999999,14.577778,14.222222,14.266666,13.7017,1578100
5717,2002-11-05,14.262222,14.524445000000002,14.026667000000002,14.4,13.829753,1698900
5718,2002-11-06,14.408889000000002,14.706667000000001,14.311110999999999,14.533334,13.957807999999998,1653000
5719,2002-11-07,14.533334,14.533334,14.106667000000002,14.217778,13.654748999999999,1446300
5720,2002-11-08,14.266666,14.453332999999999,14.026667000000002,14.444445000000002,13.872437,2114700
5721,2002-11-11,14.688889000000001,14.795554999999998,14.422222,14.555554999999998,13.979151000000002,1847400
5722,2002-11-12,14.555554999999998,14.728889,14.4,14.586667000000002,14.009029,1024800
5723,2002-11-13,14.475554999999998,14.528889000000001,13.844444000000001,14.075556,13.518157,2911600
5724,2002-11-14,14.253333,14.786667000000001,14.253333,14.773334,14.188301999999998,2249100
5725,2002-11-15,14.777778,15.088889000000002,14.777778,14.986667,14.393187,1951800
5726,2002-11-18,14.995556,15.066667,14.866667000000001,14.933333,14.341968,927900
5727,2002-11-19,14.866667000000001,14.888889,14.573334,14.6,14.021832999999999,1475200
5728,2002-11-20,14.666667000000002,14.728889,14.546667000000001,14.68,14.098664999999999,1137300
5729,2002-11-21,14.777778,14.888889,14.511110999999998,14.8,14.213913,1950900
5730,2002-11-22,14.804444,15.337778,14.777778,15.253333,14.649294,1748700
5731,2002-11-25,15.311110999999999,15.377778,15.071110999999998,15.24,14.636489000000001,1431100
5732,2002-11-26,15.2,15.466666,14.96,15.097776999999999,14.4999,1408000
5733,2002-11-27,15.208889000000001,15.24,15.08,15.155555999999999,14.555389000000002,1451400
5734,2002-11-29,15.2,15.2,14.933333,14.991110999999998,14.397454999999999,473800
5735,2002-12-02,15.111111,15.177778,14.937778,14.991110999999998,14.397454999999999,1629000
5736,2002-12-03,14.911110999999998,14.955556,14.693334,14.76,14.175498000000001,1307700
5737,2002-12-04,14.666667000000002,14.706667000000001,14.4,14.631110999999999,14.051713000000001,1356900
5738,2002-12-05,14.733334,14.746667,14.377778,14.715554999999998,14.132814000000002,783100
5739,2002-12-06,14.644444,14.706667000000001,14.488889000000002,14.68,14.098664999999999,1098900
5740,2002-12-09,14.6,14.866667000000001,14.577778,14.591110999999998,14.013297,1143400
5741,2002-12-10,14.702222,14.733334,14.457778,14.711110999999999,14.128544,1434300
5742,2002-12-11,14.6,14.773334,14.6,14.773334,14.188301999999998,1069200
5743,2002-12-12,14.866667000000001,14.888889,14.666667000000002,14.715554999999998,14.132814000000002,902200
5744,2002-12-13,14.711110999999999,14.76,14.422222,14.622222,14.043173999999999,1359400
5745,2002-12-16,14.622222,14.715554999999998,14.506667000000002,14.684444000000001,14.102935999999998,1474800
5746,2002-12-17,14.755555,14.955556,14.72,14.786667000000001,14.20111,1122700
5747,2002-12-18,14.755555,14.848889000000002,14.586667000000002,14.773334,14.188301999999998,1023900
5748,2002-12-19,14.755555,14.866667000000001,14.737778,14.844444000000001,14.256598,1593900
5749,2002-12-20,14.888889,15.355556,14.888889,15.288889000000001,14.683442000000001,2756400
5750,2002-12-23,15.302222,15.306666,15.177778,15.306666,14.700516,1264600
5751,2002-12-24,15.306666,15.328889000000002,15.208889000000001,15.213332999999999,14.610879999999998,785700
5752,2002-12-26,15.244445,15.368889000000001,15.084444,15.244445,14.64076,1179000
5753,2002-12-27,15.133332999999999,15.155555999999999,14.942223,14.942223,14.371452,892000
5754,2002-12-30,15.026667000000002,15.377778,14.995556,15.288889000000001,14.704877,1007700
5755,2002-12-31,15.222222,15.555554999999998,15.222222,15.511110999999998,14.918610000000001,1657500
5756,2003-01-02,15.555554999999998,15.777778,15.555554999999998,15.773334,15.170815,2385600
5757,2003-01-03,15.955556,16.382223,15.866667000000001,16.328888,15.705148000000001,2382700
5758,2003-01-06,16.288889,16.92,16.124445,16.879998999999998,16.235210000000002,4177800
5759,2003-01-07,16.835556,17.377777,16.675556,17.066668,16.414749,5495100
5760,2003-01-08,17.066668,17.222220999999998,16.933332,17.182222,16.525888000000002,2543400
5761,2003-01-09,17.213333,17.288889,17.071112,17.182222,16.525888000000002,2199100
5762,2003-01-10,17.155556,17.195555,16.982222,17.0,16.350624,3576300
5763,2003-01-13,17.142221,17.146667,16.888889000000002,16.955555,16.307878,3113100
5764,2003-01-14,17.066668,17.257778,16.977777,17.208889000000003,16.551535,3136000
5765,2003-01-15,17.311111,17.328888,17.120001000000002,17.235556,16.577182999999998,2558200
5766,2003-01-16,17.235556,17.466667,17.231112,17.377777,16.71397,2640100
5767,2003-01-17,17.377777,17.546667000000003,17.333334,17.528889000000003,16.859312,2263600
5768,2003-01-21,17.493334,17.551111,17.146667,17.146667,16.491688,2499900
5769,2003-01-22,17.146667,17.488889999999998,17.115555,17.422222,16.756718,2786400
5770,2003-01-23,17.488889999999998,17.644444,17.253334,17.506666,16.837938,1441900
5771,2003-01-24,17.462223,17.546667000000003,17.32,17.488889999999998,16.820837,2091600
5772,2003-01-27,17.4,17.511110000000002,17.137777,17.142221,16.487413,2094400
5773,2003-01-28,17.146667,17.606667,16.933332,17.5,16.831523999999998,2781400
5774,2003-01-29,17.466667,17.933332,17.299999,17.84,17.158541,4677000
5775,2003-01-30,17.799999,18.053333,17.333334,17.333334,16.671228,4901200
5776,2003-01-31,17.333334,17.826666,17.333334,17.813334,17.132891,1769200
5777,2003-02-03,17.806667,17.926666,17.473333,17.719998999999998,17.043123,1448100
5778,2003-02-04,17.586666,17.6,17.24,17.313334,16.651991,2534700
5779,2003-02-05,17.466667,17.573334,17.059998999999998,17.293332999999997,16.632755,2030500
5780,2003-02-06,17.193333,17.52,17.013334,17.4,16.735346,2579500
5781,2003-02-07,17.719998999999998,17.726667000000003,17.213333,17.413334,16.748173,2072500
5782,2003-02-10,17.413334,18.073334,17.34,18.073334,17.382957,2583000
5783,2003-02-11,18.200001,18.593334,18.200001,18.5,17.793329,4626100
5784,2003-02-12,18.5,18.559998999999998,18.066668,18.299999,17.600965,3807000
5785,2003-02-13,18.333334,18.366667,17.633333,17.766666,17.088003,3631900
5786,2003-02-14,17.766666,17.866667,17.613332999999997,17.746666,17.068769,2425900
5787,2003-02-18,17.833334,18.719998999999998,17.833334,18.719998999999998,18.004925,2698000
5788,2003-02-19,18.700001,18.700001,18.333334,18.413334,17.709972,1788400
5789,2003-02-20,18.413334,18.586666,18.326666,18.34,17.639439000000003,2410000
5790,2003-02-21,18.4,18.553333,18.193333,18.433332,17.729201999999997,2036800
5791,2003-02-24,18.433332,18.506666,18.280001000000002,18.426666,17.722795,1432500
5792,2003-02-25,18.299999,18.393333,17.860001,18.266666,17.568907,1931500
5793,2003-02-26,18.146667,18.213333,17.9,18.059998999999998,17.370132,2125500
5794,2003-02-27,18.059998999999998,18.666666,18.059998999999998,18.620001000000002,17.908745,2530900
5795,2003-02-28,18.653334,19.106667,18.533333,19.033333,18.30629,2933700
5796,2003-03-03,18.933332,19.166666,18.673334,18.786667,18.069048000000002,2374300
5797,2003-03-04,18.746666,18.866667,18.586666,18.68,17.966452,2466700
5798,2003-03-05,18.733334,18.92,18.573334,18.633333,17.921568,2471800
5799,2003-03-06,18.433332,18.666666,18.299999,18.66,17.947218,2269200
5800,2003-03-07,18.346666,18.74,18.34,18.6,17.889503,1959000
5801,2003-03-10,18.633333,18.653334,18.226667000000003,18.266666,17.568907,1716400
5802,2003-03-11,18.326666,18.360001,17.82,17.846666,17.164953,2692900
5803,2003-03-12,17.846666,18.006666,17.786667,17.866667,17.184189,2104000
5804,2003-03-13,17.993334,18.366667,17.886667000000003,18.366667,17.665085,3217600
5805,2003-03-14,18.366667,18.566668,18.153334,18.433332,17.729201999999997,1857600
5806,2003-03-17,18.299999,19.113332999999997,18.286667,19.026667,18.299875,2124400
5807,2003-03-18,19.093334,19.346666,19.013334,19.233334,18.498646,1964100
5808,2003-03-19,19.233334,19.533333,19.146667,19.233334,18.498646,3152400
5809,2003-03-20,19.186666,19.333334,19.006666,19.266666,18.530712,1483000
5810,2003-03-21,19.333334,19.4,19.120001000000002,19.24,18.505058,2072700
5811,2003-03-24,19.0,19.006666,18.5,18.52,17.812565,1640100
5812,2003-03-25,18.553333,19.5,18.553333,19.353333,18.614063,1824300
5813,2003-03-26,19.233334,19.74,19.206667000000003,19.280001000000002,18.543535000000002,2808300
5814,2003-03-27,19.146667,19.346666,18.959999,19.200001,18.487683999999998,2424400
5815,2003-03-28,19.200001,19.566668,18.98,19.360001,18.641748,2297100
5816,2003-03-31,19.193333,19.58,18.966667,19.166666,18.455583999999998,1505500
5817,2003-04-01,19.213333,19.686666,19.113332999999997,19.666666,18.937038,1745700
5818,2003-04-02,19.866667,20.133333,19.719998999999998,19.866667,19.129616,1815700
5819,2003-04-03,19.933332,20.033333,19.733334,19.879998999999998,19.142454,1361200
5820,2003-04-04,19.946667,20.166666,19.84,19.906666,19.168132999999997,1491600
5821,2003-04-07,20.166666,20.313334,19.286667,19.333334,18.61607,2070900
5822,2003-04-08,19.379998999999998,19.5,19.286667,19.4,18.680265,1379800
5823,2003-04-09,19.366667,19.5,18.799999,18.993334,18.288687,1523700
5824,2003-04-10,19.093334,19.126667,18.799999,18.986666,18.282267,1406700
5825,2003-04-11,18.666666,18.98,17.493334,17.913334,17.248753,5886100
5826,2003-04-14,17.98,18.120001000000002,17.806667,18.0,17.332201,2871300
5827,2003-04-15,18.066668,18.186666,17.993334,18.186666,17.511944,1897500
5828,2003-04-16,18.266666,18.326666,17.066668,17.533333,16.882853,4453000
5829,2003-04-17,17.4,17.533333,17.26,17.48,16.831495,3904300
5830,2003-04-21,17.406666,17.639999,17.280001000000002,17.453332999999997,16.805822,1075000
5831,2003-04-22,17.266666,17.726667000000003,17.233334,17.613332999999997,16.959879,1987200
5832,2003-04-23,17.799999,17.893333,17.573334,17.686666,17.030495000000002,2125200
5833,2003-04-24,17.666666,17.833334,17.633333,17.733334,17.075432,3185500
5834,2003-04-25,17.786667,18.006666,17.693333,17.906666,17.242334,2733400
5835,2003-04-28,18.066668,18.780001000000002,17.860001,18.633333,17.942041,3522000
5836,2003-04-29,18.666666,18.866667,18.433332,18.546667000000003,17.858589000000002,2265600
5837,2003-04-30,18.546667000000003,19.066668,18.459999,18.846666,18.147459,2097900
5838,2003-05-01,19.066668,19.273332999999997,18.806667,18.973333,18.269424,1555000
5839,2003-05-02,19.0,19.466667,19.0,19.306667,18.590391,1693200
5840,2003-05-05,19.366667,19.726667000000003,19.066668,19.18,18.468426,2075500
5841,2003-05-06,19.333334,19.693333,19.246666,19.493334,18.770138,1843900
5842,2003-05-07,19.333334,19.693333,19.273332999999997,19.513334,18.789398000000002,2185500
5843,2003-05-08,19.833334,19.913334,18.0,18.306667,17.627495,6711300
5844,2003-05-09,18.5,18.833334,18.146667,18.386667000000003,17.704525,3647800
5845,2003-05-12,18.386667000000003,18.693333,18.326666,18.533333,17.845748999999998,2411500
5846,2003-05-13,18.533333,18.846666,18.446667,18.68,17.986975,1923400
5847,2003-05-14,18.746666,18.973333,18.700001,18.866667,18.166719,1695300
5848,2003-05-15,18.866667,19.086666,18.773332999999997,18.946667,18.243748,1596600
5849,2003-05-16,18.953332999999997,19.02,18.666666,18.666666,17.974138,1266400
5850,2003-05-19,18.879998999999998,19.1,18.613332999999997,18.746666,18.051170000000003,1768800
5851,2003-05-20,18.766666,18.84,18.5,18.700001,18.006235,2126200
5852,2003-05-21,18.706667000000003,19.186666,18.693333,18.993334,18.288687,1247700
5853,2003-05-22,19.146667,19.559998999999998,19.073334,19.4,18.680265,2265600
5854,2003-05-23,19.4,19.466667,19.013334,19.306667,18.590391,2121700
5855,2003-05-27,19.200001,19.733334,19.173334,19.733334,19.00123,1014900
5856,2003-05-28,19.6,19.633333,19.333334,19.4,18.680265,2185900
5857,2003-05-29,19.5,19.533333,19.0,19.053333,18.346457,3121300
5858,2003-05-30,19.066668,19.5,18.746666,19.253334,18.539043,2555800
5859,2003-06-02,20.006666,20.046667000000003,19.559998999999998,19.566668,18.840748,2552700
5860,2003-06-03,19.4,19.533333,18.906666,19.133333,18.423489,1366000
5861,2003-06-04,19.299999,19.466667,19.226667000000003,19.426666,18.70594,1442200
5862,2003-06-05,19.42,20.873333,19.193333,20.646667,19.880679999999998,3991300
5863,2003-06-06,21.466667,21.466667,20.373333,20.393333,19.636744,2097700
5864,2003-06-09,20.4,20.620001000000002,19.886667000000003,19.92,19.180973,1401300
5865,2003-06-10,19.940001000000002,20.133333,19.940001000000002,20.1,19.354294,1133200
5866,2003-06-11,20.266666,21.200001,20.139999,21.200001,20.413483,2610300
5867,2003-06-12,21.653334,22.4,21.233334,22.026667,21.20948,4524700
5868,2003-06-13,22.5,22.726667000000003,22.266666,22.626667,21.787222,3357000
5869,2003-06-16,22.733334,23.753334,22.726667000000003,23.566668,22.69235,3247600
5870,2003-06-17,23.666666,23.766666,23.34,23.559998999999998,22.685928,3119200
5871,2003-06-18,23.533333,23.82,22.586666,22.846666,21.999067,2554000
5872,2003-06-19,22.746666,22.799999,21.733334,22.073334,21.254417,2439000
5873,2003-06-20,22.386667000000003,22.799999,22.059998999999998,22.646667,21.806484,1734400
5874,2003-06-23,22.666666,22.666666,22.366667,22.5,21.665255,2152500
5875,2003-06-24,22.533333,22.9,22.506666,22.873333,22.024738,2655700
5876,2003-06-25,22.799999,23.166666,22.633333,22.766666,21.922031,1582200
5877,2003-06-26,22.74,23.486666,22.700001,23.32,22.476551,1656900
5878,2003-06-27,23.566668,23.799999,23.426666,23.533333,22.682169000000002,2015400
5879,2003-06-30,23.533333,23.593334,23.040001,23.18,22.341618,1787500
5880,2003-07-01,23.18,23.18,22.32,23.013334,22.180979,1852600
5881,2003-07-02,23.1,23.166666,22.846666,23.066668,22.232384,1347400
5882,2003-07-03,22.953332999999997,23.693333,22.92,23.533333,22.682169000000002,940600
5883,2003-07-07,23.733334,23.799999,23.466667,23.6,22.746423999999998,1369600
5884,2003-07-08,23.6,23.633333,23.153334,23.266666,22.425144,1809300
5885,2003-07-09,23.273332999999997,23.333334,23.013334,23.013334,22.180979,1756600
5886,2003-07-10,22.833334,22.84,22.506666,22.566668,21.750465,1330200
5887,2003-07-11,22.533333,22.66,22.266666,22.493334,21.679787,2941000
5888,2003-07-14,22.6,22.886667000000003,22.206667000000003,22.206667000000003,21.403484,2309500
5889,2003-07-15,22.233334,22.326666,21.646667,21.653334,20.870167000000002,2595300
5890,2003-07-16,21.746666,22.02,21.673334,21.940001000000002,21.146463,1521700
5891,2003-07-17,21.946667,21.993334,21.24,21.5,20.722382,1726800
5892,2003-07-18,21.833334,21.879998999999998,21.546667000000003,21.646667,20.863735000000002,1048600
5893,2003-07-21,21.646667,21.653334,21.066668,21.133333,20.368975,1184400
5894,2003-07-22,21.266666,21.393333,20.613332999999997,20.733334,19.983442,2655400
5895,2003-07-23,20.833334,21.493334,20.626667,21.426666,20.651695,3768100
5896,2003-07-24,21.833334,21.886667000000003,21.34,21.566668,20.786631,2080900
5897,2003-07-25,21.566668,21.833334,21.379998999999998,21.74,20.953699,1840600
5898,2003-07-28,21.906666,22.166666,21.866667,22.1,21.300678,1363000
5899,2003-07-29,22.126667,22.266666,21.766666,22.0,21.204296,1577100
5900,2003-07-30,22.0,22.0,21.573334,21.799999,21.011523999999998,2499600
5901,2003-07-31,21.933332,22.766666,21.906666,22.513334,21.699064,2612800
5902,2003-08-01,22.273332999999997,22.513334,22.053333,22.366667,21.557701,2047500
5903,2003-08-04,23.533333,23.566668,22.373333,22.866667,22.03961,4807900
5904,2003-08-05,22.799999,23.106667,22.386667000000003,22.466667,21.654081,2420700
5905,2003-08-06,22.366667,22.393333,21.953332999999997,22.086666,21.287825,1881700
5906,2003-08-07,22.200001,22.813334,22.166666,22.766666,21.943233,2752300
5907,2003-08-08,22.553333,22.799999,21.886667000000003,22.76,21.936808,2057800
5908,2003-08-11,22.733334,22.9,22.586666,22.866667,22.03961,1419300
5909,2003-08-12,23.166666,23.413334,23.033333,23.266666,22.425144,2089500
5910,2003-08-13,23.4,23.466667,22.860001,23.0,22.168125,1953900
5911,2003-08-14,23.233334,23.26,22.993334,23.1,22.264507000000002,2049400
5912,2003-08-15,23.133333,23.280001000000002,23.02,23.273332999999997,22.431576,831100
5913,2003-08-18,23.366667,23.486666,23.233334,23.286667,22.444423999999998,1093500
5914,2003-08-19,23.333334,24.133333,23.280001000000002,23.906666,23.042,2924500
5915,2003-08-20,23.766666,24.006666,23.559998999999998,23.966667,23.099834,2167300
5916,2003-08-21,24.066668,25.0,24.066668,24.966667,24.063663000000002,3338700
5917,2003-08-22,24.966667,25.333334,24.686666,24.846666,23.948004,2060200
5918,2003-08-25,24.846666,24.860001,24.24,24.306667,23.427532,1367700
5919,2003-08-26,24.306667,24.306667,23.76,24.120001000000002,23.24762,1565800
5920,2003-08-27,24.120001000000002,24.193333,23.793332999999997,23.926666,23.061277,954900
5921,2003-08-28,24.0,24.1,23.333334,23.986666,23.119104,2500600
5922,2003-08-29,23.986666,24.266666,23.766666,24.266666,23.388979,1759000
5923,2003-09-02,24.333334,24.533333,24.066668,24.253334,23.376131,2186800
5924,2003-09-03,24.266666,24.273332999999997,23.953332999999997,24.133333,23.260468,2031400
5925,2003-09-04,24.133333,24.266666,24.040001,24.133333,23.260468,2210800
5926,2003-09-05,24.066668,24.379998999999998,23.953332999999997,24.360001,23.478939,1970400
5927,2003-09-08,24.26,25.059998999999998,24.26,24.986666,24.082937,3042900
5928,2003-09-09,24.993334,25.866667,24.959999,25.666666,24.738346,3361200
5929,2003-09-10,25.666666,26.18,25.48,25.966667,25.027493,2615100
5930,2003-09-11,25.973333,26.540001,25.526667,25.806667,24.873278,1935400
5931,2003-09-12,25.933332,26.02,25.586666,26.0,25.059622,2331400
5932,2003-09-15,26.233334000000003,26.5,26.040001,26.34,25.387323000000002,2561700
5933,2003-09-16,26.4,26.959999,26.4,26.700001,25.734306,2239000
5934,2003-09-17,26.700001,27.1,26.506666,26.626666999999998,25.663624,1677400
5935,2003-09-18,26.766665999999997,26.866667,26.506666,26.853333000000003,25.882092,3135900
5936,2003-09-19,26.933332,27.093334000000002,26.74,26.846666,25.875669,2147700
5937,2003-09-22,26.846666,26.853333000000003,25.833334,26.146667,25.200986999999998,2543100
5938,2003-09-23,26.146667,26.493334,26.0,26.106667,25.16243,1732900
5939,2003-09-24,26.113332999999997,26.126667,25.566668,25.620001000000002,24.693363,2313900
5940,2003-09-25,25.620001000000002,25.620001000000002,24.833334,24.9,23.999405,3067800
5941,2003-09-26,24.866667,25.26,24.68,25.046667000000003,24.162117000000002,1858000
5942,2003-09-29,25.053333,25.5,24.966667,25.366667,24.470816,2215300
5943,2003-09-30,25.373333,26.066668,25.373333,25.766666,24.856688000000002,2649700
5944,2003-10-01,25.766666,26.120001000000002,25.706667000000003,26.0,25.081781,2314600
5945,2003-10-02,26.0,27.806666999999997,25.940001000000002,27.6,26.625277,5217000
5946,2003-10-03,28.146666999999997,28.533333000000002,27.933332,27.953333,26.966133000000003,6245500
5947,2003-10-06,28.433332,28.433332,27.866667,27.933332,26.946838,2399700
5948,2003-10-07,27.793333,28.106666999999998,27.559998999999998,28.1,27.107615999999997,1854100
5949,2003-10-08,28.106666999999998,28.286666999999998,27.786666999999998,27.860001,26.876095,1871800
5950,2003-10-09,28.25,28.75,27.68,27.950001,26.962916999999997,2145900
5951,2003-10-10,28.200001,28.27,27.85,28.01,27.020798,1601000
5952,2003-10-13,28.08,28.360001,28.07,28.16,27.165499,930300
5953,2003-10-14,28.200001,28.379998999999998,28.0,28.15,27.155853000000004,1048100
5954,2003-10-15,28.4,28.4,27.75,27.98,26.991852,1091600
5955,2003-10-16,27.98,28.18,27.5,27.73,26.750678999999998,1314000
5956,2003-10-17,27.9,27.959999,26.9,27.01,26.056114,2195900
5957,2003-10-20,27.200001,27.26,26.889999,27.110001,26.15258,1481100
5958,2003-10-21,27.25,28.049999,27.200001,28.040001,27.049742,1616100
5959,2003-10-22,28.040001,28.040001,27.1,27.4,26.432339000000002,1258600
5960,2003-10-23,27.15,27.73,27.049999,27.610001,26.634926,1308900
5961,2003-10-24,27.610001,27.610001,27.16,27.4,26.432339000000002,1253100
5962,2003-10-27,25.01,27.0,25.01,26.190001000000002,25.265074,3465800
5963,2003-10-28,26.190001000000002,26.309998999999998,25.15,25.74,24.830967,3951600
5964,2003-10-29,25.200001,25.49,24.389999,24.700001,23.827694,4824000
5965,2003-10-30,25.66,25.66,23.719998999999998,24.58,23.711931,4897200
5966,2003-10-31,24.58,24.620001000000002,23.75,24.15,23.297117,3375000
5967,2003-11-03,24.5,24.639999,23.719998999999998,23.860001,23.017359,3718000
5968,2003-11-04,23.870001000000002,24.02,23.65,23.65,22.814772,2305700
5969,2003-11-05,23.52,24.42,23.4,24.360001,23.499702,2667500
5970,2003-11-06,24.5,24.639999,24.139999,24.459999,23.596169,1717500
5971,2003-11-07,24.700001,24.83,24.459999,24.549999,23.682989000000003,1869500
5972,2003-11-10,24.75,24.75,23.959999,24.0,23.152410999999997,1585900
5973,2003-11-11,20.860001,22.6,20.0,22.450001,21.657154000000002,15362800
5974,2003-11-12,22.299999,23.639999,22.08,23.5,22.670071,5872100
5975,2003-11-13,23.25,23.58,22.299999,22.85,22.043028,4989000
5976,2003-11-14,23.0,23.49,22.940001000000002,23.08,22.264908,2896600
5977,2003-11-17,22.98,23.049999,22.68,22.940001000000002,22.129848000000003,1483200
5978,2003-11-18,22.940001000000002,23.33,22.940001000000002,23.030001000000002,22.216673,1702100
5979,2003-11-19,23.030001000000002,23.27,22.799999,23.1,22.284198999999997,1184900
5980,2003-11-20,23.25,23.58,23.0,23.379998999999998,22.55431,2063800
5981,2003-11-21,23.379998999999998,23.389999,23.08,23.120001000000002,22.303495,1673100
5982,2003-11-24,24.0,24.299999,23.5,23.719998999999998,22.882301000000002,2626900
5983,2003-11-25,24.950001,25.15,24.6,24.68,23.808398999999998,3722500
5984,2003-11-26,26.0,26.0,25.15,25.65,24.744139,4545200
5985,2003-11-28,25.799999,25.82,25.25,25.32,24.425797,688800
5986,2003-12-01,25.549999,26.120001000000002,25.5,26.09,25.1686,2255700
5987,2003-12-02,26.0,26.030001000000002,25.6,25.620001000000002,24.715201999999998,1540600
5988,2003-12-03,25.6,25.99,25.59,25.620001000000002,24.715201999999998,1212100
5989,2003-12-04,25.549999,25.74,25.379998999999998,25.620001000000002,24.715201999999998,1102200
5990,2003-12-05,25.549999,25.549999,25.200001,25.450001,24.551208,1041200
5991,2003-12-08,25.65,25.84,25.42,25.75,24.840612,1152900
5992,2003-12-09,25.85,26.15,25.52,25.58,24.676609,1488800
5993,2003-12-10,25.620001000000002,25.629998999999998,24.5,24.9,24.020628,1751500
5994,2003-12-11,24.85,25.450001,24.790001,25.209999,24.319681,1940300
5995,2003-12-12,25.450001,25.450001,24.92,25.200001,24.310033999999998,1688800
5996,2003-12-15,25.299999,25.57,25.1,25.360001,24.464385999999998,1510900
5997,2003-12-16,25.15,25.33,25.08,25.18,24.290739000000002,1216700
5998,2003-12-17,25.32,25.780001000000002,25.15,25.65,24.744139,1418500
5999,2003-12-18,25.629998999999998,26.07,25.57,25.74,24.830967,1955900
6000,2003-12-19,25.620001000000002,25.700001,25.299999,25.42,24.522263,1731200
6001,2003-12-22,25.42,25.42,24.799999,24.99,24.107445000000002,1561600
6002,2003-12-23,25.15,25.15,24.799999,24.99,24.107445000000002,1417300
6003,2003-12-24,25.049999,25.209999,24.870001000000002,25.0,24.117102,398600
6004,2003-12-26,25.0,25.200001,25.0,25.15,24.261799,330900
6005,2003-12-29,25.25,25.5,25.200001,25.26,24.397015,1043900
6006,2003-12-30,25.299999,25.49,25.190001000000002,25.26,24.397015,670200
6007,2003-12-31,25.25,25.299999,25.01,25.26,24.397015,759100
6008,2004-01-02,25.200001,25.360001,25.01,25.120001000000002,24.261801000000002,895300
6009,2004-01-05,25.200001,25.25,24.5,24.65,23.807858,2051700
6010,2004-01-06,24.66,24.75,23.799999,24.09,23.266989000000002,3382200
6011,2004-01-07,24.09,24.309998999999998,23.91,24.26,23.431185,1838300
6012,2004-01-08,24.32,24.530001000000002,24.129998999999998,24.299999,23.46981,1504700
6013,2004-01-09,24.299999,24.9,24.18,24.73,23.885123999999998,1664600
6014,2004-01-12,24.73,24.9,24.440001000000002,24.65,23.807858,1505500
6015,2004-01-13,24.92,24.93,24.559998999999998,24.66,23.817520000000002,1413500
6016,2004-01-14,24.879998999999998,25.09,24.76,25.030001000000002,24.174873,1379600
6017,2004-01-15,25.1,25.120001000000002,24.73,24.809998999999998,23.962393,1619000
6018,2004-01-16,24.82,24.91,24.540001,24.610001,23.769226,1971600
6019,2004-01-20,24.65,25.9,24.639999,25.549999,24.677113000000002,3889000
6020,2004-01-21,25.450001,25.709999,25.110001,25.42,24.551554,3202200
6021,2004-01-22,25.65,25.799999,25.280001000000002,25.5,24.628822,2092600
6022,2004-01-23,25.799999,25.91,25.6,25.75,24.870276999999998,1713200
6023,2004-01-26,25.799999,26.0,25.690001000000002,25.82,24.937891,1612600
6024,2004-01-27,26.0,26.0,25.360001,25.629998999999998,24.754375,2190000
6025,2004-01-28,25.639999,25.799999,25.01,25.02,24.165218,1631700
6026,2004-01-29,25.030001000000002,25.030001000000002,24.01,24.52,23.682299,3073400
6027,2004-01-30,24.52,24.559998999999998,24.1,24.389999,23.556742,1123100
6028,2004-02-02,24.48,24.790001,24.15,24.35,23.518107999999998,1760600
6029,2004-02-03,24.450001,24.950001,24.35,24.700001,23.856148,1203900
6030,2004-02-04,24.709999,24.82,24.280001000000002,24.5,23.662981,2104800
6031,2004-02-05,24.52,24.889999,24.48,24.67,23.827175,1249700
6032,2004-02-06,24.719998999999998,25.0,24.700001,24.98,24.126579,1024000
6033,2004-02-09,25.15,25.620001000000002,25.07,25.35,24.483942000000003,1467700
6034,2004-02-10,25.35,25.51,25.200001,25.440001000000002,24.570866,1416700
6035,2004-02-11,26.35,26.35,24.43,24.639999,23.798203,3265900
6036,2004-02-12,24.65,24.950001,24.530001000000002,24.6,23.759565,1498900
6037,2004-02-13,24.6,24.610001,24.18,24.309998999999998,23.479475,1331200
6038,2004-02-17,24.450001,24.639999,24.379998999999998,24.43,23.595375,1848100
6039,2004-02-18,24.450001,24.5,24.049999,24.200001,23.37323,1243700
6040,2004-02-19,24.25,24.35,23.9,23.91,23.09314,1461000
6041,2004-02-20,23.91,24.030001000000002,23.190001000000002,23.700001,22.890316000000002,2107600
6042,2004-02-23,23.9,23.99,23.52,23.57,22.764754999999997,1250300
6043,2004-02-24,23.549999,23.65,23.24,23.379998999999998,22.581247,1283800
6044,2004-02-25,23.42,23.610001,23.27,23.549999,22.745435999999998,1164300
6045,2004-02-26,23.6,23.6,22.950001,23.129998999999998,22.339785,2424300
6046,2004-02-27,23.25,24.01,23.200001,23.5,22.697147,1835500
6047,2004-03-01,23.700001,23.799999,23.5,23.68,22.870995999999998,1416800
6048,2004-03-02,23.6,23.700001,23.27,23.42,22.619882999999998,1222900
6049,2004-03-03,23.5,23.73,23.25,23.6,22.793734,1794600
6050,2004-03-04,23.77,23.83,23.540001,23.73,22.919289000000003,841600
6051,2004-03-05,23.73,24.32,23.530001000000002,24.16,23.334595,1018800
6052,2004-03-08,24.16,24.200001,23.690001000000002,23.75,22.938606,1604000
6053,2004-03-09,23.75,23.85,23.309998999999998,23.5,22.697147,1374100
6054,2004-03-10,23.5,23.68,22.879998999999998,23.0,22.214230999999998,1089000
6055,2004-03-11,22.75,23.129998999999998,22.610001,22.93,22.146620000000002,1640100
6056,2004-03-12,22.969998999999998,23.35,22.93,23.280001000000002,22.484665,986800
6057,2004-03-15,23.049999,23.16,22.5,22.540001,21.769945,1314400
6058,2004-03-16,22.73,22.92,22.4,22.540001,21.769945,1240700
6059,2004-03-17,22.76,23.139999,22.639999,23.07,22.281839,1076100
6060,2004-03-18,22.5,22.950001,21.950001,22.16,21.402927,3176500
6061,2004-03-19,22.16,22.59,22.01,22.48,21.711992000000002,2089100
6062,2004-03-22,22.15,22.34,22.02,22.200001,21.441561,1617800
6063,2004-03-23,22.299999,22.6,22.299999,22.370001000000002,21.605755,1408400
6064,2004-03-24,22.4,23.799999,22.200001,23.34,22.54261,4942800
6065,2004-03-25,23.4,23.43,23.1,23.120001000000002,22.33013,2535300
6066,2004-03-26,22.6,24.110001,22.6,23.25,22.455682999999997,3082700
6067,2004-03-29,23.469998999999998,23.49,23.02,23.049999,22.291283,1658400
6068,2004-03-30,23.049999,23.120001000000002,22.459999,22.67,21.923794,2011700
6069,2004-03-31,22.83,22.99,22.690001000000002,22.73,21.981813,1656000
6070,2004-04-01,22.85,23.34,22.73,23.16,22.397661,1536400
6071,2004-04-02,23.65,23.719998999999998,23.059998999999998,23.34,22.571737,1219500
6072,2004-04-05,23.75,23.75,23.27,23.74,22.958569,1164700
6073,2004-04-06,23.74,23.780001000000002,23.5,23.719998999999998,22.93923,1603400
6074,2004-04-07,23.549999,23.85,23.52,23.68,22.900547,1269400
6075,2004-04-08,23.700001,23.73,23.1,23.33,22.562065,806300
6076,2004-04-12,23.549999,23.799999,23.360001,23.700001,22.919888,975500
6077,2004-04-13,23.700001,23.870001000000002,22.9,22.99,22.233257000000002,1140800
6078,2004-04-14,22.9,23.290001,22.459999,23.040001,22.281614,1669600
6079,2004-04-15,23.15,23.459999,22.9,23.200001,22.436346,1805000
6080,2004-04-16,23.25,23.48,22.73,22.780001000000002,22.030169,2029300
6081,2004-04-19,22.959999,23.07,22.73,22.85,22.097866,1542100
6082,2004-04-20,23.85,24.27,23.530001000000002,23.610001,22.832851,3498900
6083,2004-04-21,23.82,23.969998999999998,23.65,23.85,23.064951,2166500
6084,2004-04-22,23.9,24.440001000000002,23.799999,24.33,23.52915,31411700
6085,2004-04-23,24.540001,24.950001,24.219998999999998,24.309998999999998,23.509806,3810000
6086,2004-04-26,24.35,24.860001,24.33,24.42,23.616186,1866000
6087,2004-04-27,24.5,24.92,24.5,24.59,23.780592000000002,2095500
6088,2004-04-28,24.6,24.700001,24.049999,24.4,23.596846,1880600
6089,2004-04-29,24.35,24.360001,23.379998999999998,23.450001,22.67812,4491000
6090,2004-04-30,23.5,23.629998999999998,22.91,22.91,22.15589,2207900
6091,2004-05-03,23.120001000000002,23.35,22.9,23.18,22.417002,2511700
6092,2004-05-04,23.200001,23.32,22.68,22.889999,22.136549,2041400
6093,2004-05-05,23.0,23.299999,22.799999,23.07,22.310623,3126800
6094,2004-05-06,23.08,23.209999,22.6,22.92,22.165565,1917600
6095,2004-05-07,22.799999,23.08,22.370001000000002,22.379998999999998,21.643333,1412900
6096,2004-05-10,22.32,22.549999,21.75,21.92,21.198481,2509000
6097,2004-05-11,22.389999,23.59,21.75,22.59,21.846426,4803400
6098,2004-05-12,22.59,23.85,22.469998999999998,23.65,22.871531,3841300
6099,2004-05-13,23.75,24.030001000000002,23.59,24.0,23.210014,3164600
6100,2004-05-14,24.0,24.5,23.75,24.190001000000002,23.393759,2171700
6101,2004-05-17,23.950001,24.049999,23.690001000000002,23.91,23.122974,1595400
6102,2004-05-18,24.1,24.280001000000002,23.92,24.030001000000002,23.239023,2012100
6103,2004-05-19,24.1,24.450001,24.049999,24.200001,23.403433,2716800
6104,2004-05-20,24.15,24.15,23.110001,23.469998999999998,22.697457999999997,2410600
6105,2004-05-21,23.35,23.379998999999998,22.549999,22.709999,21.962473000000003,3436400
6106,2004-05-24,22.549999,22.629998999999998,22.049999,22.299999,21.565969,3417800
6107,2004-05-25,22.1,22.690001000000002,22.09,22.68,21.933462,2648600
6108,2004-05-26,22.68,22.84,22.33,22.51,21.76906,2078400
6109,2004-05-27,22.48,22.59,22.07,22.16,21.430574,3422600
6110,2004-05-28,22.200001,22.48,22.110001,22.309998999999998,21.575644,1772900
6111,2004-06-01,22.25,22.65,22.15,22.59,21.846426,1429700
6112,2004-06-02,22.700001,22.809998999999998,22.48,22.65,21.904449,1304000
6113,2004-06-03,22.65,22.85,22.4,22.4,21.662678,968700
6114,2004-06-04,22.6,22.719998999999998,22.43,22.51,21.76906,870300
6115,2004-06-07,22.700001,22.780001000000002,22.41,22.709999,21.962473000000003,968800
6116,2004-06-08,22.719998999999998,22.84,22.540001,22.65,21.904449,858300
6117,2004-06-09,22.68,22.77,22.450001,22.49,21.749717999999998,1471400
6118,2004-06-10,22.85,23.27,22.5,22.709999,21.962473000000003,1833300
6119,2004-06-14,22.75,22.950001,22.459999,22.459999,21.720703,1136800
6120,2004-06-15,22.549999,22.719998999999998,22.24,22.370001000000002,21.633665,1676000
6121,2004-06-16,22.33,22.58,22.16,22.32,21.585314,1581000
6122,2004-06-17,22.27,22.35,21.98,22.049999,21.3242,2046600
6123,2004-06-18,22.049999,22.5,22.049999,22.379998999999998,21.643333,1650400
6124,2004-06-21,22.33,22.59,22.299999,22.4,21.662678,1262100
6125,2004-06-22,22.299999,22.469998999999998,22.15,22.42,21.682018,1263600
6126,2004-06-23,21.639999,21.639999,19.799999,20.860001,20.173372,12341300
6127,2004-06-24,21.75,22.0,21.030001000000002,21.139999,20.444157,4979700
6128,2004-06-25,21.15,21.23,20.959999,21.049999,20.357113000000002,3938900
6129,2004-06-28,21.02,21.190001000000002,20.049999,20.15,19.514553,3586400
6130,2004-06-29,20.030001000000002,20.200001,20.01,20.15,19.514553,2326000
6131,2004-06-30,20.16,20.389999,20.15,20.25,19.611397,2059700
6132,2004-07-01,20.549999,20.65,20.120001000000002,20.48,19.834143,2553000
6133,2004-07-02,20.25,20.34,20.129998999999998,20.219998999999998,19.582348,1248000
6134,2004-07-06,20.049999,20.200001,19.93,20.07,19.437075,1738900
6135,2004-07-07,20.0,20.110001,19.639999,19.969998999999998,19.340229,2258300
6136,2004-07-08,19.959999,19.969998999999998,19.68,19.709999,19.088428,2289800
6137,2004-07-09,19.65,19.73,19.5,19.73,19.107798000000003,2445700
6138,2004-07-12,19.73,19.75,19.51,19.610001,18.991583,1965100
6139,2004-07-13,19.610001,19.65,19.5,19.540001,18.923792000000002,1100800
6140,2004-07-14,19.59,19.790001,19.1,19.370001000000002,18.759145999999998,1883000
6141,2004-07-15,19.370001000000002,19.790001,19.32,19.459999,18.846312,1248900
6142,2004-07-16,19.549999,19.790001,19.41,19.469998999999998,18.855992999999998,1435900
6143,2004-07-19,19.530001000000002,19.610001,19.309998999999998,19.450001,18.836628,1665500
6144,2004-07-20,19.549999,19.6,19.33,19.5,18.885051999999998,1289400
6145,2004-07-21,19.51,19.629998999999998,18.92,18.950001,18.3524,1315900
6146,2004-07-22,18.799999,19.129998999999998,18.629998999999998,18.82,18.226494,1572300
6147,2004-07-23,18.620001000000002,18.66,18.209999,18.51,17.926268,2049500
6148,2004-07-26,16.549999,16.75,15.16,15.51,15.020879,25966500
6149,2004-07-27,15.58,15.65,14.24,14.75,14.284846,12997000
6150,2004-07-28,14.76,15.0,14.65,14.84,14.372005999999999,6803500
6151,2004-07-29,14.95,14.97,14.49,14.83,14.362324,5827300
6152,2004-07-30,14.84,14.94,14.72,14.82,14.352639000000002,4810100
6153,2004-08-02,14.82,14.87,14.56,14.69,14.226739000000002,3508000
6154,2004-08-03,14.75,15.5,14.7,15.36,14.875607999999998,5716700
6155,2004-08-04,15.36,15.7,15.04,15.65,15.156464000000001,6514100
6156,2004-08-05,15.45,16.01,15.4,15.5,15.011194,5210500
6157,2004-08-06,15.46,15.5,14.99,15.13,14.652863,2520100
6158,2004-08-09,15.02,15.19,14.9,14.98,14.507594000000001,1934900
6159,2004-08-10,14.98,15.43,14.98,15.38,14.894979000000001,2481400
6160,2004-08-11,15.38,15.84,15.17,15.5,15.011194,3077600
6161,2004-08-12,15.83,15.92,15.54,15.87,15.369526,4263600
6162,2004-08-13,16.0,16.26,15.86,16.0,15.495427,3217700
6163,2004-08-16,16.0,16.299999,15.8,16.299999,15.785967000000001,2050600
6164,2004-08-17,16.299999,16.540001,14.89,15.36,14.875607999999998,9054800
6165,2004-08-18,15.4,15.74,15.25,15.58,15.088672,4047300
6166,2004-08-19,16.700001,17.34,16.33,17.200001,16.657583,19210500
6167,2004-08-20,17.0,17.18,16.790001,16.889999,16.357360999999997,7320600
6168,2004-08-23,17.799999,17.799999,17.040001,17.16,16.618845,5568000
6169,2004-08-24,17.299999,17.299999,16.91,17.030001000000002,16.492945000000002,3350800
6170,2004-08-25,17.030001000000002,17.33,16.92,17.299999,16.754433,2968700
6171,2004-08-26,17.299999,17.5,17.07,17.120001000000002,16.580109,2226600
6172,2004-08-27,17.120001000000002,17.459999,17.08,17.41,16.860960000000002,2082900
6173,2004-08-30,17.4,17.559998999999998,17.18,17.26,16.715692999999998,3065900
6174,2004-08-31,17.26,17.440001000000002,17.26,17.42,16.870646,2179100
6175,2004-09-01,17.4,17.440001000000002,17.209999,17.4,16.851276000000002,1912900
6176,2004-09-02,17.440001000000002,17.51,17.290001,17.440001000000002,16.890013,1471700
6177,2004-09-03,17.5,17.639999,17.48,17.559998999999998,17.006227,1630000
6178,2004-09-07,17.57,18.08,17.440001000000002,18.08,17.509829999999997,3610300
6179,2004-09-08,18.08,18.469998999999998,18.059998999999998,18.18,17.606678,5794300
6180,2004-09-09,18.18,18.389999,18.17,18.389999,17.810053,2988200
6181,2004-09-10,18.4,18.49,18.25,18.33,17.751945000000003,2270700
6182,2004-09-13,18.4,19.190001000000002,18.299999,19.049999,18.449238,4314400
6183,2004-09-14,19.049999,19.24,18.92,19.120001000000002,18.517035999999997,3089800
6184,2004-09-15,19.200001,19.25,18.780001000000002,18.83,18.236181,1822300
6185,2004-09-16,18.84,19.440001000000002,18.84,19.440001000000002,18.826944,4272400
6186,2004-09-17,19.43,19.549999,19.360001,19.49,18.875362,3154700
6187,2004-09-20,19.49,19.49,18.809998999999998,19.030001000000002,18.429871,2621200
6188,2004-09-21,19.040001,19.200001,18.950001,19.049999,18.449238,2138300
6189,2004-09-22,19.0,19.0,18.610001,18.700001,18.110281,2956600
6190,2004-09-23,18.709999,18.709999,18.23,18.32,17.742264000000002,3818800
6191,2004-09-24,18.290001,18.469998999999998,18.25,18.42,17.839111,3325400
6192,2004-09-27,18.42,18.42,18.120001000000002,18.209999,17.635729,1863600
6193,2004-09-28,18.23,18.32,17.9,18.02,17.480520000000002,2165100
6194,2004-09-29,18.200001,18.290001,17.9,18.040001,17.499922,1653600
6195,2004-09-30,18.02,18.129998999999998,17.82,18.0,17.461121,1190400
6196,2004-10-01,18.049999,18.4,18.0,18.299999,17.752138000000002,1098200
6197,2004-10-04,18.25,18.41,18.09,18.16,17.616331,1547200
6198,2004-10-05,18.219998999999998,18.299999,18.01,18.120001000000002,17.57753,1078800
6199,2004-10-06,18.18,18.200001,17.799999,17.879998999999998,17.344715,1829900
6200,2004-10-07,17.75,17.85,17.299999,17.389999,16.869385,3009100
6201,2004-10-08,17.41,17.530001000000002,17.200001,17.299999,16.782076,1420100
6202,2004-10-11,17.379998999999998,17.690001000000002,17.309998999999998,17.450001,16.927588,2774800
6203,2004-10-12,17.459999,17.58,17.299999,17.309998999999998,16.79178,2539500
6204,2004-10-13,17.309998999999998,18.049999,17.299999,17.76,17.228306,5009800
6205,2004-10-14,17.52,17.639999,17.35,17.43,16.908188,3386100
6206,2004-10-15,17.52,17.58,17.4,17.52,16.995491,1586500
6207,2004-10-18,17.58,17.75,17.5,17.65,17.121597,2348400
6208,2004-10-19,17.629998999999998,17.73,17.4,17.440001000000002,16.917889000000002,1396400
6209,2004-10-20,17.35,17.65,17.32,17.620001000000002,17.092499,2611200
6210,2004-10-21,16.6,17.35,16.48,17.0,16.49106,5087600
6211,2004-10-22,16.940001000000002,16.99,16.780001000000002,16.959999,16.452254999999997,1298100
6212,2004-10-25,16.780001000000002,16.780001000000002,16.4,16.66,16.161238,1924200
6213,2004-10-26,16.67,17.01,16.51,16.98,16.471660999999997,1738300
6214,2004-10-27,16.84,17.32,16.799999,17.18,16.665670000000002,2817700
6215,2004-10-28,17.4,17.52,17.110001,17.379998999999998,16.859678,6707400
6216,2004-10-29,17.32,17.41,17.110001,17.219998999999998,16.704472,1911000
6217,2004-11-01,17.18,17.27,16.940001000000002,16.959999,16.452254999999997,2044200
6218,2004-11-02,16.92,17.299999,16.4,16.48,15.986626000000001,2100400
6219,2004-11-03,16.780001000000002,16.99,16.559998999999998,16.639999,16.141832,2003500
6220,2004-11-04,16.6,16.73,16.24,16.42,15.928422,2690000
6221,2004-11-05,16.389999,16.82,16.360001,16.790001,16.287348,1877200
6222,2004-11-08,16.799999,17.01,16.790001,16.83,16.326147,817800
6223,2004-11-09,16.92,17.0,16.82,16.950001,16.442553,1384600
6224,2004-11-10,16.950001,17.379998999999998,16.83,17.370001000000002,16.849982999999998,9155400
6225,2004-11-11,17.43,17.58,17.23,17.440001000000002,16.917889000000002,1797300
6226,2004-11-12,17.34,17.549999,17.139999,17.24,16.723869,2943500
6227,2004-11-15,17.110001,17.360001,17.02,17.200001,16.685074,2064200
6228,2004-11-16,17.1,17.35,17.049999,17.1,16.588062,1129300
6229,2004-11-17,17.049999,17.459999,17.049999,17.200001,16.685074,2847000
6230,2004-11-18,17.280001000000002,17.280001000000002,17.059998999999998,17.16,16.646273,1079900
6231,2004-11-19,17.209999,20.0,16.85,18.879998999999998,18.314775,24489800
6232,2004-11-22,18.52,18.879998999999998,18.25,18.65,18.09166,4872500
6233,2004-11-23,18.549999,18.549999,18.299999,18.32,17.771539999999998,2667800
6234,2004-11-24,18.280001000000002,18.639999,18.200001,18.559998999999998,18.004358,1994800
6235,2004-11-26,18.5,18.65,18.49,18.6,18.043160999999998,342500
6236,2004-11-29,18.52,18.540001,18.200001,18.34,17.790943,2099700
6237,2004-11-30,18.15,18.450001,18.049999,18.16,17.616331,4233500
6238,2004-12-01,18.08,18.32,18.08,18.32,17.771539999999998,1643000
6239,2004-12-02,18.17,18.290001,18.110001,18.219998999999998,17.674532,1982300
6240,2004-12-03,18.15,18.379998999999998,18.120001000000002,18.35,17.800639999999998,1932000
6241,2004-12-06,18.24,18.26,18.059998999999998,18.07,17.529024,1015900
6242,2004-12-07,18.0,18.1,17.799999,17.870001000000002,17.335014,1909600
6243,2004-12-08,17.799999,18.1,17.790001,18.040001,17.499922,1186800
6244,2004-12-09,17.950001,18.85,17.82,18.110001,17.567833,2894300
6245,2004-12-10,17.98,18.07,17.870001000000002,18.0,17.461121,1269300
6246,2004-12-13,18.0,18.360001,17.98,18.33,17.781239000000003,1645600
6247,2004-12-14,18.25,18.48,18.17,18.48,17.926752,2392200
6248,2004-12-15,18.4,18.5,17.98,18.01,17.470821,2822400
6249,2004-12-16,18.02,18.129998999999998,17.9,17.98,17.441719,1901200
6250,2004-12-17,17.98,18.4,17.940001000000002,18.0,17.461121,3671100
6251,2004-12-20,17.969998999999998,18.120001000000002,17.709999,17.84,17.305914,2712400
6252,2004-12-21,17.84,17.9,17.700001,17.77,17.238004999999998,1452900
6253,2004-12-22,17.75,17.780001000000002,17.6,17.610001,17.082792,3379100
6254,2004-12-23,17.6,17.950001,17.58,17.809998999999998,17.276808,2557000
6255,2004-12-27,17.780001000000002,17.780001000000002,17.620001000000002,17.690001000000002,17.160404,1535800
6256,2004-12-28,17.620001000000002,17.74,17.459999,17.559998999999998,17.034292,1210800
6257,2004-12-29,17.530001000000002,17.66,17.5,17.6,17.102314,998600
6258,2004-12-30,17.549999,17.700001,17.52,17.59,17.0926,1235000
6259,2004-12-31,17.52,17.719998999999998,17.52,17.68,17.180056,1035400
6260,2005-01-03,17.629998999999998,17.74,17.5,17.559998999999998,17.063444,1252000
6261,2005-01-04,17.58,17.629998999999998,17.15,17.190001000000002,16.703909,1656900
6262,2005-01-05,17.190001000000002,17.23,16.99,17.030001000000002,16.548433,1299500
6263,2005-01-06,17.120001000000002,17.33,17.059998999999998,17.18,16.694191,1108200
6264,2005-01-07,17.17,17.27,17.049999,17.129998999999998,16.645605,737400
6265,2005-01-10,17.049999,17.280001000000002,17.01,17.23,16.742775,635200
6266,2005-01-11,17.15,17.200001,17.02,17.17,16.684471,569300
6267,2005-01-12,17.5,17.85,17.299999,17.57,17.073162,5195000
6268,2005-01-13,17.6,17.6,17.02,17.07,16.587301,2995600
6269,2005-01-14,17.059998999999998,17.280001000000002,17.02,17.209999,16.723343,2261700
6270,2005-01-18,17.27,17.4,16.9,17.040001,16.558153,2744900
6271,2005-01-19,17.049999,17.16,16.85,16.860001,16.383242000000003,3115900
6272,2005-01-20,16.799999,17.02,16.77,16.9,16.422106,1777300
6273,2005-01-21,16.9,16.99,16.549999,16.549999,16.082008,1914800
6274,2005-01-24,16.549999,16.74,16.309998999999998,16.35,15.887663,2690700
6275,2005-01-25,16.370001000000002,16.5,16.1,16.309998999999998,15.848792000000001,2104600
6276,2005-01-26,16.309998999999998,16.450001,16.190001000000002,16.200001,15.741904000000002,1804100
6277,2005-01-27,16.139999,16.879998999999998,16.139999,16.639999,16.169458,2581700
6278,2005-01-28,16.700001,16.85,16.34,16.6,16.130592,945100
6279,2005-01-31,16.85,16.9,16.450001,16.629998999999998,16.159746,1297100
6280,2005-02-01,16.6,16.809998999999998,16.57,16.790001,16.31522,1188300
6281,2005-02-02,16.77,16.98,16.66,16.950001,16.470694,978400
6282,2005-02-03,16.15,16.27,15.5,16.16,15.703033,5089800
6283,2005-02-04,16.16,16.32,16.120001000000002,16.26,15.800207,1243500
6284,2005-02-07,16.16,16.200001,16.049999,16.110001,15.654449,941000
6285,2005-02-08,16.1,16.139999,16.030001000000002,16.129998999999998,15.673882,808300
6286,2005-02-09,16.1,16.24,15.83,15.91,15.460104000000001,1204300
6287,2005-02-10,15.92,15.99,15.67,15.95,15.498972,2214300
6288,2005-02-11,15.93,16.299999,15.88,16.26,15.800207,1061100
6289,2005-02-14,16.24,16.24,15.9,15.95,15.498972,1871800
6290,2005-02-15,15.94,15.94,15.77,15.88,15.430953,1489800
6291,2005-02-16,15.88,15.92,15.72,15.89,15.44067,1396100
6292,2005-02-17,15.83,15.98,15.75,15.9,15.450385999999998,886800
6293,2005-02-18,15.91,16.24,15.82,16.15,15.693316000000001,794300
6294,2005-02-22,16.25,17.1,16.209999,16.690001000000002,16.218045999999998,2949200
6295,2005-02-23,16.9,16.99,16.51,16.93,16.451262,2068700
6296,2005-02-24,16.93,17.190001000000002,16.709999,17.129998999999998,16.645605,2055100
6297,2005-02-25,16.799999,17.200001,16.780001000000002,16.940001000000002,16.460979000000002,1696600
6298,2005-02-28,17.639999,17.65,17.18,17.6,17.102314,8223000
6299,2005-03-01,17.540001,18.18,17.51,17.82,17.316092,5399400
6300,2005-03-02,17.799999,17.889999,17.52,17.620001000000002,17.12175,1135200
6301,2005-03-03,17.58,17.790001,17.51,17.74,17.238359,1275500
6302,2005-03-04,17.780001000000002,17.879998999999998,17.5,17.65,17.150904,1429100
6303,2005-03-07,17.66,18.08,17.66,18.08,17.568739,2870600
6304,2005-03-08,18.08,18.09,17.75,18.02,17.510439,2072200
6305,2005-03-09,17.98,18.1,17.860001,18.0,17.491004999999998,2833800
6306,2005-03-10,18.01,18.190001000000002,17.84,18.01,17.500719,2226000
6307,2005-03-11,18.01,18.049999,17.700001,17.75,17.248072,2066600
6308,2005-03-14,17.75,17.83,17.700001,17.790001,17.286943,1227500
6309,2005-03-15,17.790001,17.93,17.75,17.91,17.403547,1234000
6310,2005-03-16,17.860001,17.879998999999998,17.700001,17.74,17.238359,1146400
6311,2005-03-17,17.75,17.82,17.65,17.76,17.257793,945500
6312,2005-03-18,17.75,17.9,17.629998999999998,17.879998999999998,17.374395,1725000
6313,2005-03-21,17.75,17.889999,17.4,17.76,17.257793,1597800
6314,2005-03-22,17.75,17.959999,17.690001000000002,17.690001000000002,17.189768,1578200
6315,2005-03-23,17.719998999999998,17.92,17.690001000000002,17.9,17.393832999999997,2608100
6316,2005-03-24,17.92,17.950001,17.719998999999998,17.790001,17.286943,827000
6317,2005-03-28,17.83,17.93,17.73,17.83,17.325809,1052800
6318,2005-03-29,17.809998999999998,17.84,17.530001000000002,17.65,17.179806,1263100
6319,2005-03-30,17.690001000000002,17.82,17.549999,17.68,17.209009,1488600
6320,2005-03-31,17.700001,17.77,17.620001000000002,17.719998999999998,17.247942000000002,1718500
6321,2005-04-01,17.799999,17.9,17.52,17.629998999999998,17.160339,1727600
6322,2005-04-04,17.58,17.610001,17.450001,17.540001,17.072739000000002,2299800
6323,2005-04-05,17.6,17.639999,17.49,17.51,17.043537,2289000
6324,2005-04-06,17.540001,17.58,17.43,17.5,17.033804,1508300
6325,2005-04-07,17.530001000000002,17.540001,17.379998999999998,17.459999,16.994867000000003,1381600
6326,2005-04-08,17.549999,17.58,17.4,17.450001,16.985138,1206200
6327,2005-04-11,17.48,17.49,17.370001000000002,17.459999,16.994867000000003,933900
6328,2005-04-12,17.459999,17.459999,17.23,17.370001000000002,16.907267,1388500
6329,2005-04-13,17.32,17.41,17.24,17.290001,16.829399,1265100
6330,2005-04-14,17.33,17.35,17.15,17.25,16.790464,1292300
6331,2005-04-15,17.15,17.299999,16.83,16.860001,16.410854,2201000
6332,2005-04-18,16.799999,16.870001000000002,16.67,16.790001,16.34272,2213400
6333,2005-04-19,16.74,16.84,16.65,16.68,16.235649,1627600
6334,2005-04-20,16.65,16.700001,16.5,16.52,16.079908,1705400
6335,2005-04-21,16.549999,16.75,16.52,16.65,16.20645,3955500
6336,2005-04-22,16.629998999999998,16.75,16.59,16.66,16.216179,817100
6337,2005-04-25,16.700001,16.75,16.57,16.690001000000002,16.245382,681800
6338,2005-04-26,16.620001000000002,16.66,16.51,16.549999,16.10911,546800
6339,2005-04-27,16.5,16.6,16.469998999999998,16.530001000000002,16.089645,790700
6340,2005-04-28,16.530001000000002,16.690001000000002,16.48,16.530001000000002,16.089645,646700
6341,2005-04-29,16.540001,16.6,16.459999,16.5,16.060442000000002,1785300
6342,2005-05-02,16.450001,16.59,16.35,16.379998999999998,15.943639000000001,1382200
6343,2005-05-03,16.42,16.620001000000002,16.32,16.32,15.885239000000002,2253800
6344,2005-05-04,16.4,16.5,16.309998999999998,16.459999,16.021507,877400
6345,2005-05-05,16.43,16.43,16.299999,16.32,15.885239000000002,812900
6346,2005-05-06,16.379998999999998,16.4,16.24,16.33,15.894971,509100
6347,2005-05-09,16.290001,16.43,16.25,16.389999,15.953375,567300
6348,2005-05-10,16.34,16.389999,16.219998999999998,16.290001,15.856036999999999,635300
6349,2005-05-11,16.25,16.379998999999998,16.209999,16.360001,15.924173000000001,1047400
6350,2005-05-12,16.25,16.280001000000002,15.98,16.07,15.641898000000001,1814900
6351,2005-05-13,16.0,16.1,15.9,16.01,15.583497,1620100
6352,2005-05-16,15.96,15.99,15.67,15.73,15.310954999999998,1776300
6353,2005-05-17,15.69,15.77,15.21,15.5,15.087083999999999,3114400
6354,2005-05-18,15.43,15.64,15.36,15.6,15.184420000000001,2847400
6355,2005-05-19,15.64,16.01,15.57,15.98,15.554295000000002,2119600
6356,2005-05-20,15.88,16.24,15.72,16.129998999999998,15.700299,1125300
6357,2005-05-23,16.049999,16.5,15.89,16.41,15.972839000000002,1122800
6358,2005-05-24,16.299999,16.6,16.27,16.540001,16.099379000000003,1009400
6359,2005-05-25,16.459999,16.65,16.42,16.49,16.050709,2152400
6360,2005-05-26,16.549999,16.700001,16.440001000000002,16.65,16.20645,724100
6361,2005-05-27,16.700001,16.74,16.549999,16.65,16.20645,1082400
6362,2005-05-31,16.6,16.629998999999998,16.42,16.5,16.060442000000002,1050700
6363,2005-06-01,16.42,17.639999,16.299999,17.24,16.780729,5704800
6364,2005-06-02,17.219998999999998,17.23,16.950001,16.959999,16.508188,1784700
6365,2005-06-03,16.780001000000002,17.030001000000002,16.76,16.959999,16.508188,1293400
6366,2005-06-06,16.91,17.07,16.82,16.969998999999998,16.517917999999998,588600
6367,2005-06-07,16.969998999999998,17.09,16.92,16.969998999999998,16.517917999999998,797200
6368,2005-06-08,17.07,17.309998999999998,16.969998999999998,17.27,16.809931,814200
6369,2005-06-09,17.280001000000002,17.41,17.16,17.290001,16.829399,963400
6370,2005-06-10,17.35,17.559998999999998,17.299999,17.4,16.936464,1952900
6371,2005-06-13,17.35,17.75,17.299999,17.700001,17.228476,1617300
6372,2005-06-14,19.209999,19.6,18.799999,19.58,19.05839,17698300
6373,2005-06-15,19.75,20.030001000000002,19.700001,19.85,19.321198000000003,6516200
6374,2005-06-16,19.92,19.92,19.65,19.690001000000002,19.165460999999997,2997000
6375,2005-06-17,19.870001000000002,19.870001000000002,19.65,19.68,19.155727,2234900
6376,2005-06-20,19.67,19.700001,19.4,19.66,19.136257,2390900
6377,2005-06-21,19.629998999999998,19.690001000000002,19.35,19.440001000000002,18.922121,3677300
6378,2005-06-22,19.440001000000002,19.49,19.15,19.15,18.639847,1590600
6379,2005-06-23,19.219998999999998,19.450001,19.209999,19.27,18.756651,1400600
6380,2005-06-24,19.17,19.25,19.059998999999998,19.059998999999998,18.552244,1427500
6381,2005-06-27,19.0,19.129998999999998,18.940001000000002,19.08,18.571711999999998,905800
6382,2005-06-28,19.1,19.389999,19.1,19.33,18.874407,1334400
6383,2005-06-29,19.32,19.48,19.27,19.43,18.972051999999998,2272600
6384,2005-06-30,19.200001,19.33,19.059998999999998,19.24,18.786528,1792600
6385,2005-07-01,19.24,19.370001000000002,19.030001000000002,19.059998999999998,18.610769,719400
6386,2005-07-05,19.0,19.34,18.940001000000002,19.190001000000002,18.737709,1182900
6387,2005-07-06,19.17,19.48,19.15,19.17,18.71818,1057400
6388,2005-07-07,19.1,19.48,19.049999,19.48,19.020870000000002,1005400
6389,2005-07-08,19.48,19.5,19.219998999999998,19.41,18.95252,1026300
6390,2005-07-11,19.780001000000002,20.0,19.629998999999998,19.67,19.206392,3641800
6391,2005-07-12,19.75,19.879998999999998,19.719998999999998,19.84,19.372389000000002,1992900
6392,2005-07-13,19.889999,19.9,19.57,19.59,19.128279,1733200
6393,2005-07-14,19.65,19.85,19.610001,19.76,19.294273,2342800
6394,2005-07-15,19.799999,19.83,19.34,19.4,18.942755,8977900
6395,2005-07-18,18.75,18.75,18.299999,18.379998999999998,17.946798,9207800
6396,2005-07-19,18.379998999999998,18.65,18.129998999999998,18.33,17.897976,2498300
6397,2005-07-20,18.280001000000002,18.299999,17.82,17.82,17.399995999999998,3112900
6398,2005-07-21,17.68,17.9,17.58,17.73,17.312117,1390900
6399,2005-07-22,17.68,17.83,17.52,17.52,17.107069,1025900
6400,2005-07-25,17.6,17.77,17.43,17.66,17.243767000000002,1802600
6401,2005-07-26,17.76,18.309998999999998,17.700001,17.879998999999998,17.458582,1672700
6402,2005-07-27,17.870001000000002,17.99,17.540001,17.65,17.234001,1524600
6403,2005-07-28,17.700001,18.01,17.58,17.66,17.243767000000002,2169500
6404,2005-07-29,17.6,17.690001000000002,17.299999,17.360001,16.95084,1834800
6405,2005-08-01,17.360001,17.530001000000002,17.200001,17.459999,17.048479,1143100
6406,2005-08-02,17.5,17.58,17.190001000000002,17.52,17.107069,909300
6407,2005-08-03,17.379998999999998,17.620001000000002,17.299999,17.530001000000002,17.116833,1227100
6408,2005-08-04,17.92,18.280001000000002,17.73,17.809998999999998,17.390228,1660200
6409,2005-08-05,17.82,17.98,17.52,17.9,17.478109,1247000
6410,2005-08-08,17.9,17.969998999999998,17.610001,17.799999,17.380466000000002,1030700
6411,2005-08-09,17.73,18.18,17.66,17.969998999999998,17.546460999999997,1665700
6412,2005-08-10,18.0,18.120001000000002,17.84,18.07,17.644102,1265300
6413,2005-08-11,18.0,18.209999,17.799999,18.120001000000002,17.692928,985100
6414,2005-08-12,18.18,18.18,17.860001,17.889999,17.468344000000002,1838500
6415,2005-08-15,17.950001,18.450001,17.870001000000002,18.26,17.829626,1288200
6416,2005-08-16,18.25,18.42,18.17,18.34,17.907738000000002,1034400
6417,2005-08-17,18.41,18.620001000000002,18.25,18.360001,17.927270999999998,1672900
6418,2005-08-18,18.370001000000002,18.59,18.25,18.5,18.063969,1129500
6419,2005-08-19,18.5,18.59,18.15,18.18,17.751513,1444600
6420,2005-08-22,18.5,18.559998999999998,18.200001,18.51,18.073732,980500
6421,2005-08-23,18.51,18.65,18.27,18.34,17.907738000000002,1081200
6422,2005-08-24,18.280001000000002,18.459999,17.92,17.99,17.565989000000002,1714000
6423,2005-08-25,18.049999,18.27,17.969998999999998,18.120001000000002,17.692928,669200
6424,2005-08-26,18.08,18.120001000000002,17.790001,17.93,17.507404,1069300
6425,2005-08-29,17.9,18.48,17.9,18.200001,17.77104,949100
6426,2005-08-30,18.139999,18.5,18.129998999999998,18.379998999999998,17.946798,1266600
6427,2005-08-31,18.299999,18.530001000000002,18.16,18.389999,17.95656,1035600
6428,2005-09-01,18.35,18.67,18.27,18.41,17.976089,1028100
6429,2005-09-02,18.4,18.51,18.129998999999998,18.35,17.917501,558200
6430,2005-09-06,18.34,18.49,18.26,18.33,17.897976,442700
6431,2005-09-07,18.34,18.65,18.290001,18.610001,18.171379,711000
6432,2005-09-08,18.700001,18.85,18.5,18.620001000000002,18.181141,573200
6433,2005-09-09,18.549999,18.709999,18.309998999999998,18.610001,18.171379,757500
6434,2005-09-12,18.6,18.65,18.309998999999998,18.389999,17.95656,439100
6435,2005-09-13,18.32,18.35,17.99,18.139999,17.712454,800300
6436,2005-09-14,18.139999,18.25,17.780001000000002,18.01,17.585518,856900
6437,2005-09-15,17.98,18.34,17.879998999999998,18.209999,17.780804,1086600
6438,2005-09-16,18.389999,18.639999,18.299999,18.33,17.897976,1904400
6439,2005-09-19,18.33,18.35,17.950001,18.09,17.663631,1248400
6440,2005-09-20,18.08,18.17,17.85,17.950001,17.526934,471900
6441,2005-09-21,17.93,18.049999,17.799999,17.940001000000002,17.517166,647200
6442,2005-09-22,17.84,18.040001,17.719998999999998,18.01,17.585518,512600
6443,2005-09-23,18.07,18.18,17.879998999999998,18.049999,17.624575,478000
6444,2005-09-26,18.049999,18.18,17.83,17.9,17.478109,640400
6445,2005-09-27,17.9,18.049999,17.73,17.74,17.321884,657000
6446,2005-09-28,18.299999,19.5,18.299999,18.84,18.458384,3592800
6447,2005-09-29,18.91,19.209999,18.9,19.15,18.762104,1680200
6448,2005-09-30,19.200001,19.42,19.18,19.26,18.869881,1072000
6449,2005-10-03,19.35,19.51,19.200001,19.379998999999998,18.987446,1069200
6450,2005-10-04,20.0,20.75,19.9,20.4,19.986786,4027200
6451,2005-10-05,20.65,21.15,20.52,20.57,20.153343,2542900
6452,2005-10-06,20.5,20.5,19.85,20.209999,19.800634,2168300
6453,2005-10-07,20.139999,20.32,19.879998999999998,20.200001,19.79084,819000
6454,2005-10-10,20.15,20.41,19.860001,20.18,19.771245999999998,705500
6455,2005-10-11,20.18,20.280001000000002,19.99,20.08,19.673267000000003,907500
6456,2005-10-12,20.190001000000002,20.48,19.950001,20.139999,19.732054,781400
6457,2005-10-13,20.049999,20.190001000000002,19.780001000000002,19.84,19.438129,1407900
6458,2005-10-14,19.83,19.9,19.43,19.790001,19.389141,1680500
6459,2005-10-17,19.83,20.120001000000002,19.629998999999998,19.940001000000002,19.536104,846700
6460,2005-10-18,19.93,20.07,19.780001000000002,20.059998999999998,19.653673,857600
6461,2005-10-19,19.969998999999998,20.74,19.889999,20.639999,20.221926,1293200
6462,2005-10-20,20.719998999999998,21.370001000000002,20.26,20.799999,20.378685,2705600
6463,2005-10-21,20.98,21.15,20.450001,20.469998999999998,20.055367999999998,1299200
6464,2005-10-24,20.43,21.360001,20.370001000000002,21.1,20.672607,1405500
6465,2005-10-25,20.940001000000002,21.209999,20.77,20.99,20.564835000000002,869300
6466,2005-10-26,20.93,21.639999,20.870001000000002,21.6,21.162481,1760100
6467,2005-10-27,21.549999,21.690001000000002,21.030001000000002,21.610001,21.172276999999998,1288800
6468,2005-10-28,20.0,20.299999,18.290001,20.299999,19.888810999999997,8790200
6469,2005-10-31,19.950001,19.99,18.82,19.209999,18.820889,3075500
6470,2005-11-01,19.120001000000002,19.24,18.84,19.0,18.615145000000002,1726500
6471,2005-11-02,19.120001000000002,19.700001,19.120001000000002,19.469998999999998,19.075623999999998,1809200
6472,2005-11-03,19.52,19.75,19.34,19.389999,18.997244,1740000
6473,2005-11-04,19.549999,20.049999,19.549999,19.99,19.585091000000002,1614300
6474,2005-11-07,19.969998999999998,20.049999,19.66,19.940001000000002,19.536104,935600
6475,2005-11-08,19.940001000000002,20.129998999999998,19.780001000000002,19.93,19.526304,740200
6476,2005-11-09,19.92,19.99,19.83,19.85,19.447926000000002,646900
6477,2005-11-10,19.85,20.23,19.77,20.09,19.683065,1420900
6478,2005-11-11,19.98,19.98,19.700001,19.82,19.418537,1522600
6479,2005-11-14,19.780001000000002,20.27,19.709999,20.09,19.683065,891300
6480,2005-11-15,20.049999,20.59,19.85,20.4,19.986786,1720500
6481,2005-11-16,20.379998999999998,20.450001,20.059998999999998,20.32,19.908407,891800
6482,2005-11-17,20.25,20.49,20.01,20.450001,20.035774,945400
6483,2005-11-18,20.48,20.870001000000002,20.33,20.82,20.398277,1427400
6484,2005-11-21,20.83,20.93,20.549999,20.85,20.427673000000002,579500
6485,2005-11-22,20.9,21.26,20.700001,21.16,20.731392,1004100
6486,2005-11-23,20.99,21.27,20.82,21.18,20.750984,818300
6487,2005-11-25,21.200001,21.25,21.02,21.15,20.721595999999998,146800
6488,2005-11-28,21.110001,21.24,20.719998999999998,20.860001,20.437471,1109300
6489,2005-11-29,21.049999,21.27,21.030001000000002,21.1,20.672607,867700
6490,2005-11-30,21.1,21.299999,20.860001,20.889999,20.46686,918200
6491,2005-12-01,20.75,21.1,20.719998999999998,20.92,20.496254,1078800
6492,2005-12-02,20.870001000000002,20.969998999999998,20.65,20.809998999999998,20.388481,968400
6493,2005-12-05,20.76,20.809998999999998,20.610001,20.66,20.24152,984300
6494,2005-12-06,20.700001,20.98,20.610001,20.77,20.349291,1065100
6495,2005-12-07,20.780001000000002,20.780001000000002,19.780001000000002,20.17,19.761448,2166500
6496,2005-12-08,20.280001000000002,20.790001,20.209999,20.75,20.329697,1591600
6497,2005-12-09,20.799999,21.139999,20.65,20.809998999999998,20.388481,1445400
6498,2005-12-12,20.879998999999998,21.200001,20.67,20.870001000000002,20.447266,1239100
6499,2005-12-13,20.950001,20.950001,20.629998999999998,20.889999,20.46686,1045300
6500,2005-12-14,20.889999,21.02,20.67,20.84,20.417875,1068800
6501,2005-12-15,20.950001,21.190001000000002,20.68,20.719998999999998,20.300303,1450800
6502,2005-12-16,20.809998999999998,20.99,20.780001000000002,20.959999,20.535442,1841500
6503,2005-12-19,21.0,21.1,20.48,20.620001000000002,20.202332000000002,1333900
6504,2005-12-20,20.620001000000002,20.620001000000002,19.959999,20.200001,19.79084,1601000
6505,2005-12-21,20.200001,20.49,20.0,20.110001,19.702662,1026200
6506,2005-12-22,20.049999,20.370001000000002,19.969998999999998,20.200001,19.79084,1132200
6507,2005-12-23,20.120001000000002,20.43,20.120001000000002,20.299999,19.888810999999997,877000
6508,2005-12-27,20.379998999999998,20.540001,20.17,20.25,19.839821,888600
6509,2005-12-28,20.25,20.26,19.9,20.1,19.751387,685500
6510,2005-12-29,20.120001000000002,20.309998999999998,20.030001000000002,20.120001000000002,19.771038,629800
6511,2005-12-30,20.040001,20.120001000000002,19.82,19.959999,19.613813,771200
6512,2006-01-03,20.1,20.35,19.809998999999998,20.0,19.653118,1139100
6513,2006-01-04,20.0,20.4,19.879998999999998,19.92,19.574507,1897200
6514,2006-01-05,20.0,20.99,20.0,20.719998999999998,20.360632,2648700
6515,2006-01-06,20.870001000000002,20.99,20.540001,20.65,20.291847,1292700
6516,2006-01-09,20.85,20.99,20.690001000000002,20.77,20.409765,1286400
6517,2006-01-10,20.780001000000002,21.200001,20.76,20.860001,20.498205,1687500
6518,2006-01-11,20.83,20.83,20.030001000000002,20.5,20.144448999999998,1881300
6519,2006-01-12,21.549999,21.549999,20.469998999999998,20.84,20.478554000000003,3089100
6520,2006-01-13,20.879998999999998,20.93,20.24,20.559998999999998,20.203405,1953700
6521,2006-01-17,20.42,20.559998999999998,20.200001,20.32,19.967571,777900
6522,2006-01-18,20.32,20.4,20.049999,20.26,19.908610999999997,1742000
6523,2006-01-19,20.26,20.35,20.15,20.280001000000002,19.928263,1236700
6524,2006-01-20,20.26,20.290001,19.9,20.030001000000002,19.682604,1831900
6525,2006-01-23,20.0,20.290001,19.91,19.969998999999998,19.623639999999998,1113800
6526,2006-01-24,19.969998999999998,20.15,19.799999,19.83,19.486069,1405800
6527,2006-01-25,19.799999,19.809998999999998,19.32,19.4,19.063523999999997,1880000
6528,2006-01-26,19.469998999999998,19.84,19.450001,19.700001,19.358324,1457800
6529,2006-01-27,19.700001,19.98,19.690001000000002,19.85,19.505722,1058200
6530,2006-01-30,19.84,20.1,19.75,19.809998999999998,19.466414999999998,1052700
6531,2006-01-31,19.809998999999998,19.9,19.379998999999998,19.700001,19.358324,1939800
6532,2006-02-01,19.6,20.02,19.6,19.870001000000002,19.525377,1595000
6533,2006-02-02,19.799999,19.870001000000002,19.049999,19.299999,18.96526,2558400
6534,2006-02-03,20.75,21.860001,20.75,21.32,20.950226,10074300
6535,2006-02-06,21.5,21.690001000000002,21.34,21.559998999999998,21.186062,2195200
6536,2006-02-07,21.030001000000002,21.969998999999998,21.030001000000002,21.790001,21.412075,2195000
6537,2006-02-08,21.950001,22.049999,21.59,21.92,21.539820000000002,2025000
6538,2006-02-09,21.9,22.08,21.629998999999998,21.790001,21.412075,1496800
6539,2006-02-10,21.84,21.99,21.25,21.549999,21.176235000000002,2190600
6540,2006-02-13,21.469998999999998,22.059998999999998,21.440001000000002,22.049999,21.667564000000002,1674300
6541,2006-02-14,22.02,22.4,21.940001000000002,22.120001000000002,21.736353,1946200
6542,2006-02-15,22.120001000000002,22.719998999999998,21.98,22.559998999999998,22.16872,1557000
6543,2006-02-16,22.43,22.709999,22.35,22.700001,22.306292000000003,971700
6544,2006-02-17,22.629998999999998,22.85,22.5,22.58,22.188374,1465800
6545,2006-02-21,22.629998999999998,23.08,22.6,23.0,22.601089,2188100
6546,2006-02-22,22.82,23.040001,22.610001,22.940001000000002,22.542127999999998,1147400
6547,2006-02-23,23.49,23.49,23.16,23.23,22.827099,1382000
6548,2006-02-24,23.15,23.280001000000002,22.959999,23.209999,22.807446,727200
6549,2006-02-27,23.32,23.690001000000002,23.219998999999998,23.67,23.259468,1282300
6550,2006-02-28,23.549999,23.559998999999998,22.75,23.0,22.601089,1709000
6551,2006-03-01,22.9,23.27,22.73,23.25,22.846752,1027500
6552,2006-03-02,23.1,23.4,23.07,23.18,22.777966,675400
6553,2006-03-03,23.17,23.23,22.620001000000002,22.68,22.286635999999998,1389400
6554,2006-03-06,22.85,23.120001000000002,22.77,22.950001,22.551954000000002,1365100
6555,2006-03-07,22.950001,23.35,22.85,23.290001,22.886060999999998,2167500
6556,2006-03-08,23.190001000000002,23.280001000000002,22.889999,23.129998999999998,22.72883,1439500
6557,2006-03-09,23.18,23.389999,22.889999,22.9,22.502821,963300
6558,2006-03-10,22.940001000000002,23.16,22.73,22.940001000000002,22.542127999999998,804500
6559,2006-03-13,23.200001,23.23,22.83,23.030001000000002,22.630568,849500
6560,2006-03-14,23.02,23.610001,23.02,23.559998999999998,23.151377,1255300
6561,2006-03-15,23.469998999999998,24.0,23.360001,23.92,23.505129,2061000
6562,2006-03-16,23.99,24.83,23.959999,24.82,24.389521,2721500
6563,2006-03-17,25.0,25.0,24.360001,24.92,24.487787,2667700
6564,2006-03-20,24.77,24.82,24.1,24.23,23.809753,1318900
6565,2006-03-21,24.23,24.549999,24.110001,24.26,23.839233,1338500
6566,2006-03-22,24.049999,24.049999,23.77,23.99,23.573917,1050000
6567,2006-03-23,24.02,24.02,23.51,23.709999,23.298771,916400
6568,2006-03-24,23.799999,24.5,23.74,24.309998999999998,23.888365,1217200
6569,2006-03-27,24.200001,24.24,23.780001000000002,23.870001000000002,23.456001,816400
6570,2006-03-28,23.82,23.98,23.6,23.940001000000002,23.524784,728300
6571,2006-03-29,23.799999,23.969998999999998,23.75,23.969998999999998,23.613445000000002,491900
6572,2006-03-30,23.969998999999998,24.0,23.48,23.540001,23.189842000000002,1104600
6573,2006-03-31,23.52,23.73,23.26,23.4,23.051922,1556100
6574,2006-04-03,23.549999,23.59,22.85,22.99,22.648024,1960500
6575,2006-04-04,23.02,23.58,23.0,23.549999,23.199692000000002,1429300
6576,2006-04-05,23.57,23.73,23.27,23.27,22.923859,1117200
6577,2006-04-06,23.18,23.18,22.82,23.01,22.667727,1112200
6578,2006-04-07,23.030001000000002,23.209999,22.709999,22.780001000000002,22.441147,942300
6579,2006-04-10,22.879998999999998,22.879998999999998,22.610001,22.719998999999998,22.38204,758600
6580,2006-04-11,22.700001,22.75,21.870001000000002,22.17,21.840219,1753100
6581,2006-04-12,22.27,22.610001,22.17,22.26,21.928883,860900
6582,2006-04-13,22.299999,22.5,22.07,22.42,22.086502,579700
6583,2006-04-17,22.469998999999998,22.559998999999998,22.040001,22.120001000000002,21.790964000000002,894200
6584,2006-04-18,22.15,22.370001000000002,21.99,22.0,21.67275,1406600
6585,2006-04-19,21.299999,21.690001000000002,21.15,21.57,21.249147,2204100
6586,2006-04-20,21.57,21.799999,21.57,21.66,21.337807,635900
6587,2006-04-21,21.790001,21.799999,21.41,21.530001000000002,21.209742000000002,962000
6588,2006-04-24,21.469998999999998,21.59,21.219998999999998,21.25,20.933905,891600
6589,2006-04-25,21.25,21.379998999999998,21.1,21.26,20.943756,1052800
6590,2006-04-26,21.219998999999998,21.43,20.9,21.01,20.697475,936600
6591,2006-04-27,21.969998999999998,21.969998999999998,20.99,21.719998999999998,21.396915,1066000
6592,2006-04-28,21.719998999999998,21.969998999999998,21.530001000000002,21.84,21.515129,734700
6593,2006-05-01,21.879998999999998,22.219998999999998,21.82,22.129998999999998,21.800816,1056800
6594,2006-05-02,22.08,22.209999,21.77,21.98,21.653046,1212300
6595,2006-05-03,21.93,22.26,21.879998999999998,21.969998999999998,21.643194,1276100
6596,2006-05-04,21.950001,22.139999,21.799999,21.799999,21.475725,831900
6597,2006-05-05,21.82,21.870001000000002,21.530001000000002,21.59,21.268848000000002,1535800
6598,2006-05-08,21.59,21.98,21.57,21.98,21.653046,743500
6599,2006-05-09,21.98,22.52,21.879998999999998,22.17,21.840219,1777500
6600,2006-05-10,22.700001,22.75,22.07,22.26,21.928883,1749300
6601,2006-05-11,22.26,22.26,21.5,21.549999,21.229443,1428300
6602,2006-05-12,21.5,21.5,20.780001000000002,20.85,20.539856,2443200
6603,2006-05-15,20.82,21.17,20.719998999999998,21.129998999999998,20.815689000000003,2314500
6604,2006-05-16,21.129998999999998,21.629998999999998,21.120001000000002,21.200001,20.884649,1305800
6605,2006-05-17,21.15,21.15,20.459999,20.49,20.185211,1699700
6606,2006-05-18,20.540001,20.780001000000002,20.450001,20.73,20.421642000000002,1835100
6607,2006-05-19,20.620001000000002,20.639999,20.32,20.58,20.273872,1131300
6608,2006-05-22,20.5,20.77,20.5,20.700001,20.392086,1375600
6609,2006-05-23,20.719998999999998,21.1,20.68,21.0,20.687626,1100100
6610,2006-05-24,21.0,21.0,20.200001,20.4,20.09655,1563400
6611,2006-05-25,20.379998999999998,20.6,19.9,20.6,20.293575,1912100
6612,2006-05-26,20.629998999999998,20.950001,20.610001,20.940001000000002,20.628517000000002,642000
6613,2006-05-30,20.84,21.1,20.709999,20.870001000000002,20.559557,1124200
6614,2006-05-31,20.860001,21.110001,20.780001000000002,20.91,20.598967000000002,909100
6615,2006-06-01,20.950001,21.049999,20.639999,20.85,20.539856,1112000
6616,2006-06-02,20.83,20.940001000000002,20.610001,20.91,20.598967000000002,1328700
6617,2006-06-05,20.85,20.98,20.65,20.690001000000002,20.382236,846800
6618,2006-06-06,20.639999,20.76,20.459999,20.620001000000002,20.313278,1229600
6619,2006-06-07,20.67,21.0,20.65,20.77,20.461046,980700
6620,2006-06-08,20.65,20.879998999999998,20.299999,20.690001000000002,20.382236,785900
6621,2006-06-09,20.639999,20.76,20.34,20.42,20.116253,768500
6622,2006-06-12,20.450001,20.549999,20.1,20.139999,19.840414000000003,1446400
6623,2006-06-13,20.1,20.610001,20.049999,20.4,20.09655,1569300
6624,2006-06-14,20.299999,20.559998999999998,20.299999,20.450001,20.145809,1188900
6625,2006-06-15,20.440001000000002,20.82,20.02,20.73,20.421642000000002,801500
6626,2006-06-16,20.620001000000002,21.08,20.549999,20.879998999999998,20.569408,1540000
6627,2006-06-19,20.950001,20.969998999999998,20.530001000000002,20.530001000000002,20.224619,881400
6628,2006-06-20,20.620001000000002,20.99,20.6,20.870001000000002,20.559557,1474300
6629,2006-06-21,20.860001,20.950001,20.08,20.51,20.204912,3488800
6630,2006-06-22,20.5,20.690001000000002,19.719998999999998,20.370001000000002,20.066996,3314100
6631,2006-06-23,20.450001,20.700001,20.34,20.559998999999998,20.254168,1528500
6632,2006-06-26,20.559998999999998,21.02,20.559998999999998,20.74,20.43149,1056400
6633,2006-06-27,20.700001,20.799999,20.52,20.67,20.362534,1063800
6634,2006-06-28,20.68,20.76,20.42,20.59,20.342773,1710000
6635,2006-06-29,20.6,20.85,20.309998999999998,20.559998999999998,20.313132999999997,1975900
6636,2006-06-30,20.549999,20.6,19.92,20.0,19.759857,3233000
6637,2006-07-03,20.08,20.139999,19.91,19.99,19.749976999999998,642700
6638,2006-07-05,20.0,20.040001,19.6,19.75,19.512859,1682600
6639,2006-07-06,19.73,19.93,19.67,19.83,19.591898,1523900
6640,2006-07-07,19.76,19.860001,19.51,19.58,19.344901999999998,1454200
6641,2006-07-10,19.65,19.719998999999998,19.23,19.59,19.354779999999998,2044000
6642,2006-07-11,19.540001,19.65,19.35,19.639999,19.404179,2014500
6643,2006-07-12,19.610001,19.780001000000002,19.52,19.74,19.502976999999998,1462200
6644,2006-07-13,19.76,19.790001,19.360001,19.549999,19.315260000000002,1400000
6645,2006-07-14,19.540001,19.639999,19.200001,19.309998999999998,19.078139999999998,2252300
6646,2006-07-17,19.209999,19.43,19.09,19.360001,19.127542000000002,1264000
6647,2006-07-18,19.309998999999998,19.51,19.190001000000002,19.370001000000002,19.137423000000002,994100
6648,2006-07-19,19.35,19.74,19.200001,19.5,19.265862,2056900
6649,2006-07-20,19.440001000000002,19.469998999999998,18.959999,19.059998999999998,18.831144000000002,1432700
6650,2006-07-21,19.040001,19.290001,18.65,19.09,18.860782999999998,2354500
6651,2006-07-24,19.18,19.620001000000002,19.18,19.43,19.196701,1976100
6652,2006-07-25,19.43,20.389999,19.43,20.25,20.006854999999998,3614400
6653,2006-07-26,22.0,23.120001000000002,20.690001000000002,22.290001,22.022364000000003,10360800
6654,2006-07-27,22.4,22.68,22.09,22.41,22.140921,2824300
6655,2006-07-28,22.4,22.6,21.969998999999998,22.0,21.735842,1980700
6656,2006-07-31,21.9,22.059998999999998,21.83,21.959999,21.696323,1652300
6657,2006-08-01,21.92,22.389999,21.780001000000002,22.34,22.07176,2040800
6658,2006-08-02,22.4,22.639999,22.17,22.6,22.32864,2181700
6659,2006-08-03,22.9,23.07,22.690001000000002,23.049999,22.773232999999998,2901800
6660,2006-08-04,23.02,23.139999,22.76,23.01,22.733715,2750300
6661,2006-08-07,23.200001,23.49,19.360001,19.92,19.680817,17425000
6662,2006-08-08,19.9,20.209999,19.450001,20.1,19.858658,5074900
6663,2006-08-09,20.129998999999998,20.360001,19.83,19.870001000000002,19.631418,3510900
6664,2006-08-10,19.780001000000002,20.309998999999998,19.75,20.290001,20.046375,2233900
6665,2006-08-11,20.280001000000002,20.35,19.799999,19.92,19.680817,1983600
6666,2006-08-14,20.0,20.209999,19.719998999999998,20.17,19.927816,2695200
6667,2006-08-15,20.24,20.530001000000002,20.15,20.41,20.164934,1974400
6668,2006-08-16,20.42,20.940001000000002,20.35,20.84,20.589769,3136500
6669,2006-08-17,20.700001,20.860001,20.530001000000002,20.74,20.490973,1236300
6670,2006-08-18,20.700001,21.030001000000002,20.4,21.030001000000002,20.777491,1442100
6671,2006-08-21,20.889999,21.129998999999998,20.48,20.99,20.737972,2519600
6672,2006-08-22,20.9,21.48,20.799999,21.309998999999998,21.054126999999998,2723800
6673,2006-08-23,21.25,21.4,21.01,21.280001000000002,21.02449,1285300
6674,2006-08-24,21.27,21.459999,21.15,21.17,20.915808,558300
6675,2006-08-25,20.629998999999998,21.02,20.290001,20.6,20.352654,4648900
6676,2006-08-28,20.25,20.5,20.040001,20.280001000000002,20.036497,4367300
6677,2006-08-29,20.219998999999998,20.309998999999998,19.99,20.059998999999998,19.819136,3011000
6678,2006-08-30,20.02,20.280001000000002,20.02,20.16,19.917935999999997,2344100
6679,2006-08-31,20.120001000000002,20.32,20.110001,20.32,20.076014,1346800
6680,2006-09-01,20.35,20.49,20.200001,20.34,20.095774,1131600
6681,2006-09-05,20.32,20.5,20.209999,20.32,20.076014,1415600
6682,2006-09-06,20.27,20.950001,20.030001000000002,20.690001000000002,20.441572,3139900
6683,2006-09-07,20.639999,20.65,20.049999,20.280001000000002,20.036497,1395000
6684,2006-09-08,20.200001,20.379998999999998,20.09,20.24,19.996973,1092700
6685,2006-09-11,20.219998999999998,20.34,20.030001000000002,20.299999,20.056257000000002,798800
6686,2006-09-12,20.299999,20.709999,20.219998999999998,20.690001000000002,20.441572,1515200
6687,2006-09-13,20.73,20.959999,20.57,20.959999,20.708328,1999300
6688,2006-09-14,20.959999,21.26,20.9,21.26,21.004728,1961300
6689,2006-09-15,21.280001000000002,21.360001,21.07,21.24,20.984968,1725500
6690,2006-09-18,21.24,21.370001000000002,20.99,21.08,20.826891,1669400
6691,2006-09-19,21.200001,21.41,20.719998999999998,20.879998999999998,20.629292,1219900
6692,2006-09-20,20.93,21.07,20.51,20.549999,20.303253,1865200
6693,2006-09-21,20.540001,20.57,20.07,20.15,19.908056,2991400
6694,2006-09-22,20.07,20.370001000000002,20.040001,20.040001,19.799379000000002,1268000
6695,2006-09-25,20.08,20.190001000000002,19.84,20.059998999999998,19.819136,2148800
6696,2006-09-26,20.059998999999998,20.25,19.82,19.98,19.740097,2279100
6697,2006-09-27,19.889999,20.07,19.809998999999998,20.07,19.888744,1306100
6698,2006-09-28,20.030001000000002,20.190001000000002,20.0,20.15,19.968019,826100
6699,2006-09-29,20.200001,20.280001000000002,20.059998999999998,20.129998999999998,19.9482,1007000
6700,2006-10-02,20.200001,20.379998999999998,20.120001000000002,20.25,20.067116,1283400
6701,2006-10-03,20.25,20.280001000000002,20.030001000000002,20.139999,19.958109,1246000
6702,2006-10-04,20.08,20.59,20.049999,20.540001,20.3545,1586200
6703,2006-10-05,20.610001,20.959999,20.49,20.940001000000002,20.750885,1773400
6704,2006-10-06,20.950001,20.950001,20.559998999999998,20.84,20.651787,1217300
6705,2006-10-09,20.780001000000002,21.120001000000002,20.75,20.98,20.790523999999998,1411200
6706,2006-10-10,20.940001000000002,21.0,20.66,20.879998999999998,20.691426999999997,1500300
6707,2006-10-11,20.889999,21.08,20.719998999999998,21.0,20.810345,1011700
6708,2006-10-12,20.92,21.360001,20.860001,21.24,21.048176,1889900
6709,2006-10-13,21.18,21.379998999999998,20.959999,21.16,20.968897,1056100
6710,2006-10-16,21.280001000000002,21.639999,21.25,21.549999,21.355377,1245700
6711,2006-10-17,21.5,21.67,21.299999,21.32,21.127454999999998,1027500
6712,2006-10-18,21.450001,21.91,21.440001000000002,21.91,21.712126,1115800
6713,2006-10-19,21.91,21.969998999999998,21.639999,21.809998999999998,21.613028,1454600
6714,2006-10-20,21.93,22.1,21.83,22.07,21.87068,1109800
6715,2006-10-23,21.950001,22.02,21.75,21.9,21.702215,828800
6716,2006-10-24,21.74,21.75,21.15,21.4,21.20673,2094600
6717,2006-10-25,21.4,21.43,21.129998999999998,21.280001000000002,21.087816,794400
6718,2006-10-26,21.32,21.360001,20.9,21.24,21.048176,901400
6719,2006-10-27,21.200001,21.219998999999998,21.0,21.1,20.909441,1006200
6720,2006-10-30,21.120001000000002,21.120001000000002,20.77,20.83,20.641878,1028800
6721,2006-10-31,20.57,20.700001,20.32,20.5,20.314859,2141800
6722,2006-11-01,21.15,21.309998999999998,20.17,20.42,20.235582,2853800
6723,2006-11-02,20.48,20.799999,20.200001,20.299999,20.116667,1546500
6724,2006-11-03,20.440001000000002,20.440001000000002,19.969998999999998,20.4,20.215763,1244100
6725,2006-11-06,20.49,20.74,20.459999,20.700001,20.513052,1116800
6726,2006-11-07,20.690001000000002,20.860001,20.43,20.469998999999998,20.285128,1068000
6727,2006-11-08,20.469998999999998,20.639999,20.379998999999998,20.389999,20.205853,1069900
6728,2006-11-09,20.5,20.74,19.99,20.02,19.839192999999998,1489000
6729,2006-11-10,21.0,21.26,20.530001000000002,20.639999,20.453594,4476300
6730,2006-11-13,20.719998999999998,21.0,20.719998999999998,20.809998999999998,20.622059,1768200
6731,2006-11-14,20.75,20.99,20.75,20.91,20.721157,1523300
6732,2006-11-15,20.98,21.030001000000002,20.73,20.799999,20.612148,1341200
6733,2006-11-16,20.790001,21.0,20.790001,20.99,20.800435999999998,691500
6734,2006-11-17,20.969998999999998,21.139999,20.780001000000002,20.870001000000002,20.681519,797900
6735,2006-11-20,20.799999,20.940001000000002,20.549999,20.700001,20.513052,822500
6736,2006-11-21,20.65,20.67,20.389999,20.4,20.215763,849400
6737,2006-11-22,20.34,20.52,20.290001,20.379998999999998,20.195942000000002,1257000
6738,2006-11-24,20.32,20.360001,20.110001,20.34,20.156303,722500
6739,2006-11-27,20.299999,20.35,19.98,20.09,19.908562,1285700
6740,2006-11-28,20.0,20.18,19.870001000000002,19.92,19.740097,1362800
6741,2006-11-29,19.969998999999998,20.24,19.969998999999998,20.219998999999998,20.037388,885800
6742,2006-11-30,20.200001,20.379998999999998,20.15,20.290001,20.106756,1383900
6743,2006-12-01,20.290001,20.379998999999998,20.01,20.34,20.156303,1402900
6744,2006-12-04,20.33,20.620001000000002,20.26,20.6,20.413956,1037900
6745,2006-12-05,20.6,20.610001,20.469998999999998,20.549999,20.364407,1744000
6746,2006-12-06,20.6,20.6,20.389999,20.49,20.304949,1265400
6747,2006-12-07,20.48,20.68,20.440001000000002,20.639999,20.453594,992600
6748,2006-12-08,20.65,20.65,20.41,20.549999,20.364407,696300
6749,2006-12-11,20.530001000000002,20.639999,20.32,20.610001,20.423866,1379200
6750,2006-12-12,20.66,20.84,20.610001,20.84,20.651787,1534100
6751,2006-12-13,20.84,20.92,20.6,20.73,20.542782,1415800
6752,2006-12-14,20.66,20.74,20.440001000000002,20.65,20.463504999999998,1633300
6753,2006-12-15,20.66,20.85,20.360001,20.559998999999998,20.374317,1571600
6754,2006-12-18,20.51,20.74,20.450001,20.530001000000002,20.344591,607100
6755,2006-12-19,20.6,20.719998999999998,20.35,20.4,20.215763,974900
6756,2006-12-20,20.42,20.530001000000002,20.120001000000002,20.280001000000002,20.096848,1399800
6757,2006-12-21,20.209999,20.700001,20.209999,20.25,20.067116,1235800
6758,2006-12-22,20.25,20.280001000000002,20.030001000000002,20.09,19.908562,537600
6759,2006-12-26,20.030001000000002,20.17,20.01,20.040001,19.859016,549000
6760,2006-12-27,20.08,20.08,19.719998999999998,19.91,19.789436,1627900
6761,2006-12-28,19.83,20.059998999999998,19.799999,19.93,19.809314999999998,1037200
6762,2006-12-29,19.9,20.219998999999998,19.85,19.959999,19.839134,934100
6763,2007-01-03,19.959999,20.360001,19.9,20.040001,19.918651999999998,1862500
6764,2007-01-04,20.040001,20.379998999999998,20.040001,20.360001,20.236713,1086800
6765,2007-01-05,20.360001,20.440001000000002,20.110001,20.280001000000002,20.157198,1028500
6766,2007-01-08,20.23,20.690001000000002,20.219998999999998,20.65,20.524956,1570200
6767,2007-01-09,20.66,20.719998999999998,20.26,20.559998999999998,20.435501000000002,1555800
6768,2007-01-10,20.559998999999998,20.65,20.299999,20.59,20.465321,1572800
6769,2007-01-11,20.58,20.9,20.58,20.860001,20.733686,1597000
6770,2007-01-12,20.85,20.860001,20.52,20.799999,20.674046,1274600
6771,2007-01-16,20.77,20.969998999999998,20.76,20.91,20.783382,1128600
6772,2007-01-17,20.91,20.93,20.75,20.860001,20.733686,1470100
6773,2007-01-18,20.799999,20.889999,20.610001,20.889999,20.763502,1409700
6774,2007-01-19,20.92,20.969998999999998,20.809998999999998,20.950001,20.823141,957600
6775,2007-01-22,20.950001,21.139999,20.870001000000002,21.030001000000002,20.902655,2127900
6776,2007-01-23,21.059998999999998,21.1,20.870001000000002,20.92,20.793322,1357500
6777,2007-01-24,20.879998999999998,21.139999,20.85,21.07,20.942411,1061000
6778,2007-01-25,21.07,21.18,20.82,21.110001,20.982172,1288600
6779,2007-01-26,21.1,21.6,20.959999,21.57,21.439384,1691600
6780,2007-01-29,21.57,21.92,21.469998999999998,21.75,21.618296,1703700
6781,2007-01-30,21.799999,22.09,21.610001,22.030001000000002,21.896601,2008300
6782,2007-01-31,22.07,22.15,21.75,22.139999,22.005934,1682600
6783,2007-02-01,22.610001,22.610001,22.0,22.49,22.353813,4409400
6784,2007-02-02,22.6,22.75,22.450001,22.610001,22.473089,2391000
6785,2007-02-05,22.530001000000002,22.530001000000002,22.26,22.4,22.264359,1323100
6786,2007-02-06,22.4,22.530001000000002,22.24,22.459999,22.323995999999998,2084000
6787,2007-02-07,22.459999,22.5,21.99,22.24,22.105328,2915200
6788,2007-02-08,22.17,22.48,22.07,22.4,22.264359,1887300
6789,2007-02-09,22.4,22.5,22.290001,22.35,22.214663,1161700
6790,2007-02-12,22.35,22.440001000000002,22.09,22.17,22.035751,1532800
6791,2007-02-13,22.17,22.290001,21.940001000000002,22.02,21.886662,1279500
6792,2007-02-14,22.299999,22.49,21.870001000000002,21.91,21.777327,1885300
6793,2007-02-15,21.879998999999998,22.059998999999998,21.879998999999998,21.969998999999998,21.836964000000002,1068900
6794,2007-02-16,22.629998999999998,22.629998999999998,21.75,22.049999,21.916479000000002,1218900
6795,2007-02-20,22.049999,22.049999,21.58,21.700001,21.5686,1636800
6796,2007-02-21,21.77,22.0,21.700001,21.950001,21.817083,1706000
6797,2007-02-22,21.9,22.120001000000002,21.610001,21.719998999999998,21.588476,1763400
6798,2007-02-23,21.690001000000002,22.0,21.530001000000002,21.82,21.687872,1329000
6799,2007-02-26,21.91,22.02,21.780001000000002,21.84,21.70775,1332100
6800,2007-02-27,21.84,21.84,20.99,21.41,21.280355,3595000
6801,2007-02-28,21.33,21.469998999999998,21.16,21.17,21.041807000000002,2419400
6802,2007-03-01,21.17,21.17,20.110001,20.26,20.137320000000003,6762100
6803,2007-03-02,19.92,20.15,19.780001000000002,19.870001000000002,19.749679999999998,24261200
6804,2007-03-05,19.709999,20.01,19.5,19.66,19.540953,6526900
6805,2007-03-06,20.5,20.5,19.75,19.879998999999998,19.759617000000002,5755500
6806,2007-03-07,19.870001000000002,20.16,19.610001,19.65,19.531010000000002,3881700
6807,2007-03-08,19.66,19.99,19.6,19.879998999999998,19.759617000000002,5682800
6808,2007-03-09,19.969998999999998,19.969998999999998,19.75,19.870001000000002,19.749679999999998,8953100
6809,2007-03-12,19.82,20.059998999999998,19.77,19.92,19.799376000000002,3495500
6810,2007-03-13,19.84,20.030001000000002,19.559998999999998,19.559998999999998,19.441554999999997,4009500
6811,2007-03-14,20.139999,20.139999,19.33,19.549999,19.431616,3106300
6812,2007-03-15,19.639999,19.82,19.51,19.73,19.610526999999998,2091300
6813,2007-03-16,19.85,19.950001,19.35,19.42,19.302404,5159500
6814,2007-03-19,19.450001,19.549999,19.18,19.52,19.4018,3330600
6815,2007-03-20,19.52,19.74,19.5,19.6,19.481314,1819800
6816,2007-03-21,19.59,19.73,19.450001,19.540001,19.421679,2645800
6817,2007-03-22,19.93,20.799999,19.48,20.549999,20.425562,11173800
6818,2007-03-23,20.459999,21.01,19.99,20.32,20.196955,5751200
6819,2007-03-26,20.5,20.549999,20.059998999999998,20.219998999999998,20.097559,12085900
6820,2007-03-27,20.530001000000002,21.709999,20.440001000000002,21.280001000000002,21.151142,17778600
6821,2007-03-28,20.93,21.52,20.33,21.110001,21.041498,12074000
6822,2007-03-29,21.139999,21.24,20.91,21.01,20.941822,2454100
6823,2007-03-30,21.049999,21.209999,20.77,21.139999,21.0714,2373600
6824,2007-04-02,21.15,21.15,20.83,20.99,20.921885999999997,1691300
6825,2007-04-03,21.01,21.280001000000002,20.9,21.09,21.021563,2231700
6826,2007-04-04,21.110001,21.26,20.950001,21.040001,20.971725,1992700
6827,2007-04-05,20.969998999999998,21.110001,20.889999,21.01,20.941822,2368900
6828,2007-04-09,21.129998999999998,21.32,20.959999,21.200001,21.131207,3076400
6829,2007-04-10,22.08,22.1,21.6,21.799999,21.729257999999998,6499100
6830,2007-04-11,21.83,22.01,21.549999,21.68,21.60965,5018400
6831,2007-04-12,21.690001000000002,21.83,21.52,21.620001000000002,21.549845,3267900
6832,2007-04-13,21.610001,21.83,21.43,21.75,21.67942,2808400
6833,2007-04-16,21.790001,21.92,21.700001,21.799999,21.729257999999998,2380100
6834,2007-04-17,21.709999,21.9,21.629998999999998,21.700001,21.629585000000002,2026200
6835,2007-04-18,21.6,21.889999,21.41,21.860001,21.789064,1969800
6836,2007-04-19,22.48,22.48,21.75,21.879998999999998,21.808998000000003,2190500
6837,2007-04-20,21.940001000000002,22.129998999999998,21.82,21.92,21.848869,2497800
6838,2007-04-23,21.879998999999998,21.969998999999998,21.559998999999998,21.639999,21.569778,2309500
6839,2007-04-24,21.690001000000002,22.02,21.65,22.02,21.948545000000003,2551500
6840,2007-04-25,22.02,22.09,21.690001000000002,22.030001000000002,21.958513,1475600
6841,2007-04-26,22.1,22.1,21.799999,22.1,22.028285999999998,1630800
6842,2007-04-27,22.049999,22.09,21.76,22.049999,21.978447,1729200
6843,2007-04-30,21.99,22.139999,21.889999,21.93,21.858837,2215500
6844,2007-05-01,22.48,22.48,21.85,22.25,22.177799,3427300
6845,2007-05-02,22.200001,22.530001000000002,22.1,22.450001,22.377151,1510200
6846,2007-05-03,22.41,22.459999,22.0,22.209999,22.137928,1683900
6847,2007-05-04,22.209999,22.4,22.059998999999998,22.290001,22.217670000000002,1656000
6848,2007-05-07,22.5,22.5,22.299999,22.389999,22.317345,1121400
6849,2007-05-08,22.200001,22.299999,22.030001000000002,22.08,22.00835,1707400
6850,2007-05-09,22.219998999999998,22.9,22.219998999999998,22.639999,22.566532000000002,3631600
6851,2007-05-10,22.52,22.6,22.09,22.09,22.018318,4797600
6852,2007-05-11,22.09,22.41,22.09,22.4,22.327312,3636000
6853,2007-05-14,19.58,20.059998999999998,19.08,19.700001,19.636074,29858200
6854,2007-05-15,19.780001000000002,19.84,19.51,19.73,19.665976,7691100
6855,2007-05-16,19.799999,19.799999,19.620001000000002,19.75,19.685910999999997,4327400
6856,2007-05-17,19.75,19.82,19.68,19.73,19.665976,4305200
6857,2007-05-18,19.77,19.82,19.719998999999998,19.75,19.685910999999997,3874900
6858,2007-05-21,19.84,19.959999,19.76,19.85,19.785587,4636300
6859,2007-05-22,20.0,20.059998999999998,19.809998999999998,20.01,19.945068,3459100
6860,2007-05-23,20.09,20.299999,20.030001000000002,20.24,20.17432,4332300
6861,2007-05-24,19.65,20.02,19.5,19.83,19.765652,5535600
6862,2007-05-25,19.84,19.92,19.59,19.68,19.616138,2981200
6863,2007-05-29,19.77,19.85,19.58,19.690001000000002,19.626106,2926400
6864,2007-05-30,19.700001,19.790001,19.52,19.73,19.665976,3839200
6865,2007-05-31,20.43,20.440001000000002,19.559998999999998,19.77,19.705847,3453400
6866,2007-06-01,19.77,19.77,19.610001,19.700001,19.636074,2732200
6867,2007-06-04,19.67,19.709999,19.59,19.629998999999998,19.566299,1849200
6868,2007-06-05,19.700001,19.700001,19.370001000000002,19.59,19.526429999999998,3839500
6869,2007-06-06,19.59,19.59,19.35,19.41,19.347015,2940500
6870,2007-06-07,19.41,19.41,18.91,19.0,18.938345,4232300
6871,2007-06-08,19.040001,19.09,18.66,18.799999,18.738993,5511300
6872,2007-06-11,18.799999,18.959999,18.67,18.74,18.679188,7067900
6873,2007-06-12,18.65,18.719998999999998,18.48,18.6,18.539644,3981000
6874,2007-06-13,18.6,18.68,18.5,18.639999,18.579514,2102100
6875,2007-06-14,18.65,18.65,18.370001000000002,18.459999,18.400097,2236300
6876,2007-06-15,18.459999,18.700001,18.459999,18.549999,18.489805,2989400
6877,2007-06-18,18.549999,18.780001000000002,18.549999,18.700001,18.639318,2182500
6878,2007-06-19,18.799999,18.93,18.75,18.870001000000002,18.808767,2564600
6879,2007-06-20,18.879998999999998,18.93,18.77,18.799999,18.738993,3770300
6880,2007-06-21,18.75,18.790001,18.629998999999998,18.790001,18.729027,3222200
6881,2007-06-22,18.790001,19.0,18.76,18.9,18.838669,4284400
6882,2007-06-25,18.91,19.0,18.620001000000002,18.65,18.589481,3691800
6883,2007-06-26,18.959999,18.959999,18.450001,18.49,18.43,3347900
6884,2007-06-27,18.360001,18.469998999999998,18.25,18.469998999999998,18.469998999999998,2848700
6885,2007-06-28,18.48,18.52,18.34,18.370001000000002,18.370001000000002,1533900
6886,2007-06-29,18.57,18.57,17.950001,18.190001000000002,18.190001000000002,4112800
6887,2007-07-02,18.15,18.27,17.98,18.190001000000002,18.190001000000002,2459900
6888,2007-07-03,18.17,18.34,18.129998999999998,18.17,18.17,1256800
6889,2007-07-05,18.280001000000002,18.280001000000002,18.049999,18.17,18.17,1666600
6890,2007-07-06,18.110001,18.200001,18.040001,18.049999,18.049999,1469800
6891,2007-07-09,18.15,18.209999,17.85,17.879998999999998,17.879998999999998,3015100
6892,2007-07-10,17.889999,17.99,17.74,17.75,17.75,4316000
6893,2007-07-11,17.75,17.809998999999998,17.65,17.73,17.73,3034400
6894,2007-07-12,17.76,17.959999,17.73,17.959999,17.959999,4017300
6895,2007-07-13,18.059998999999998,18.059998999999998,17.709999,17.9,17.9,3528600
6896,2007-07-16,18.0,18.0,17.870001000000002,17.940001000000002,17.940001000000002,2271100
6897,2007-07-17,17.959999,18.0,17.84,17.92,17.92,1682400
6898,2007-07-18,17.85,17.969998999999998,17.809998999999998,17.92,17.92,4825800
6899,2007-07-19,17.99,18.040001,17.620001000000002,17.74,17.74,3776200
6900,2007-07-20,17.690001000000002,17.77,17.370001000000002,17.440001000000002,17.440001000000002,4643800
6901,2007-07-23,17.4,17.790001,17.4,17.73,17.73,3713400
6902,2007-07-24,17.57,17.790001,17.549999,17.620001000000002,17.620001000000002,3602900
6903,2007-07-25,17.709999,18.1,17.620001000000002,17.92,17.92,5098500
6904,2007-07-26,17.35,17.48,16.66,16.66,16.66,7066100
6905,2007-07-27,16.290001,16.780001000000002,15.67,15.8,15.8,7843100
6906,2007-07-30,15.97,16.200001,15.75,16.17,16.17,4445100
6907,2007-07-31,16.370001000000002,16.370001000000002,15.99,16.030001000000002,16.030001000000002,3608700
6908,2007-08-01,15.86,16.139999,15.81,16.1,16.1,4435400
6909,2007-08-02,16.1,16.17,15.86,15.97,15.97,4020600
6910,2007-08-03,15.81,16.200001,15.61,15.74,15.74,6805000
6911,2007-08-06,15.8,15.87,15.5,15.52,15.52,4773800
6912,2007-08-07,15.23,15.64,14.99,15.09,15.09,6359200
6913,2007-08-08,15.04,15.1,14.59,14.63,14.63,9300400
6914,2007-08-09,14.57,14.6,14.0,14.0,14.0,9503400
6915,2007-08-10,14.02,15.0,13.88,14.66,14.66,11994100
6916,2007-08-13,14.8,15.12,14.75,14.82,14.82,8476800
6917,2007-08-14,14.91,14.99,14.44,14.46,14.46,4921100
6918,2007-08-15,14.38,14.5,14.0,14.02,14.02,4739900
6919,2007-08-16,14.06,14.29,13.9,14.11,14.11,3698300
6920,2007-08-17,14.44,15.01,14.27,15.0,15.0,5084500
6921,2007-08-20,15.28,15.63,15.1,15.58,15.58,5483900
6922,2007-08-21,15.15,15.44,14.82,14.99,14.99,7343900
6923,2007-08-22,15.05,15.33,14.84,15.29,15.29,3652700
6924,2007-08-23,15.45,15.45,15.02,15.02,15.02,5006900
6925,2007-08-24,15.11,15.27,15.04,15.23,15.23,3851800
6926,2007-08-27,15.29,15.35,15.0,15.11,15.11,2833700
6927,2007-08-28,15.14,15.17,14.93,14.96,14.96,3590200
6928,2007-08-29,15.08,15.18,14.86,15.18,15.18,2437700
6929,2007-08-30,15.02,15.17,14.95,15.04,15.04,2512500
6930,2007-08-31,15.16,15.22,15.04,15.1,15.1,1539500
6931,2007-09-04,15.17,15.48,15.05,15.42,15.42,2161900
6932,2007-09-05,15.32,15.39,15.26,15.32,15.32,2174200
6933,2007-09-06,15.33,15.39,15.2,15.27,15.27,2140900
6934,2007-09-07,15.15,15.25,15.01,15.08,15.08,1732000
6935,2007-09-10,15.59,16.049999,15.48,15.69,15.69,6919800
6936,2007-09-11,15.81,15.85,15.39,15.48,15.48,2986500
6937,2007-09-12,15.46,15.57,15.34,15.39,15.39,4929100
6938,2007-09-13,15.43,15.56,15.38,15.42,15.42,3582800
6939,2007-09-14,15.27,15.36,15.05,15.29,15.29,3069000
6940,2007-09-17,15.29,15.46,15.27,15.38,15.38,2927100
6941,2007-09-18,15.43,15.63,15.26,15.58,15.58,2186200
6942,2007-09-19,15.65,15.69,15.45,15.54,15.54,3707000
6943,2007-09-20,15.49,15.51,15.25,15.25,15.25,2049200
6944,2007-09-21,15.43,15.44,15.25,15.35,15.35,1730900
6945,2007-09-24,15.31,15.47,15.18,15.23,15.23,2676000
6946,2007-09-25,15.17,15.43,15.16,15.35,15.35,1749200
6947,2007-09-26,15.39,15.56,15.31,15.53,15.53,1855300
6948,2007-09-27,15.62,16.25,15.52,16.24,16.24,5106300
6949,2007-09-28,16.290001,16.360001,15.93,15.96,15.96,4189200
6950,2007-10-01,16.299999,16.58,16.030001000000002,16.5,16.5,3428700
6951,2007-10-02,16.42,17.129998999999998,16.360001,16.73,16.73,7606600
6952,2007-10-03,16.790001,17.01,16.66,16.870001000000002,16.870001000000002,6826900
6953,2007-10-04,17.209999,17.299999,16.450001,16.559998999999998,16.559998999999998,8225000
6954,2007-10-05,16.75,16.76,16.35,16.48,16.48,2870400
6955,2007-10-08,16.41,16.530001000000002,16.290001,16.41,16.41,2352400
6956,2007-10-09,16.389999,16.41,16.139999,16.219998999999998,16.219998999999998,1623700
6957,2007-10-10,16.33,16.41,15.85,15.95,15.95,3692700
6958,2007-10-11,15.94,16.01,15.54,15.63,15.63,4338500
6959,2007-10-12,15.72,15.76,15.56,15.69,15.69,1650400
6960,2007-10-15,15.7,15.86,15.61,15.69,15.69,2473800
6961,2007-10-16,15.66,15.77,15.43,15.5,15.5,2347700
6962,2007-10-17,15.67,15.76,15.35,15.44,15.44,2788400
6963,2007-10-18,15.36,15.42,15.26,15.28,15.28,2224500
6964,2007-10-19,15.2,15.28,15.0,15.01,15.01,1988100
6965,2007-10-22,15.01,15.3,14.94,15.3,15.3,2797200
6966,2007-10-23,15.41,15.53,15.3,15.38,15.38,2049800
6967,2007-10-24,15.24,15.45,15.07,15.32,15.32,1572800
6968,2007-10-25,15.24,15.3,14.91,15.19,15.19,2825500
6969,2007-10-26,15.3,15.3,14.98,15.0,15.0,2348500
6970,2007-10-29,15.0,15.17,14.98,15.1,15.1,7117500
6971,2007-10-30,15.05,15.1,14.86,14.91,14.91,1459400
6972,2007-10-31,14.92,15.08,14.8,15.04,15.04,2255000
6973,2007-11-01,14.82,15.51,14.57,15.28,15.28,8246000
6974,2007-11-02,15.27,15.35,14.68,15.06,15.06,5089500
6975,2007-11-05,14.8,15.05,14.76,14.89,14.89,2517400
6976,2007-11-06,14.89,15.08,14.64,15.06,15.06,3503300
6977,2007-11-07,14.84,15.21,14.83,15.0,15.0,4114100
6978,2007-11-08,15.07,15.38,14.85,15.38,15.38,4981900
6979,2007-11-09,15.25,15.57,15.07,15.21,15.21,6191000
6980,2007-11-12,15.25,15.45,15.02,15.03,15.03,8171300
6981,2007-11-13,15.05,15.05,14.3,14.35,14.35,27539100
6982,2007-11-14,14.1,14.26,13.87,14.12,14.12,89639200
6983,2007-11-15,14.27,14.31,13.71,13.97,13.97,24293600
6984,2007-11-16,14.04,14.09,13.51,13.65,13.65,28791100
6985,2007-11-19,13.6,13.67,13.25,13.25,13.25,19781900
6986,2007-11-20,13.25,13.57,13.1,13.45,13.45,20133900
6987,2007-11-21,13.31,13.58,12.93,13.29,13.29,13148600
6988,2007-11-23,13.37,13.62,13.34,13.61,13.61,3386000
6989,2007-11-26,13.61,13.77,13.45,13.53,13.53,8715200
6990,2007-11-27,13.81,14.08,13.57,14.05,14.05,18965300
6991,2007-11-28,14.16,14.4,13.84,14.4,14.4,11194300
6992,2007-11-29,14.33,14.59,14.25,14.45,14.45,12497100
6993,2007-11-30,14.45,14.58,14.28,14.38,14.38,7601800
6994,2007-12-03,14.38,14.38,14.01,14.24,14.24,8011600
6995,2007-12-04,14.18,14.47,14.11,14.35,14.35,4837500
6996,2007-12-05,14.38,14.45,14.07,14.18,14.18,5316900
6997,2007-12-06,14.17,14.18,13.93,14.16,14.16,8973900
6998,2007-12-07,14.16,14.27,14.07,14.14,14.14,7743100
6999,2007-12-10,14.15,14.15,13.82,14.0,14.0,7120000
7000,2007-12-11,13.99,14.0,13.51,13.54,13.54,6975500
7001,2007-12-12,13.7,13.85,13.35,13.53,13.53,6686500
7002,2007-12-13,13.38,13.55,13.19,13.54,13.54,5307000
7003,2007-12-14,13.5,13.8,13.35,13.7,13.7,10298000
7004,2007-12-17,13.64,13.68,13.41,13.46,13.46,6265300
7005,2007-12-18,13.8,13.9,13.49,13.77,13.77,6556100
7006,2007-12-19,13.8,13.81,13.57,13.74,13.74,3645100
7007,2007-12-20,13.72,13.75,13.37,13.64,13.64,6361300
7008,2007-12-21,13.7,13.9,13.5,13.5,13.5,7481100
7009,2007-12-24,13.48,13.76,13.43,13.75,13.75,1819300
7010,2007-12-26,13.66,13.97,13.65,13.87,13.87,3042200
7011,2007-12-27,13.9,13.92,13.69,13.8,13.8,2625700
7012,2007-12-28,13.8,14.1,13.77,14.05,14.05,4168000
7013,2007-12-31,14.15,14.15,13.81,14.06,14.06,3286000
7014,2008-01-02,14.02,14.21,13.84,13.88,13.88,6334100
7015,2008-01-03,13.9,14.05,13.56,13.67,13.67,8087500
7016,2008-01-04,13.51,13.81,13.5,13.69,13.69,6736200
7017,2008-01-07,13.75,14.16,13.7,14.14,14.14,9086600
7018,2008-01-08,14.2,14.5,14.11,14.22,14.22,11119200
7019,2008-01-09,14.4,14.88,14.4,14.84,14.84,17051600
7020,2008-01-10,14.76,15.2,14.74,15.1,15.1,14108100
7021,2008-01-11,15.1,15.46,15.1,15.4,15.4,10218400
7022,2008-01-14,15.45,15.46,14.88,15.04,15.04,7794300
7023,2008-01-15,14.89,15.1,14.84,14.96,14.96,4490100
7024,2008-01-16,14.86,15.49,14.86,15.35,15.35,8102900
7025,2008-01-17,15.26,15.31,15.09,15.21,15.21,5713800
7026,2008-01-18,15.31,15.47,14.85,15.1,15.1,8504700
7027,2008-01-22,14.4,14.93,14.4,14.84,14.84,7775500
7028,2008-01-23,14.73,14.73,14.27,14.67,14.67,6667400
7029,2008-01-24,14.71,14.8,14.43,14.61,14.61,4612300
7030,2008-01-25,14.61,14.76,14.48,14.57,14.57,5831900
7031,2008-01-28,14.57,14.65,14.46,14.65,14.65,5952700
7032,2008-01-29,14.71,14.98,14.6,14.77,14.77,6220900
7033,2008-01-30,14.74,15.26,14.65,14.93,14.93,9054200
7034,2008-01-31,14.97,15.0,14.61,14.84,14.84,6029900
7035,2008-02-01,14.88,15.01,14.59,14.92,14.92,7385400
7036,2008-02-04,14.92,15.23,14.89,15.09,15.09,3991500
7037,2008-02-05,14.86,15.07,14.58,14.61,14.61,7098600
7038,2008-02-06,14.76,14.76,13.75,13.81,13.81,17646800
7039,2008-02-07,13.71,13.76,12.85,13.09,13.09,34293800
7040,2008-02-08,13.11,13.15,12.88,12.98,12.98,9235900
7041,2008-02-11,13.03,13.08,12.83,12.92,12.92,9159600
7042,2008-02-12,12.97,13.04,12.82,12.93,12.93,8045200
7043,2008-02-13,12.99,13.02,12.91,13.0,13.0,4867200
7044,2008-02-14,13.03,13.21,12.83,12.94,12.94,4331000
7045,2008-02-15,12.97,12.98,12.84,12.96,12.96,2656400
7046,2008-02-19,13.02,13.1,12.81,12.86,12.86,3746300
7047,2008-02-20,12.82,12.97,12.75,12.93,12.93,4164500
7048,2008-02-21,13.03,13.11,12.8,12.84,12.84,5580800
7049,2008-02-22,12.91,12.98,12.69,12.94,12.94,5099200
7050,2008-02-25,12.92,13.05,12.86,13.05,13.05,5213700
7051,2008-02-26,13.15,13.4,12.92,13.27,13.27,4472700
7052,2008-02-27,13.29,13.5,13.05,13.15,13.15,6891400
7053,2008-02-28,12.04,12.49,12.0,12.03,12.03,29310400
7054,2008-02-29,12.0,12.12,11.71,11.84,11.84,11592500
7055,2008-03-03,11.8,11.89,11.23,11.45,11.45,11421500
7056,2008-03-04,11.5,11.55,11.1,11.18,11.18,12325800
7057,2008-03-05,11.18,11.27,10.67,10.81,10.81,22114600
7058,2008-03-06,10.75,10.89,10.52,10.55,10.55,13802900
7059,2008-03-07,10.5,10.62,10.04,10.6,10.6,16349400
7060,2008-03-10,10.63,10.92,10.2,10.33,10.33,9039600
7061,2008-03-11,10.52,10.75,10.05,10.47,10.47,12960000
7062,2008-03-12,10.55,10.6,10.37,10.5,10.5,9330800
7063,2008-03-13,10.38,10.79,10.23,10.69,10.69,15313600
7064,2008-03-14,11.17,11.32,10.88,11.07,11.07,17113600
7065,2008-03-17,10.85,11.35,10.76,10.77,10.77,9471600
7066,2008-03-18,10.95,11.21,10.88,11.18,11.18,12229900
7067,2008-03-19,11.25,11.38,10.98,11.02,11.02,13762200
7068,2008-03-20,11.07,11.17,10.96,11.1,11.1,11697100
7069,2008-03-24,11.12,11.51,11.1,11.42,11.42,6464600
7070,2008-03-25,11.5,11.64,11.44,11.58,11.58,6025600
7071,2008-03-26,11.53,11.92,11.44,11.87,11.87,8294800
7072,2008-03-27,12.04,12.04,11.45,11.56,11.56,9964400
7073,2008-03-28,11.63,11.74,11.42,11.49,11.49,4051200
7074,2008-03-31,11.51,11.68,11.34,11.6,11.6,5402000
7075,2008-04-01,11.72,12.0,11.53,11.89,11.89,6408600
7076,2008-04-02,11.89,12.03,11.82,11.97,11.97,5264500
7077,2008-04-03,11.91,12.26,11.88,12.22,12.22,7260200
7078,2008-04-04,12.21,12.46,12.17,12.33,12.33,4784400
7079,2008-04-07,12.4,12.76,12.33,12.6,12.6,6069800
7080,2008-04-08,12.51,13.34,12.46,12.98,12.98,12288900
7081,2008-04-09,13.01,13.08,12.25,12.38,12.38,11286200
7082,2008-04-10,12.38,12.38,12.0,12.18,12.18,9425700
7083,2008-04-11,12.18,12.3,12.08,12.19,12.19,7401100
7084,2008-04-14,12.15,12.44,12.13,12.38,12.38,4355700
7085,2008-04-15,12.48,12.59,12.25,12.54,12.54,5416400
7086,2008-04-16,12.51,12.8,12.41,12.75,12.75,5554800
7087,2008-04-17,12.69,12.77,12.51,12.65,12.65,3137600
7088,2008-04-18,12.93,12.93,12.34,12.51,12.51,8749600
7089,2008-04-21,12.51,12.66,12.3,12.59,12.59,4983000
7090,2008-04-22,12.53,12.58,12.19,12.39,12.39,4645200
7091,2008-04-23,12.41,12.55,12.31,12.52,12.52,3269200
7092,2008-04-24,12.51,13.02,12.51,12.89,12.89,6630300
7093,2008-04-25,12.93,13.1,12.85,12.96,12.96,7254000
7094,2008-04-28,13.05,13.17,12.83,12.95,12.95,5116600
7095,2008-04-29,12.91,13.34,12.91,13.22,13.22,5863100
7096,2008-04-30,13.4,13.4,13.06,13.17,13.17,3219600
7097,2008-05-01,13.18,13.33,13.1,13.3,13.3,4992000
7098,2008-05-02,13.38,13.4,13.04,13.22,13.22,5557800
7099,2008-05-05,13.28,13.3,12.88,13.14,13.14,3422300
7100,2008-05-06,13.1,13.2,12.95,13.1,13.1,4009600
7101,2008-05-07,13.05,13.15,12.63,12.81,12.81,4823900
7102,2008-05-08,12.89,12.89,12.33,12.46,12.46,8360200
7103,2008-05-09,11.99,12.0,10.9,11.42,11.42,35509600
7104,2008-05-12,11.42,11.79,11.42,11.59,11.59,11601100
7105,2008-05-13,11.65,11.78,11.27,11.4,11.4,7660000
7106,2008-05-14,11.43,11.89,11.4,11.73,11.73,9260400
7107,2008-05-15,11.64,12.1,11.64,11.97,11.97,7287000
7108,2008-05-16,11.95,12.31,11.91,12.22,12.22,6243900
7109,2008-05-19,12.25,12.57,12.14,12.39,12.39,5863700
7110,2008-05-20,12.41,12.58,12.3,12.46,12.46,5248100
7111,2008-05-21,12.54,12.67,12.29,12.34,12.34,6194300
7112,2008-05-22,12.31,12.74,12.25,12.64,12.64,4063300
7113,2008-05-23,12.6,12.7,12.48,12.6,12.6,5002800
7114,2008-05-27,12.58,12.88,12.51,12.85,12.85,4532300
7115,2008-05-28,12.8,13.12,12.7,12.84,12.84,2846900
7116,2008-05-29,12.79,13.09,12.76,13.04,13.04,4549100
7117,2008-05-30,13.15,13.43,13.15,13.35,13.35,7946700
7118,2008-06-02,13.5,13.54,12.98,13.19,13.19,5696000
7119,2008-06-03,13.21,13.4,13.0,13.1,13.1,5212400
7120,2008-06-04,13.07,13.53,13.02,13.14,13.14,7239400
7121,2008-06-05,13.2,13.5,13.0,13.06,13.06,6274300
7122,2008-06-06,13.03,13.11,12.62,12.74,12.74,5767200
7123,2008-06-09,12.78,12.86,12.52,12.64,12.64,2577300
7124,2008-06-10,12.83,13.08,12.59,12.91,12.91,4840000
7125,2008-06-11,12.91,12.91,12.55,12.58,12.58,5983900
7126,2008-06-12,12.67,12.74,12.38,12.46,12.46,5160600
7127,2008-06-13,12.56,12.8,12.47,12.59,12.59,3743100
7128,2008-06-16,12.53,12.75,12.39,12.66,12.66,4795000
7129,2008-06-17,12.7,12.78,12.57,12.58,12.58,3703000
7130,2008-06-18,12.44,12.79,12.34,12.43,12.43,4558000
7131,2008-06-19,12.4,12.52,12.3,12.42,12.42,7359000
7132,2008-06-20,12.35,12.42,11.9,11.99,11.99,4635100
7133,2008-06-23,12.09,12.09,11.86,11.96,11.96,3828900
7134,2008-06-24,11.9,12.15,11.77,12.04,12.04,4362300
7135,2008-06-25,12.03,12.28,11.95,12.12,12.12,5643200
7136,2008-06-26,12.02,12.13,11.53,11.56,11.56,5159900
7137,2008-06-27,11.6,12.3,11.59,12.16,12.16,9192200
7138,2008-06-30,12.15,12.24,11.26,12.07,12.07,3429400
7139,2008-07-01,12.03,12.2,11.82,12.05,12.05,6721600
7140,2008-07-02,12.07,12.3,12.05,12.15,12.15,4376800
7141,2008-07-03,12.22,12.22,11.78,11.85,11.85,3672100
7142,2008-07-07,11.97,11.97,11.39,11.67,11.67,8791300
7143,2008-07-08,11.74,12.34,11.67,12.29,12.29,6856100
7144,2008-07-09,12.26,12.95,12.0,12.27,12.27,7892300
7145,2008-07-10,12.18,12.43,11.97,12.12,12.12,5415600
7146,2008-07-11,11.97,12.23,11.71,11.99,11.99,7287800
7147,2008-07-14,12.03,12.25,11.81,11.89,11.89,4163600
7148,2008-07-15,11.73,12.19,11.6,12.02,12.02,6920100
7149,2008-07-16,12.01,12.15,11.7,12.13,12.13,6749800
7150,2008-07-17,12.5,13.15,12.1,12.73,12.73,14812900
7151,2008-07-18,13.04,13.04,12.7,12.83,12.83,7914500
7152,2008-07-21,12.8,13.03,12.73,12.9,12.9,7867200
7153,2008-07-22,12.72,13.26,12.71,13.21,13.21,7112000
7154,2008-07-23,13.12,13.55,13.06,13.49,13.49,6652800
7155,2008-07-24,13.45,13.45,13.1,13.12,13.12,2556100
7156,2008-07-25,13.19,13.51,12.85,13.26,13.26,4672700
7157,2008-07-28,13.19,13.38,12.72,12.74,12.74,3405400
7158,2008-07-29,12.75,12.84,12.49,12.74,12.74,3710500
7159,2008-07-30,12.81,13.15,12.66,13.01,13.01,4863400
7160,2008-07-31,13.01,13.26,12.83,12.97,12.97,3794100
7161,2008-08-01,13.33,13.33,12.72,12.76,12.76,5506900
7162,2008-08-04,12.78,13.09,12.69,12.92,12.92,4404300
7163,2008-08-05,13.04,13.33,12.99,13.16,13.16,7776500
7164,2008-08-06,13.82,14.4,13.29,13.65,13.65,21983300
7165,2008-08-07,13.6,14.45,13.6,13.99,13.99,19606600
7166,2008-08-08,14.07,14.29,13.93,14.02,14.02,6196200
7167,2008-08-11,13.97,14.27,13.66,13.98,13.98,4266300
7168,2008-08-12,13.83,14.04,13.55,13.66,13.66,3588700
7169,2008-08-13,13.65,13.89,13.26,13.57,13.57,5193300
7170,2008-08-14,13.48,13.85,13.42,13.79,13.79,3942500
7171,2008-08-15,13.84,13.89,13.5,13.72,13.72,3672300
7172,2008-08-18,13.78,13.78,13.2,13.43,13.43,3256300
7173,2008-08-19,13.41,13.41,13.11,13.23,13.23,3297800
7174,2008-08-20,13.32,13.32,12.82,12.92,12.92,5890300
7175,2008-08-21,12.8,13.06,12.76,12.98,12.98,5827500
7176,2008-08-22,13.16,13.49,13.16,13.44,13.44,5620100
7177,2008-08-25,13.3,13.42,13.04,13.2,13.2,3029000
7178,2008-08-26,13.3,13.46,13.11,13.31,13.31,2935200
7179,2008-08-27,13.31,13.45,13.07,13.19,13.19,3376600
7180,2008-08-28,13.23,13.29,12.99,13.0,13.0,4177300
7181,2008-08-29,13.01,13.15,12.84,12.89,12.89,3529200
7182,2008-09-02,12.89,13.14,12.68,12.83,12.83,5319000
7183,2008-09-03,12.84,12.9,12.6,12.87,12.87,5851400
7184,2008-09-04,12.82,13.01,12.66,12.84,12.84,5865200
7185,2008-09-05,12.72,12.84,12.46,12.5,12.5,3865900
7186,2008-09-08,12.69,12.8,12.33,12.42,12.42,3591700
7187,2008-09-09,11.8,12.45,10.93,11.1,11.1,28487100
7188,2008-09-10,11.49,11.59,11.11,11.47,11.47,29142900
7189,2008-09-11,11.39,11.71,11.28,11.6,11.6,11510900
7190,2008-09-12,11.58,11.66,11.36,11.55,11.55,5657300
7191,2008-09-15,11.35,11.46,10.87,11.04,11.04,6591100
7192,2008-09-16,11.0,11.79,10.67,10.85,10.85,17542300
7193,2008-09-17,11.01,11.68,11.01,11.01,11.01,20834700
7194,2008-09-18,11.03,11.98,11.03,11.76,11.76,10352400
7195,2008-09-19,12.26,12.48,11.35,11.8,11.8,8505500
7196,2008-09-22,11.6,11.98,11.5,11.57,11.57,4386000
7197,2008-09-23,11.72,11.94,11.41,11.47,11.47,2955000
7198,2008-09-24,11.4,11.9,11.35,11.73,11.73,5383200
7199,2008-09-25,12.02,12.17,11.91,11.99,11.99,5006600
7200,2008-09-26,11.78,11.92,11.51,11.7,11.7,5378200
7201,2008-09-29,11.59,11.7,10.85,11.0,11.0,6377500
7202,2008-09-30,11.13,11.49,10.79,11.42,11.42,4973200
7203,2008-10-01,11.36,11.55,11.21,11.28,11.28,3820100
7204,2008-10-02,11.31,11.49,10.64,10.66,10.66,10421600
7205,2008-10-03,10.84,10.87,10.13,10.27,10.27,11971200
7206,2008-10-06,10.05,10.21,7.82,9.0,9.0,23834900
7207,2008-10-07,9.02,9.4,8.45,8.52,8.52,15478100
7208,2008-10-08,8.4,8.63,7.58,7.73,7.73,25252700
7209,2008-10-09,8.49,8.49,7.48,7.59,7.59,14539500
7210,2008-10-10,7.21,7.57,6.31,7.22,7.22,14514800
7211,2008-10-13,8.1,8.8,7.44,8.7,8.7,10861700
7212,2008-10-14,9.21,9.25,8.53,8.81,8.81,7972100
7213,2008-10-15,8.85,8.88,7.27,7.3,7.3,9200700
7214,2008-10-16,7.65,7.75,6.93,7.72,7.72,8147200
7215,2008-10-17,7.59,8.4,7.25,8.21,8.21,9195600
7216,2008-10-20,8.29,8.34,7.46,7.99,7.99,6370400
7217,2008-10-21,7.89,8.11,7.7,7.82,7.82,5243800
7218,2008-10-22,7.66,7.78,6.76,7.03,7.03,8252400
7219,2008-10-23,7.07,7.2,6.23,6.62,6.62,11554200
7220,2008-10-24,6.19,6.35,5.9,6.26,6.26,7884000
7221,2008-10-27,6.14,6.25,5.77,5.77,5.77,8259500
7222,2008-10-28,5.98,6.52,5.75,6.52,6.52,13322800
7223,2008-10-29,6.55,7.31,6.52,6.98,6.98,14313600
7224,2008-10-30,8.49,8.74,7.5,8.17,8.17,15861100
7225,2008-10-31,8.17,8.98,7.96,8.57,8.57,16811800
7226,2008-11-03,8.77,8.81,8.49,8.77,8.77,5728600
7227,2008-11-04,9.01,9.19,8.56,9.09,9.09,6870100
7228,2008-11-05,8.93,9.5,8.83,9.11,9.11,8813200
7229,2008-11-06,8.88,9.24,8.88,9.1,9.1,6238400
7230,2008-11-07,9.11,9.53,8.98,9.33,9.33,7535300
7231,2008-11-10,9.67,9.8,9.17,9.38,9.38,10771600
7232,2008-11-11,9.24,10.0,8.93,9.92,9.92,10060900
7233,2008-11-12,9.85,9.87,9.01,9.11,9.11,9045600
7234,2008-11-13,9.19,9.4,8.1,9.32,9.32,11846600
7235,2008-11-14,9.15,9.5,8.91,9.13,9.13,11499500
7236,2008-11-17,9.01,9.07,8.69,8.78,8.78,8461200
7237,2008-11-18,8.74,9.1,8.5,8.79,8.79,9260700
7238,2008-11-19,8.74,8.88,7.87,7.93,7.93,9768500
7239,2008-11-20,7.72,8.15,7.18,7.31,7.31,9913600
7240,2008-11-21,7.49,7.89,7.09,7.82,7.82,12357900
7241,2008-11-24,7.98,9.0,7.69,8.74,8.74,7708900
7242,2008-11-25,8.93,9.14,8.68,9.0,9.0,6891100
7243,2008-11-26,8.71,9.34,8.62,9.24,9.24,4722900
7244,2008-11-28,9.3,9.45,9.18,9.41,9.41,2102400
7245,2008-12-01,9.13,9.33,8.8,8.85,8.85,5050600
7246,2008-12-02,8.95,9.4,8.69,9.36,9.36,4880300
7247,2008-12-03,9.14,9.79,9.14,9.71,9.71,5888600
7248,2008-12-04,9.51,9.76,9.22,9.4,9.4,4949100
7249,2008-12-05,9.25,9.75,9.01,9.73,9.73,6075200
7250,2008-12-08,9.8,10.08,9.58,9.96,9.96,4979900
7251,2008-12-09,9.85,10.11,9.63,9.8,9.8,5109800
7252,2008-12-10,9.77,10.08,9.55,9.82,9.82,3916600
7253,2008-12-11,9.65,10.06,9.58,9.77,9.77,4630300
7254,2008-12-12,9.34,9.64,9.12,9.31,9.31,15424100
7255,2008-12-15,9.35,9.45,8.72,8.97,8.97,6629700
7256,2008-12-16,9.07,9.7,8.99,9.67,9.67,13721100
7257,2008-12-17,9.3,10.06,9.0,9.74,9.74,6389800
7258,2008-12-18,9.74,9.96,9.42,9.66,9.66,5283000
7259,2008-12-19,9.61,9.91,9.45,9.65,9.65,4335900
7260,2008-12-22,9.63,9.77,9.1,9.36,9.36,6090400
7261,2008-12-23,9.49,9.59,9.23,9.56,9.56,4342500
7262,2008-12-24,9.58,9.66,9.46,9.62,9.62,1068400
7263,2008-12-26,9.67,9.74,9.26,9.47,9.47,1661900
7264,2008-12-29,9.37,9.51,9.07,9.51,9.51,3349300
7265,2008-12-30,9.61,9.74,9.39,9.68,9.68,2816400
7266,2008-12-31,9.65,10.0,9.49,9.89,9.89,5127700
7267,2009-01-02,9.93,10.02,9.78,10.02,10.02,2706100
7268,2009-01-05,10.0,10.1,9.65,9.86,9.86,7010200
7269,2009-01-06,10.05,10.56,9.9,10.33,10.33,8154900
7270,2009-01-07,10.3,10.7,10.12,10.19,10.19,6515900
7271,2009-01-08,10.43,10.6,10.25,10.5,10.5,6575800
7272,2009-01-09,10.5,10.82,10.25,10.68,10.68,7924200
7273,2009-01-12,10.75,11.06,10.43,11.04,11.04,13262900
7274,2009-01-13,10.93,11.28,10.85,11.05,11.05,7769000
7275,2009-01-14,11.1,11.1,10.47,10.63,10.63,6782800
7276,2009-01-15,10.68,10.84,10.22,10.65,10.65,5545200
7277,2009-01-16,10.85,11.01,10.69,11.0,11.0,6947000
7278,2009-01-20,10.9,11.23,10.31,10.36,10.36,5299600
7279,2009-01-21,10.55,10.8,10.29,10.8,10.8,6305300
7280,2009-01-22,10.71,11.34,10.66,11.14,11.14,6928800
7281,2009-01-23,10.93,11.11,10.62,10.93,10.93,5989900
7282,2009-01-26,10.78,11.42,10.78,11.33,11.33,8032800
7283,2009-01-27,11.44,11.51,11.28,11.51,11.51,7961700
7284,2009-01-28,11.55,11.79,11.33,11.65,11.65,5683800
7285,2009-01-29,11.55,11.77,11.35,11.43,11.43,6759300
7286,2009-01-30,11.38,11.67,11.12,11.33,11.33,6807700
7287,2009-02-02,11.11,11.58,11.06,11.41,11.41,4916300
7288,2009-02-03,11.72,11.74,11.32,11.55,11.55,6426400
7289,2009-02-04,11.75,11.85,11.58,11.64,11.64,6273500
7290,2009-02-05,11.57,11.79,11.38,11.63,11.63,5759600
7291,2009-02-06,11.63,11.97,11.6,11.81,11.81,7062900
7292,2009-02-09,11.75,12.0,11.62,11.89,11.89,5213000
7293,2009-02-10,11.88,12.0,11.3,11.36,11.36,6343900
7294,2009-02-11,11.43,11.88,11.38,11.82,11.82,5465500
7295,2009-02-12,11.6,11.93,11.57,11.93,11.93,5835200
7296,2009-02-13,11.96,11.98,11.65,11.8,11.8,6005400
7297,2009-02-17,11.43,11.6,11.26,11.43,11.43,7254900
7298,2009-02-18,11.43,11.7,11.25,11.47,11.47,8515500
7299,2009-02-19,11.68,12.03,11.41,11.57,11.57,14671200
7300,2009-02-20,11.98,12.81,11.84,12.61,12.61,23595700
7301,2009-02-23,12.99,13.37,12.68,12.87,12.87,20440100
7302,2009-02-24,13.1,13.15,12.53,12.95,12.95,16688800
7303,2009-02-25,13.32,13.32,12.85,13.09,13.09,14399100
7304,2009-02-26,13.25,13.42,12.43,12.6,12.6,16526700
7305,2009-02-27,12.79,12.82,12.1,12.43,12.43,21313700
7306,2009-03-02,12.16,12.24,11.53,11.62,11.62,12211700
7307,2009-03-03,11.88,12.04,11.14,11.45,11.45,13489700
7308,2009-03-04,11.82,12.19,11.57,12.01,12.01,9081000
7309,2009-03-05,11.66,12.17,11.66,12.15,12.15,11459000
7310,2009-03-06,12.68,12.68,11.72,11.97,11.97,9439000
7311,2009-03-09,11.85,12.29,11.82,12.0,12.0,6612200
7312,2009-03-10,12.14,12.55,11.76,12.33,12.33,8834800
7313,2009-03-11,12.61,12.61,12.21,12.36,12.36,7128600
7314,2009-03-12,12.4,13.0,12.36,12.96,12.96,9839600
7315,2009-03-13,13.0,13.4,12.91,13.27,13.27,7241400
7316,2009-03-16,13.28,13.47,12.98,13.05,13.05,5692500
7317,2009-03-17,13.05,13.57,12.98,13.53,13.53,6017000
7318,2009-03-18,13.37,13.85,13.21,13.57,13.57,7715100
7319,2009-03-19,13.6,13.65,12.97,13.21,13.21,6121600
7320,2009-03-20,13.27,13.39,12.79,12.88,12.88,7142000
7321,2009-03-23,13.21,13.45,12.99,13.45,13.45,8453300
7322,2009-03-24,13.19,13.67,13.19,13.55,13.55,5181000
7323,2009-03-25,13.5,13.69,13.11,13.38,13.38,6352300
7324,2009-03-26,13.54,13.79,13.47,13.69,13.69,8147400
7325,2009-03-27,13.59,13.77,13.09,13.25,13.25,6777600
7326,2009-03-30,13.1,13.17,12.81,13.05,13.05,5511000
7327,2009-03-31,13.12,13.56,13.08,13.41,13.41,7374000
7328,2009-04-01,13.2,13.41,12.97,13.4,13.4,5636400
7329,2009-04-02,13.55,14.04,13.5,13.84,13.84,9211200
7330,2009-04-03,13.9,14.17,13.71,14.04,14.04,6248200
7331,2009-04-06,14.18,14.67,13.96,14.37,14.37,9035400
7332,2009-04-07,14.25,14.36,14.0,14.02,14.02,3437600
7333,2009-04-08,13.97,14.5,13.97,14.39,14.39,5809700
7334,2009-04-09,14.45,14.94,14.11,14.21,14.21,6360700
7335,2009-04-13,14.1,14.35,13.9,13.94,13.94,4543100
7336,2009-04-14,13.85,14.19,13.65,13.76,13.76,5272600
7337,2009-04-15,13.5,14.33,13.47,13.96,13.96,5175600
7338,2009-04-16,14.25,14.51,13.85,14.42,14.42,6694000
7339,2009-04-17,14.33,14.79,14.31,14.6,14.6,6262300
7340,2009-04-20,14.5,14.59,14.04,14.13,14.13,7224400
7341,2009-04-21,14.0,14.4,13.77,13.99,13.99,5385700
7342,2009-04-22,14.53,14.53,13.89,14.1,14.1,8201000
7343,2009-04-23,14.49,14.49,13.84,14.35,14.35,5662900
7344,2009-04-24,14.45,14.54,14.12,14.28,14.28,5687400
7345,2009-04-27,14.22,14.56,14.16,14.42,14.42,5374100
7346,2009-04-28,14.44,14.78,14.3,14.51,14.51,7857200
7347,2009-04-29,14.85,14.91,14.42,14.54,14.54,6496600
7348,2009-04-30,14.19,14.59,12.8,13.25,13.25,26313900
7349,2009-05-01,13.36,13.41,12.81,13.0,13.0,11803800
7350,2009-05-04,13.1,13.32,12.79,13.25,13.25,11015100
7351,2009-05-05,13.0,13.47,13.0,13.4,13.4,8963500
7352,2009-05-06,13.46,13.55,13.17,13.27,13.27,10292400
7353,2009-05-07,13.36,13.84,13.3,13.43,13.43,13341500
7354,2009-05-08,13.55,13.75,13.45,13.72,13.72,8812400
7355,2009-05-11,13.7,14.06,13.53,13.84,13.84,7968100
7356,2009-05-12,14.03,14.05,13.53,13.64,13.64,6617800
7357,2009-05-13,13.7,13.7,13.28,13.41,13.41,5216100
7358,2009-05-14,13.05,13.19,12.51,12.67,12.67,18346700
7359,2009-05-15,12.92,13.06,12.55,12.76,12.76,12341400
7360,2009-05-18,12.87,13.24,12.77,13.13,13.13,11401700
7361,2009-05-19,13.13,13.19,12.78,12.84,12.84,8751900
7362,2009-05-20,12.76,12.96,12.75,12.83,12.83,7898800
7363,2009-05-21,12.75,13.0,12.5,12.62,12.62,6612600
7364,2009-05-22,12.68,12.78,12.5,12.58,12.58,4262300
7365,2009-05-26,12.58,13.21,12.5,13.13,13.13,7954700
7366,2009-05-27,13.0,13.23,12.93,12.94,12.94,6636200
7367,2009-05-28,12.7,12.93,12.65,12.77,12.77,5225400
7368,2009-05-29,13.03,13.21,12.76,13.21,13.21,8461600
7369,2009-06-01,13.3,13.72,13.27,13.62,13.62,9309100
7370,2009-06-02,13.53,13.72,13.41,13.52,13.52,6307300
7371,2009-06-03,13.56,13.56,13.18,13.27,13.27,4666700
7372,2009-06-04,13.47,13.63,13.19,13.58,13.58,5452700
7373,2009-06-05,13.59,13.77,13.37,13.7,13.7,5354600
7374,2009-06-08,13.85,13.85,13.32,13.58,13.58,6568200
7375,2009-06-09,13.75,13.75,13.38,13.55,13.55,3834900
7376,2009-06-10,13.46,13.55,13.13,13.28,13.28,6578900
7377,2009-06-11,13.5,14.01,13.5,13.79,13.79,8948800
7378,2009-06-12,13.72,13.81,13.56,13.62,13.62,5949600
7379,2009-06-15,13.5,13.64,13.01,13.06,13.06,5418000
7380,2009-06-16,13.02,13.13,12.86,12.93,12.93,7283400
7381,2009-06-17,13.2,13.26,12.78,13.0,13.0,9535800
7382,2009-06-18,13.09,13.25,13.0,13.13,13.13,4486900
7383,2009-06-19,12.89,13.22,12.89,13.06,13.06,5236300
7384,2009-06-22,12.82,12.97,12.62,12.63,12.63,4506800
7385,2009-06-23,12.61,12.71,12.51,12.6,12.6,7163800
7386,2009-06-24,12.94,12.99,12.61,12.9,12.9,7453300
7387,2009-06-25,12.83,13.35,12.75,13.26,13.26,8599600
7388,2009-06-26,13.34,13.49,13.08,13.42,13.42,9402700
7389,2009-06-29,13.5,13.5,13.15,13.25,13.25,7834300
7390,2009-06-30,13.17,13.3,12.94,13.05,13.05,7402700
7391,2009-07-01,13.13,13.13,12.76,12.8,12.8,9811400
7392,2009-07-02,12.82,12.85,12.3,12.42,12.42,8059300
7393,2009-07-06,12.35,12.36,12.11,12.26,12.26,6519400
7394,2009-07-07,12.31,12.37,12.07,12.21,12.21,6814100
7395,2009-07-08,12.44,12.55,12.14,12.23,12.23,5403100
7396,2009-07-09,12.13,12.46,12.08,12.41,12.41,6347900
7397,2009-07-10,12.09,12.46,12.09,12.17,12.17,3940900
7398,2009-07-13,12.25,12.26,12.01,12.23,12.23,5914300
7399,2009-07-14,12.34,12.41,12.2,12.35,12.35,6018600
7400,2009-07-15,12.39,12.5,12.31,12.36,12.36,5730800
7401,2009-07-16,12.48,12.61,12.31,12.52,12.52,4585900
7402,2009-07-17,12.61,12.63,12.34,12.44,12.44,4008000
7403,2009-07-20,12.4,12.91,12.4,12.89,12.89,7648900
7404,2009-07-21,13.06,13.12,12.9,13.12,13.12,7991200
7405,2009-07-22,12.97,13.16,12.88,12.94,12.94,5574300
7406,2009-07-23,13.06,13.5,12.96,13.41,13.41,7340400
7407,2009-07-24,13.39,13.93,13.27,13.85,13.85,11056300
7408,2009-07-27,13.08,13.1,11.66,12.1,12.1,50917600
7409,2009-07-28,12.31,13.37,11.97,12.56,12.56,46254500
7410,2009-07-29,12.67,13.0,12.41,12.91,12.91,13872800
7411,2009-07-30,13.3,13.55,12.91,13.13,13.13,18346600
7412,2009-07-31,13.16,13.44,13.13,13.19,13.19,8805200
7413,2009-08-03,13.34,13.5,13.17,13.48,13.48,8089000
7414,2009-08-04,13.23,13.67,13.23,13.66,13.66,7991000
7415,2009-08-05,13.55,13.59,13.13,13.3,13.3,6401600
7416,2009-08-06,13.46,13.46,13.08,13.12,13.12,6039100
7417,2009-08-07,13.33,13.46,13.11,13.19,13.19,5091900
7418,2009-08-10,13.16,13.32,13.08,13.22,13.22,6674500
7419,2009-08-11,13.23,13.44,13.23,13.31,13.31,4880900
7420,2009-08-12,13.39,13.85,13.3,13.6,13.6,6244300
7421,2009-08-13,13.6,14.42,13.55,14.21,14.21,15629600
7422,2009-08-14,14.25,14.25,13.82,13.99,13.99,5587900
7423,2009-08-17,13.79,14.0,13.7,13.96,13.96,5013700
7424,2009-08-18,13.95,14.13,13.92,13.99,13.99,6845300
7425,2009-08-19,14.0,14.22,13.8,14.07,14.07,9101000
7426,2009-08-20,13.95,14.43,13.95,14.33,14.33,5264100
7427,2009-08-21,14.49,14.49,14.25,14.39,14.39,5000100
7428,2009-08-24,14.5,14.7,14.4,14.63,14.63,7894100
7429,2009-08-25,14.72,14.75,14.5,14.67,14.67,6612700
7430,2009-08-26,14.5,14.75,14.35,14.54,14.54,6522000
7431,2009-08-27,14.35,14.99,14.35,14.88,14.88,9058800
7432,2009-08-28,15.0,15.0,14.62,14.8,14.8,6585500
7433,2009-08-31,14.77,14.87,14.45,14.67,14.67,6367100
7434,2009-09-01,14.7,14.74,14.18,14.27,14.27,6441700
7435,2009-09-02,14.23,14.41,14.01,14.34,14.34,4635000
7436,2009-09-03,14.48,14.48,14.04,14.32,14.32,4806500
7437,2009-09-04,14.36,14.54,14.25,14.53,14.53,2531700
7438,2009-09-08,14.58,14.73,14.47,14.69,14.69,4619900
7439,2009-09-09,14.35,14.5,14.12,14.41,14.41,17353600
7440,2009-09-10,14.48,15.54,14.29,15.48,15.48,20008400
7441,2009-09-11,15.52,15.59,15.07,15.16,15.16,8058700
7442,2009-09-14,15.22,15.3,15.05,15.24,15.24,4243100
7443,2009-09-15,15.3,15.43,15.05,15.26,15.26,6745500
7444,2009-09-16,15.3,15.89,15.29,15.85,15.85,8209600
7445,2009-09-17,15.89,15.89,15.67,15.71,15.71,6992600
7446,2009-09-18,15.79,16.16,15.71,16.08,16.08,12206800
7447,2009-09-21,15.93,16.07,15.86,15.99,15.99,6573300
7448,2009-09-22,16.1,16.43,15.96,16.129998999999998,16.129998999999998,6953300
7449,2009-09-23,16.16,16.440001000000002,16.030001000000002,16.209999,16.209999,7032200
7450,2009-09-24,16.43,16.469998999999998,15.97,16.15,16.15,4964900
7451,2009-09-25,16.08,16.17,15.88,16.059998999999998,16.059998999999998,5642400
7452,2009-09-28,16.15,16.27,16.01,16.120001000000002,16.120001000000002,4438400
7453,2009-09-29,16.190001000000002,16.24,15.96,16.15,16.15,8375200
7454,2009-09-30,16.059998999999998,16.209999,15.75,16.01,16.01,7197000
7455,2009-10-01,15.77,16.209999,15.5,15.59,15.59,6894800
7456,2009-10-02,15.53,15.98,15.42,15.88,15.88,5539000
7457,2009-10-05,15.97,16.26,15.83,16.219998999999998,16.219998999999998,9065000
7458,2009-10-06,16.07,16.35,16.0,16.07,16.07,10744400
7459,2009-10-07,16.15,16.75,15.98,16.690001000000002,16.690001000000002,15812000
7460,2009-10-08,16.75,16.950001,16.379998999999998,16.440001000000002,16.440001000000002,7685600
7461,2009-10-09,16.52,16.790001,16.299999,16.790001,16.790001,5849500
7462,2009-10-12,16.790001,16.82,16.51,16.65,16.65,4095900
7463,2009-10-13,16.639999,16.700001,16.309998999999998,16.370001000000002,16.370001000000002,7788100
7464,2009-10-14,16.42,16.809998999999998,16.389999,16.75,16.75,6980600
7465,2009-10-15,16.780001000000002,16.9,16.65,16.75,16.75,6408200
7466,2009-10-16,16.610001,16.870001000000002,16.549999,16.67,16.67,6564900
7467,2009-10-19,16.83,16.83,16.42,16.540001,16.540001,9455900
7468,2009-10-20,16.35,16.6,16.139999,16.299999,16.299999,8056200
7469,2009-10-21,16.299999,16.51,16.110001,16.120001000000002,16.120001000000002,7787400
7470,2009-10-22,16.15,16.51,15.89,16.51,16.51,11276100
7471,2009-10-23,16.389999,16.469998999999998,16.040001,16.129998999999998,16.129998999999998,10176200
7472,2009-10-26,15.97,16.370001000000002,15.89,15.99,15.99,8496800
7473,2009-10-27,16.1,16.389999,16.02,16.299999,16.299999,8152400
7474,2009-10-28,16.23,16.360001,15.71,15.77,15.77,7295400
7475,2009-10-29,16.200001,16.73,16.200001,16.5,16.5,11260500
7476,2009-10-30,16.6,16.83,16.17,16.24,16.24,9501900
7477,2009-11-02,16.35,16.690001000000002,16.209999,16.370001000000002,16.370001000000002,4463200
7478,2009-11-03,16.34,16.73,16.139999,16.690001000000002,16.690001000000002,8633800
7479,2009-11-04,16.84,17.190001000000002,16.780001000000002,16.860001,16.860001,13859600
7480,2009-11-05,17.0,17.440001000000002,16.82,17.42,17.42,5499200
7481,2009-11-06,17.280001000000002,17.49,17.110001,17.469998999999998,17.469998999999998,4514500
7482,2009-11-09,17.51,17.940001000000002,17.5,17.91,17.91,5998900
7483,2009-11-10,17.67,17.9,17.5,17.57,17.57,7044700
7484,2009-11-11,17.84,17.879998999999998,17.32,17.5,17.5,7193200
7485,2009-11-12,17.4,17.48,17.23,17.25,17.25,5208400
7486,2009-11-13,17.5,17.719998999999998,17.26,17.540001,17.540001,3193000
7487,2009-11-16,17.549999,18.1,17.51,17.99,17.99,6351700
7488,2009-11-17,17.799999,17.99,17.75,17.889999,17.889999,6310000
7489,2009-11-18,17.84,17.870001000000002,17.51,17.65,17.65,3927500
7490,2009-11-19,17.610001,17.620001000000002,17.33,17.43,17.43,5012500
7491,2009-11-20,17.440001000000002,17.629998999999998,17.309998999999998,17.549999,17.549999,4093300
7492,2009-11-23,17.74,18.08,17.65,17.98,17.98,9648500
7493,2009-11-24,18.07,18.450001,17.98,18.299999,18.299999,7648100
7494,2009-11-25,18.15,18.43,18.139999,18.290001,18.290001,3879200
7495,2009-11-27,17.870001000000002,18.15,17.790001,18.01,18.01,2207300
7496,2009-11-30,17.99,18.0,17.77,17.870001000000002,17.870001000000002,4735300
7497,2009-12-01,18.02,18.309998999999998,17.98,18.23,18.23,4143300
7498,2009-12-02,18.379998999999998,18.6,18.309998999999998,18.51,18.51,4168700
7499,2009-12-03,18.49,18.549999,18.190001000000002,18.200001,18.200001,4218800
7500,2009-12-04,18.389999,18.52,17.83,17.99,17.99,5409900
7501,2009-12-07,18.02,18.450001,18.02,18.18,18.18,5646500
7502,2009-12-08,18.139999,18.299999,17.93,18.139999,18.139999,3801700
7503,2009-12-09,18.15,18.200001,17.92,18.120001000000002,18.120001000000002,2995100
7504,2009-12-10,18.32,18.42,18.16,18.17,18.17,4752400
7505,2009-12-11,18.25,18.6,18.09,18.52,18.52,5020500
7506,2009-12-14,18.639999,18.790001,18.57,18.77,18.77,3636100
7507,2009-12-15,18.799999,19.09,18.59,19.040001,19.040001,8701500
7508,2009-12-16,19.01,19.209999,18.809998999999998,18.860001,18.860001,6688300
7509,2009-12-17,18.709999,18.73,18.27,18.42,18.42,8091000
7510,2009-12-18,18.540001,18.65,18.25,18.25,18.25,18320300
7511,2009-12-21,18.59,19.0,18.48,18.91,18.91,7064600
7512,2009-12-22,18.870001000000002,19.030001000000002,18.700001,18.889999,18.889999,5672600
7513,2009-12-23,18.98,18.99,18.68,18.74,18.74,3756100
7514,2009-12-24,18.75,18.799999,18.68,18.74,18.74,1433900
7515,2009-12-28,18.68,18.84,18.610001,18.690001000000002,18.690001000000002,2038900
7516,2009-12-29,18.700001,18.799999,18.610001,18.610001,18.610001,2594300
7517,2009-12-30,18.629998999999998,18.700001,18.440001000000002,18.610001,18.610001,2125500
7518,2009-12-31,18.620001000000002,18.67,18.43,18.43,18.43,2658600
7519,2010-01-04,18.35,18.77,18.309998999999998,18.719998999999998,18.719998999999998,3611900
7520,2010-01-05,18.450001,18.66,18.280001000000002,18.52,18.52,7942400
7521,2010-01-06,18.370001000000002,18.5,18.26,18.34,18.34,6838100
7522,2010-01-07,18.190001000000002,18.34,18.02,18.030001000000002,18.030001000000002,6821900
7523,2010-01-08,17.700001,17.799999,16.75,17.42,17.42,20293300
7524,2010-01-11,17.440001000000002,17.82,17.440001000000002,17.77,17.77,8390400
7525,2010-01-12,17.51,17.75,17.34,17.41,17.41,4852200
7526,2010-01-13,17.5,17.879998999999998,17.43,17.809998999999998,17.809998999999998,4700900
7527,2010-01-14,17.75,17.969998999999998,17.73,17.870001000000002,17.870001000000002,7066300
7528,2010-01-15,17.620001000000002,18.219998999999998,17.620001000000002,18.200001,18.200001,7216400
7529,2010-01-19,18.1,18.75,18.09,18.74,18.74,9341800
7530,2010-01-20,18.6,18.73,18.110001,18.219998999999998,18.219998999999998,5800600
7531,2010-01-21,18.27,18.43,17.879998999999998,17.940001000000002,17.940001000000002,5505600
7532,2010-01-22,17.92,18.07,17.74,17.780001000000002,17.780001000000002,5598200
7533,2010-01-25,17.68,18.0,17.68,17.68,17.68,3790000
7534,2010-01-26,17.58,18.200001,17.57,18.09,18.09,11144600
7535,2010-01-27,18.1,18.26,17.98,18.25,18.25,5142500
7536,2010-01-28,18.25,18.290001,17.65,17.93,17.93,6756500
7537,2010-01-29,18.01,18.469998999999998,18.0,18.23,18.23,7603500
7538,2010-02-01,18.35,18.450001,18.0,18.120001000000002,18.120001000000002,4803700
7539,2010-02-02,18.209999,18.24,17.82,18.200001,18.200001,4753300
7540,2010-02-03,18.309998999999998,18.32,17.860001,18.01,18.01,7157700
7541,2010-02-04,17.889999,18.030001000000002,17.549999,17.780001000000002,17.780001000000002,6957900
7542,2010-02-05,17.860001,17.99,17.49,17.889999,17.889999,7505500
7543,2010-02-08,17.99,18.0,17.709999,17.76,17.76,3469400
7544,2010-02-09,17.799999,17.959999,17.540001,17.68,17.68,5953400
7545,2010-02-10,17.610001,17.799999,17.290001,17.610001,17.610001,5483500
7546,2010-02-11,17.530001000000002,18.309998999999998,17.51,18.290001,18.290001,7887400
7547,2010-02-12,17.959999,18.34,17.799999,18.309998999999998,18.309998999999998,3703600
7548,2010-02-16,18.4,18.700001,18.290001,18.68,18.68,4256400
7549,2010-02-17,18.700001,18.92,18.51,18.870001000000002,18.870001000000002,4494000
7550,2010-02-18,18.9,18.959999,18.700001,18.860001,18.860001,3726000
7551,2010-02-19,18.85,19.1,18.84,19.07,19.07,4826300
7552,2010-02-22,19.15,19.700001,19.01,19.610001,19.610001,11221800
7553,2010-02-23,19.5,19.700001,19.129998999999998,19.16,19.16,7143200
7554,2010-02-24,19.120001000000002,19.57,19.120001000000002,19.42,19.42,8683700
7555,2010-02-25,20.030001000000002,21.030001000000002,19.959999,20.700001,20.700001,27066600
7556,2010-02-26,20.700001,21.469998999999998,20.559998999999998,21.34,21.34,13308600
7557,2010-03-01,21.4,21.6,21.120001000000002,21.379998999999998,21.379998999999998,19325900
7558,2010-03-02,21.469998999999998,21.51,21.24,21.35,21.35,11763600
7559,2010-03-03,21.440001000000002,21.440001000000002,21.040001,21.129998999999998,21.129998999999998,7016100
7560,2010-03-04,21.01,21.4,20.860001,21.290001,21.290001,8046500
7561,2010-03-05,21.379998999999998,21.870001000000002,21.209999,21.77,21.77,8994500
7562,2010-03-08,21.59,21.719998999999998,21.389999,21.42,21.42,7429000
7563,2010-03-09,21.6,21.620001000000002,21.35,21.610001,21.610001,6069300
7564,2010-03-10,21.690001000000002,22.0,21.57,21.809998999999998,21.809998999999998,10665500
7565,2010-03-11,21.77,22.049999,21.719998999999998,21.98,21.98,6294600
7566,2010-03-12,22.0,22.040001,21.790001,21.950001,21.950001,3526300
7567,2010-03-15,22.0,22.0,21.719998999999998,21.950001,21.950001,6283300
7568,2010-03-16,21.77,22.1,21.76,22.09,22.09,3711900
7569,2010-03-17,22.049999,22.219998999999998,21.99,22.1,22.1,3235900
7570,2010-03-18,22.040001,22.42,22.040001,22.360001,22.360001,4579900
7571,2010-03-19,22.5,22.879998999999998,22.33,22.530001000000002,22.530001000000002,10816600
7572,2010-03-22,22.59,23.0,22.57,22.91,22.91,8485900
7573,2010-03-23,23.24,23.299999,22.9,22.92,22.92,9305600
7574,2010-03-24,22.860001,22.93,22.540001,22.66,22.66,6586500
7575,2010-03-25,22.870001000000002,22.959999,22.219998999999998,22.26,22.26,5504600
7576,2010-03-26,22.4,22.440001000000002,22.01,22.379998999999998,22.379998999999998,5311000
7577,2010-03-29,22.530001000000002,22.950001,22.35,22.870001000000002,22.870001000000002,5610400
7578,2010-03-30,22.82,22.9,22.58,22.65,22.65,7809400
7579,2010-03-31,22.799999,22.969998999999998,22.59,22.709999,22.709999,4774000
7580,2010-04-01,22.9,23.33,22.790001,23.16,23.16,9407400
7581,2010-04-05,23.139999,23.629998999999998,23.01,23.25,23.25,6847100
7582,2010-04-06,23.200001,23.23,22.809998999999998,22.83,22.83,8324600
7583,2010-04-07,22.799999,23.030001000000002,22.549999,22.719998999999998,22.719998999999998,6361900
7584,2010-04-08,22.59,22.68,22.280001000000002,22.549999,22.549999,5547100
7585,2010-04-09,22.629998999999998,22.700001,22.43,22.540001,22.540001,2660400
7586,2010-04-12,22.6,22.82,22.450001,22.530001000000002,22.530001000000002,6061400
7587,2010-04-13,22.530001000000002,22.73,22.49,22.530001000000002,22.530001000000002,3398300
7588,2010-04-14,22.52,22.549999,21.879998999999998,22.1,22.1,6898600
7589,2010-04-15,21.889999,22.18,21.860001,22.049999,22.049999,5189600
7590,2010-04-16,21.99,22.120001000000002,21.6,21.75,21.75,6881600
7591,2010-04-19,21.59,21.85,21.41,21.57,21.57,6216600
7592,2010-04-20,21.6,21.91,21.5,21.809998999999998,21.809998999999998,4005100
7593,2010-04-21,21.809998999999998,22.120001000000002,21.620001000000002,22.08,22.08,6665800
7594,2010-04-22,22.08,22.18,21.700001,21.959999,21.959999,9234500
7595,2010-04-23,22.040001,22.25,21.870001000000002,22.24,22.24,5603800
7596,2010-04-26,22.4,22.4,21.700001,21.75,21.75,5959700
7597,2010-04-27,21.719998999999998,21.889999,21.32,21.360001,21.360001,7836700
7598,2010-04-28,21.41,21.84,21.370001000000002,21.709999,21.709999,8084900
7599,2010-04-29,21.469998999999998,21.860001,20.52,21.77,21.77,25933000
7600,2010-04-30,21.719998999999998,22.190001000000002,21.65,22.01,22.01,10353600
7601,2010-05-03,21.91,22.34,21.879998999999998,22.030001000000002,22.030001000000002,9073600
7602,2010-05-04,21.73,21.91,21.280001000000002,21.360001,21.360001,8909700
7603,2010-05-05,21.4,22.059998999999998,21.290001,21.83,21.83,9387900
7604,2010-05-06,21.790001,21.93,20.51,21.370001000000002,21.370001000000002,9884900
7605,2010-05-07,21.379998999999998,21.66,20.889999,21.34,21.34,14260900
7606,2010-05-10,21.59,21.959999,21.43,21.82,21.82,12231700
7607,2010-05-11,21.5,21.93,21.42,21.77,21.77,13738200
7608,2010-05-12,21.66,21.68,20.959999,21.6,21.6,11543800
7609,2010-05-13,21.5,21.65,21.059998999999998,21.139999,21.139999,6570500
7610,2010-05-14,21.1,21.129998999999998,20.32,20.52,20.52,9804200
7611,2010-05-17,20.5,20.639999,20.059998999999998,20.6,20.6,6725500
7612,2010-05-18,20.75,20.77,19.969998999999998,19.99,19.99,10627400
7613,2010-05-19,19.84,20.43,19.68,20.23,20.23,9257800
7614,2010-05-20,19.879998999999998,20.07,19.35,19.440001000000002,19.440001000000002,9857800
7615,2010-05-21,19.25,19.59,19.15,19.51,19.51,11458000
7616,2010-05-24,19.32,19.51,19.15,19.24,19.24,9727100
7617,2010-05-25,18.700001,19.16,18.690001000000002,19.15,19.15,17766600
7618,2010-05-26,19.18,19.719998999999998,19.15,19.32,19.32,16056200
7619,2010-05-27,19.790001,19.85,19.58,19.82,19.82,5475400
7620,2010-05-28,19.76,19.799999,19.4,19.440001000000002,19.440001000000002,5901800
7621,2010-06-01,19.32,19.440001000000002,18.889999,18.940001000000002,18.940001000000002,4374100
7622,2010-06-02,18.9,19.07,18.65,18.950001,18.950001,16391800
7623,2010-06-03,19.059998999999998,19.110001,18.68,18.85,18.85,7506000
7624,2010-06-04,18.51,18.809998999999998,18.4,18.5,18.5,6718700
7625,2010-06-07,18.5,18.83,18.43,18.43,18.43,6140000
7626,2010-06-08,18.389999,18.4,17.639999,17.83,17.83,13448700
7627,2010-06-09,18.120001000000002,18.25,17.82,17.959999,17.959999,9719200
7628,2010-06-10,18.32,18.33,18.0,18.280001000000002,18.280001000000002,7377400
7629,2010-06-11,18.08,18.42,18.08,18.32,18.32,5761600
7630,2010-06-14,18.43,18.48,17.91,17.950001,17.950001,5793700
7631,2010-06-15,18.17,18.43,17.969998999999998,18.389999,18.389999,6215300
7632,2010-06-16,18.02,18.23,17.51,17.9,17.9,21308700
7633,2010-06-17,17.950001,18.379998999999998,17.950001,18.360001,18.360001,9091600
7634,2010-06-18,18.450001,18.809998999999998,18.290001,18.629998999999998,18.629998999999998,9233100
7635,2010-06-21,18.74,18.84,17.889999,17.969998999999998,17.969998999999998,7348200
7636,2010-06-22,18.08,18.389999,17.969998999999998,18.07,18.07,6115900
7637,2010-06-23,18.34,18.34,17.65,17.790001,17.790001,6713400
7638,2010-06-24,17.790001,17.860001,17.65,17.74,17.74,5684700
7639,2010-06-25,17.75,17.98,17.620001000000002,17.93,17.93,5055300
7640,2010-06-28,17.91,18.030001000000002,17.59,17.67,17.67,3649000
7641,2010-06-29,17.52,17.559998999999998,17.1,17.25,17.25,8878900
7642,2010-06-30,17.18,17.41,16.889999,17.040001,17.040001,12276500
7643,2010-07-01,16.91,16.98,16.549999,16.860001,16.860001,9867000
7644,2010-07-02,16.83,17.129998999999998,16.639999,16.889999,16.889999,5558500
7645,2010-07-06,17.0,17.27,16.889999,17.02,17.02,7359300
7646,2010-07-07,16.940001000000002,17.48,16.809998999999998,17.440001000000002,17.440001000000002,6787400
7647,2010-07-08,17.219998999999998,17.92,17.219998999999998,17.85,17.85,8580900
7648,2010-07-09,17.860001,17.860001,17.4,17.610001,17.610001,6173000
7649,2010-07-12,17.59,17.67,17.42,17.52,17.52,2283800
7650,2010-07-13,17.629998999999998,17.950001,17.620001000000002,17.85,17.85,5472800
7651,2010-07-14,17.780001000000002,17.99,17.68,17.85,17.85,5791100
7652,2010-07-15,17.98,18.440001000000002,17.85,18.32,18.32,8011600
7653,2010-07-16,18.309998999999998,18.309998999999998,17.58,17.709999,17.709999,7222300
7654,2010-07-19,17.76,18.26,17.620001000000002,18.110001,18.110001,6516200
7655,2010-07-20,17.809998999999998,18.18,17.73,18.17,18.17,5134700
7656,2010-07-21,18.15,18.290001,17.719998999999998,17.780001000000002,17.780001000000002,4404800
7657,2010-07-22,17.9,18.18,17.540001,17.790001,17.790001,9553600
7658,2010-07-23,17.799999,17.92,17.57,17.76,17.76,6655500
7659,2010-07-26,17.74,18.33,17.719998999999998,18.280001000000002,18.280001000000002,5994000
7660,2010-07-27,18.379998999999998,18.690001000000002,18.059998999999998,18.09,18.09,9123600
7661,2010-07-28,18.1,18.290001,17.9,17.91,17.91,5437900
7662,2010-07-29,17.91,18.26,17.26,17.49,17.49,14817500
7663,2010-07-30,17.120001000000002,17.540001,16.870001000000002,17.4,17.4,7971000
7664,2010-08-02,17.639999,17.870001000000002,17.450001,17.790001,17.790001,8328800
7665,2010-08-03,17.49,17.950001,17.4,17.48,17.48,5595700
7666,2010-08-04,17.450001,17.76,17.389999,17.74,17.74,5024100
7667,2010-08-05,17.639999,17.75,17.57,17.629998999999998,17.629998999999998,3606000
7668,2010-08-06,17.469998999999998,17.67,17.26,17.65,17.65,4954500
7669,2010-08-09,17.91,18.15,17.82,18.1,18.1,5967600
7670,2010-08-10,18.02,18.24,17.860001,18.1,18.1,4972400
7671,2010-08-11,17.82,17.879998999999998,17.43,17.530001000000002,17.530001000000002,5942300
7672,2010-08-12,17.23,17.639999,17.219998999999998,17.450001,17.450001,4477200
7673,2010-08-13,17.32,17.57,17.25,17.459999,17.459999,3134600
7674,2010-08-16,17.32,17.52,17.24,17.42,17.42,3401000
7675,2010-08-17,17.639999,18.01,17.530001000000002,17.950001,17.950001,6990000
7676,2010-08-18,18.0,18.01,17.700001,17.77,17.77,3924100
7677,2010-08-19,17.74,17.799999,17.43,17.6,17.6,4550300
7678,2010-08-20,17.559998999999998,17.66,17.209999,17.540001,17.540001,4603500
7679,2010-08-23,17.559998999999998,17.809998999999998,17.49,17.549999,17.549999,4189000
7680,2010-08-24,17.43,17.540001,17.18,17.35,17.35,4770700
7681,2010-08-25,17.25,17.440001000000002,17.190001000000002,17.379998999999998,17.379998999999998,4602200
7682,2010-08-26,17.379998999999998,17.389999,16.969998999999998,16.969998999999998,16.969998999999998,5240300
7683,2010-08-27,17.190001000000002,17.469998999999998,16.98,17.34,17.34,4687700
7684,2010-08-30,17.25,17.299999,17.02,17.030001000000002,17.030001000000002,2191200
7685,2010-08-31,16.969998999999998,17.299999,16.969998999999998,17.16,17.16,5380200
7686,2010-09-01,17.32,17.51,17.25,17.450001,17.450001,4733400
7687,2010-09-02,17.42,17.65,17.34,17.440001000000002,17.440001000000002,3585600
7688,2010-09-03,17.57,17.83,17.450001,17.790001,17.790001,3168900
7689,2010-09-07,17.780001000000002,17.780001000000002,17.59,17.65,17.65,3371600
7690,2010-09-08,17.73,17.83,17.469998999999998,17.57,17.57,6663200
7691,2010-09-09,17.75,17.780001000000002,17.57,17.700001,17.700001,4161700
7692,2010-09-10,17.82,17.950001,17.75,17.9,17.9,5181400
7693,2010-09-13,18.0,18.049999,17.84,17.950001,17.950001,4112100
7694,2010-09-14,17.879998999999998,18.120001000000002,17.860001,18.02,18.02,3732200
7695,2010-09-15,17.950001,18.110001,17.889999,18.02,18.02,6652600
7696,2010-09-16,18.0,18.18,17.889999,18.15,18.15,6451600
7697,2010-09-17,18.110001,18.299999,18.040001,18.200001,18.200001,5207800
7698,2010-09-20,18.25,18.43,18.209999,18.4,18.4,3816400
7699,2010-09-21,18.41,18.450001,18.16,18.299999,18.299999,6014800
7700,2010-09-22,18.299999,18.42,18.02,18.370001000000002,18.370001000000002,7096000
7701,2010-09-23,18.540001,18.799999,18.41,18.450001,18.450001,10974600
7702,2010-09-24,18.66,18.969998999999998,18.57,18.92,18.92,7392300
7703,2010-09-27,18.870001000000002,18.93,18.639999,18.65,18.65,6200900
7704,2010-09-28,18.75,18.9,18.389999,18.799999,18.799999,6227500
7705,2010-09-29,18.719998999999998,18.950001,18.719998999999998,18.799999,18.799999,4775100
7706,2010-09-30,18.84,18.99,18.719998999999998,18.809998999999998,18.809998999999998,6974000
7707,2010-10-01,18.85,18.969998999999998,18.629998999999998,18.9,18.9,7545300
7708,2010-10-04,18.9,18.99,18.6,18.68,18.68,7218100
7709,2010-10-05,18.879998999999998,18.92,18.68,18.85,18.85,11042900
7710,2010-10-06,18.799999,18.959999,18.639999,18.790001,18.790001,4532300
7711,2010-10-07,18.790001,18.860001,18.530001000000002,18.620001000000002,18.620001000000002,3801500
7712,2010-10-08,18.59,18.690001000000002,18.469998999999998,18.6,18.6,6594500
7713,2010-10-11,18.57,18.6,18.33,18.4,18.4,3527400
7714,2010-10-12,18.6,18.799999,18.450001,18.73,18.73,9444400
7715,2010-10-13,18.860001,19.030001000000002,18.700001,18.93,18.93,8399500
7716,2010-10-14,18.84,18.99,18.83,18.940001000000002,18.940001000000002,4728800
7717,2010-10-15,19.110001,19.33,18.9,19.309998999999998,19.309998999999998,7680600
7718,2010-10-18,19.309998999999998,19.360001,18.59,18.940001000000002,18.940001000000002,11646000
7719,2010-10-19,18.9,19.02,18.700001,18.83,18.83,5724500
7720,2010-10-20,18.889999,19.24,18.799999,18.98,18.98,5731300
7721,2010-10-21,19.01,19.35,18.809998999999998,19.17,19.17,7421200
7722,2010-10-22,19.219998999999998,19.459999,19.07,19.379998999999998,19.379998999999998,4869200
7723,2010-10-25,19.540001,19.799999,19.48,19.65,19.65,6149800
7724,2010-10-26,19.65,19.77,19.450001,19.6,19.6,8796200
7725,2010-10-27,19.17,20.26,19.15,20.25,20.25,11328500
7726,2010-10-28,20.209999,20.549999,20.110001,20.5,20.5,9738700
7727,2010-10-29,20.43,20.540001,20.26,20.32,20.32,6183900
7728,2010-11-01,20.370001000000002,20.459999,20.129998999999998,20.18,20.18,5463100
7729,2010-11-02,20.42,20.57,20.08,20.16,20.16,7166800
7730,2010-11-03,20.16,20.280001000000002,19.950001,20.16,20.16,5831800
7731,2010-11-04,20.299999,20.379998999999998,20.030001000000002,20.24,20.24,5606900
7732,2010-11-05,20.32,20.33,20.040001,20.139999,20.139999,2377400
7733,2010-11-08,20.030001000000002,20.18,19.879998999999998,19.99,19.99,2636600
7734,2010-11-09,20.040001,20.049999,19.35,19.48,19.48,9045900
7735,2010-11-10,19.5,19.6,19.33,19.5,19.5,5938800
7736,2010-11-11,19.43,19.58,19.299999,19.469998999999998,19.469998999999998,5488900
7737,2010-11-12,19.41,19.52,19.08,19.25,19.25,5463200
7738,2010-11-15,19.450001,19.51,19.15,19.24,19.24,6984000
7739,2010-11-16,19.07,19.25,18.950001,18.959999,18.959999,9959900
7740,2010-11-17,18.889999,19.18,18.82,19.01,19.01,10558200
7741,2010-11-18,19.35,19.450001,19.200001,19.25,19.25,10799000
7742,2010-11-19,19.200001,19.85,18.99,19.85,19.85,26398100
7743,2010-11-22,19.75,20.18,19.629998999999998,20.139999,20.139999,9886800
7744,2010-11-23,19.92,20.139999,19.75,20.139999,20.139999,15771400
7745,2010-11-24,20.280001000000002,20.629998999999998,20.25,20.52,20.52,34482700
7746,2010-11-26,20.379998999999998,20.43,20.17,20.33,20.33,3819900
7747,2010-11-29,20.18,20.629998999999998,19.700001,20.040001,20.040001,8791100
7748,2010-11-30,19.82,19.940001000000002,19.49,19.57,19.57,7807800
7749,2010-12-01,19.75,20.08,19.639999,19.780001000000002,19.780001000000002,7137800
7750,2010-12-02,19.74,19.790001,19.6,19.74,19.74,5862400
7751,2010-12-03,19.74,19.93,19.52,19.9,19.9,4786100
7752,2010-12-06,19.83,20.23,19.719998999999998,20.16,20.16,6615400
7753,2010-12-07,20.35,20.43,20.049999,20.129998999999998,20.129998999999998,5802300
7754,2010-12-08,20.129998999999998,20.25,19.969998999999998,20.08,20.08,4145700
7755,2010-12-09,20.17,20.23,20.0,20.110001,20.110001,7263200
7756,2010-12-10,20.209999,20.209999,19.969998999999998,20.139999,20.139999,5483200
7757,2010-12-13,20.129998999999998,20.200001,19.790001,19.84,19.84,4257100
7758,2010-12-14,19.969998999999998,20.719998999999998,19.9,20.68,20.68,10633700
7759,2010-12-15,20.629998999999998,20.950001,20.629998999999998,20.85,20.85,6442400
7760,2010-12-16,20.92,21.360001,20.73,21.33,21.33,6499300
7761,2010-12-17,21.290001,21.459999,21.139999,21.4,21.4,13627300
7762,2010-12-20,21.48,21.48,21.01,21.200001,21.200001,4459000
7763,2010-12-21,21.280001000000002,21.34,21.07,21.209999,21.209999,4926200
7764,2010-12-22,21.209999,21.49,21.209999,21.41,21.41,4189700
7765,2010-12-23,21.389999,21.42,21.26,21.41,21.41,2472400
7766,2010-12-27,21.35,21.49,21.17,21.42,21.42,2124900
7767,2010-12-28,21.4,21.48,21.24,21.26,21.26,2403500
7768,2010-12-29,21.33,21.370001000000002,21.139999,21.200001,21.200001,2282600
7769,2010-12-30,21.200001,21.26,21.1,21.17,21.17,1555900
7770,2010-12-31,21.110001,21.209999,20.940001000000002,21.129998999999998,21.129998999999998,2059700
7771,2011-01-03,21.200001,21.76,21.200001,21.66,21.66,5724400
7772,2011-01-04,21.639999,21.67,21.4,21.549999,21.549999,5327500
7773,2011-01-05,21.379998999999998,21.73,21.299999,21.690001000000002,21.690001000000002,7115200
7774,2011-01-06,21.809998999999998,22.5,21.76,22.459999,22.459999,12037400
7775,2011-01-07,22.459999,22.540001,22.110001,22.32,22.32,4798300
7776,2011-01-10,22.17,22.549999,22.08,22.42,22.42,4716400
7777,2011-01-11,22.440001000000002,22.719998999999998,22.4,22.59,22.59,3978600
7778,2011-01-12,22.709999,22.790001,22.4,22.6,22.6,6329200
7779,2011-01-13,22.530001000000002,22.83,22.52,22.73,22.73,3333700
7780,2011-01-14,22.629998999999998,22.799999,22.6,22.799999,22.799999,2259300
7781,2011-01-18,22.91,24.07,22.9,23.83,23.83,11400200
7782,2011-01-19,23.620001000000002,23.66,22.91,23.01,23.01,8075100
7783,2011-01-20,22.940001000000002,23.59,22.940001000000002,23.41,23.41,7295000
7784,2011-01-21,23.290001,23.459999,22.969998999999998,23.01,23.01,6367400
7785,2011-01-24,23.030001000000002,23.559998999999998,23.0,23.52,23.52,4497400
7786,2011-01-25,23.51,23.85,23.33,23.799999,23.799999,6556000
7787,2011-01-26,23.82,24.17,23.76,23.959999,23.959999,7739300
7788,2011-01-27,24.0,24.07,23.5,23.700001,23.700001,5460000
7789,2011-01-28,23.76,23.85,22.879998999999998,22.91,22.91,4806500
7790,2011-01-31,22.91,23.27,22.790001,23.16,23.16,3668200
7791,2011-02-01,23.25,23.799999,23.25,23.540001,23.540001,5701000
7792,2011-02-02,23.42,23.59,23.1,23.139999,23.139999,4742000
7793,2011-02-03,23.08,23.549999,22.9,23.549999,23.549999,2767300
7794,2011-02-04,23.540001,23.58,23.02,23.15,23.15,3841900
7795,2011-02-07,23.200001,23.4,23.02,23.32,23.32,4588300
7796,2011-02-08,23.32,23.34,22.969998999999998,23.0,23.0,5390300
7797,2011-02-09,23.09,23.33,23.0,23.32,23.32,3365500
7798,2011-02-10,23.299999,23.450001,23.059998999999998,23.42,23.42,2548000
7799,2011-02-11,23.33,23.52,23.27,23.35,23.35,4070300
7800,2011-02-14,23.309998999999998,23.41,22.940001000000002,23.370001000000002,23.370001000000002,4114100
7801,2011-02-15,23.290001,23.5,23.25,23.34,23.34,4684100
7802,2011-02-16,23.35,23.57,23.219998999999998,23.34,23.34,4597800
7803,2011-02-17,23.41,23.639999,23.25,23.610001,23.610001,5189900
7804,2011-02-18,23.540001,23.6,23.26,23.34,23.34,4834800
7805,2011-02-22,23.32,23.379998999999998,22.83,22.85,22.85,6223600
7806,2011-02-23,22.82,23.049999,22.27,22.459999,22.459999,8026700
7807,2011-02-24,22.34,22.4,21.52,22.129998999999998,22.129998999999998,19698100
7808,2011-02-25,22.280001000000002,22.860001,22.030001000000002,22.610001,22.610001,12321700
7809,2011-02-28,22.950001,23.209999,22.58,22.870001000000002,22.870001000000002,15670600
7810,2011-03-01,22.98,22.98,22.59,22.67,22.67,10481200
7811,2011-03-02,22.639999,22.93,22.57,22.66,22.66,6530500
7812,2011-03-03,22.84,23.209999,22.82,23.1,23.1,7439200
7813,2011-03-04,23.08,23.129998999999998,22.68,22.74,22.74,5950000
7814,2011-03-07,22.93,23.030001000000002,22.34,22.530001000000002,22.530001000000002,7594600
7815,2011-03-08,22.49,23.0,22.389999,22.84,22.84,4539500
7816,2011-03-09,22.82,22.82,22.459999,22.66,22.66,3749100
7817,2011-03-10,22.370001000000002,22.540001,22.049999,22.33,22.33,3766800
7818,2011-03-11,22.26,22.52,22.0,22.35,22.35,4180700
7819,2011-03-14,22.190001000000002,22.290001,22.059998999999998,22.23,22.23,4672200
7820,2011-03-15,21.719998999999998,22.110001,21.59,21.799999,21.799999,4729400
7821,2011-03-16,21.66,21.66,20.950001,21.139999,21.139999,12727700
7822,2011-03-17,21.4,21.57,21.219998999999998,21.48,21.48,6841000
7823,2011-03-18,21.68,21.82,21.459999,21.66,21.66,6745800
7824,2011-03-21,21.950001,22.17,21.780001000000002,21.799999,21.799999,4754200
7825,2011-03-22,21.799999,22.110001,21.719998999999998,22.059998999999998,22.059998999999998,5788700
7826,2011-03-23,21.98,22.030001000000002,21.559998999999998,21.959999,21.959999,3511600
7827,2011-03-24,22.049999,22.42,21.780001000000002,22.34,22.34,4545300
7828,2011-03-25,22.32,22.49,22.08,22.309998999999998,22.309998999999998,4393500
7829,2011-03-28,22.360001,22.42,22.120001000000002,22.120001000000002,22.120001000000002,3568100
7830,2011-03-29,22.16,22.450001,22.1,22.450001,22.450001,3727400
7831,2011-03-30,22.49,22.879998999999998,22.469998999999998,22.780001000000002,22.780001000000002,4962500
7832,2011-03-31,22.809998999999998,22.860001,22.49,22.66,22.66,3993800
7833,2011-04-01,22.879998999999998,23.23,22.6,23.23,23.23,5910200
7834,2011-04-04,23.209999,23.5,23.15,23.370001000000002,23.370001000000002,3204000
7835,2011-04-05,23.27,23.459999,23.08,23.33,23.33,4164400
7836,2011-04-06,23.469998999999998,23.559998999999998,22.959999,23.200001,23.200001,4288800
7837,2011-04-07,23.18,23.440001000000002,23.08,23.24,23.24,3183700
7838,2011-04-08,23.370001000000002,23.5,23.09,23.440001000000002,23.440001000000002,4499200
7839,2011-04-11,23.5,23.790001,23.5,23.6,23.6,4883400
7840,2011-04-12,23.5,23.66,23.32,23.48,23.48,2241900
7841,2011-04-13,23.5,23.620001000000002,23.35,23.49,23.49,2588300
7842,2011-04-14,23.309998999999998,23.389999,23.1,23.17,23.17,5043700
7843,2011-04-15,23.32,23.98,23.09,23.889999,23.889999,7636400
7844,2011-04-18,23.690001000000002,23.75,23.26,23.48,23.48,4957900
7845,2011-04-19,23.549999,24.059998999999998,22.959999,24.02,24.02,11342900
7846,2011-04-20,24.1,25.1,24.1,24.790001,24.790001,17284600
7847,2011-04-21,24.74,24.93,24.559998999999998,24.66,24.66,10277600
7848,2011-04-25,24.85,25.040001,24.66,25.02,25.02,6145200
7849,2011-04-26,25.030001000000002,25.35,24.84,25.200001,25.200001,7300000
7850,2011-04-27,25.370001000000002,25.459999,25.02,25.23,25.23,6146400
7851,2011-04-28,25.15,25.209999,24.93,25.01,25.01,5400000
7852,2011-04-29,24.950001,25.07,24.790001,24.92,24.92,6765900
7853,2011-05-02,25.129998999999998,25.24,24.73,24.84,24.84,7742200
7854,2011-05-03,24.59,24.68,23.84,24.23,24.23,13000000
7855,2011-05-04,23.98,24.280001000000002,23.73,24.08,24.08,7817800
7856,2011-05-05,23.92,24.23,23.709999,24.040001,24.040001,5200000
7857,2011-05-06,24.23,24.24,23.690001000000002,23.9,23.9,7550300
7858,2011-05-09,23.9,24.049999,23.66,23.99,23.99,7677900
7859,2011-05-10,24.01,24.26,23.73,24.209999,24.209999,6414900
7860,2011-05-11,24.1,24.200001,23.5,23.58,23.58,8100000
7861,2011-05-12,23.58,24.129998999999998,23.41,24.09,24.09,6700000
7862,2011-05-13,24.209999,24.23,23.799999,24.09,24.09,5088500
7863,2011-05-16,23.950001,24.09,23.629998999999998,23.809998999999998,23.809998999999998,5096700
7864,2011-05-17,23.719998999999998,23.719998999999998,23.389999,23.639999,23.639999,3404000
7865,2011-05-18,23.65,23.950001,23.459999,23.91,23.91,2912500
7866,2011-05-19,23.950001,24.1,23.6,24.08,24.08,4566000
7867,2011-05-20,24.1,24.209999,23.74,23.82,23.82,4220500
7868,2011-05-23,23.459999,23.620001000000002,23.09,23.309998999999998,23.309998999999998,4800000
7869,2011-05-24,23.5,23.610001,23.290001,23.379998999999998,23.379998999999998,3933900
7870,2011-05-25,23.24,23.32,22.889999,22.969998999999998,22.969998999999998,6639700
7871,2011-05-26,22.879998999999998,23.08,22.76,23.01,23.01,6652000
7872,2011-05-27,23.01,23.440001000000002,22.950001,23.4,23.4,3495000
7873,2011-05-31,23.57,23.65,23.26,23.549999,23.549999,5008800
7874,2011-06-01,23.549999,23.6,23.110001,23.209999,23.209999,5455000
7875,2011-06-02,23.209999,23.27,22.940001000000002,23.24,23.24,3712500
7876,2011-06-03,22.98,23.1,22.77,22.84,22.84,3406200
7877,2011-06-06,22.73,22.799999,22.389999,22.42,22.42,3672400
7878,2011-06-07,22.440001000000002,22.709999,22.379998999999998,22.559998999999998,22.559998999999998,2776000
7879,2011-06-08,22.549999,22.620001000000002,22.370001000000002,22.530001000000002,22.530001000000002,3753400
7880,2011-06-09,22.540001,22.629998999999998,22.42,22.559998999999998,22.559998999999998,3735700
7881,2011-06-10,22.42,22.530001000000002,22.01,22.040001,22.040001,3274300
7882,2011-06-13,22.02,22.299999,21.91,22.09,22.09,3507700
7883,2011-06-14,22.24,22.67,22.120001000000002,22.530001000000002,22.530001000000002,4172800
7884,2011-06-15,22.35,22.469998999999998,22.049999,22.07,22.07,3703000
7885,2011-06-16,22.16,22.290001,21.99,22.15,22.15,3322200
7886,2011-06-17,22.43,22.459999,22.1,22.27,22.27,7495900
7887,2011-06-20,22.25,22.67,22.15,22.57,22.57,4230200
7888,2011-06-21,22.6,22.9,22.309998999999998,22.85,22.85,5791700
7889,2011-06-22,22.709999,23.65,22.629998999999998,22.85,22.85,4620500
7890,2011-06-23,22.6,22.99,22.299999,22.92,22.92,5041700
7891,2011-06-24,23.1,23.370001000000002,22.790001,23.110001,23.110001,6970400
7892,2011-06-27,23.040001,23.33,22.84,23.23,23.23,6589300
7893,2011-06-28,23.32,23.76,23.23,23.75,23.75,7621300
7894,2011-06-29,23.76,24.200001,23.629998999999998,24.18,24.18,6158900
7895,2011-06-30,24.219998999999998,24.9,24.16,24.67,24.67,8997800
7896,2011-07-01,24.67,24.99,24.52,24.969998999999998,24.969998999999998,4782900
7897,2011-07-05,24.870001000000002,24.91,24.690001000000002,24.780001000000002,24.780001000000002,4305700
7898,2011-07-06,24.83,24.9,24.620001000000002,24.75,24.75,4898900
7899,2011-07-07,24.98,25.0,24.76,24.9,24.9,5830400
7900,2011-07-08,24.74,25.0,24.57,24.98,24.98,5433900
7901,2011-07-11,24.74,24.780001000000002,24.27,24.33,24.33,4133200
7902,2011-07-12,24.389999,24.6,24.129998999999998,24.129998999999998,24.129998999999998,4477800
7903,2011-07-13,24.280001000000002,24.4,23.99,24.02,24.02,4961200
7904,2011-07-14,24.18,24.309998999999998,23.799999,23.860001,23.860001,4727300
7905,2011-07-15,23.91,23.950001,23.469998999999998,23.57,23.57,6388200
7906,2011-07-18,23.540001,23.540001,22.870001000000002,23.129998999999998,23.129998999999998,7904300
7907,2011-07-19,23.25,23.709999,23.200001,23.690001000000002,23.690001000000002,5867200
7908,2011-07-20,23.6,23.690001000000002,23.34,23.389999,23.389999,3835300
7909,2011-07-21,23.559998999999998,23.85,23.48,23.709999,23.709999,3288200
7910,2011-07-22,23.65,23.940001000000002,23.540001,23.940001000000002,23.940001000000002,3672900
7911,2011-07-25,23.83,23.91,23.530001000000002,23.559998999999998,23.559998999999998,3716000
7912,2011-07-26,23.610001,23.76,23.42,23.549999,23.549999,4787500
7913,2011-07-27,23.360001,23.540001,22.77,22.9,22.9,8129100
7914,2011-07-28,22.91,23.4,22.85,23.200001,23.200001,6877800
7915,2011-07-29,23.049999,23.26,22.73,22.780001000000002,22.780001000000002,7209600
7916,2011-08-01,22.99,23.15,22.02,22.15,22.15,6866600
7917,2011-08-02,22.08,22.15,20.82,20.85,20.85,11350500
7918,2011-08-03,20.860001,21.08,20.33,20.41,20.41,14735100
7919,2011-08-04,20.129998999999998,20.32,18.98,19.07,19.07,13648900
7920,2011-08-05,19.27,19.559998999999998,18.450001,19.26,19.26,16531200
7921,2011-08-08,18.690001000000002,19.030001000000002,17.879998999999998,17.879998999999998,17.879998999999998,15334700
7922,2011-08-09,18.07,18.639999,17.290001,18.59,18.59,15751600
7923,2011-08-10,18.17,18.360001,17.360001,17.379998999999998,17.379998999999998,20582500
7924,2011-08-11,17.440001000000002,19.040001,17.360001,18.790001,18.790001,11959700
7925,2011-08-12,18.969998999999998,19.530001000000002,18.799999,19.24,19.24,9172000
7926,2011-08-15,19.389999,19.860001,19.389999,19.82,19.82,6620600
7927,2011-08-16,19.58,20.09,19.469998999999998,20.01,20.01,8463700
7928,2011-08-17,20.030001000000002,20.15,19.540001,19.85,19.85,8422100
7929,2011-08-18,19.190001000000002,19.49,18.379998999999998,18.559998999999998,18.559998999999998,8715600
7930,2011-08-19,18.309998999999998,18.52,17.74,17.83,17.83,11508000
7931,2011-08-22,18.27,18.32,17.67,17.74,17.74,6057200
7932,2011-08-23,17.790001,18.4,17.6,18.370001000000002,18.370001000000002,7471700
7933,2011-08-24,18.200001,18.75,18.120001000000002,18.73,18.73,4644100
7934,2011-08-25,18.809998999999998,18.84,18.139999,18.27,18.27,4490800
7935,2011-08-26,18.15,19.41,17.860001,19.23,19.23,12887600
7936,2011-08-29,19.370001000000002,20.059998999999998,19.370001000000002,20.040001,20.040001,6220300
7937,2011-08-30,19.93,20.469998999999998,19.76,20.389999,20.389999,8415100
7938,2011-08-31,20.440001000000002,20.879998999999998,20.4,20.75,20.75,9784900
7939,2011-09-01,20.879998999999998,20.959999,20.23,20.25,20.25,10519300
7940,2011-09-02,19.959999,19.959999,19.34,19.4,19.4,4868200
7941,2011-09-06,18.950001,19.49,18.84,19.27,19.27,6786600
7942,2011-09-07,19.530001000000002,19.85,19.32,19.85,19.85,5735800
7943,2011-09-08,19.76,19.83,19.450001,19.49,19.49,3585100
7944,2011-09-09,19.33,19.540001,18.969998999999998,19.360001,19.360001,8049800
7945,2011-09-12,19.059998999999998,19.559998999999998,18.959999,19.530001000000002,19.530001000000002,7612500
7946,2011-09-13,19.6,20.540001,19.27,20.219998999999998,20.219998999999998,10629400
7947,2011-09-14,20.18,20.35,19.190001000000002,20.07,20.07,14002900
7948,2011-09-15,20.33,20.799999,19.799999,20.139999,20.139999,8831600
7949,2011-09-16,20.280001000000002,20.879998999999998,20.059998999999998,20.51,20.51,12409300
7950,2011-09-19,20.190001000000002,20.41,19.879998999999998,20.290001,20.290001,5429100
7951,2011-09-20,20.34,20.610001,20.16,20.190001000000002,20.190001000000002,5055900
7952,2011-09-21,20.24,20.41,19.4,19.41,19.41,6059900
7953,2011-09-22,18.82,18.950001,18.0,18.32,18.32,11588900
7954,2011-09-23,18.190001000000002,18.6,18.129998999999998,18.290001,18.290001,4423200
7955,2011-09-26,18.43,18.67,17.790001,18.48,18.48,8393600
7956,2011-09-27,18.48,18.950001,18.389999,18.51,18.51,5596600
7957,2011-09-28,18.540001,18.58,17.65,17.709999,17.709999,8389800
7958,2011-09-29,17.969998999999998,18.290001,17.370001000000002,17.690001000000002,17.690001000000002,8760000
7959,2011-09-30,17.41,17.540001,16.99,16.99,16.99,8469400
7960,2011-10-03,16.84,17.07,16.17,16.190001000000002,16.190001000000002,8457400
7961,2011-10-04,15.92,16.18,15.49,16.16,16.16,10140500
7962,2011-10-05,16.200001,16.92,16.02,16.84,16.84,9251900
7963,2011-10-06,16.84,17.6,16.16,17.540001,17.540001,8137600
7964,2011-10-07,17.639999,17.73,17.299999,17.32,17.32,5554700
7965,2011-10-10,17.75,17.959999,17.450001,17.879998999999998,17.879998999999998,4900600
7966,2011-10-11,17.83,18.129998999999998,17.6,17.91,17.91,7805600
7967,2011-10-12,18.1,18.24,17.889999,18.040001,18.040001,6812300
7968,2011-10-13,17.940001000000002,18.01,17.65,17.870001000000002,17.870001000000002,5804100
7969,2011-10-14,18.030001000000002,18.030001000000002,17.35,17.67,17.67,7246000
7970,2011-10-17,17.639999,17.9,17.280001000000002,17.34,17.34,5868300
7971,2011-10-18,17.34,17.68,17.1,17.549999,17.549999,4741200
7972,2011-10-19,17.59,17.73,17.290001,17.33,17.33,5061700
7973,2011-10-20,17.389999,17.68,17.02,17.379998999999998,17.379998999999998,4377100
7974,2011-10-21,17.59,18.049999,17.49,18.040001,18.040001,5678300
7975,2011-10-24,18.030001000000002,18.629998999999998,17.879998999999998,18.530001000000002,18.530001000000002,8364800
7976,2011-10-25,18.530001000000002,18.780001000000002,18.1,18.209999,18.209999,7387800
7977,2011-10-26,18.969998999999998,19.870001000000002,18.34,19.559998999999998,19.559998999999998,11937600
7978,2011-10-27,20.15,20.52,19.969998999999998,20.35,20.35,11594000
7979,2011-10-28,20.25,20.389999,20.01,20.280001000000002,20.280001000000002,5883900
7980,2011-10-31,20.129998999999998,20.129998999999998,19.57,19.57,19.57,5298500
7981,2011-11-01,19.059998999999998,19.33,18.549999,18.58,18.58,9158200
7982,2011-11-02,18.780001000000002,19.120001000000002,18.469998999999998,18.700001,18.700001,9603400
7983,2011-11-03,18.82,18.98,18.51,18.889999,18.889999,6066600
7984,2011-11-04,18.709999,18.84,18.35,18.51,18.51,6593200
7985,2011-11-07,18.51,18.690001000000002,18.15,18.68,18.68,6173800
7986,2011-11-08,18.799999,19.110001,18.540001,18.99,18.99,6217100
7987,2011-11-09,18.559998999999998,19.280001000000002,17.950001,18.1,18.1,6631800
7988,2011-11-10,18.309998999999998,18.440001000000002,17.959999,18.35,18.35,4389500
7989,2011-11-11,18.549999,18.809998999999998,18.459999,18.73,18.73,2915500
7990,2011-11-14,18.65,18.700001,18.33,18.459999,18.459999,3701800
7991,2011-11-15,18.450001,18.780001000000002,18.26,18.700001,18.700001,3224200
7992,2011-11-16,18.450001,18.639999,18.139999,18.17,18.17,4121600
7993,2011-11-17,18.1,18.219998999999998,17.639999,17.9,17.9,6632300
7994,2011-11-18,17.93,18.15,17.82,17.860001,17.860001,5155300
7995,2011-11-21,17.709999,17.84,17.49,17.66,17.66,4831200
7996,2011-11-22,17.639999,18.059998999999998,17.219998999999998,17.889999,17.889999,8686700
7997,2011-11-23,17.809998999999998,18.1,17.57,17.620001000000002,17.620001000000002,5216400
7998,2011-11-25,17.59,17.66,17.4,17.41,17.41,1786000
7999,2011-11-28,17.76,18.27,17.690001000000002,18.27,18.27,4117900
8000,2011-11-29,18.27,18.68,18.08,18.49,18.49,6314600
8001,2011-11-30,19.040001,19.530001000000002,19.0,19.530001000000002,19.530001000000002,8595700
8002,2011-12-01,19.709999,19.860001,19.57,19.690001000000002,19.690001000000002,7538200
8003,2011-12-02,19.860001,19.940001000000002,19.41,19.5,19.5,5815700
8004,2011-12-05,19.84,20.35,19.780001000000002,19.99,19.99,5221500
8005,2011-12-06,20.030001000000002,20.139999,19.73,19.809998999999998,19.809998999999998,4967900
8006,2011-12-07,19.68,20.129998999999998,19.440001000000002,20.030001000000002,20.030001000000002,8078100
8007,2011-12-08,19.809998999999998,19.889999,19.309998999999998,19.370001000000002,19.370001000000002,9096700
8008,2011-12-09,19.459999,20.049999,19.379998999999998,20.0,20.0,4505800
8009,2011-12-12,19.74,20.65,19.709999,20.1,20.1,9168600
8010,2011-12-13,20.25,20.559998999999998,19.879998999999998,20.040001,20.040001,8612300
8011,2011-12-14,19.969998999999998,20.16,19.92,19.950001,19.950001,4856900
8012,2011-12-15,20.139999,20.370001000000002,20.120001000000002,20.24,20.24,3794100
8013,2011-12-16,20.370001000000002,21.07,20.15,20.879998999999998,20.879998999999998,9791100
8014,2011-12-19,20.92,21.030001000000002,20.51,20.620001000000002,20.620001000000002,4885500
8015,2011-12-20,20.959999,21.49,20.83,21.459999,21.459999,7048800
8016,2011-12-21,21.4,21.48,20.969998999999998,21.25,21.25,5942800
8017,2011-12-22,21.34,21.66,21.139999,21.57,21.57,4294900
8018,2011-12-23,21.67,21.84,21.49,21.83,21.83,2364800
8019,2011-12-27,21.83,21.84,21.450001,21.49,21.49,2864000
8020,2011-12-28,21.57,21.77,21.370001000000002,21.49,21.49,3865400
8021,2011-12-29,21.639999,21.84,21.52,21.809998999999998,21.809998999999998,2389900
8022,2011-12-30,21.700001,21.780001000000002,21.450001,21.459999,21.459999,2190900
8023,2012-01-03,21.959999,22.33,21.91,22.15,22.15,5825600
8024,2012-01-04,22.110001,22.120001000000002,21.639999,21.74,21.74,5090100
8025,2012-01-05,21.530001000000002,21.67,21.33,21.49,21.49,10373700
8026,2012-01-06,21.58,21.73,21.379998999999998,21.469998999999998,21.469998999999998,7296500
8027,2012-01-09,21.58,21.75,21.34,21.709999,21.709999,5351900
8028,2012-01-10,21.969998999999998,22.209999,21.790001,22.190001000000002,22.190001000000002,4583100
8029,2012-01-11,22.190001000000002,22.35,22.01,22.309998999999998,22.309998999999998,8325600
8030,2012-01-12,22.280001000000002,22.35,21.83,22.280001000000002,22.280001000000002,5036000
8031,2012-01-13,22.09,22.25,21.639999,21.709999,21.709999,4140600
8032,2012-01-17,21.73,22.049999,21.48,21.57,21.57,3907500
8033,2012-01-18,21.52,21.91,21.379998999999998,21.84,21.84,4284300
8034,2012-01-19,21.790001,22.040001,21.73,21.870001000000002,21.870001000000002,3459300
8035,2012-01-20,21.870001000000002,21.870001000000002,21.440001000000002,21.559998999999998,21.559998999999998,4089500
8036,2012-01-23,21.6,21.93,21.5,21.52,21.52,3827100
8037,2012-01-24,21.41,21.49,20.719998999999998,20.84,20.84,8051100
8038,2012-01-25,20.370001000000002,21.43,20.370001000000002,21.209999,21.209999,5788700
8039,2012-01-26,21.33,21.5,21.01,21.200001,21.200001,6784700
8040,2012-01-27,21.200001,21.379998999999998,20.870001000000002,21.040001,21.040001,4279800
8041,2012-01-30,20.83,21.040001,20.690001000000002,20.98,20.98,4372600
8042,2012-01-31,21.030001000000002,21.209999,20.620001000000002,20.75,20.75,4415700
8043,2012-02-01,20.959999,22.34,20.940001000000002,21.969998999999998,21.969998999999998,12070500
8044,2012-02-02,21.98,22.040001,21.620001000000002,21.76,21.76,4556300
8045,2012-02-03,22.07,22.469998999999998,22.02,22.440001000000002,22.440001000000002,5039700
8046,2012-02-06,22.32,22.43,22.200001,22.33,22.33,5258500
8047,2012-02-07,22.34,22.559998999999998,22.120001000000002,22.530001000000002,22.530001000000002,6329500
8048,2012-02-08,22.530001000000002,22.91,22.440001000000002,22.889999,22.889999,4689600
8049,2012-02-09,22.879998999999998,23.07,22.67,22.959999,22.959999,4631200
8050,2012-02-10,22.780001000000002,22.889999,22.549999,22.799999,22.799999,3033400
8051,2012-02-13,22.879998999999998,23.049999,22.799999,22.959999,22.959999,2974500
8052,2012-02-14,23.459999,23.82,23.110001,23.24,23.24,6848900
8053,2012-02-15,23.360001,23.6,23.030001000000002,23.16,23.16,6915300
8054,2012-02-16,23.209999,23.66,23.139999,23.6,23.6,6608000
8055,2012-02-17,23.49,23.66,23.309998999999998,23.42,23.42,5956600
8056,2012-02-21,23.82,23.879998999999998,22.530001000000002,22.700001,22.700001,11037800
8057,2012-02-22,22.719998999999998,23.85,22.719998999999998,23.440001000000002,23.440001000000002,9387500
8058,2012-02-23,23.360001,23.780001000000002,23.27,23.690001000000002,23.690001000000002,6257400
8059,2012-02-24,23.709999,23.860001,23.379998999999998,23.48,23.48,4532400
8060,2012-02-27,23.24,23.360001,22.92,23.190001000000002,23.190001000000002,4320800
8061,2012-02-28,23.27,23.32,22.879998999999998,23.190001000000002,23.190001000000002,7347000
8062,2012-02-29,23.129998999999998,23.6,23.049999,23.440001000000002,23.440001000000002,8367300
8063,2012-03-01,23.4,23.719998999999998,23.24,23.639999,23.639999,5053800
8064,2012-03-02,23.66,23.68,23.07,23.16,23.16,3969700
8065,2012-03-05,23.15,23.209999,22.59,22.65,22.65,5673900
8066,2012-03-06,22.41,22.57,22.02,22.209999,22.209999,6900500
8067,2012-03-07,22.280001000000002,22.49,22.17,22.370001000000002,22.370001000000002,4244900
8068,2012-03-08,22.5,22.77,22.459999,22.58,22.58,6046400
8069,2012-03-09,22.65,23.02,22.530001000000002,22.969998999999998,22.969998999999998,5121400
8070,2012-03-12,22.91,23.0,22.67,22.790001,22.790001,3430800
8071,2012-03-13,22.91,23.15,22.860001,23.129998999999998,23.129998999999998,5365200
8072,2012-03-14,23.049999,23.200001,22.59,22.66,22.66,6193100
8073,2012-03-15,22.91,23.129998999999998,22.790001,22.969998999999998,22.969998999999998,4899100
8074,2012-03-16,22.879998999999998,23.08,22.690001000000002,22.889999,22.889999,5453000
8075,2012-03-19,22.780001000000002,22.93,22.549999,22.870001000000002,22.870001000000002,5507100
8076,2012-03-20,22.82,22.98,22.690001000000002,22.74,22.74,3069800
8077,2012-03-21,22.67,23.09,22.65,23.059998999999998,23.059998999999998,4273200
8078,2012-03-22,22.940001000000002,23.16,22.82,23.07,23.07,4997200
8079,2012-03-23,23.07,23.1,22.82,22.98,22.98,3570300
8080,2012-03-26,23.1,23.34,23.049999,23.32,23.32,4506600
8081,2012-03-27,23.379998999999998,23.450001,23.209999,23.35,23.35,3492000
8082,2012-03-28,23.35,23.35,22.91,23.15,23.15,3262600
8083,2012-03-29,23.0,23.25,22.93,23.200001,23.200001,2979200
8084,2012-03-30,23.35,23.49,23.23,23.450001,23.450001,3914900
8085,2012-04-02,23.42,23.629998999999998,23.360001,23.51,23.51,4135100
8086,2012-04-03,23.4,23.549999,23.33,23.540001,23.540001,3949600
8087,2012-04-04,23.41,23.41,23.030001000000002,23.16,23.16,3040500
8088,2012-04-05,23.139999,23.18,22.389999,22.59,22.59,8989000
8089,2012-04-09,22.200001,22.290001,21.92,21.98,21.98,4547400
8090,2012-04-10,21.91,22.02,21.41,21.530001000000002,21.530001000000002,5358400
8091,2012-04-11,21.67,22.09,21.639999,21.9,21.9,5883700
8092,2012-04-12,22.0,22.549999,21.93,22.389999,22.389999,5956600
8093,2012-04-13,22.34,22.4,22.0,22.07,22.07,5548800
8094,2012-04-16,22.110001,22.23,21.98,22.1,22.1,3871800
8095,2012-04-17,22.23,22.799999,22.200001,22.67,22.67,4688300
8096,2012-04-18,22.6,22.66,22.360001,22.51,22.51,5389500
8097,2012-04-19,22.43,22.450001,21.73,22.09,22.09,9688200
8098,2012-04-20,22.17,22.200001,21.719998999999998,21.84,21.84,6175600
8099,2012-04-23,21.700001,21.700001,21.4,21.559998999999998,21.559998999999998,5123000
8100,2012-04-24,21.59,22.0,21.51,21.940001000000002,21.940001000000002,3847800
8101,2012-04-25,21.950001,22.33,21.9,22.200001,22.200001,4171000
8102,2012-04-26,22.6,22.790001,21.85,22.129998999999998,22.129998999999998,5807100
8103,2012-04-27,22.110001,22.27,21.98,22.08,22.08,3655600
8104,2012-04-30,22.09,22.190001000000002,21.549999,21.690001000000002,21.690001000000002,8900400
8105,2012-05-01,21.620001000000002,21.92,21.559998999999998,21.709999,21.709999,6160400
8106,2012-05-02,21.68,21.700001,21.219998999999998,21.42,21.42,7653800
8107,2012-05-03,21.440001000000002,21.51,21.18,21.23,21.23,3977800
8108,2012-05-04,21.129998999999998,21.200001,20.940001000000002,21.0,21.0,3624200
8109,2012-05-07,20.92,21.200001,20.9,21.049999,21.049999,3753700
8110,2012-05-08,20.940001000000002,21.059998999999998,20.58,21.0,21.0,4753900
8111,2012-05-09,20.82,20.870001000000002,20.209999,20.639999,20.639999,5488000
8112,2012-05-10,21.27,21.450001,21.01,21.08,21.08,5465300
8113,2012-05-11,21.120001000000002,21.780001000000002,21.059998999999998,21.52,21.52,7494600
8114,2012-05-14,21.309998999999998,21.549999,21.17,21.42,21.42,8361200
8115,2012-05-15,21.41,21.51,21.120001000000002,21.219998999999998,21.219998999999998,5197500
8116,2012-05-16,21.219998999999998,21.77,21.15,21.280001000000002,21.280001000000002,8271100
8117,2012-05-17,21.25,21.639999,21.16,21.16,21.16,7558100
8118,2012-05-18,21.23,21.35,20.74,20.809998999999998,20.809998999999998,7562400
8119,2012-05-21,20.83,21.379998999999998,20.73,21.209999,21.209999,6278100
8120,2012-05-22,21.26,21.559998999999998,21.15,21.27,21.27,5662600
8121,2012-05-23,21.120001000000002,21.219998999999998,20.51,20.889999,20.889999,7644900
8122,2012-05-24,20.93,21.32,20.9,21.280001000000002,21.280001000000002,7429400
8123,2012-05-25,21.25,21.690001000000002,21.209999,21.629998999999998,21.629998999999998,5504600
8124,2012-05-29,21.74,22.25,21.700001,21.889999,21.889999,5650000
8125,2012-05-30,21.75,21.799999,21.370001000000002,21.530001000000002,21.530001000000002,8344100
8126,2012-05-31,21.52,21.91,21.32,21.67,21.67,6273800
8127,2012-06-01,21.49,21.5,20.98,20.98,20.98,6375100
8128,2012-06-04,21.01,21.32,20.52,20.9,20.9,7045600
8129,2012-06-05,20.84,21.040001,20.690001000000002,20.99,20.99,2993200
8130,2012-06-06,21.08,21.41,20.950001,21.370001000000002,21.370001000000002,3398000
8131,2012-06-07,21.51,21.66,21.34,21.389999,21.389999,3864500
8132,2012-06-08,21.49,21.59,21.309998999999998,21.549999,21.549999,3543600
8133,2012-06-11,21.690001000000002,21.74,21.08,21.110001,21.110001,3776300
8134,2012-06-12,21.120001000000002,21.23,20.809998999999998,21.01,21.01,5882800
8135,2012-06-13,21.02,21.110001,20.719998999999998,20.860001,20.860001,5894700
8136,2012-06-14,20.889999,21.110001,20.85,21.030001000000002,21.030001000000002,4087700
8137,2012-06-15,21.09,21.27,20.959999,21.200001,21.200001,5412700
8138,2012-06-18,21.15,21.18,20.91,21.07,21.07,3680600
8139,2012-06-19,21.16,21.4,21.07,21.34,21.34,2732800
8140,2012-06-20,21.370001000000002,21.700001,21.32,21.530001000000002,21.530001000000002,3427800
8141,2012-06-21,21.549999,21.66,21.059998999999998,21.120001000000002,21.120001000000002,3531100
8142,2012-06-22,21.15,21.34,21.040001,21.23,21.23,3672200
8143,2012-06-25,21.0,21.049999,20.68,20.799999,20.799999,3515600
8144,2012-06-26,20.780001000000002,20.85,20.559998999999998,20.67,20.67,2577400
8145,2012-06-27,20.709999,21.08,20.690001000000002,20.950001,20.950001,2430100
8146,2012-06-28,20.82,20.860001,20.5,20.82,20.82,3468500
8147,2012-06-29,21.110001,21.41,21.1,21.370001000000002,21.370001000000002,4856200
8148,2012-07-02,21.440001000000002,21.9,21.379998999999998,21.74,21.74,3808200
8149,2012-07-03,21.780001000000002,22.26,21.75,22.07,22.07,2103500
8150,2012-07-05,21.91,22.07,21.59,21.77,21.77,2830500
8151,2012-07-06,21.690001000000002,21.91,21.379998999999998,21.59,21.59,2290200
8152,2012-07-09,21.6,21.91,21.49,21.82,21.82,3496400
8153,2012-07-10,21.889999,21.99,21.5,21.59,21.59,3299000
8154,2012-07-11,21.559998999999998,21.780001000000002,21.450001,21.65,21.65,3023800
8155,2012-07-12,21.540001,21.709999,21.200001,21.58,21.58,3262200
8156,2012-07-13,21.58,22.219998999999998,21.549999,22.059998999999998,22.059998999999998,4138100
8157,2012-07-16,22.139999,22.25,22.049999,22.09,22.09,2512000
8158,2012-07-17,22.18,22.67,22.049999,22.5,22.5,5322100
8159,2012-07-18,22.459999,22.719998999999998,22.4,22.549999,22.549999,3971500
8160,2012-07-19,22.5,22.66,22.33,22.610001,22.610001,3989000
8161,2012-07-20,22.5,22.52,22.25,22.299999,22.299999,3522800
8162,2012-07-23,22.049999,22.07,21.610001,22.0,22.0,3295300
8163,2012-07-24,21.92,21.950001,21.309998999999998,21.540001,21.540001,4568500
8164,2012-07-25,21.639999,21.83,21.459999,21.690001000000002,21.690001000000002,3921300
8165,2012-07-26,22.450001,23.0,22.16,22.75,22.75,10929200
8166,2012-07-27,22.969998999999998,23.4,22.93,23.27,23.27,9649700
8167,2012-07-30,23.200001,23.42,23.15,23.34,23.34,4750800
8168,2012-07-31,23.34,23.43,23.0,23.030001000000002,23.030001000000002,5038400
8169,2012-08-01,23.110001,23.309998999999998,22.879998999999998,22.950001,22.950001,4037300
8170,2012-08-02,22.809998999999998,22.969998999999998,22.5,22.74,22.74,5349000
8171,2012-08-03,23.049999,23.280001000000002,23.0,23.129998999999998,23.129998999999998,5225700
8172,2012-08-06,23.17,23.360001,23.08,23.25,23.25,3739200
8173,2012-08-07,23.299999,23.35,23.200001,23.25,23.25,6892500
8174,2012-08-08,23.24,23.299999,23.08,23.18,23.18,4946700
8175,2012-08-09,23.129998999999998,23.360001,23.040001,23.299999,23.299999,2886600
8176,2012-08-10,23.34,23.48,23.1,23.459999,23.459999,4076200
8177,2012-08-13,23.4,23.5,23.290001,23.49,23.49,3665900
8178,2012-08-14,23.5,23.5,23.32,23.4,23.4,3064000
8179,2012-08-15,23.370001000000002,23.73,23.35,23.620001000000002,23.620001000000002,4410200
8180,2012-08-16,23.68,23.959999,23.549999,23.74,23.74,3688500
8181,2012-08-17,23.790001,23.799999,23.459999,23.629998999999998,23.629998999999998,2600600
8182,2012-08-20,23.559998999999998,23.91,23.540001,23.879998999999998,23.879998999999998,3734800
8183,2012-08-21,23.98,23.99,23.75,23.83,23.83,3585000
8184,2012-08-22,23.75,23.889999,23.66,23.76,23.76,2925300
8185,2012-08-23,23.67,23.75,23.299999,23.559998999999998,23.559998999999998,3525100
8186,2012-08-24,23.57,23.870001000000002,23.51,23.790001,23.790001,2210500
8187,2012-08-27,23.790001,23.82,23.549999,23.59,23.59,3917000
8188,2012-08-28,23.6,23.6,23.360001,23.43,23.43,3273900
8189,2012-08-29,23.4,23.709999,23.34,23.610001,23.610001,2538400
8190,2012-08-30,23.49,23.57,23.24,23.48,23.48,2197400
8191,2012-08-31,23.65,23.83,23.48,23.57,23.57,3006400
8192,2012-09-04,23.57,23.75,23.280001000000002,23.639999,23.639999,2810600
8193,2012-09-05,23.6,23.84,23.5,23.790001,23.790001,2135900
8194,2012-09-06,23.9,24.24,23.870001000000002,24.07,24.07,4810000
8195,2012-09-07,24.09,24.200001,24.02,24.059998999999998,24.059998999999998,1973200
8196,2012-09-10,24.059998999999998,24.17,23.950001,23.950001,23.950001,2844600
8197,2012-09-11,23.940001000000002,24.139999,23.91,24.01,24.01,3020700
8198,2012-09-12,24.0,24.23,23.85,23.959999,23.959999,3904400
8199,2012-09-13,23.91,24.4,23.91,24.26,24.26,3453000
8200,2012-09-14,24.389999,24.48,24.16,24.299999,24.299999,3744000
8201,2012-09-17,24.299999,24.35,24.0,24.200001,24.200001,2391200
8202,2012-09-18,24.209999,24.379998999999998,24.1,24.35,24.35,2069400
8203,2012-09-19,24.389999,24.51,24.25,24.41,24.41,3147100
8204,2012-09-20,24.309998999999998,24.639999,24.209999,24.49,24.49,4233600
8205,2012-09-21,24.459999,24.67,24.299999,24.549999,24.549999,6949500
8206,2012-09-24,24.49,24.549999,24.120001000000002,24.200001,24.200001,3769200
8207,2012-09-25,24.290001,24.5,24.16,24.219998999999998,24.219998999999998,2981300
8208,2012-09-26,24.25,24.43,23.93,24.049999,24.049999,2569200
8209,2012-09-27,24.139999,24.52,23.92,24.5,24.5,4917800
8210,2012-09-28,24.49,24.49,24.139999,24.370001000000002,24.370001000000002,4189700
8211,2012-10-01,24.5,24.82,24.23,24.33,24.33,5355200
8212,2012-10-02,24.4,24.52,24.26,24.35,24.35,3515100
8213,2012-10-03,24.389999,24.629998999999998,24.35,24.530001000000002,24.530001000000002,2911800
8214,2012-10-04,24.530001000000002,24.709999,24.42,24.67,24.67,2803300
8215,2012-10-05,24.780001000000002,24.879998999999998,24.559998999999998,24.629998999999998,24.629998999999998,3231600
8216,2012-10-08,24.620001000000002,24.65,24.389999,24.549999,24.549999,1406000
8217,2012-10-09,24.5,24.52,24.049999,24.07,24.07,3296900
8218,2012-10-10,24.15,24.190001000000002,23.799999,23.940001000000002,23.940001000000002,3321000
8219,2012-10-11,24.139999,24.15,23.959999,23.959999,23.959999,2737600
8220,2012-10-12,23.99,24.049999,23.65,23.780001000000002,23.780001000000002,3843700
8221,2012-10-15,23.82,24.01,23.809998999999998,23.959999,23.959999,3407600
8222,2012-10-16,24.049999,24.1,23.950001,24.040001,24.040001,3068100
8223,2012-10-17,24.1,24.49,24.049999,24.280001000000002,24.280001000000002,4666000
8224,2012-10-18,24.25,24.299999,24.049999,24.129998999999998,24.129998999999998,3264600
8225,2012-10-19,24.15,24.290001,23.530001000000002,23.65,23.65,5514100
8226,2012-10-22,23.59,23.74,23.549999,23.68,23.68,3096300
8227,2012-10-23,23.5,23.5,23.25,23.440001000000002,23.440001000000002,4785300
8228,2012-10-24,23.48,23.98,23.450001,23.940001000000002,23.940001000000002,8254100
8229,2012-10-25,24.43,25.02,24.25,25.0,25.0,10388600
8230,2012-10-26,25.200001,25.51,24.879998999999998,25.219998999999998,25.219998999999998,10145300
8231,2012-10-31,25.200001,25.4,24.950001,25.34,25.34,5652200
8232,2012-11-01,25.299999,26.0,25.299999,25.889999,25.889999,5760000
8233,2012-11-02,25.93,26.0,25.66,25.68,25.68,3971000
8234,2012-11-05,25.629998999999998,25.969998999999998,25.440001000000002,25.84,25.84,3604100
8235,2012-11-06,25.879998999999998,26.200001,25.629998999999998,26.02,26.02,5406700
8236,2012-11-07,25.799999,25.99,25.360001,25.82,25.82,4656600
8237,2012-11-08,25.799999,26.02,25.629998999999998,25.65,25.65,4275800
8238,2012-11-09,25.68,26.24,25.549999,25.870001000000002,25.870001000000002,6437600
8239,2012-11-12,25.950001,26.549999,25.85,26.040001,26.040001,8108500
8240,2012-11-13,26.040001,26.280001000000002,25.950001,26.15,26.15,5344400
8241,2012-11-14,26.1,26.15,25.42,25.6,25.6,5892000
8242,2012-11-15,25.540001,25.799999,25.4,25.5,25.5,5402900
8243,2012-11-16,25.700001,25.92,25.459999,25.540001,25.540001,9081700
8244,2012-11-19,25.73,26.120001000000002,25.700001,25.940001000000002,25.940001000000002,6555500
8245,2012-11-20,25.969998999999998,26.15,25.889999,26.030001000000002,26.030001000000002,4711700
8246,2012-11-21,26.190001000000002,26.58,26.190001000000002,26.49,26.49,4912000
8247,2012-11-23,26.629998999999998,27.309998999999998,26.57,27.110001,27.110001,3189100
8248,2012-11-26,27.0,27.07,26.629998999999998,26.99,26.99,6033000
8249,2012-11-27,26.950001,27.4,26.92,27.200001,27.200001,7207800
8250,2012-11-28,27.09,27.200001,26.75,27.190001000000002,27.190001000000002,5281700
8251,2012-11-29,27.290001,27.450001,27.16,27.290001,27.290001,3906800
8252,2012-11-30,27.34,27.5,27.15,27.18,27.18,6190100
8253,2012-12-03,27.26,27.459999,27.120001000000002,27.360001,27.360001,3912300
8254,2012-12-04,27.299999,27.49,27.23,27.389999,27.389999,2423200
8255,2012-12-05,27.4,27.540001,27.129998999999998,27.27,27.27,4761400
8256,2012-12-06,27.299999,27.35,27.09,27.309998999999998,27.309998999999998,4257000
8257,2012-12-07,27.379998999999998,27.379998999999998,26.92,27.26,27.26,4083000
8258,2012-12-10,27.219998999999998,28.1,27.15,28.02,28.02,5988700
8259,2012-12-11,28.040001,28.07,27.559998999999998,27.85,27.85,8078400
8260,2012-12-12,27.879998999999998,28.030001000000002,27.690001000000002,27.84,27.84,7499800
8261,2012-12-13,27.59,28.129998999999998,27.58,27.969998999999998,27.969998999999998,7200600
8262,2012-12-14,27.940001000000002,28.08,27.780001000000002,27.969998999999998,27.969998999999998,4754000
8263,2012-12-17,28.030001000000002,28.219998999999998,27.940001000000002,28.190001000000002,28.190001000000002,9521200
8264,2012-12-18,28.190001000000002,28.5,28.049999,28.299999,28.299999,9743400
8265,2012-12-19,28.34,28.35,27.5,27.74,27.74,9113800
8266,2012-12-20,27.77,27.9,27.68,27.77,27.77,5614100
8267,2012-12-21,27.58,27.91,27.49,27.809998999999998,27.809998999999998,8774100
8268,2012-12-24,27.76,28.02,27.67,27.950001,27.950001,2497900
8269,2012-12-26,28.07,28.08,27.360001,27.450001,27.450001,3415200
8270,2012-12-27,27.48,27.620001000000002,26.950001,27.35,27.35,3064200
8271,2012-12-28,27.17,27.4,26.91,26.92,26.92,3450900
8272,2012-12-31,26.99,27.49,26.93,27.450001,27.450001,3996400
8273,2013-01-02,27.84,28.049999,27.4,27.700001,27.700001,7450500
8274,2013-01-03,27.620001000000002,27.75,27.52,27.620001000000002,27.620001000000002,5120100
8275,2013-01-04,27.65,28.24,27.65,28.200001,28.200001,5440600
8276,2013-01-07,28.049999,28.139999,27.76,27.91,27.91,5954900
8277,2013-01-08,27.6,27.780001000000002,27.379998999999998,27.780001000000002,27.780001000000002,7200200
8278,2013-01-09,27.83,28.219998999999998,27.77,28.030001000000002,28.030001000000002,3838400
8279,2013-01-10,28.280001000000002,28.6,28.219998999999998,28.25,28.25,4795600
8280,2013-01-11,28.32,28.51,27.77,27.84,27.84,7194900
8281,2013-01-14,27.780001000000002,27.870001000000002,27.540001,27.540001,27.540001,8678600
8282,2013-01-15,27.5,28.049999,27.5,27.98,27.98,4852600
8283,2013-01-16,27.99,28.219998999999998,27.93,28.07,28.07,5793400
8284,2013-01-17,28.120001000000002,28.190001000000002,27.889999,28.040001,28.040001,5962700
8285,2013-01-18,28.0,28.07,27.75,28.0,28.0,2635900
8286,2013-01-22,27.969998999999998,28.0,27.74,27.889999,27.889999,3952200
8287,2013-01-23,27.85,28.360001,27.66,28.15,28.15,5376600
8288,2013-01-24,28.129998999999998,28.6,28.120001000000002,28.33,28.33,3406900
8289,2013-01-25,28.389999,28.6,28.32,28.459999,28.459999,3546200
8290,2013-01-28,28.5,28.5,28.190001000000002,28.25,28.25,4088000
8291,2013-01-29,28.25,28.389999,28.110001,28.290001,28.290001,4137700
8292,2013-01-30,28.26,28.42,28.120001000000002,28.200001,28.200001,4355300
8293,2013-01-31,28.15,28.4,28.059998999999998,28.27,28.27,6203700
8294,2013-02-01,28.440001000000002,29.049999,28.35,28.889999,28.889999,5102700
8295,2013-02-04,28.809998999999998,29.01,28.639999,28.639999,28.639999,4586600
8296,2013-02-05,28.790001,29.040001,28.709999,28.959999,28.959999,4706100
8297,2013-02-06,28.83,28.889999,28.610001,28.809998999999998,28.809998999999998,3853600
8298,2013-02-07,28.77,28.870001000000002,28.58,28.799999,28.799999,4974200
8299,2013-02-08,28.889999,29.049999,28.77,28.860001,28.860001,3564500
8300,2013-02-11,28.780001000000002,28.92,28.719998999999998,28.85,28.85,2687000
8301,2013-02-12,28.809998999999998,28.950001,28.719998999999998,28.799999,28.799999,4452200
8302,2013-02-13,28.91,28.959999,28.75,28.860001,28.860001,3236500
8303,2013-02-14,28.719998999999998,29.209999,28.629998999999998,29.16,29.16,5730800
8304,2013-02-15,29.09,29.280001000000002,28.950001,29.219998999999998,29.219998999999998,4591000
8305,2013-02-19,29.18,29.299999,28.969998999999998,29.110001,29.110001,2984000
8306,2013-02-20,29.09,29.15,28.700001,28.709999,28.709999,4808400
8307,2013-02-21,28.690001000000002,28.92,28.34,28.809998999999998,28.809998999999998,6370300
8308,2013-02-22,28.83,29.01,28.709999,28.98,28.98,4546600
8309,2013-02-25,29.120001000000002,29.27,28.51,28.52,28.52,3943300
8310,2013-02-26,28.559998999999998,28.610001,27.950001,28.33,28.33,5106000
8311,2013-02-27,28.23,28.68,28.18,28.57,28.57,3581200
8312,2013-02-28,29.34,30.469998999999998,29.34,29.610001,29.610001,12600200
8313,2013-03-01,29.629998999999998,30.41,29.440001000000002,30.1,30.1,8696500
8314,2013-03-04,30.059998999999998,30.77,29.76,30.73,30.73,9271400
8315,2013-03-05,30.870001000000002,30.969998999999998,30.5,30.690001000000002,30.690001000000002,6969200
8316,2013-03-06,30.709999,30.92,30.459999,30.9,30.9,6639600
8317,2013-03-07,31.0,31.0,30.68,30.790001,30.790001,5739500
8318,2013-03-08,30.85,30.959999,30.690001000000002,30.73,30.73,4573800
8319,2013-03-11,30.6,30.83,29.969998999999998,30.77,30.77,7328600
8320,2013-03-12,30.73,31.02,30.58,30.950001,30.950001,6807700
8321,2013-03-13,30.950001,31.219998999999998,30.610001,30.98,30.98,6145900
8322,2013-03-14,31.01,31.129998999999998,30.530001000000002,31.01,31.01,8099300
8323,2013-03-15,30.969998999999998,31.01,30.42,30.469998999999998,30.469998999999998,8876800
8324,2013-03-18,30.15,30.74,29.950001,30.68,30.68,6614800
8325,2013-03-19,30.790001,30.84,30.43,30.77,30.77,6249400
8326,2013-03-20,30.860001,31.02,30.610001,30.77,30.77,4860700
8327,2013-03-21,30.58,30.68,30.120001000000002,30.190001000000002,30.190001000000002,4304300
8328,2013-03-22,30.34,30.41,29.639999,29.82,29.82,5394400
8329,2013-03-25,29.389999,29.57,29.219998999999998,29.27,29.27,7382300
8330,2013-03-26,29.4,29.51,28.9,29.02,29.02,7326600
8331,2013-03-27,28.790001,28.92,28.639999,28.74,28.74,7509400
8332,2013-03-28,28.790001,28.99,28.65,28.959999,28.959999,6734600
8333,2013-04-01,28.950001,28.99,28.5,28.700001,28.700001,3716100
8334,2013-04-02,28.73,28.809998999999998,28.120001000000002,28.6,28.6,10850700
8335,2013-04-03,28.549999,28.639999,27.860001,28.51,28.51,17084000
8336,2013-04-04,28.540001,28.75,28.379998999999998,28.639999,28.639999,7617900
8337,2013-04-05,28.360001,28.66,28.200001,28.629998999999998,28.629998999999998,4066300
8338,2013-04-08,28.639999,28.65,28.35,28.370001000000002,28.370001000000002,5077600
8339,2013-04-09,28.51,28.75,28.4,28.610001,28.610001,4234200
8340,2013-04-10,28.700001,28.85,28.440001000000002,28.549999,28.549999,4870600
8341,2013-04-11,28.65,29.15,28.530001000000002,28.950001,28.950001,4639500
8342,2013-04-12,28.959999,28.99,28.6,28.68,28.68,4254200
8343,2013-04-15,28.639999,28.73,28.040001,28.1,28.1,5804400
8344,2013-04-16,28.18,28.32,28.049999,28.299999,28.299999,6217100
8345,2013-04-17,28.1,28.209999,27.809998999999998,28.02,28.02,4968600
8346,2013-04-18,28.030001000000002,28.09,27.66,27.959999,27.959999,5260700
8347,2013-04-19,27.93,28.41,27.92,28.34,28.34,4756800
8348,2013-04-22,28.5,28.5,28.16,28.33,28.33,5335200
8349,2013-04-23,28.49,28.75,28.389999,28.620001000000002,28.620001000000002,4430600
8350,2013-04-24,28.700001,28.809998999999998,28.549999,28.690001000000002,28.690001000000002,5908100
8351,2013-04-25,28.82,29.309998999999998,28.73,29.280001000000002,29.280001000000002,9660500
8352,2013-04-26,29.299999,29.5,29.17,29.309998999999998,29.309998999999998,6767800
8353,2013-04-29,29.299999,29.51,28.99,29.01,29.01,4884700
8354,2013-04-30,28.889999,29.129998999999998,28.73,29.110001,29.110001,6278400
8355,2013-05-01,29.08,29.139999,28.68,28.700001,28.700001,4853800
8356,2013-05-02,28.75,28.93,28.48,28.83,28.83,5378900
8357,2013-05-03,29.030001000000002,29.17,28.799999,28.9,28.9,4872600
8358,2013-05-06,29.0,29.49,28.67,29.450001,29.450001,6633200
8359,2013-05-07,29.57,29.9,29.530001000000002,29.690001000000002,29.690001000000002,4555600
8360,2013-05-08,29.67,29.93,29.299999,29.33,29.33,4414300
8361,2013-05-09,29.209999,29.41,28.870001000000002,29.27,29.27,5827300
8362,2013-05-10,29.120001000000002,29.66,28.99,29.65,29.65,4961700
8363,2013-05-13,29.559998999999998,29.629998999999998,29.049999,29.200001,29.200001,3709800
8364,2013-05-14,29.299999,31.0,29.02,30.1,30.1,9796100
8365,2013-05-15,27.77,30.530001000000002,27.77,30.5,30.5,5631000
8366,2013-05-16,30.799999,31.469998999999998,30.34,30.700001,30.700001,7256100
8367,2013-05-17,30.9,31.469998999999998,30.84,31.4,31.4,5720300
8368,2013-05-20,31.35,31.889999,31.139999,31.280001000000002,31.280001000000002,4321400
8369,2013-05-21,31.23,31.379998999999998,30.950001,31.23,31.23,3568500
8370,2013-05-22,31.25,32.09,31.15,31.549999,31.549999,8435100
8371,2013-05-23,31.27,32.0,31.17,31.75,31.75,4021900
8372,2013-05-24,31.690001000000002,31.690001000000002,31.040001,31.18,31.18,5952800
8373,2013-05-28,31.58,32.27,31.440001000000002,31.629998999999998,31.629998999999998,4299100
8374,2013-05-29,31.629998999999998,31.67,30.950001,31.110001,31.110001,3845700
8375,2013-05-30,31.07,31.33,30.9,30.969998999999998,30.969998999999998,4317900
8376,2013-05-31,30.84,31.01,30.48,30.48,30.48,4798200
8377,2013-06-03,30.459999,30.85,30.110001,30.4,30.4,4567200
8378,2013-06-04,30.309998999999998,30.4,29.5,29.870001000000002,29.870001000000002,6481200
8379,2013-06-05,29.9,30.450001,29.73,29.889999,29.889999,5448800
8380,2013-06-06,29.9,30.42,29.700001,30.41,30.41,3588000
8381,2013-06-07,30.52,30.959999,30.15,30.58,30.58,2540900
8382,2013-06-10,30.65,30.9,30.43,30.709999,30.709999,2560600
8383,2013-06-11,30.51,31.120001000000002,30.299999,30.77,30.77,4127600
8384,2013-06-12,30.92,31.360001,30.73,30.82,30.82,4410500
8385,2013-06-13,30.809998999999998,31.42,30.440001000000002,31.34,31.34,3451300
8386,2013-06-14,31.450001,32.0,31.299999,31.68,31.68,3841100
8387,2013-06-17,31.83,32.0,31.209999,31.540001,31.540001,4009400
8388,2013-06-18,31.620001000000002,31.959999,31.41,31.870001000000002,31.870001000000002,3417300
8389,2013-06-19,31.889999,31.92,31.139999,31.27,31.27,3461800
8390,2013-06-20,31.040001,31.059998999999998,30.18,30.35,30.35,5468800
8391,2013-06-21,30.49,30.809998999999998,29.9,30.629998999999998,30.629998999999998,10274300
8392,2013-06-24,30.33,30.51,29.93,30.25,30.25,3814000
8393,2013-06-25,30.549999,30.719998999999998,30.1,30.4,30.4,5096300
8394,2013-06-26,30.450001,30.809998999999998,30.34,30.48,30.48,3138900
8395,2013-06-27,30.719998999999998,30.98,30.6,30.9,30.9,3778900
8396,2013-06-28,30.85,31.469998999999998,30.73,31.030001000000002,31.030001000000002,5697300
8397,2013-07-01,30.950001,31.389999,30.85,30.860001,30.860001,3266600
8398,2013-07-02,30.83,30.889999,30.280001000000002,30.370001000000002,30.370001000000002,3793900
8399,2013-07-03,30.18,30.57,30.01,30.469998999999998,30.469998999999998,1723000
8400,2013-07-05,30.73,30.959999,30.57,30.84,30.84,2300900
8401,2013-07-08,31.02,31.120001000000002,30.59,30.9,30.9,3394400
8402,2013-07-09,31.129998999999998,31.5,30.91,31.190001000000002,31.190001000000002,3631700
8403,2013-07-10,31.23,31.49,30.98,31.280001000000002,31.280001000000002,3239600
8404,2013-07-11,31.57,31.75,31.42,31.440001000000002,31.440001000000002,4823800
8405,2013-07-12,31.549999,32.099998,31.51,32.09,32.09,3558400
8406,2013-07-15,32.099998,32.240002000000004,31.639999,32.130001,32.130001,3153400
8407,2013-07-16,32.23,32.279999,31.92,32.110001000000004,32.110001000000004,3670000
8408,2013-07-17,32.099998,32.240002000000004,31.76,31.98,31.98,3222900
8409,2013-07-18,32.009997999999996,32.619999,32.0,32.299999,32.299999,2753600
8410,2013-07-19,32.419998,32.700001,32.0,32.669998,32.669998,2839800
8411,2013-07-22,33.0,33.07,32.529999,32.650002,32.650002,2447800
8412,2013-07-23,32.720001,32.75,32.150002,32.32,32.32,3815100
8413,2013-07-24,32.32,32.610001000000004,32.16,32.380001,32.380001,1894200
8414,2013-07-25,32.189999,32.650002,32.0,32.59,32.59,2001200
8415,2013-07-26,32.580002,33.5,32.400002,33.43,33.43,4305200
8416,2013-07-29,33.330002,33.619999,33.049999,33.099998,33.099998,2852100
8417,2013-07-30,33.27,33.48,33.029999,33.41,33.41,3763200
8418,2013-07-31,33.369999,33.740002000000004,33.200001,33.560001,33.560001,4442300
8419,2013-08-01,33.73,34.619999,33.529999,33.98,33.98,6080800
8420,2013-08-02,35.41,36.77,35.330002,36.400002,36.400002,14189800
8421,2013-08-05,36.610001000000004,36.990002000000004,36.34,36.880001,36.880001,7182800
8422,2013-08-06,36.93,37.099998,36.529999,36.82,36.82,4619100
8423,2013-08-07,36.799999,37.470001,36.709998999999996,37.080002,37.080002,6348700
8424,2013-08-08,37.099998,37.32,36.77,37.049999,37.049999,3443000
8425,2013-08-09,36.860001000000004,37.389998999999996,36.84,37.189999,37.189999,2973800
8426,2013-08-12,36.990002000000004,37.299999,36.779999,37.189999,37.189999,5967000
8427,2013-08-13,37.130001,37.349998,36.98,37.150002,37.150002,7605000
8428,2013-08-14,37.209998999999996,37.25,36.610001000000004,36.82,36.82,3991300
8429,2013-08-15,36.59,36.790001000000004,36.07,36.200001,36.200001,5761200
8430,2013-08-16,36.099998,36.599998,36.09,36.189999,36.189999,3354900
8431,2013-08-19,36.880001,36.880001,35.880001,35.990002000000004,35.990002000000004,4145700
8432,2013-08-20,35.990002000000004,36.07,35.669998,35.73,35.73,4053000
8433,2013-08-21,35.619999,35.810001,35.189999,35.439999,35.439999,5044200
8434,2013-08-22,35.419998,35.849998,35.41,35.580002,35.580002,2046900
8435,2013-08-23,35.709998999999996,35.880001,35.52,35.790001000000004,35.790001000000004,2330200
8436,2013-08-26,35.700001,35.990002000000004,35.52,35.52,35.52,1878900
8437,2013-08-27,35.259997999999996,35.310001,34.459998999999996,34.759997999999996,34.759997999999996,2658400
8438,2013-08-28,34.84,35.23,34.59,35.060001,35.060001,2434200
8439,2013-08-29,34.830002,35.540001000000004,34.82,35.34,35.34,2546200
8440,2013-08-30,35.369999,35.450001,35.049999,35.34,35.34,3197100
8441,2013-09-03,35.75,35.880001,35.450001,35.709998999999996,35.709998999999996,5851300
8442,2013-09-04,35.650002,36.080002,35.509997999999996,35.93,35.93,2589500
8443,2013-09-05,35.950001,36.07,35.650002,35.880001,35.880001,1711200
8444,2013-09-06,35.889998999999996,35.990002000000004,34.860001000000004,35.290001000000004,35.290001000000004,5327200
8445,2013-09-09,35.459998999999996,36.560001,35.099998,36.490002000000004,36.490002000000004,6830000
8446,2013-09-10,37.529999,38.560001,37.389998999999996,38.240002000000004,38.240002000000004,11219500
8447,2013-09-11,38.240002000000004,38.5,37.830002,38.049999,38.049999,5591200
8448,2013-09-12,38.209998999999996,38.880001,38.09,38.720001,38.720001,5729900
8449,2013-09-13,38.799999,38.98,38.639998999999996,38.919998,38.919998,4046000
8450,2013-09-16,39.349998,39.41,38.77,38.950001,38.950001,4645000
8451,2013-09-17,39.360001000000004,39.360001000000004,38.490002000000004,38.5,38.5,3790000
8452,2013-09-18,38.439999,38.810001,38.060001,38.599998,38.599998,6085800
8453,2013-09-19,38.59,38.91,38.259997999999996,38.330002,38.330002,4004600
8454,2013-09-20,38.419998,39.029999,38.419998,38.66,38.66,5430900
8455,2013-09-23,38.5,38.540001000000004,37.830002,38.07,38.07,3343000
8456,2013-09-24,38.150002,38.380001,37.869999,38.130001,38.130001,2368600
8457,2013-09-25,38.009997999999996,38.299999,37.709998999999996,38.139998999999996,38.139998999999996,3704300
8458,2013-09-26,38.209998999999996,38.419998,38.029999,38.369999,38.369999,2822300
8459,2013-09-27,38.240002000000004,38.59,37.950001,38.32,38.32,2394600
8460,2013-09-30,38.0,38.509997999999996,37.950001,38.169998,38.169998,2361900
8461,2013-10-01,38.130001,39.450001,37.93,39.450001,39.450001,4615800
8462,2013-10-02,39.169998,39.599998,39.07,39.490002000000004,39.490002000000004,3188800
8463,2013-10-03,39.349998,40.220001,39.119999,39.990002000000004,39.990002000000004,6339800
8464,2013-10-04,40.009997999999996,40.549999,40.0,40.25,40.25,5709100
8465,2013-10-07,39.869999,40.349998,39.77,40.060001,40.060001,3818300
8466,2013-10-08,40.060001,40.200001,38.830002,38.869999,38.869999,5579600
8467,2013-10-09,39.200001,39.200001,38.43,38.919998,38.919998,3992900
8468,2013-10-10,39.380001,39.779999,39.209998999999996,39.740002000000004,39.740002000000004,3983900
8469,2013-10-11,39.830002,40.330002,39.73,39.91,39.91,3496700
8470,2013-10-14,39.23,39.5,38.950001,39.48,39.48,3889000
8471,2013-10-15,39.540001000000004,39.669998,39.029999,39.189999,39.189999,2694700
8472,2013-10-16,39.299999,40.0,39.259997999999996,39.689999,39.689999,2741200
8473,2013-10-17,39.66,39.919998,39.380001,39.709998999999996,39.709998999999996,3059700
8474,2013-10-18,39.860001000000004,39.860001000000004,37.27,38.549999,38.549999,8880100
8475,2013-10-21,38.490002000000004,38.700001,38.189999,38.560001,38.560001,4434800
8476,2013-10-22,38.650002,39.209998999999996,38.610001000000004,38.990002000000004,38.990002000000004,4252700
8477,2013-10-23,38.700001,38.860001000000004,38.169998,38.630001,38.630001,2557400
8478,2013-10-24,38.759997999999996,39.009997999999996,38.34,38.490002000000004,38.490002000000004,3311100
8479,2013-10-25,38.52,38.52,37.869999,38.43,38.43,3460200
8480,2013-10-28,38.43,38.48,38.099998,38.240002000000004,38.240002000000004,2421900
8481,2013-10-29,38.25,38.740002000000004,38.25,38.650002,38.650002,2312600
8482,2013-10-30,38.990002000000004,39.0,37.889998999999996,38.41,38.41,6157900
8483,2013-10-31,37.810001,38.220001,36.970001,37.869999,37.869999,9264900
8484,2013-11-01,38.119999,38.220001,37.43,38.009997999999996,38.009997999999996,6227400
8485,2013-11-04,38.25,39.459998999999996,38.150002,39.380001,39.380001,5526500
8486,2013-11-05,39.169998,39.990002000000004,39.02,39.880001,39.880001,5232600
8487,2013-11-06,39.880001,39.93,39.18,39.509997999999996,39.509997999999996,5668100
8488,2013-11-07,39.759997999999996,39.77,38.740002000000004,38.990002000000004,38.990002000000004,4109300
8489,2013-11-08,38.73,40.540001000000004,38.73,40.41,40.41,4928000
8490,2013-11-11,40.41,41.169998,40.029999,41.060001,41.060001,5084900
8491,2013-11-12,41.130001,41.509997999999996,40.709998999999996,41.419998,41.419998,4503000
8492,2013-11-13,40.459998999999996,41.700001,40.360001000000004,41.619999,41.619999,4756800
8493,2013-11-14,41.91,42.18,41.59,41.98,41.98,4201000
8494,2013-11-15,41.939999,42.450001,41.799999,42.360001000000004,42.360001000000004,3927900
8495,2013-11-18,42.310001,42.439999,41.509997999999996,41.810001,41.810001,4577700
8496,2013-11-19,41.869999,42.200001,41.580002,41.900002,41.900002,4373600
8497,2013-11-20,41.77,42.450001,41.77,42.32,42.32,3290000
8498,2013-11-21,42.349998,42.650002,42.139998999999996,42.380001,42.380001,2812900
8499,2013-11-22,42.580002,42.68,42.369999,42.669998,42.669998,2242200
8500,2013-11-25,42.75,44.369999,42.630001,44.220001,44.220001,5708300
8501,2013-11-26,44.220001,44.73,43.91,44.5,44.5,4778900
8502,2013-11-27,44.5,44.709998999999996,43.759997999999996,44.139998999999996,44.139998999999996,3189200
8503,2013-11-29,44.049999,44.330002,44.009997999999996,44.130001,44.130001,1368000
8504,2013-12-02,44.299999,44.68,44.130001,44.349998,44.349998,2505400
8505,2013-12-03,44.119999,44.330002,43.16,43.220001,43.220001,4194300
8506,2013-12-04,42.970001,43.330002,42.549999,42.970001,42.970001,4245600
8507,2013-12-05,43.02,43.75,42.68,43.349998,43.349998,4240000
8508,2013-12-06,43.869999,44.27,43.619999,44.139998999999996,44.139998999999996,2536200
8509,2013-12-09,44.5,44.540001000000004,43.73,43.860001000000004,43.860001000000004,3606500
8510,2013-12-10,43.869999,43.98,42.060001,42.610001000000004,42.610001000000004,8075100
8511,2013-12-11,42.75,42.799999,41.290001000000004,41.419998,41.419998,6107600
8512,2013-12-12,41.360001000000004,42.169998,41.259997999999996,41.860001000000004,41.860001000000004,3993900
8513,2013-12-13,42.009997999999996,42.25,41.669998,41.779999,41.779999,2999100
8514,2013-12-16,42.029999,42.619999,41.860001000000004,41.900002,41.900002,3521200
8515,2013-12-17,41.790001000000004,41.98,41.41,41.860001000000004,41.860001000000004,3377400
8516,2013-12-18,42.0,42.889998999999996,41.549999,42.84,42.84,3043700
8517,2013-12-19,41.84,42.599998,41.790001000000004,42.529999,42.529999,3146300
8518,2013-12-20,42.529999,43.099998,42.279999,42.509997999999996,42.509997999999996,5997400
8519,2013-12-23,42.93,42.93,42.330002,42.720001,42.720001,2517400
8520,2013-12-24,42.720001,42.810001,42.310001,42.57,42.57,856200
8521,2013-12-26,42.549999,42.919998,42.34,42.82,42.82,1171400
8522,2013-12-27,42.919998,42.93,42.57,42.779999,42.779999,1535500
8523,2013-12-30,42.77,43.009997999999996,42.619999,42.91,42.91,1372000
8524,2013-12-31,43.259997999999996,43.57,42.98,43.400002,43.400002,1930900
8525,2014-01-02,43.380001,43.419998,42.549999,42.580002,42.580002,2625300
8526,2014-01-03,42.400002,42.919998,42.349998,42.720001,42.720001,1876900
8527,2014-01-06,42.830002,43.23,41.970001,42.259997999999996,42.259997999999996,5116900
8528,2014-01-07,42.369999,43.470001,42.299999,42.98,42.98,3109100
8529,2014-01-08,43.099998,45.119999,43.009997999999996,44.73,44.73,5937600
8530,2014-01-09,44.830002,45.279999,44.450001,45.099998,45.099998,3081300
8531,2014-01-10,45.240002000000004,46.009997999999996,45.009997999999996,45.970001,45.970001,3631600
8532,2014-01-13,45.759997999999996,46.200001,45.139998999999996,45.240002000000004,45.240002000000004,4485600
8533,2014-01-14,45.41,46.380001,45.200001,46.220001,46.220001,2955700
8534,2014-01-15,45.939999,46.119999,45.310001,45.459998999999996,45.459998999999996,3243200
8535,2014-01-16,45.48,45.75,45.240002000000004,45.41,45.41,2474200
8536,2014-01-17,45.540001000000004,46.209998999999996,45.41,45.75,45.75,3392100
8537,2014-01-21,46.130001,46.630001,45.93,46.450001,46.450001,2980100
8538,2014-01-22,46.619999,46.73,45.869999,45.91,45.91,2482400
8539,2014-01-23,45.549999,45.740002000000004,44.889998999999996,45.259997999999996,45.259997999999996,2745100
8540,2014-01-24,44.990002000000004,45.220001,44.209998999999996,44.310001,44.310001,3138300
8541,2014-01-27,44.200001,44.639998999999996,43.919998,44.009997999999996,44.009997999999996,4867200
8542,2014-01-28,44.27,44.98,44.09,44.700001,44.700001,2850800
8543,2014-01-29,44.200001,45.0,44.07,44.48,44.48,2834100
8544,2014-01-30,44.73,45.77,44.66,45.549999,45.549999,2459600
8545,2014-01-31,44.849998,45.799999,44.75,45.41,45.41,4195100
8546,2014-02-03,46.130001,46.130001,43.490002000000004,43.650002,43.650002,4583100
8547,2014-02-04,43.790001000000004,44.049999,43.139998999999996,43.650002,43.650002,2858400
8548,2014-02-05,43.549999,43.68,42.43,43.439999,43.439999,5018000
8549,2014-02-06,43.439999,43.93,43.040001000000004,43.490002000000004,43.490002000000004,2405700
8550,2014-02-07,43.650002,45.150002,43.5,45.080002,45.080002,3008000
8551,2014-02-10,44.970001,45.439999,44.369999,44.84,44.84,3463100
8552,2014-02-11,44.919998,45.810001,44.540001000000004,45.490002000000004,45.490002000000004,3574600
8553,2014-02-12,45.43,45.740002000000004,45.209998999999996,45.650002,45.650002,2142400
8554,2014-02-13,45.259997999999996,46.32,45.0,46.189999,46.189999,3027500
8555,2014-02-14,45.98,46.48,45.779999,46.099998,46.099998,2314000
8556,2014-02-18,48.009997999999996,50.459998999999996,47.220001,48.299999,48.299999,7479400
8557,2014-02-19,48.310001,51.200001,48.27,51.150002,51.150002,12673800
8558,2014-02-20,50.98,52.439999,50.549999,52.259997999999996,52.259997999999996,8810100
8559,2014-02-21,52.400002,52.400002,51.259997999999996,51.919998,51.919998,4695800
8560,2014-02-24,52.0,52.099998,50.650002,51.049999,51.049999,6253300
8561,2014-02-25,51.0,51.93,50.299999,51.330002,51.330002,4037200
8562,2014-02-26,51.169998,52.23,51.02,51.419998,51.419998,6904700
8563,2014-02-27,54.139998999999996,57.07,53.639998999999996,56.27,56.27,12890100
8564,2014-02-28,56.02,56.919998,54.880001,55.57,55.57,6043400
8565,2014-03-03,54.77,55.799999,54.52,55.52,55.52,3234200
8566,2014-03-04,56.150002,57.52,56.110001000000004,57.200001,57.200001,4825800
8567,2014-03-05,57.060001,57.41,55.5,55.84,55.84,4971700
8568,2014-03-06,56.349998,56.349998,53.650002,54.540001000000004,54.540001000000004,6510600
8569,2014-03-07,54.779999,55.16,53.700001,54.860001000000004,54.860001000000004,5203900
8570,2014-03-10,54.790001000000004,54.84,53.310001,53.41,53.41,5608200
8571,2014-03-11,53.470001,54.18,53.220001,53.990002000000004,53.990002000000004,4920100
8572,2014-03-12,53.490002000000004,53.889998999999996,52.470001,53.060001,53.060001,5248700
8573,2014-03-13,53.099998,53.610001000000004,51.869999,52.02,52.02,4864100
8574,2014-03-14,52.299999,53.459998999999996,51.860001000000004,52.630001,52.630001,7393600
8575,2014-03-17,52.970001,54.220001,52.860001000000004,53.52,53.52,4231700
8576,2014-03-18,53.439999,54.380001,53.310001,53.900002,53.900002,2687900
8577,2014-03-19,54.029999,54.16,52.939999,53.299999,53.299999,2756100
8578,2014-03-20,52.330002,53.080002,52.02,52.610001000000004,52.610001000000004,4510400
8579,2014-03-21,53.490002000000004,53.490002000000004,52.029999,52.139998999999996,52.139998999999996,10806400
8580,2014-03-24,52.200001,52.41,49.259997999999996,49.970001,49.970001,7758700
8581,2014-03-25,50.57,51.5,49.759997999999996,50.709998999999996,50.709998999999996,5157400
8582,2014-03-26,50.700001,51.560001,49.119999,49.16,49.16,3789900
8583,2014-03-27,47.720001,49.349998,47.720001,48.580002,48.580002,4503100
8584,2014-03-28,48.75,50.360001000000004,48.41,48.830002,48.830002,3944700
8585,2014-03-31,49.200001,49.200001,47.360001000000004,48.830002,48.830002,7880700
8586,2014-04-01,49.080002,49.490002000000004,48.630001,49.310001,49.310001,6001900
8587,2014-04-02,49.68,50.98,49.610001000000004,50.77,50.77,5445500
8588,2014-04-03,50.669998,50.950001,49.27,49.860001000000004,49.860001000000004,6225800
8589,2014-04-04,53.0,55.299999,50.57,50.630001,50.630001,17748200
8590,2014-04-07,50.950001,51.810001,48.290001000000004,48.400002,48.400002,10579000
8591,2014-04-08,48.169998,48.27,45.799999,47.639998999999996,47.639998999999996,15091200
8592,2014-04-09,47.529999,48.759997999999996,46.48,48.57,48.57,12165900
8593,2014-04-10,48.740002000000004,48.919998,46.290001000000004,47.07,47.07,8843500
8594,2014-04-11,46.209998999999996,47.029999,45.41,45.720001,45.720001,7297400
8595,2014-04-14,46.049999,47.029999,45.310001,46.029999,46.029999,4857300
8596,2014-04-15,46.119999,47.169998,44.740002000000004,46.23,46.23,4383800
8597,2014-04-16,46.880001,47.310001,46.349998,47.209998999999996,47.209998999999996,4055400
8598,2014-04-17,47.009997999999996,47.130001,46.0,46.919998,46.919998,4912800
8599,2014-04-21,47.919998,48.34,47.099998,48.32,48.32,3596000
8600,2014-04-22,48.93,50.400002,48.93,49.849998,49.849998,6788700
8601,2014-04-23,49.919998,50.450001,49.450001,50.279999,50.279999,4935200
8602,2014-04-24,50.950001,51.439999,49.869999,50.349998,50.349998,6854500
8603,2014-04-25,49.860001000000004,53.57,49.060001,52.099998,52.099998,15890200
8604,2014-04-28,50.450001,50.990002000000004,49.110001000000004,50.669998,50.669998,8902200
8605,2014-04-29,51.02,51.5,50.259997999999996,50.880001,50.880001,5415100
8606,2014-04-30,50.759997999999996,51.169998,49.860001000000004,50.779999,50.779999,6870900
8607,2014-05-01,51.439999,52.0,49.349998,49.740002000000004,49.740002000000004,8178600
8608,2014-05-02,49.970001,50.009997999999996,49.09,49.82,49.82,4114300
8609,2014-05-05,49.66,50.200001,48.950001,49.889998999999996,49.889998999999996,3191400
8610,2014-05-06,49.439999,49.810001,48.400002,48.48,48.48,4053800
8611,2014-05-07,48.619999,48.970001,47.220001,48.150002,48.150002,5709000
8612,2014-05-08,48.16,49.060001,47.009997999999996,47.330002,47.330002,5238600
8613,2014-05-09,46.869999,46.970001,45.110001000000004,46.139998999999996,46.139998999999996,8768400
8614,2014-05-12,46.259997999999996,47.689999,46.18,47.57,47.57,5467600
8615,2014-05-13,47.639998999999996,48.09,47.509997999999996,47.57,47.57,2784100
8616,2014-05-14,47.619999,48.189999,47.400002,47.459998999999996,47.459998999999996,2443300
8617,2014-05-15,47.540001000000004,48.110001000000004,46.66,48.02,48.02,4497000
8618,2014-05-16,48.41,48.41,46.830002,46.959998999999996,46.959998999999996,3960400
8619,2014-05-19,46.310001,47.630001,46.209998999999996,47.139998999999996,47.139998999999996,3723100
8620,2014-05-20,47.189999,47.27,45.799999,46.189999,46.189999,5055900
8621,2014-05-21,46.310001,46.799999,46.209998999999996,46.459998999999996,46.459998999999996,2647700
8622,2014-05-22,46.369999,47.509997999999996,46.099998,47.41,47.41,2712100
8623,2014-05-23,47.59,48.349998,47.259997999999996,48.02,48.02,3106200
8624,2014-05-27,48.599998,48.639998999999996,48.080002,48.419998,48.419998,3604600
8625,2014-05-28,48.439999,49.560001,48.439999,48.869999,48.869999,5252500
8626,2014-05-29,49.07,49.779999,49.0,49.73,49.73,3461400
8627,2014-05-30,49.93,50.400002,49.580002,49.84,49.84,3834600
8628,2014-06-02,49.959998999999996,50.16,49.369999,49.98,49.98,2334700
8629,2014-06-03,49.68,50.09,49.5,49.900002,49.900002,3138600
8630,2014-06-04,49.93,49.93,49.459998999999996,49.59,49.59,2675700
8631,2014-06-05,49.810001,50.16,49.099998,49.84,49.84,3057500
8632,2014-06-06,50.080002,50.09,49.369999,49.73,49.73,2112300
8633,2014-06-09,49.799999,49.959998999999996,49.009997999999996,49.419998,49.419998,1438600
8634,2014-06-10,49.220001,49.369999,48.419998,49.220001,49.220001,2304100
8635,2014-06-11,49.32,49.880001,48.810001,49.68,49.68,3246000
8636,2014-06-12,49.639998999999996,50.349998,48.5,49.639998999999996,49.639998999999996,2183600
8637,2014-06-13,49.580002,50.57,49.259997999999996,50.200001,50.200001,2914600
8638,2014-06-16,50.060001,50.759997999999996,50.02,50.400002,50.400002,3026600
8639,2014-06-17,50.110001000000004,51.220001,50.099998,50.700001,50.700001,2061100
8640,2014-06-18,50.740002000000004,50.849998,50.360001000000004,50.619999,50.619999,2557800
8641,2014-06-19,50.950001,50.950001,50.18,50.41,50.41,2033000
8642,2014-06-20,50.73,51.23,50.119999,51.119999,51.119999,4911600
8643,2014-06-23,51.0,51.68,50.73,50.779999,50.779999,2416900
8644,2014-06-24,50.880001,51.810001,50.57,51.580002,51.580002,3354500
8645,2014-06-25,51.360001000000004,52.049999,51.360001000000004,51.630001,51.630001,2498600
8646,2014-06-26,53.560001,53.560001,50.900002,51.869999,51.869999,2119200
8647,2014-06-27,51.75,52.119999,51.049999,51.509997999999996,51.509997999999996,3530000
8648,2014-06-30,51.91,52.0,50.810001,51.560001,51.560001,3942500
8649,2014-07-01,51.860001000000004,53.049999,51.669998,51.889998999999996,51.889998999999996,3454800
8650,2014-07-02,52.130001,52.470001,50.040001000000004,52.139998999999996,52.139998999999996,2926000
8651,2014-07-03,52.34,52.34,51.220001,51.790001000000004,51.790001000000004,1785200
8652,2014-07-07,51.669998,51.669998,50.18,50.560001,50.560001,4339200
8653,2014-07-08,50.529999,50.639998999999996,49.779999,50.27,50.27,3683000
8654,2014-07-09,50.650002,50.650002,49.689999,50.060001,50.060001,2644500
8655,2014-07-10,49.700001,50.91,49.310001,50.709998999999996,50.709998999999996,2754100
8656,2014-07-11,50.619999,50.799999,49.950001,50.200001,50.200001,2647500
8657,2014-07-14,52.5,53.0,50.34,51.240002000000004,51.240002000000004,20024200
8658,2014-07-15,51.139998999999996,52.900002,51.060001,52.169998,52.169998,10598400
8659,2014-07-16,51.389998999999996,52.34,51.27,51.630001,51.630001,7198200
8660,2014-07-17,51.279999,51.75,51.0,51.43,51.43,4853600
8661,2014-07-18,51.599998,52.029999,51.009997999999996,51.900002,51.900002,3660100
8662,2014-07-21,51.73,51.84,51.119999,51.389998999999996,51.389998999999996,2852200
8663,2014-07-22,51.68,52.34,51.580002,52.060001,52.060001,3493000
8664,2014-07-23,52.360001000000004,52.93,52.279999,52.34,52.34,5775200
8665,2014-07-24,52.639998999999996,52.900002,51.880001,51.900002,51.900002,3013500
8666,2014-07-25,51.290001000000004,51.880001,51.099998,51.740002000000004,51.740002000000004,3937900
8667,2014-07-28,51.619999,52.48,50.450001,50.529999,50.529999,5227800
8668,2014-07-29,50.619999,51.0,49.970001,50.400002,50.400002,8784600
8669,2014-07-30,50.77,50.959998999999996,49.889998999999996,50.549999,50.549999,4335600
8670,2014-07-31,50.259997999999996,50.360001000000004,48.950001,49.369999,49.369999,4390200
8671,2014-08-01,49.32,49.790001000000004,48.68,49.23,49.23,3851600
8672,2014-08-04,49.52,49.52,48.830002,49.099998,49.099998,2755200
8673,2014-08-05,48.709998999999996,48.93,48.02,48.470001,48.470001,9437100
8674,2014-08-06,47.830002,48.040001000000004,47.529999,47.919998,47.919998,6777800
8675,2014-08-07,47.0,47.82,45.360001000000004,46.490002000000004,46.490002000000004,11594500
8676,2014-08-08,46.110001000000004,47.34,45.23,45.849998,45.849998,8791200
8677,2014-08-11,46.029999,46.150002,45.209998999999996,45.360001000000004,45.360001000000004,4981700
8678,2014-08-12,45.349998,45.759997999999996,44.849998,44.970001,44.970001,6342800
8679,2014-08-13,44.970001,45.549999,44.799999,45.389998999999996,45.389998999999996,5425600
8680,2014-08-14,45.419998,46.419998,45.41,46.150002,46.150002,4486800
8681,2014-08-15,46.32,46.84,45.959998999999996,46.450001,46.450001,6054100
8682,2014-08-18,46.880001,46.98,46.330002,46.48,46.48,3923400
8683,2014-08-19,46.509997999999996,47.07,46.139998999999996,47.040001000000004,47.040001000000004,4564400
8684,2014-08-20,47.099998,48.849998,46.860001000000004,48.59,48.59,7589400
8685,2014-08-21,48.52,48.740002000000004,47.66,47.75,47.75,3786600
8686,2014-08-22,48.150002,49.0,47.869999,48.209998999999996,48.209998999999996,2788500
8687,2014-08-25,48.490002000000004,48.82,48.330002,48.509997999999996,48.509997999999996,2505500
8688,2014-08-26,48.630001,48.830002,48.27,48.299999,48.299999,2404100
8689,2014-08-27,48.48,48.630001,47.900002,48.080002,48.080002,3030100
8690,2014-08-28,48.099998,48.16,47.560001,48.130001,48.130001,1985700
8691,2014-08-29,48.43,48.630001,48.200001,48.599998,48.599998,3027200
8692,2014-09-02,48.77,49.0,48.459998999999996,48.68,48.68,2358400
8693,2014-09-03,48.73,48.990002000000004,47.650002,47.810001,47.810001,3833100
8694,2014-09-04,48.09,48.119999,45.66,46.939999,46.939999,4654200
8695,2014-09-05,46.849998,47.220001,46.27,46.98,46.98,6312900
8696,2014-09-08,46.790001000000004,48.580002,46.790001000000004,47.959998999999996,47.959998999999996,6434700
8697,2014-09-09,48.09,48.130001,47.380001,47.470001,47.470001,4376100
8698,2014-09-10,47.630001,47.790001000000004,47.200001,47.439999,47.439999,3614100
8699,2014-09-11,47.389998999999996,47.900002,46.799999,47.790001000000004,47.790001000000004,3472300
8700,2014-09-12,47.939999,47.939999,46.990002000000004,47.060001,47.060001,2097900
8701,2014-09-15,47.259997999999996,47.630001,46.48,46.75,46.75,2279800
8702,2014-09-16,46.700001,48.009997999999996,46.560001,47.959998999999996,47.959998999999996,3260700
8703,2014-09-17,48.110001000000004,48.279999,47.57,48.0,48.0,2110000
8704,2014-09-18,48.299999,48.959998999999996,48.009997999999996,48.43,48.43,3152400
8705,2014-09-19,48.669998,48.970001,47.310001,47.360001000000004,47.360001000000004,6686600
8706,2014-09-22,47.400002,47.450001,46.290001000000004,46.529999,46.529999,2913900
8707,2014-09-23,45.52,46.900002,44.810001,46.610001000000004,46.610001000000004,7161600
8708,2014-09-24,46.779999,46.970001,46.150002,46.439999,46.439999,4507100
8709,2014-09-25,46.150002,46.639998999999996,45.639998999999996,45.950001,45.950001,5184300
8710,2014-09-26,45.93,46.400002,45.439999,46.290001000000004,46.290001000000004,2990300
8711,2014-09-29,45.950001,46.389998999999996,45.59,45.790001000000004,45.790001000000004,3046000
8712,2014-09-30,45.950001,46.139998999999996,44.799999,45.490002000000004,45.490002000000004,3842400
8713,2014-10-01,45.639998999999996,45.73,45.02,45.27,45.27,3443000
8714,2014-10-02,45.169998,51.0,45.119999,46.5,46.5,15729000
8715,2014-10-03,48.950001,51.189999,48.110001000000004,50.23,50.23,15981300
8716,2014-10-06,50.619999,52.099998,50.41,50.98,50.98,7861800
8717,2014-10-07,51.09,51.09,49.77,50.139998999999996,50.139998999999996,4063000
8718,2014-10-08,50.290001000000004,51.330002,49.349998,51.23,51.23,3693800
8719,2014-10-09,51.049999,51.639998999999996,50.049999,50.119999,50.119999,3551800
8720,2014-10-10,50.099998,50.459998999999996,49.189999,49.349998,49.349998,2976600
8721,2014-10-13,49.259997999999996,49.740002000000004,47.57,47.639998999999996,47.639998999999996,3242500
8722,2014-10-14,47.75,48.080002,46.73,46.82,46.82,4444000
8723,2014-10-15,46.099998,48.130001,45.099998,47.380001,47.380001,7089400
8724,2014-10-16,46.450001,49.200001,46.23,48.77,48.77,5011200
8725,2014-10-17,49.950001,50.119999,48.630001,49.459998999999996,49.459998999999996,4412300
8726,2014-10-20,49.48,50.389998999999996,48.669998,50.310001,50.310001,5946600
8727,2014-10-21,50.84,52.119999,50.639998999999996,52.049999,52.049999,5273500
8728,2014-10-22,52.0,52.18,50.330002,50.360001000000004,50.360001000000004,6964600
8729,2014-10-23,51.240002000000004,51.549999,50.400002,50.43,50.43,3349800
8730,2014-10-24,50.650002,51.41,50.450001,51.220001,51.220001,3396400
8731,2014-10-27,51.200001,51.389998999999996,50.299999,50.950001,50.950001,2771200
8732,2014-10-28,51.139998999999996,51.759997999999996,51.0,51.709998999999996,51.709998999999996,2011400
8733,2014-10-29,51.639998999999996,51.939999,50.630001,50.849998,50.849998,3070800
8734,2014-10-30,50.490002000000004,52.459998999999996,50.490002000000004,52.369999,52.369999,3191100
8735,2014-10-31,54.439999,56.099998,53.150002,53.549999,53.549999,9047300
8736,2014-11-03,53.599998,54.0,53.25,53.59,53.59,3313400
8737,2014-11-04,53.549999,53.990002000000004,53.369999,53.75,53.75,3847600
8738,2014-11-05,53.990002000000004,54.41,53.389998999999996,53.470001,53.470001,2550600
8739,2014-11-06,53.889998999999996,53.889998999999996,52.93,53.5,53.5,2966100
8740,2014-11-07,53.580002,53.59,52.330002,53.110001000000004,53.110001000000004,4126400
8741,2014-11-10,53.310001,54.23,52.439999,53.950001,53.950001,3133800
8742,2014-11-11,53.810001,54.099998,53.310001,53.509997999999996,53.509997999999996,2341100
8743,2014-11-12,53.0,54.060001,53.0,53.799999,53.799999,2680800
8744,2014-11-13,53.16,56.25,53.16,54.73,54.73,4833300
8745,2014-11-14,54.919998,54.939999,53.5,54.049999,54.049999,2546800
8746,2014-11-17,54.23,55.689999,54.02,55.130001,55.130001,4017400
8747,2014-11-18,55.48,56.700001,55.049999,56.240002000000004,56.240002000000004,4137700
8748,2014-11-19,55.900002,56.080002,54.720001,55.68,55.68,4250200
8749,2014-11-20,55.549999,55.84,55.009997999999996,55.220001,55.220001,1862000
8750,2014-11-21,56.02,56.16,55.52,55.790001000000004,55.790001000000004,2631100
8751,2014-11-24,55.93,56.119999,55.25,55.959998999999996,55.959998999999996,3287100
8752,2014-11-25,55.639998999999996,56.189999,55.310001,56.169998,56.169998,2679800
8753,2014-11-26,56.869999,59.119999,56.73,58.619999,58.619999,6204900
8754,2014-11-28,59.419998,59.599998,57.580002,58.610001000000004,58.610001000000004,2761100
8755,2014-12-01,58.27,58.549999,57.52,57.790001000000004,57.790001000000004,3360300
8756,2014-12-02,57.970001,58.630001,57.549999,57.830002,57.830002,3082600
8757,2014-12-03,58.009997999999996,58.57,57.52,58.23,58.23,3273800
8758,2014-12-04,57.299999,58.860001000000004,57.299999,58.23,58.23,2410600
8759,2014-12-05,58.220001,58.529999,57.810001,58.41,58.41,2156500
8760,2014-12-08,58.299999,58.740002000000004,57.110001000000004,57.23,57.23,4041500
8761,2014-12-09,56.209998999999996,56.82,55.41,56.59,56.59,4723400
8762,2014-12-10,56.57,57.150002,54.889998999999996,54.990002000000004,54.990002000000004,3857000
8763,2014-12-11,55.060001,55.650002,54.560001,54.709998999999996,54.709998999999996,2540600
8764,2014-12-12,54.07,54.580002,53.27,53.32,53.32,3282800
8765,2014-12-15,53.75,54.84,53.610001000000004,54.52,54.52,3552600
8766,2014-12-16,54.369999,55.16,53.459998999999996,53.560001,53.560001,2556900
8767,2014-12-17,53.669998,55.360001000000004,53.330002,55.259997999999996,55.259997999999996,3198700
8768,2014-12-18,55.950001,56.849998,55.790001000000004,56.830002,56.830002,3611500
8769,2014-12-19,56.799999,57.830002,56.560001,57.509997999999996,57.509997999999996,7724600
8770,2014-12-22,57.59,57.830002,56.689999,57.0,57.0,2033400
8771,2014-12-23,57.189999,57.349998,55.639998999999996,56.580002,56.580002,2112500
8772,2014-12-24,56.610001000000004,57.189999,56.25,56.970001,56.970001,871500
8773,2014-12-26,56.990002000000004,57.720001,56.990002000000004,57.599998,57.599998,1038800
8774,2014-12-29,57.580002,58.07,57.139998999999996,57.709998999999996,57.709998999999996,1817400
8775,2014-12-30,57.439999,57.68,56.869999,56.939999,56.939999,1570700
8776,2014-12-31,56.849998,57.389998999999996,56.27,56.369999,56.369999,1446500
8777,2015-01-02,56.540001000000004,57.32,56.060001,56.349998,56.349998,1398000
8778,2015-01-05,56.119999,56.279999,55.43,55.720001,55.720001,2996200
8779,2015-01-06,56.209998999999996,56.830002,53.77,54.18,54.18,6610900
8780,2015-01-07,54.720001,56.349998,53.830002,56.110001000000004,56.110001000000004,3663000
8781,2015-01-08,56.68,57.290001000000004,56.349998,56.650002,56.650002,3164000
8782,2015-01-09,56.68,56.939999,55.77,55.84,55.84,2193600
8783,2015-01-12,55.939999,56.490002000000004,54.93,55.27,55.27,2955100
8784,2015-01-13,56.009997999999996,56.68,54.810001,55.48,55.48,2325700
8785,2015-01-14,55.369999,55.860001000000004,54.169998,54.59,54.59,2420500
8786,2015-01-15,55.0,55.66,52.68,52.740002000000004,52.740002000000004,4026100
8787,2015-01-16,52.650002,56.110001000000004,52.389998999999996,56.0,56.0,5626900
8788,2015-01-20,56.0,56.330002,54.360001000000004,55.130001,55.130001,3342500
8789,2015-01-21,55.029999,55.5,54.310001,54.59,54.59,2651600
8790,2015-01-22,54.939999,55.259997999999996,53.599998,54.439999,54.439999,3947000
8791,2015-01-23,54.360001000000004,55.0,53.849998,54.209998999999996,54.209998999999996,3120700
8792,2015-01-26,54.02,57.040001000000004,54.02,56.799999,56.799999,6471800
8793,2015-01-27,56.630001,56.98,55.66,56.299999,56.299999,3883100
8794,2015-01-28,56.400002,56.5,55.130001,55.240002000000004,55.240002000000004,3501900
8795,2015-01-29,55.200001,55.23,54.48,54.889998999999996,54.889998999999996,3470700
8796,2015-01-30,54.25,55.0,53.009997999999996,53.150002,53.150002,6399400
8797,2015-02-02,53.549999,53.84,52.209998999999996,53.189999,53.189999,4618800
8798,2015-02-03,52.82,54.669998,52.310001,54.59,54.59,5857600
8799,2015-02-04,54.009997999999996,54.040001000000004,52.82,53.220001,53.220001,3370500
8800,2015-02-05,53.439999,54.549999,53.400002,54.299999,54.299999,3989500
8801,2015-02-06,54.23,54.490002000000004,53.549999,53.889998999999996,53.889998999999996,1910900
8802,2015-02-09,53.799999,53.84,52.919998,53.0,53.0,1491900
8803,2015-02-10,53.330002,54.290001000000004,52.700001,53.970001,53.970001,2149300
8804,2015-02-11,53.970001,54.419998,53.639998999999996,53.759997999999996,53.759997999999996,1566200
8805,2015-02-12,54.169998,54.540001000000004,53.849998,54.509997999999996,54.509997999999996,1417600
8806,2015-02-13,54.57,55.990002000000004,54.32,55.849998,55.849998,2740900
8807,2015-02-17,55.130001,56.73,55.130001,56.529999,56.529999,2246900
8808,2015-02-18,56.650002,56.720001,56.040001000000004,56.549999,56.549999,1890700
8809,2015-02-19,56.369999,57.360001000000004,56.310001,57.220001,57.220001,2865500
8810,2015-02-20,57.279999,57.900002,56.860001000000004,57.869999,57.869999,3163100
8811,2015-02-23,58.0,58.029999,57.41,57.650002,57.650002,1988200
8812,2015-02-24,57.740002000000004,57.830002,57.110001000000004,57.220001,57.220001,1952500
8813,2015-02-25,57.110001000000004,57.32,56.099998,56.5,56.5,3365300
8814,2015-02-26,56.5,57.279999,56.18,57.25,57.25,2029500
8815,2015-02-27,57.919998,58.369999,56.889998999999996,57.330002,57.330002,5229200
8816,2015-03-02,58.0,58.360001000000004,57.049999,57.889998999999996,57.889998999999996,3572800
8817,2015-03-03,56.759997999999996,57.200001,55.0,55.439999,55.439999,6511100
8818,2015-03-04,55.790001000000004,55.950001,54.889998999999996,55.610001000000004,55.610001000000004,3810100
8819,2015-03-05,56.259997999999996,58.259997999999996,56.09,56.689999,56.689999,4946800
8820,2015-03-06,56.43,56.639998999999996,55.169998,55.439999,55.439999,2302200
8821,2015-03-09,55.759997999999996,56.0,55.139998999999996,55.740002000000004,55.740002000000004,1852800
8822,2015-03-10,55.27,55.950001,54.810001,55.310001,55.310001,2784600
8823,2015-03-11,55.639998999999996,59.919998,55.25,59.0,59.0,12635300
8824,2015-03-12,59.07,62.450001,59.049999,62.299999,62.299999,11356400
8825,2015-03-13,61.259997999999996,61.389998999999996,59.189999,59.759997999999996,59.759997999999996,7191100
8826,2015-03-16,60.360001000000004,61.299999,59.939999,61.27,61.27,5429200
8827,2015-03-17,60.470001,62.84,60.470001,62.720001,62.720001,3630300
8828,2015-03-18,62.41,65.629997,62.060001,64.959999,64.959999,6325200
8829,2015-03-19,64.440002,64.75,62.900002,63.939999,63.939999,4970500
8830,2015-03-20,64.370003,64.57,63.060001,63.060001,63.060001,5246000
8831,2015-03-23,63.150002,64.300003,62.110001000000004,63.279999,63.279999,3974300
8832,2015-03-24,63.040001000000004,64.059998,62.939999,63.09,63.09,3973500
8833,2015-03-25,62.880001,63.970001,60.93,61.23,61.23,4423900
8834,2015-03-26,60.41,63.02,60.02,61.880001,61.880001,5428000
8835,2015-03-27,61.880001,62.450001,61.290001000000004,61.630001,61.630001,4801400
8836,2015-03-30,58.799999,60.060001,57.619999,60.0,60.0,9994100
8837,2015-03-31,59.560001,60.41,58.900002,59.349998,59.349998,8447300
8838,2015-04-01,58.439999,58.52,57.459998999999996,57.939999,57.939999,35152900
8839,2015-04-02,58.369999,58.650002,58.02,58.099998,58.099998,8827700
8840,2015-04-06,58.119999,58.77,58.0,58.48,58.48,10176600
8841,2015-04-07,58.98,59.740002000000004,58.400002,59.57,59.57,13511100
8842,2015-04-08,60.169998,70.209999,60.0,68.360001,68.360001,50879200
8843,2015-04-09,67.949997,72.620003,67.510002,70.099998,70.099998,26635300
8844,2015-04-10,69.870003,70.440002,68.300003,70.239998,70.239998,10947200
8845,2015-04-13,69.720001,71.099998,68.32,68.559998,68.559998,7770100
8846,2015-04-14,68.360001,69.370003,67.75,68.620003,68.620003,6172500
8847,2015-04-15,68.489998,68.739998,66.709999,66.769997,66.769997,8302200
8848,2015-04-16,67.019997,68.470001,66.150002,66.83000200000001,66.83000200000001,9038600
8849,2015-04-17,66.480003,72.160004,66.309998,69.82,69.82,19396800
8850,2015-04-20,69.639999,69.809998,67.209999,68.050003,68.050003,9735700
8851,2015-04-21,74.300003,74.900002,72.989998,74.07,74.07,42315800
8852,2015-04-22,75.0,75.400002,71.120003,72.400002,72.400002,19062800
8853,2015-04-23,72.33000200000001,73.82,72.010002,73.690002,73.690002,10276900
8854,2015-04-24,73.58000200000001,76.690002,72.709999,76.059998,76.059998,12236800
8855,2015-04-27,75.400002,75.400002,71.209999,71.720001,71.720001,20059700
8856,2015-04-28,72.5,74.129997,71.449997,72.709999,72.709999,9460700
8857,2015-04-29,72.480003,74.720001,72.07,74.5,74.5,10419900
8858,2015-04-30,74.449997,75.260002,71.129997,72.260002,72.260002,8070800
8859,2015-05-01,72.720001,74.610001,72.279999,73.889999,73.889999,8592100
8860,2015-05-04,74.199997,74.230003,72.940002,73.050003,73.050003,5087600
8861,2015-05-05,73.230003,73.760002,72.32,72.889999,72.889999,5803900
8862,2015-05-06,73.089996,73.849998,70.389999,71.050003,71.050003,10831900
8863,2015-05-07,71.050003,71.720001,69.620003,70.389999,70.389999,9584800
8864,2015-05-08,71.099998,71.519997,69.730003,71.309998,71.309998,10074200
8865,2015-05-11,71.279999,71.949997,70.309998,71.629997,71.629997,6188300
8866,2015-05-12,70.989998,71.410004,69.849998,70.33000200000001,70.33000200000001,4219400
8867,2015-05-13,70.370003,71.199997,70.059998,70.849998,70.849998,3237100
8868,2015-05-14,71.290001,71.68,70.129997,71.529999,71.529999,4671600
8869,2015-05-15,71.230003,71.980003,70.589996,70.66999799999999,70.66999799999999,3418900
8870,2015-05-18,70.449997,71.41999799999999,69.5,71.379997,71.379997,7446300
8871,2015-05-19,70.279999,71.690002,70.279999,71.349998,71.349998,4109900
8872,2015-05-20,71.5,71.540001,70.239998,70.449997,70.449997,3963200
8873,2015-05-21,70.160004,71.029999,69.75,69.940002,69.940002,4578300
8874,2015-05-22,70.0,70.550003,69.489998,69.660004,69.660004,4333800
8875,2015-05-26,69.5,71.050003,69.489998,70.550003,70.550003,5445400
8876,2015-05-27,70.589996,72.480003,70.57,72.040001,72.040001,6467300
8877,2015-05-28,72.5,73.150002,72.08000200000001,72.68,72.68,4730200
8878,2015-05-29,72.730003,73.860001,72.559998,72.629997,72.629997,7327900
8879,2015-06-01,72.41999799999999,73.760002,72.400002,73.32,73.32,3337300
8880,2015-06-02,72.900002,73.300003,72.050003,72.279999,72.279999,2888900
8881,2015-06-03,72.620003,73.25,72.150002,72.389999,72.389999,3784900
8882,2015-06-04,72.0,74.660004,71.309998,74.290001,74.290001,8875100
8883,2015-06-05,74.470001,74.620003,73.32,74.139999,74.139999,7507800
8884,2015-06-08,74.010002,74.379997,73.480003,73.650002,73.650002,4937900
8885,2015-06-09,73.779999,74.18,73.43,73.800003,73.800003,3633500
8886,2015-06-10,73.879997,74.25,73.379997,74.059998,74.059998,4535000
8887,2015-06-11,74.18,74.33000200000001,73.629997,74.110001,74.110001,3743700
8888,2015-06-12,74.019997,74.400002,73.18,73.699997,73.699997,3552400
8889,2015-06-15,73.639999,73.769997,72.559998,73.589996,73.589996,3121500
8890,2015-06-16,72.889999,73.010002,71.58000200000001,72.050003,72.050003,8753500
8891,2015-06-17,72.239998,72.849998,71.18,71.230003,71.230003,4491700
8892,2015-06-18,71.720001,72.989998,71.5,72.559998,72.559998,5491800
8893,2015-06-19,72.339996,72.870003,71.440002,71.620003,71.620003,10459800
8894,2015-06-22,71.949997,72.260002,71.33000200000001,71.41999799999999,71.41999799999999,2289100
8895,2015-06-23,71.980003,72.0,70.57,71.019997,71.019997,3040600
8896,2015-06-24,71.019997,71.449997,70.599998,70.860001,70.860001,4750800
8897,2015-06-25,70.900002,71.209999,69.849998,70.360001,70.360001,2530800
8898,2015-06-26,70.68,70.860001,69.010002,69.059998,69.059998,9251200
8899,2015-06-29,68.150002,68.989998,67.33000200000001,67.629997,67.629997,4020800
8900,2015-06-30,68.279999,68.459999,67.370003,67.860001,67.860001,4672800
8901,2015-07-01,68.519997,69.760002,67.91999799999999,69.699997,69.699997,3595400
8902,2015-07-02,69.66999799999999,70.410004,69.339996,70.120003,70.120003,2574100
8903,2015-07-06,69.139999,73.900002,69.0,70.75,70.75,8299800
8904,2015-07-07,71.209999,71.58000200000001,69.599998,71.489998,71.489998,4377300
8905,2015-07-08,71.220001,71.989998,68.889999,68.959999,68.959999,4609200
8906,2015-07-09,69.709999,70.529999,68.639999,70.349998,70.349998,4417700
8907,2015-07-10,71.370003,72.989998,70.629997,71.220001,71.220001,5804400
8908,2015-07-13,71.599998,71.730003,70.110001,71.059998,71.059998,4221800
8909,2015-07-14,71.08000200000001,71.949997,70.5,71.41999799999999,71.41999799999999,4323100
8910,2015-07-15,71.199997,71.41999799999999,68.279999,70.059998,70.059998,4503300
8911,2015-07-16,70.459999,70.809998,68.050003,68.440002,68.440002,8371300
8912,2015-07-17,68.400002,69.010002,68.0,68.470001,68.470001,5457700
8913,2015-07-20,68.32,68.449997,66.760002,66.980003,66.980003,6750900
8914,2015-07-21,67.610001,67.610001,66.599998,67.209999,67.209999,3688800
8915,2015-07-22,67.199997,68.089996,66.690002,67.900002,67.900002,3492600
8916,2015-07-23,66.989998,68.040001,66.360001,66.559998,66.559998,5788100
8917,2015-07-24,66.440002,67.339996,65.459999,65.940002,65.940002,5386300
8918,2015-07-27,56.040001000000004,57.580002,55.400002,56.369999,56.369999,34543200
8919,2015-07-28,56.740002000000004,57.0,53.810001,56.349998,56.349998,17876400
8920,2015-07-29,56.5,58.049999,55.619999,57.240002000000004,57.240002000000004,16199800
8921,2015-07-30,57.400002,57.599998,56.34,56.349998,56.349998,9049100
8922,2015-07-31,56.48,56.639998999999996,55.610001000000004,55.990002000000004,55.990002000000004,5640900
8923,2015-08-03,55.889998999999996,56.73,54.98,55.200001,55.200001,6919300
8924,2015-08-04,54.93,55.389998999999996,53.889998999999996,54.669998,54.669998,7903000
8925,2015-08-05,55.0,55.16,54.099998,54.599998,54.599998,8430600
8926,2015-08-06,55.349998,55.990002000000004,52.59,55.400002,55.400002,16214400
8927,2015-08-07,55.900002,56.41,55.16,56.349998,56.349998,9934400
8928,2015-08-10,56.98,57.810001,56.82,57.529999,57.529999,9656100
8929,2015-08-11,57.380001,57.77,56.419998,57.130001,57.130001,7071000
8930,2015-08-12,56.25,56.84,54.23,55.360001000000004,55.360001000000004,10441700
8931,2015-08-13,55.09,55.400002,54.169998,54.220001,54.220001,5794600
8932,2015-08-14,56.0,56.130001,53.68,54.360001000000004,54.360001000000004,6859100
8933,2015-08-17,54.369999,55.560001,54.049999,55.490002000000004,55.490002000000004,6530700
8934,2015-08-18,55.66,56.439999,54.849998,55.75,55.75,9083500
8935,2015-08-19,55.66,55.73,54.689999,55.09,55.09,6790900
8936,2015-08-20,54.5,54.830002,53.02,53.029999,53.029999,8020800
8937,2015-08-21,52.360001000000004,53.139998999999996,51.200001,51.5,51.5,8589100
8938,2015-08-24,47.880001,51.259997999999996,45.5,49.810001,49.810001,10869300
8939,2015-08-25,51.98,52.040001000000004,49.07,49.110001000000004,49.110001000000004,8587300
8940,2015-08-26,50.23,51.419998,48.389998999999996,51.130001,51.130001,12172700
8941,2015-08-27,51.52,52.93,50.419998,51.490002000000004,51.490002000000004,8263100
8942,2015-08-28,51.639998999999996,51.93,49.82,50.369999,50.369999,7615300
8943,2015-08-31,50.59,51.66,49.450001,49.59,49.59,5784900
8944,2015-09-01,48.560001,49.66,47.900002,48.290001000000004,48.290001000000004,6601900
8945,2015-09-02,49.0,49.43,47.599998,48.619999,48.619999,6139700
8946,2015-09-03,49.049999,49.509997999999996,47.240002000000004,47.419998,47.419998,6766800
8947,2015-09-04,46.73,48.389998999999996,46.549999,48.049999,48.049999,6034800
8948,2015-09-08,48.75,49.43,48.0,48.720001,48.720001,6259700
8949,2015-09-09,48.98,49.34,47.41,47.560001,47.560001,5545800
8950,2015-09-10,47.490002000000004,48.259997999999996,47.009997999999996,47.799999,47.799999,5993700
8951,2015-09-11,47.43,48.77,47.279999,48.650002,48.650002,4578800
8952,2015-09-14,48.470001,49.07,48.27,49.060001,49.060001,4711900
8953,2015-09-15,49.209998999999996,50.07,48.950001,49.560001,49.560001,5833500
8954,2015-09-16,49.810001,49.849998,48.48,49.009997999999996,49.009997999999996,3911500
8955,2015-09-17,49.549999,50.16,48.779999,49.369999,49.369999,5163200
8956,2015-09-18,49.23,49.709998999999996,48.560001,49.59,49.59,10785400
8957,2015-09-21,49.400002,49.59,47.529999,48.16,48.16,6080500
8958,2015-09-22,47.470001,47.700001,45.439999,46.650002,46.650002,8650700
8959,2015-09-23,46.779999,47.080002,45.330002,45.41,45.41,6073600
8960,2015-09-24,45.099998,45.759997999999996,44.220001,45.560001,45.560001,7667800
8961,2015-09-25,45.799999,46.09,42.139998999999996,43.610001000000004,43.610001000000004,10032200
8962,2015-09-28,43.130001,43.549999,39.509997999999996,40.860001000000004,40.860001000000004,17425500
8963,2015-09-29,40.790001000000004,41.66,39.16,39.799999,39.799999,12549100
8964,2015-09-30,40.91,41.259997999999996,39.299999,40.259997999999996,40.259997999999996,10626100
8965,2015-10-01,40.599998,41.619999,39.630001,41.41,41.41,9863200
8966,2015-10-02,40.299999,43.830002,40.220001,43.66,43.66,9844800
8967,2015-10-05,43.75,44.43,42.549999,43.900002,43.900002,7933900
8968,2015-10-06,44.389998999999996,44.470001,42.25,42.849998,42.849998,7789900
8969,2015-10-07,42.889998999999996,42.990002000000004,41.009997999999996,42.23,42.23,9310900
8970,2015-10-08,42.380001,42.939999,41.32,42.669998,42.669998,4935000
8971,2015-10-09,42.799999,43.169998,42.07,42.549999,42.549999,5994600
8972,2015-10-12,43.18,43.689999,42.52,42.900002,42.900002,5265900
8973,2015-10-13,42.900002,43.540001000000004,41.27,41.419998,41.419998,5658500
8974,2015-10-14,41.560001,42.669998,41.5,42.240002000000004,42.240002000000004,5971100
8975,2015-10-15,41.779999,42.91,41.580002,42.73,42.73,7258200
8976,2015-10-16,43.0,43.77,42.73,43.549999,43.549999,10111700
8977,2015-10-19,44.040001000000004,44.25,42.759997999999996,43.740002000000004,43.740002000000004,7192200
8978,2015-10-20,44.200001,44.200001,42.459998999999996,42.549999,42.549999,7297000
8979,2015-10-21,42.490002000000004,42.52,39.439999,40.889998999999996,40.889998999999996,12378800
8980,2015-10-22,40.599998,40.599998,37.59,39.16,39.16,17896300
8981,2015-10-23,39.740002000000004,41.560001,38.91,40.959998999999996,40.959998999999996,10283500
8982,2015-10-26,40.900002,42.16,40.400002,41.849998,41.849998,7877900
8983,2015-10-27,42.119999,44.110001000000004,42.009997999999996,44.09,44.09,10339000
8984,2015-10-28,44.380001,45.369999,43.560001,44.889998999999996,44.889998999999996,8865400
8985,2015-10-29,46.68,48.040001000000004,45.080002,45.779999,45.779999,13116000
8986,2015-10-30,45.490002000000004,46.049999,43.43,44.09,44.09,11617400
8987,2015-11-02,44.869999,46.330002,44.25,45.810001,45.810001,9013000
8988,2015-11-03,45.459998999999996,47.490002000000004,45.459998999999996,46.57,46.57,11600100
8989,2015-11-04,47.049999,47.459998999999996,46.400002,46.580002,46.580002,10610000
8990,2015-11-05,46.419998,46.779999,44.639998999999996,44.790001000000004,44.790001000000004,7093800
8991,2015-11-06,45.009997999999996,45.450001,44.200001,44.959998999999996,44.959998999999996,6387800
8992,2015-11-09,45.099998,46.23,44.400002,45.139998999999996,45.139998999999996,8699900
8993,2015-11-10,45.34,45.849998,44.75,45.439999,45.439999,11547300
8994,2015-11-11,45.66,46.43,44.279999,44.490002000000004,44.490002000000004,7521100
8995,2015-11-12,44.650002,44.73,42.560001,43.200001,43.200001,12577700
8996,2015-11-13,47.599998,49.490002000000004,46.48,48.779999,48.779999,38841800
8997,2015-11-16,48.860001000000004,50.509997999999996,48.400002,50.0,50.0,11171900
8998,2015-11-17,50.189999,51.450001,50.099998,50.66,50.66,8075100
8999,2015-11-18,50.849998,52.240002000000004,50.419998,52.02,52.02,10975900
9000,2015-11-19,52.459998999999996,52.459998999999996,50.200001,51.220001,51.220001,6773100
9001,2015-11-20,51.580002,51.970001,50.349998,51.869999,51.869999,8889100
9002,2015-11-23,51.860001000000004,52.450001,50.529999,50.880001,50.880001,8408400
9003,2015-11-24,50.560001,50.970001,50.18,50.389998999999996,50.389998999999996,8805500
9004,2015-11-25,50.27,51.849998,50.240002000000004,51.799999,51.799999,5309800
9005,2015-11-27,51.849998,52.02,51.470001,51.740002000000004,51.740002000000004,1850100
9006,2015-11-30,51.709998999999996,52.0,50.869999,51.299999,51.299999,4844300
9007,2015-12-01,51.880001,53.34,51.509997999999996,53.080002,53.080002,7531800
9008,2015-12-02,52.779999,54.5,51.77,52.080002,52.080002,8390500
9009,2015-12-03,52.209998999999996,52.419998,50.240002000000004,51.07,51.07,7611400
9010,2015-12-04,50.700001,51.470001,50.150002,51.41,51.41,7806000
9011,2015-12-07,51.23,51.549999,50.130001,51.09,51.09,5363900
9012,2015-12-08,50.5,51.529999,50.23,51.259997999999996,51.259997999999996,7402700
9013,2015-12-09,51.040001000000004,52.049999,50.259997999999996,50.700001,50.700001,6716800
9014,2015-12-10,51.0,52.990002000000004,50.82,52.93,52.93,5227600
9015,2015-12-11,52.259997999999996,53.279999,51.91,52.560001,52.560001,6871800
9016,2015-12-14,53.639998999999996,53.810001,51.849998,53.369999,53.369999,9696100
9017,2015-12-15,53.880001,55.0,53.77,53.990002000000004,53.990002000000004,7696800
9018,2015-12-16,54.200001,54.740002000000004,53.169998,54.389998999999996,54.389998999999996,4889100
9019,2015-12-17,55.040001000000004,55.299999,52.939999,52.970001,52.970001,6230000
9020,2015-12-18,52.439999,53.740002000000004,52.150002,53.169998,53.169998,9257800
9021,2015-12-21,53.52,53.849998,53.169998,53.639998999999996,53.639998999999996,4697500
9022,2015-12-22,53.619999,54.290001000000004,53.41,54.189999,54.189999,2840700
9023,2015-12-23,54.259997999999996,55.060001,54.119999,54.790001000000004,54.790001000000004,4303800
9024,2015-12-24,55.09,55.150002,54.349998,54.82,54.82,1579300
9025,2015-12-28,54.48,54.48,53.580002,54.330002,54.330002,2469500
9026,2015-12-29,54.610001000000004,55.509997999999996,54.48,55.279999,55.279999,3507100
9027,2015-12-30,55.009997999999996,55.5,54.5,54.619999,54.619999,2383400
9028,2015-12-31,54.360001000000004,54.77,54.02,54.07,54.07,2658900
9029,2016-01-04,52.880001,54.0,52.700001,53.279999,53.279999,6719300
9030,2016-01-05,53.669998,54.419998,53.25,54.09,54.09,5617000
9031,2016-01-06,52.959998999999996,54.439999,52.779999,53.360001000000004,53.360001000000004,5581300
9032,2016-01-07,52.52,52.669998,51.57,51.610001000000004,51.610001000000004,6384600
9033,2016-01-08,51.720001,51.93,49.259997999999996,49.419998,49.419998,7232500
9034,2016-01-11,50.060001,50.23,48.330002,49.5,49.5,6719500
9035,2016-01-12,49.73,50.669998,48.77,50.09,50.09,4310800
9036,2016-01-13,50.5,50.990002000000004,48.77,48.889998999999996,48.889998999999996,4085500
9037,2016-01-14,49.0,51.650002,48.41,50.700001,50.700001,7410200
9038,2016-01-15,48.900002,50.41,48.029999,49.709998999999996,49.709998999999996,9087500
9039,2016-01-19,50.57,51.779999,48.740002000000004,50.220001,50.220001,8135800
9040,2016-01-20,49.709998999999996,52.16,49.540001000000004,51.400002,51.400002,5543000
9041,2016-01-21,51.860001000000004,52.27,50.439999,51.439999,51.439999,4235500
9042,2016-01-22,52.599998,53.41,51.939999,53.110001000000004,53.110001000000004,3625100
9043,2016-01-25,52.959998999999996,53.630001,52.400002,52.619999,52.619999,3482200
9044,2016-01-26,52.73,54.23,52.049999,53.93,53.93,3611200
9045,2016-01-27,53.849998,53.919998,50.830002,51.23,51.23,6522000
9046,2016-01-28,51.889998999999996,51.939999,49.5,50.43,50.43,5625700
9047,2016-01-29,50.84,52.77,50.290001000000004,52.689999,52.689999,4842400
9048,2016-02-01,51.919998,52.669998,50.619999,52.349998,52.349998,5205500
9049,2016-02-02,52.009997999999996,53.049999,50.529999,50.82,50.82,5163500
9050,2016-02-03,51.380001,52.549999,49.330002,52.259997999999996,52.259997999999996,5683100
9051,2016-02-04,51.939999,53.209998999999996,51.150002,52.310001,52.310001,4032500
9052,2016-02-05,52.209998999999996,52.91,50.950001,51.389998999999996,51.389998999999996,4300600
9053,2016-02-08,50.810001,51.150002,49.34,50.450001,50.450001,4949600
9054,2016-02-09,49.720001,51.59,49.139998999999996,50.740002000000004,50.740002000000004,5909900
9055,2016-02-10,51.209998999999996,51.73,49.139998999999996,50.540001000000004,50.540001000000004,11128800
9056,2016-02-11,43.950001,44.0,40.040001000000004,41.419998,41.419998,33288600
9057,2016-02-12,41.34,42.0,40.049999,41.830002,41.830002,15531100
9058,2016-02-16,42.27,43.200001,41.939999,43.150002,43.150002,10111400
9059,2016-02-17,43.799999,46.419998,43.720001,46.27,46.27,10084600
9060,2016-02-18,46.459998999999996,47.049999,44.619999,44.709998999999996,44.709998999999996,8324800
9061,2016-02-19,43.799999,45.98,43.799999,45.34,45.34,5046800
9062,2016-02-22,46.349998,46.900002,45.630001,46.810001,46.810001,5244800
9063,2016-02-23,46.700001,47.970001,46.540001000000004,46.709998999999996,46.709998999999996,6558900
9064,2016-02-24,45.700001,46.779999,44.860001000000004,46.599998,46.599998,4786900
9065,2016-02-25,46.98,47.43,46.18,47.419998,47.419998,3553000
9066,2016-02-26,47.07,47.77,46.830002,47.139998999999996,47.139998999999996,3078800
9067,2016-02-29,47.0,47.040001000000004,45.040001000000004,45.07,45.07,5230800
9068,2016-03-01,46.459998999999996,46.790001000000004,45.189999,46.060001,46.060001,6181800
9069,2016-03-02,45.950001,46.169998,44.869999,46.119999,46.119999,4287900
9070,2016-03-03,45.82,46.119999,45.169998,45.73,45.73,4107600
9071,2016-03-04,46.0,46.02,44.299999,44.779999,44.779999,5902700
9072,2016-03-07,44.889998999999996,47.02,44.619999,46.139998999999996,46.139998999999996,5424000
9073,2016-03-08,45.950001,46.0,44.560001,44.75,44.75,4683400
9074,2016-03-09,44.98,46.59,44.639998999999996,46.549999,46.549999,5809200
9075,2016-03-10,47.220001,48.709998999999996,46.66,47.290001000000004,47.290001000000004,7332700
9076,2016-03-11,47.0,48.610001000000004,46.950001,48.599998,48.599998,5169600
9077,2016-03-14,48.400002,48.43,46.360001000000004,47.869999,47.869999,4389800
9078,2016-03-15,47.18,47.299999,45.34,45.919998,45.919998,6865900
9079,2016-03-16,45.639998999999996,47.18,45.610001000000004,46.400002,46.400002,5005000
9080,2016-03-17,46.080002,46.200001,43.650002,44.220001,44.220001,7655100
9081,2016-03-18,44.619999,45.279999,43.84,45.049999,45.049999,6555800
9082,2016-03-21,45.130001,46.130001,45.099998,45.459998999999996,45.459998999999996,3992200
9083,2016-03-22,45.290001000000004,46.380001,45.25,46.209998999999996,46.209998999999996,5710000
9084,2016-03-23,46.220001,46.450001,45.369999,45.41,45.41,2217600
9085,2016-03-24,45.0,46.130001,44.470001,45.880001,45.880001,2573600
9086,2016-03-28,45.98,46.07,44.82,45.200001,45.200001,3590400
9087,2016-03-29,45.07,47.200001,44.759997999999996,47.009997999999996,47.009997999999996,3091200
9088,2016-03-30,46.91,47.200001,45.950001,46.400002,46.400002,2240900
9089,2016-03-31,46.209998999999996,46.68,45.57,46.349998,46.349998,3312700
9090,2016-04-01,46.220001,47.66,45.73,47.5,47.5,3556800
9091,2016-04-04,47.490002000000004,48.459998999999996,47.060001,47.23,47.23,3693800
9092,2016-04-05,46.25,46.549999,45.599998,45.919998,45.919998,5762300
9093,2016-04-06,45.919998,48.389998999999996,45.77,48.34,48.34,5661900
9094,2016-04-07,47.950001,48.810001,47.66,48.07,48.07,3773000
9095,2016-04-08,48.91,48.91,46.630001,47.0,47.0,4405400
9096,2016-04-11,47.32,47.470001,45.209998999999996,45.560001,45.560001,5767900
9097,2016-04-12,45.610001000000004,46.939999,45.610001000000004,46.25,46.25,8075000
9098,2016-04-13,46.709998999999996,47.610001000000004,46.150002,47.220001,47.220001,4064800
9099,2016-04-14,47.330002,48.0,46.779999,47.59,47.59,6559800
9100,2016-04-15,47.16,47.599998,46.639998999999996,46.889998999999996,46.889998999999996,7538300
9101,2016-04-18,46.950001,47.93,46.639998999999996,47.599998,47.599998,2577900
9102,2016-04-19,47.77,48.959998999999996,47.650002,47.77,47.77,3111200
9103,2016-04-20,48.09,48.43,47.5,47.93,47.93,2619300
9104,2016-04-21,48.040001000000004,49.200001,48.009997999999996,48.799999,48.799999,3505800
9105,2016-04-22,48.75,49.419998,47.82,48.290001000000004,48.290001000000004,2749100
9106,2016-04-25,46.849998,47.0,44.98,45.02,45.02,8934000
9107,2016-04-26,45.5,45.5,43.799999,44.990002000000004,44.990002000000004,6889700
9108,2016-04-27,44.849998,45.130001,44.25,44.48,44.48,6421500
9109,2016-04-28,43.880001,43.880001,42.459998999999996,42.599998,42.599998,8658300
9110,2016-04-29,42.369999,42.73,41.310001,41.709998999999996,41.709998999999996,7688100
9111,2016-05-02,42.099998,42.759997999999996,41.509997999999996,42.709998999999996,42.709998999999996,5999500
9112,2016-05-03,43.369999,44.560001,41.849998,43.689999,43.689999,11911900
9113,2016-05-04,43.400002,43.5,41.580002,41.939999,41.939999,5547600
9114,2016-05-05,41.84,42.029999,40.759997999999996,41.400002,41.400002,9059200
9115,2016-05-06,40.310001,41.220001,38.459998999999996,39.650002,39.650002,11473500
9116,2016-05-09,40.52,41.099998,40.16,40.77,40.77,5440000
9117,2016-05-10,40.880001,41.369999,40.560001,40.810001,40.810001,4606600
9118,2016-05-11,40.709998999999996,40.75,39.57,39.639998999999996,39.639998999999996,3858300
9119,2016-05-12,39.650002,39.889998999999996,38.009997999999996,38.619999,38.619999,7383700
9120,2016-05-13,38.380001,39.32,38.049999,39.16,39.16,5623300
9121,2016-05-16,39.470001,40.529999,39.200001,40.450001,40.450001,4879400
9122,2016-05-17,40.400002,41.720001,40.209998999999996,41.02,41.02,6066900
9123,2016-05-18,41.18,42.759997999999996,41.150002,42.040001000000004,42.040001000000004,5298800
9124,2016-05-19,41.830002,42.419998,40.5,41.119999,41.119999,3702100
9125,2016-05-20,41.169998,42.09,41.09,41.509997999999996,41.509997999999996,3550100
9126,2016-05-23,41.560001,41.66,40.950001,41.209998999999996,41.209998999999996,3710900
9127,2016-05-24,41.549999,42.599998,41.5,42.439999,42.439999,3702800
9128,2016-05-25,42.470001,42.970001,42.139998999999996,42.68,42.68,3340100
9129,2016-05-26,42.66,43.0,42.41,42.860001000000004,42.860001000000004,1953700
9130,2016-05-27,43.060001,43.84,42.889998999999996,43.060001,43.060001,3054000
9131,2016-05-31,43.209998999999996,43.59,42.970001,43.34,43.34,3456000
9132,2016-06-01,43.240002000000004,44.860001000000004,42.970001,44.459998999999996,44.459998999999996,5554800
9133,2016-06-02,44.75,45.68,44.549999,44.959998999999996,44.959998999999996,6713800
9134,2016-06-03,44.950001,45.290001000000004,43.529999,44.52,44.52,2792700
9135,2016-06-06,45.119999,46.549999,44.799999,46.52,46.52,4955900
9136,2016-06-07,46.279999,46.68,45.419998,46.610001000000004,46.610001000000004,4569600
9137,2016-06-08,46.669998,47.0,46.18,46.509997999999996,46.509997999999996,4764000
9138,2016-06-09,46.290001000000004,46.709998999999996,45.709998999999996,45.759997999999996,45.759997999999996,3919200
9139,2016-06-10,44.389998999999996,44.580002,43.0,44.529999,44.529999,7341000
9140,2016-06-13,44.150002,45.369999,44.049999,44.77,44.77,4893100
9141,2016-06-14,44.669998,45.43,44.099998,44.869999,44.869999,4302800
9142,2016-06-15,44.970001,45.799999,44.66,44.740002000000004,44.740002000000004,3455300
9143,2016-06-16,44.400002,45.119999,44.09,45.049999,45.049999,3046000
9144,2016-06-17,45.049999,45.580002,44.470001,45.009997999999996,45.009997999999996,9207200
9145,2016-06-20,45.66,46.209998999999996,45.09,45.380001,45.380001,3812700
9146,2016-06-21,45.560001,45.790001000000004,44.060001,44.880001,44.880001,5221100
9147,2016-06-22,44.740002000000004,46.290001000000004,44.700001,45.0,45.0,3360400
9148,2016-06-23,45.639998999999996,46.220001,45.459998999999996,46.16,46.16,2964200
9149,2016-06-24,43.68,45.139998999999996,43.200001,43.560001,43.560001,9367100
9150,2016-06-27,43.18,43.189999,41.619999,41.810001,41.810001,5270300
9151,2016-06-28,42.18,43.07,42.139998999999996,42.82,42.82,3755300
9152,2016-06-29,43.169998,43.93,42.669998,43.220001,43.220001,4748800
9153,2016-06-30,43.25,43.369999,42.470001,43.240002000000004,43.240002000000004,7206400
9154,2016-07-01,43.34,43.59,42.84,43.48,43.48,5332200
9155,2016-07-05,43.299999,43.310001,42.330002,42.669998,42.669998,4036200
9156,2016-07-06,42.639998999999996,43.599998,41.990002000000004,43.540001000000004,43.540001000000004,3764000
9157,2016-07-07,43.759997999999996,43.919998,43.139998999999996,43.700001,43.700001,2110900
9158,2016-07-08,44.18,44.790001000000004,43.799999,44.540001000000004,44.540001000000004,2490500
9159,2016-07-11,44.720001,44.880001,44.310001,44.549999,44.549999,3109900
9160,2016-07-12,44.779999,45.389998999999996,44.740002000000004,45.16,45.16,2629100
9161,2016-07-13,45.939999,46.779999,45.279999,45.299999,45.299999,3604100
9162,2016-07-14,45.849998,45.970001,45.279999,45.380001,45.380001,2502400
9163,2016-07-15,45.830002,45.900002,45.150002,45.450001,45.450001,2696000
9164,2016-07-18,45.560001,45.919998,45.41,45.529999,45.529999,3529800
9165,2016-07-19,45.32,45.75,44.740002000000004,44.93,44.93,3856200
9166,2016-07-20,45.07,47.209998999999996,44.990002000000004,47.200001,47.200001,5311800
9167,2016-07-21,47.02,47.689999,45.970001,46.860001000000004,46.860001000000004,4706300
9168,2016-07-22,47.040001000000004,47.060001,46.09,46.59,46.59,2236400
9169,2016-07-25,46.580002,47.34,46.509997999999996,47.279999,47.279999,2763600
9170,2016-07-26,47.130001,48.34,46.419998,46.48,46.48,3797000
9171,2016-07-27,46.529999,47.009997999999996,46.380001,46.93,46.93,2952100
9172,2016-07-28,46.82,46.919998,45.82,46.720001,46.720001,3866700
9173,2016-07-29,46.700001,46.939999,46.110001000000004,46.790001000000004,46.790001000000004,2658900
9174,2016-08-01,46.790001000000004,47.119999,46.360001000000004,46.740002000000004,46.740002000000004,3122700
9175,2016-08-02,46.400002,46.740002000000004,45.68,46.529999,46.529999,4814300
9176,2016-08-03,46.330002,48.540001000000004,46.299999,48.41,48.41,7782500
9177,2016-08-04,48.310001,49.189999,48.25,48.549999,48.549999,11709900
9178,2016-08-05,48.98,49.110001000000004,48.299999,48.459998999999996,48.459998999999996,4747200
9179,2016-08-08,48.419998,49.32,48.240002000000004,48.529999,48.529999,6708700
9180,2016-08-09,48.599998,50.400002,48.599998,49.919998,49.919998,7814200
9181,2016-08-10,49.299999,49.91,48.009997999999996,48.790001000000004,48.790001000000004,7499900
9182,2016-08-11,49.09,49.400002,48.560001,48.709998999999996,48.709998999999996,3496800
9183,2016-08-12,48.400002,48.52,47.73,48.459998999999996,48.459998999999996,3623200
9184,2016-08-15,48.720001,48.900002,48.5,48.75,48.75,3320800
9185,2016-08-16,48.709998999999996,49.02,48.490002000000004,48.529999,48.529999,2225300
9186,2016-08-17,48.759997999999996,49.16,48.32,48.900002,48.900002,2591800
9187,2016-08-18,49.0,49.419998,48.860001000000004,49.32,49.32,2983900
9188,2016-08-19,48.990002000000004,49.200001,48.099998,48.66,48.66,5148800
9189,2016-08-22,48.540001000000004,49.09,47.57,47.900002,47.900002,7281900
9190,2016-08-23,47.450001,47.59,45.529999,45.619999,45.619999,13105600
9191,2016-08-24,45.5,45.990002000000004,42.779999,43.150002,43.150002,17938600
9192,2016-08-25,44.650002,45.110001000000004,42.330002,42.849998,42.849998,17728700
9193,2016-08-26,43.110001000000004,43.98,42.630001,43.029999,43.029999,8349600
9194,2016-08-29,43.990002000000004,44.240002000000004,42.470001,43.220001,43.220001,11697600
9195,2016-08-30,43.25,44.099998,42.59,42.75,42.75,4960800
9196,2016-08-31,42.560001,42.630001,41.869999,42.360001000000004,42.360001000000004,6204900
9197,2016-09-01,42.52,42.630001,41.549999,41.919998,41.919998,5691700
9198,2016-09-02,42.009997999999996,42.09,39.82,39.970001,39.970001,17238000
9199,2016-09-06,40.0,40.93,39.900002,40.400002,40.400002,9142800
9200,2016-09-07,40.84,40.880001,40.209998999999996,40.310001,40.310001,6903900
9201,2016-09-08,40.5,40.779999,39.970001,40.57,40.57,4767100
9202,2016-09-09,40.389998999999996,40.389998999999996,39.75,39.889998999999996,39.889998999999996,5738700
9203,2016-09-12,40.029999,41.57,40.0,41.330002,41.330002,8180000
9204,2016-09-13,41.09,41.169998,40.5,40.91,40.91,5426800
9205,2016-09-14,41.290001000000004,41.549999,40.549999,40.84,40.84,4460200
9206,2016-09-15,40.91,41.580002,40.66,41.490002000000004,41.490002000000004,3759900
9207,2016-09-16,41.439999,41.860001000000004,40.93,41.790001000000004,41.790001000000004,8748100
9208,2016-09-19,41.970001,42.060001,41.25,41.490002000000004,41.490002000000004,3394400
9209,2016-09-20,41.560001,42.040001000000004,41.130001,41.259997999999996,41.259997999999996,5676800
9210,2016-09-21,41.049999,42.07,40.919998,41.91,41.91,4165300
9211,2016-09-22,42.419998,43.720001,42.290001000000004,42.59,42.59,7752600
9212,2016-09-23,42.689999,42.689999,41.950001,42.060001,42.060001,5357600
9213,2016-09-26,41.790001000000004,41.900002,41.130001,41.18,41.18,6502300
9214,2016-09-27,41.040001000000004,41.43,40.82,41.310001,41.310001,5547800
9215,2016-09-28,41.200001,41.43,40.040001000000004,40.220001,40.220001,5648000
9216,2016-09-29,40.169998,40.220001,37.650002,38.470001,38.470001,19125100
9217,2016-09-30,38.330002,38.830002,37.849998,38.119999,38.119999,7298700
9218,2016-10-03,38.099998,38.220001,37.41,38.200001,38.200001,7093700
9219,2016-10-04,38.07,38.349998,37.619999,37.970001,37.970001,6046500
9220,2016-10-05,38.080002,38.459998999999996,37.82,38.029999,38.029999,5565200
9221,2016-10-06,37.75,37.799999,36.43,36.84,36.84,10539000
9222,2016-10-07,36.810001,36.84,35.580002,35.939999,35.939999,10871200
9223,2016-10-10,40.32,40.450001,38.709998999999996,38.869999,38.869999,17944300
9224,2016-10-11,38.689999,39.279999,38.110001000000004,38.310001,38.310001,8497500
9225,2016-10-12,38.220001,38.349998,36.900002,37.07,37.07,7198700
9226,2016-10-13,36.84,38.27,36.77,37.880001,37.880001,6493400
9227,2016-10-14,38.0,38.130001,36.470001,36.490002000000004,36.490002000000004,5773100
9228,2016-10-17,36.689999,36.799999,36.09,36.439999,36.439999,6709100
9229,2016-10-18,36.950001,37.470001,36.689999,37.389998999999996,37.389998999999996,5793500
9230,2016-10-19,37.790001000000004,37.990002000000004,37.169998,37.200001,37.200001,3861000
9231,2016-10-20,37.299999,37.880001,37.169998,37.610001000000004,37.610001000000004,3596700
9232,2016-10-21,37.57,37.709998999999996,36.82,37.02,37.02,6171000
9233,2016-10-24,37.25,37.889998999999996,37.02,37.560001,37.560001,3149700
9234,2016-10-25,37.689999,39.389998999999996,37.619999,38.68,38.68,9299300
9235,2016-10-26,38.48,38.77,37.650002,38.080002,38.080002,7049800
9236,2016-10-27,38.240002000000004,38.380001,37.610001000000004,38.02,38.02,4523700
9237,2016-10-28,37.860001000000004,38.75,36.669998,37.189999,37.189999,7763800
9238,2016-10-31,37.290001000000004,37.48,36.48,36.5,36.5,5473100
9239,2016-11-01,36.540001000000004,37.32,36.509997999999996,37.16,37.16,6488900
9240,2016-11-02,37.119999,37.560001,36.349998,36.669998,36.669998,5947000
9241,2016-11-03,37.040001000000004,37.099998,33.599998,34.139998999999996,34.139998999999996,17832200
9242,2016-11-04,34.009997999999996,35.630001,34.0,35.0,35.0,7932400
9243,2016-11-07,35.689999,36.810001,35.279999,36.59,36.59,5780700
9244,2016-11-08,35.610001000000004,37.77,35.450001,37.110001000000004,37.110001000000004,9116500
9245,2016-11-09,40.0,40.5,38.549999,38.919998,38.919998,17363400
9246,2016-11-10,39.450001,40.41,37.549999,38.279999,38.279999,11946500
9247,2016-11-11,37.919998,38.540001000000004,37.41,37.93,37.93,5722000
9248,2016-11-14,37.560001,38.529999,37.560001,38.439999,38.439999,4971100
9249,2016-11-15,38.0,38.779999,37.400002,38.66,38.66,5328100
9250,2016-11-16,38.5,38.599998,37.700001,37.900002,37.900002,4776100
9251,2016-11-17,38.080002,38.130001,37.0,37.560001,37.560001,5441100
9252,2016-11-18,37.450001,37.59,36.41,36.470001,36.470001,6108800
9253,2016-11-21,36.529999,37.110001000000004,36.419998,36.68,36.68,3700100
9254,2016-11-22,36.619999,36.939999,35.900002,36.32,36.32,3485900
9255,2016-11-23,35.91,36.900002,35.259997999999996,36.849998,36.849998,4267800
9256,2016-11-25,36.93,37.040001000000004,36.580002,36.68,36.68,1306400
9257,2016-11-28,36.720001,37.150002,36.669998,36.740002000000004,36.740002000000004,3607600
9258,2016-11-29,36.759997999999996,37.0,35.950001,36.060001,36.060001,3698200
9259,2016-11-30,36.029999,36.720001,35.689999,36.610001000000004,36.610001000000004,5522900
9260,2016-12-01,36.619999,37.16,35.919998,36.029999,36.029999,5125300
9261,2016-12-02,36.07,36.419998,35.68,35.990002000000004,35.990002000000004,3543400
9262,2016-12-05,36.310001,36.66,35.369999,35.650002,35.650002,3528300
9263,2016-12-06,35.450001,36.02,34.91,35.860001000000004,35.860001000000004,5788900
9264,2016-12-07,35.52,35.52,33.790001000000004,34.5,34.5,11556400
9265,2016-12-08,34.5,36.080002,34.240002000000004,36.060001,36.060001,9101700
9266,2016-12-09,36.080002,37.150002,36.07,36.509997999999996,36.509997999999996,6118800
9267,2016-12-12,36.689999,37.299999,36.349998,37.130001,37.130001,4876600
9268,2016-12-13,37.700001,38.450001,37.639998999999996,38.299999,38.299999,7035600
9269,2016-12-14,38.150002,38.169998,37.130001,37.689999,37.689999,5845700
9270,2016-12-15,37.639998999999996,38.099998,37.32,37.759997999999996,37.759997999999996,4591700
9271,2016-12-16,38.09,38.23,37.630001,37.82,37.82,6542300
9272,2016-12-19,37.630001,38.290001000000004,37.380001,37.490002000000004,37.490002000000004,2727900
9273,2016-12-20,37.560001,37.830002,37.139998999999996,37.290001000000004,37.290001000000004,2479900
9274,2016-12-21,37.400002,37.889998999999996,37.049999,37.52,37.52,4093000
9275,2016-12-22,37.389998999999996,37.810001,37.130001,37.310001,37.310001,3122900
9276,2016-12-23,37.259997999999996,37.549999,37.200001,37.5,37.5,2077700
9277,2016-12-27,37.48,38.240002000000004,37.459998999999996,37.580002,37.580002,3860100
9278,2016-12-28,37.689999,37.790001000000004,36.900002,37.209998999999996,37.209998999999996,5533600
9279,2016-12-29,37.470001,38.0,37.18,37.380001,37.380001,3553000
9280,2016-12-30,37.98,38.790001000000004,37.84,38.150002,38.150002,6312700
9281,2017-01-03,38.48,39.279999,38.419998,39.110001000000004,39.110001000000004,5031900
9282,2017-01-04,39.32,40.080002,39.25,39.630001,39.630001,6581800
9283,2017-01-05,38.950001,39.470001,38.77,39.16,39.16,5799300
9284,2017-01-06,38.869999,39.080002,37.950001,38.5,38.5,5723600
9285,2017-01-09,38.5,39.130001,38.41,38.950001,38.950001,3382200
9286,2017-01-10,39.23,39.369999,38.669998,38.950001,38.950001,3409800
9287,2017-01-11,39.549999,39.580002,37.080002,37.279999,37.279999,11809800
9288,2017-01-12,37.439999,37.439999,36.169998,36.77,36.77,7167200
9289,2017-01-13,36.790001000000004,37.02,36.349998,36.73,36.73,5031400
9290,2017-01-17,36.860001000000004,37.360001000000004,36.450001,37.07,37.07,4542900
9291,2017-01-18,37.18,37.380001,36.709998999999996,37.189999,37.189999,4247600
9292,2017-01-19,37.110001000000004,37.299999,36.709998999999996,36.950001,36.950001,4062700
9293,2017-01-20,36.93,37.349998,36.799999,37.07,37.07,3587000
9294,2017-01-23,36.869999,37.189999,35.82,36.029999,36.029999,4735300
9295,2017-01-24,36.029999,36.130001,35.16,35.810001,35.810001,5067200
9296,2017-01-25,36.0,36.639998999999996,35.98,36.48,36.48,5124900
9297,2017-01-26,36.540001000000004,36.59,35.830002,36.099998,36.099998,3517400
9298,2017-01-27,36.16,36.830002,36.009997999999996,36.66,36.66,2982100
9299,2017-01-30,36.57,36.73,35.5,36.34,36.34,5237900
9300,2017-01-31,37.02,38.09,36.41,38.049999,38.049999,7353700
9301,2017-02-01,38.68,38.75,38.07,38.66,38.66,5917200
9302,2017-02-02,38.259997999999996,39.349998,38.16,39.0,39.0,6225400
9303,2017-02-03,39.27,39.5,38.52,39.209998999999996,39.209998999999996,5719500
9304,2017-02-06,39.360001000000004,40.25,39.34,39.98,39.98,6182800
9305,2017-02-07,40.259997999999996,40.299999,39.209998999999996,39.389998999999996,39.389998999999996,6061700
9306,2017-02-08,39.220001,39.650002,39.0,39.189999,39.189999,5939500
9307,2017-02-09,39.360001000000004,39.599998,39.0,39.299999,39.299999,5517100
9308,2017-02-10,39.09,39.459998999999996,39.0,39.310001,39.310001,2521900
9309,2017-02-13,39.709998999999996,39.889998999999996,39.560001,39.779999,39.779999,3920300
9310,2017-02-14,39.59,40.91,39.560001,40.75,40.75,5501900
9311,2017-02-15,40.669998,42.59,40.59,42.439999,42.439999,10793900
9312,2017-02-16,42.599998,42.650002,41.560001,42.0,42.0,4437500
9313,2017-02-17,41.860001000000004,42.330002,41.779999,42.049999,42.049999,6616400
9314,2017-02-21,42.459998999999996,42.700001,42.07,42.299999,42.299999,7442800
9315,2017-02-22,42.209998999999996,42.299999,41.860001000000004,42.0,42.0,5059300
9316,2017-02-23,42.029999,42.540001000000004,41.77,42.330002,42.330002,4395100
9317,2017-02-24,42.310001,42.349998,41.759997999999996,42.16,42.16,4857700
9318,2017-02-27,42.040001000000004,42.5,41.77,42.439999,42.439999,4060300
9319,2017-02-28,42.450001,42.48,41.419998,41.849998,41.849998,6874100
9320,2017-03-01,44.34,45.869999,44.099998,44.869999,44.869999,15930300
9321,2017-03-02,44.669998,45.73,44.400002,45.279999,45.279999,7235900
9322,2017-03-03,45.209998999999996,45.75,44.91,45.18,45.18,5382300
9323,2017-03-06,45.310001,45.439999,43.98,44.040001000000004,44.040001000000004,5353300
9324,2017-03-07,43.450001,43.75,42.790001000000004,43.330002,43.330002,6585100
9325,2017-03-08,43.32,43.880001,43.07,43.470001,43.470001,4298400
9326,2017-03-09,43.619999,43.66,42.900002,43.23,43.23,4391500
9327,2017-03-10,43.68,43.73,42.970001,43.400002,43.400002,3670700
9328,2017-03-13,43.5,43.5,42.889998999999996,42.98,42.98,3195200
9329,2017-03-14,42.68,42.93,42.32,42.77,42.77,3593100
9330,2017-03-15,42.889998999999996,43.0,42.599998,42.830002,42.830002,6844200
9331,2017-03-16,42.709998999999996,42.889998999999996,42.299999,42.490002000000004,42.490002000000004,4394500
9332,2017-03-17,42.59,42.630001,41.939999,42.029999,42.029999,6070600
9333,2017-03-20,42.099998,42.52,41.950001,42.169998,42.169998,5027300
9334,2017-03-21,42.169998,42.169998,41.580002,41.669998,41.669998,4241500
9335,2017-03-22,41.599998,41.860001000000004,41.369999,41.700001,41.700001,4364700
9336,2017-03-23,41.200001,42.060001,41.119999,41.610001000000004,41.610001000000004,5030000
9337,2017-03-24,40.279999,41.27,40.25,40.959998999999996,40.959998999999996,24463400
9338,2017-03-27,40.860001000000004,41.75,40.790001000000004,41.709998999999996,41.709998999999996,8049700
9339,2017-03-28,41.939999,42.48,41.549999,41.720001,41.720001,4381200
9340,2017-03-29,41.5,41.889998999999996,40.130001,40.349998,40.349998,10250600
9341,2017-03-30,40.209998999999996,40.43,39.5,39.59,39.59,7331500
9342,2017-03-31,39.48,39.66,38.950001,38.990002000000004,38.990002000000004,6588100
9343,2017-04-03,38.630001,39.16,38.57,39.009997999999996,39.009997999999996,7582200
9344,2017-04-04,38.98,39.02,38.34,38.700001,38.700001,5425700
9345,2017-04-05,38.740002000000004,39.240002000000004,38.59,38.82,38.82,5371900
9346,2017-04-06,39.029999,39.310001,38.790001000000004,38.959998999999996,38.959998999999996,4102400
9347,2017-04-07,38.860001000000004,39.82,38.68,39.599998,39.599998,6607500
9348,2017-04-10,39.75,40.07,39.240002000000004,39.25,39.25,4782100
9349,2017-04-11,39.16,39.16,38.25,38.450001,38.450001,7016000
9350,2017-04-12,38.330002,38.5,37.68,38.040001000000004,38.040001000000004,4225800
9351,2017-04-13,37.799999,37.950001,37.099998,37.669998,37.669998,2968000
9352,2017-04-17,37.740002000000004,37.849998,37.0,37.549999,37.549999,3634300
9353,2017-04-18,36.959998999999996,37.310001,36.75,37.029999,37.029999,4422700
9354,2017-04-19,37.169998,37.290001000000004,36.849998,36.959998999999996,36.959998999999996,3848800
9355,2017-04-20,37.18,37.220001,36.599998,37.080002,37.080002,3596500
9356,2017-04-21,37.110001000000004,37.450001,36.540001000000004,36.830002,36.830002,3876700
9357,2017-04-24,37.25,37.700001,37.139998999999996,37.470001,37.470001,4490500
9358,2017-04-25,37.470001,37.5,36.57,36.849998,36.849998,5844100
9359,2017-04-26,36.919998,38.02,36.830002,37.439999,37.439999,6161200
9360,2017-04-27,37.400002,37.84,37.32,37.720001,37.720001,3467300
9361,2017-04-28,37.73,37.830002,37.119999,37.349998,37.349998,3499400
9362,2017-05-01,37.639998999999996,37.830002,37.389998999999996,37.400002,37.400002,2460500
9363,2017-05-02,37.470001,38.389998999999996,37.240002000000004,38.169998,38.169998,5166200
9364,2017-05-03,38.0,38.0,36.59,37.189999,37.189999,6301500
9365,2017-05-04,37.220001,38.240002000000004,37.16,38.009997999999996,38.009997999999996,4808500
9366,2017-05-05,38.099998,38.200001,37.32,37.900002,37.900002,5568900
9367,2017-05-08,37.66,37.720001,37.139998999999996,37.380001,37.380001,3878100
9368,2017-05-09,37.799999,38.48,37.259997999999996,38.009997999999996,38.009997999999996,7378700
9369,2017-05-10,38.650002,38.939999,36.790001000000004,38.209998999999996,38.209998999999996,12114900
9370,2017-05-11,38.509997999999996,39.77,38.330002,39.43,39.43,9857100
9371,2017-05-12,39.299999,39.540001000000004,38.869999,38.939999,38.939999,5020900
9372,2017-05-15,39.080002,39.130001,38.549999,38.68,38.68,4695500
9373,2017-05-16,39.009997999999996,39.349998,38.669998,39.150002,39.150002,4942200
9374,2017-05-17,38.779999,39.220001,38.599998,38.650002,38.650002,4540100
9375,2017-05-18,38.759997999999996,38.799999,37.959998999999996,38.150002,38.150002,4891100
9376,2017-05-19,38.130001,38.470001,37.919998,37.939999,37.939999,3434800
9377,2017-05-22,38.709998999999996,38.759997999999996,38.18,38.639998999999996,38.639998999999996,4457400
9378,2017-05-23,38.93,40.099998,38.790001000000004,39.59,39.59,7414700
9379,2017-05-24,39.82,39.830002,39.130001,39.18,39.18,3432500
9380,2017-05-25,39.200001,39.849998,38.950001,39.830002,39.830002,4691800
9381,2017-05-26,39.75,39.990002000000004,39.43,39.720001,39.720001,3974200
9382,2017-05-30,39.779999,39.900002,39.189999,39.360001000000004,39.360001000000004,3485100
9383,2017-05-31,39.389998999999996,39.66,38.740002000000004,38.98,38.98,5535300
9384,2017-06-01,39.080002,39.580002,39.049999,39.560001,39.560001,5097100
9385,2017-06-02,39.419998,39.48,39.0,39.080002,39.080002,6066500
9386,2017-06-05,38.91,39.099998,38.220001,38.639998999999996,38.639998999999996,4247600
9387,2017-06-06,38.59,38.849998,38.380001,38.549999,38.549999,2275400
9388,2017-06-07,38.630001,39.419998,38.610001000000004,39.34,39.34,5181200
9389,2017-06-08,39.740002000000004,39.959998999999996,39.439999,39.709998999999996,39.709998999999996,7981100
9390,2017-06-09,39.740002000000004,40.669998,39.709998999999996,40.09,40.09,9299300
9391,2017-06-12,39.779999,40.040001000000004,38.84,38.880001,38.880001,6320000
9392,2017-06-13,38.799999,38.919998,37.669998,37.77,37.77,7519500
9393,2017-06-14,37.82,38.049999,37.439999,37.880001,37.880001,5768200
9394,2017-06-15,37.41,37.529999,36.5,36.98,36.98,8417100
9395,2017-06-16,36.91,37.060001,36.57,36.720001,36.720001,8784900
9396,2017-06-19,36.880001,37.580002,36.869999,37.23,37.23,4024500
9397,2017-06-20,37.150002,37.790001000000004,36.82,37.419998,37.419998,3739000
9398,2017-06-21,37.470001,38.299999,37.450001,38.27,38.27,4223000
9399,2017-06-22,38.459998999999996,39.200001,38.349998,39.009997999999996,39.009997999999996,6319900
9400,2017-06-23,39.029999,39.290001000000004,38.669998,39.029999,39.029999,16048900
9401,2017-06-26,39.110001000000004,39.310001,38.869999,39.029999,39.029999,5316200
9402,2017-06-27,39.18,39.220001,38.41,38.43,38.43,4765300
9403,2017-06-28,38.799999,39.27,38.610001000000004,39.07,39.07,3466700
9404,2017-06-29,39.209998999999996,39.400002,38.580002,38.759997999999996,38.759997999999996,3118400
9405,2017-06-30,38.860001000000004,38.93,38.369999,38.82,38.82,2418900
9406,2017-07-03,38.93,39.23,38.779999,38.810001,38.810001,1854700
9407,2017-07-05,39.040001000000004,39.07,38.049999,38.470001,38.470001,3803400
9408,2017-07-06,38.220001,38.349998,37.549999,37.650002,37.650002,3202300
9409,2017-07-07,37.700001,37.889998999999996,37.279999,37.610001000000004,37.610001000000004,2806400
9410,2017-07-10,37.599998,37.830002,37.470001,37.720001,37.720001,3136000
9411,2017-07-11,37.580002,37.880001,37.419998,37.650002,37.650002,3207400
9412,2017-07-12,37.91,38.610001000000004,37.889998999999996,38.580002,38.580002,3249500
9413,2017-07-13,38.950001,39.450001,38.75,39.049999,39.049999,4804800
9414,2017-07-14,39.369999,39.580002,39.040001000000004,39.209998999999996,39.209998999999996,3397100
9415,2017-07-17,39.200001,39.41,38.650002,38.75,38.75,4496700
9416,2017-07-18,38.59,38.59,37.59,38.110001000000004,38.110001000000004,4664000
9417,2017-07-19,38.060001,38.48,37.759997999999996,38.34,38.34,3751400
9418,2017-07-20,38.689999,39.580002,38.619999,39.490002000000004,39.490002000000004,5349100
9419,2017-07-21,39.799999,39.799999,39.029999,39.169998,39.169998,2991900
9420,2017-07-24,39.040001000000004,39.130001,38.630001,38.759997999999996,38.759997999999996,3404100
9421,2017-07-25,38.91,39.119999,38.720001,38.82,38.82,2063500
9422,2017-07-26,38.849998,39.459998999999996,38.639998999999996,39.189999,39.189999,2606800
9423,2017-07-27,39.27,39.349998,38.220001,38.490002000000004,38.490002000000004,3395600
9424,2017-07-28,38.349998,38.869999,38.16,38.740002000000004,38.740002000000004,2304200
9425,2017-07-31,38.98,39.389998999999996,38.91,38.990002000000004,38.990002000000004,4037100
9426,2017-08-01,39.049999,39.049999,38.48,38.59,38.59,2768500
9427,2017-08-02,38.419998,38.43,36.709998999999996,36.919998,36.919998,7517100
9428,2017-08-03,35.490002000000004,36.529999,34.310001,34.700001,34.700001,11843300
9429,2017-08-04,34.330002,34.34,32.77,32.919998,32.919998,12669000
9430,2017-08-07,31.48,32.709998999999996,31.469998999999998,32.0,32.0,19740800
9431,2017-08-08,32.09,32.68,31.280001000000002,31.790001,31.790001,11391200
9432,2017-08-09,29.9,32.689999,29.58,32.080002,32.080002,32038100
9433,2017-08-10,32.040001000000004,33.48,31.99,32.290001000000004,32.290001000000004,12327400
9434,2017-08-11,32.290001000000004,32.400002,30.4,30.879998999999998,30.879998999999998,11080800
9435,2017-08-14,31.42,31.5,29.559998999999998,29.629998999999998,29.629998999999998,11948300
9436,2017-08-15,29.49,30.6,29.389999,30.129998999999998,30.129998999999998,6564900
9437,2017-08-16,31.280001000000002,31.33,30.139999,30.469998999999998,30.469998999999998,8994700
9438,2017-08-17,30.299999,31.18,30.299999,30.559998999999998,30.559998999999998,8867800
9439,2017-08-18,30.5,31.23,30.5,30.719998999999998,30.719998999999998,7185300
9440,2017-08-21,30.709999,31.049999,30.34,30.440001000000002,30.440001000000002,5724000
9441,2017-08-22,30.32,30.83,30.030001000000002,30.73,30.73,4604300
9442,2017-08-23,30.51,30.799999,30.17,30.32,30.32,3893400
9443,2017-08-24,30.139999,30.809998999999998,30.1,30.209999,30.209999,6235500
9444,2017-08-25,30.27,30.780001000000002,30.209999,30.530001000000002,30.530001000000002,3856600
9445,2017-08-28,30.77,31.08,30.59,30.83,30.83,3920500
9446,2017-08-29,30.559998999999998,30.6,30.200001,30.5,30.5,4720000
9447,2017-08-30,30.4,30.73,29.530001000000002,30.59,30.59,7085900
9448,2017-08-31,30.809998999999998,31.709999,30.799999,31.48,31.48,6685900
9449,2017-09-01,31.51,31.879998999999998,31.16,31.57,31.57,4179800
9450,2017-09-05,31.76,32.0,31.32,31.59,31.59,5659400
9451,2017-09-06,31.950001,32.52,31.82,32.240002000000004,32.240002000000004,6244500
9452,2017-09-07,32.5,32.970001,31.780001000000002,31.91,31.91,6359600
9453,2017-09-08,31.879998999999998,32.209998999999996,31.620001000000002,32.099998,32.099998,4187800
9454,2017-09-11,32.540001000000004,33.259997999999996,32.459998999999996,33.040001000000004,33.040001000000004,5568100
9455,2017-09-12,33.32,33.669998,33.209998999999996,33.599998,33.599998,5745200
9456,2017-09-13,33.310001,33.639998999999996,33.279999,33.560001,33.560001,4157300
9457,2017-09-14,33.48,33.580002,32.799999,32.869999,32.869999,4941500
9458,2017-09-15,32.860001000000004,32.860001000000004,31.799999,32.029999,32.029999,20184700
9459,2017-09-18,32.02,32.360001000000004,31.35,31.5,31.5,7751000
9460,2017-09-19,31.52,31.690001000000002,30.719998999999998,30.98,30.98,7119200
9461,2017-09-20,31.120001000000002,31.690001000000002,30.950001,31.389999,31.389999,6279900
9462,2017-09-21,31.27,31.52,30.940001000000002,31.24,31.24,4836500
9463,2017-09-22,31.27,31.450001,30.690001000000002,31.299999,31.299999,5204000
9464,2017-09-25,31.190001000000002,31.940001000000002,31.129998999999998,31.48,31.48,4415600
9465,2017-09-26,31.370001000000002,31.870001000000002,31.09,31.129998999999998,31.129998999999998,4583900
9466,2017-09-27,31.23,32.029999,31.18,31.93,31.93,3952000
9467,2017-09-28,32.009997999999996,32.029999,30.73,30.860001,30.860001,5673600
9468,2017-09-29,31.450001,32.27,31.219998999999998,31.370001000000002,31.370001000000002,8833600
9469,2017-10-02,31.18,32.41,31.030001000000002,32.389998999999996,32.389998999999996,5524800
9470,2017-10-03,32.470001,32.639998999999996,31.84,32.529999,32.529999,4166500
9471,2017-10-04,38.0,39.240002000000004,37.41,37.799999,37.799999,36946500
9472,2017-10-05,38.0,38.48,36.389998999999996,37.919998,37.919998,11211400
9473,2017-10-06,37.93,38.509997999999996,37.650002,38.290001000000004,38.290001000000004,6285000
9474,2017-10-09,38.16,38.540001000000004,38.0,38.25,38.25,4013000
9475,2017-10-10,38.099998,38.59,37.720001,38.450001,38.450001,4543600
9476,2017-10-11,38.27,38.700001,38.150002,38.290001000000004,38.290001000000004,2767000
9477,2017-10-12,38.25,38.259997999999996,37.599998,37.759997999999996,37.759997999999996,3954200
9478,2017-10-13,37.57,38.34,37.07,37.950001,37.950001,4860600
9479,2017-10-16,38.029999,38.540001000000004,37.82,38.18,38.18,6493300
9480,2017-10-17,38.029999,38.66,38.009997999999996,38.540001000000004,38.540001000000004,4239800
9481,2017-10-18,38.599998,38.639998999999996,37.27,37.509997999999996,37.509997999999996,4793200
9482,2017-10-19,37.299999,38.330002,37.259997999999996,38.290001000000004,38.290001000000004,3001700
9483,2017-10-20,38.43,38.630001,37.950001,38.509997999999996,38.509997999999996,3998500
9484,2017-10-23,38.48,38.639998999999996,38.119999,38.470001,38.470001,2571500
9485,2017-10-24,38.5,39.27,38.209998999999996,38.919998,38.919998,5906300
9486,2017-10-25,38.66,39.099998,38.509997999999996,39.02,39.02,4596400
9487,2017-10-26,39.25,39.68,38.27,38.57,38.57,4486100
9488,2017-10-27,38.34,38.779999,38.23,38.349998,38.349998,3812800
9489,2017-10-30,38.349998,38.610001000000004,38.119999,38.240002000000004,38.240002000000004,3805200
9490,2017-10-31,38.240002000000004,38.439999,34.720001,35.709998999999996,35.709998999999996,17996200
9491,2017-11-01,35.630001,37.25,35.299999,36.849998,36.849998,5703600
9492,2017-11-02,36.080002,36.369999,34.959998999999996,35.34,35.34,7329200
9493,2017-11-03,35.07,36.0,35.029999,35.720001,35.720001,5468500
9494,2017-11-06,36.110001000000004,38.330002,35.700001,37.389998999999996,37.389998999999996,8418500
9495,2017-11-07,38.389998999999996,38.439999,36.560001,36.669998,36.669998,5187700
9496,2017-11-08,36.720001,37.75,36.259997999999996,37.240002000000004,37.240002000000004,5854400
9497,2017-11-09,36.630001,38.18,36.57,38.080002,38.080002,4659200
9498,2017-11-10,37.93,38.189999,37.529999,38.16,38.16,2451500
9499,2017-11-13,37.689999,38.209998999999996,37.369999,37.57,37.57,3572100
9500,2017-11-14,37.290001000000004,38.049999,37.130001,37.849998,37.849998,3732700
9501,2017-11-15,37.779999,37.950001,37.240002000000004,37.799999,37.799999,2446900
9502,2017-11-16,37.279999,37.599998,36.810001,37.5,37.5,4741100
9503,2017-11-17,37.43,37.759997999999996,36.650002,37.59,37.59,3378100
9504,2017-11-20,37.400002,37.470001,36.25,36.5,36.5,4333500
9505,2017-11-21,36.169998,37.490002000000004,36.169998,37.23,37.23,8026900
9506,2017-11-22,37.110001000000004,37.759997999999996,36.990002000000004,37.279999,37.279999,3324700
9507,2017-11-24,37.169998,37.57,36.889998999999996,37.369999,37.369999,4938400
9508,2017-11-27,37.259997999999996,37.279999,36.119999,36.459998999999996,36.459998999999996,5693500
9509,2017-11-28,36.52,37.189999,35.919998,36.880001,36.880001,8740200
9510,2017-11-29,36.82,37.599998,36.75,36.860001000000004,36.860001000000004,4432800
9511,2017-11-30,36.849998,36.990002000000004,36.310001,36.529999,36.529999,5677700
9512,2017-12-01,36.970001,38.619999,36.950001,38.119999,38.119999,7798500
9513,2017-12-04,38.470001,38.599998,37.400002,37.439999,37.439999,5736300
9514,2017-12-05,37.209998999999996,37.799999,36.540001000000004,37.41,37.41,6462400
9515,2017-12-06,37.099998,37.43,36.59,36.990002000000004,36.990002000000004,5686700
9516,2017-12-07,36.720001,37.509997999999996,36.060001,37.369999,37.369999,7303700
9517,2017-12-08,37.560001,39.209998999999996,37.369999,38.669998,38.669998,7119800
9518,2017-12-11,38.57,39.75,38.360001000000004,39.490002000000004,39.490002000000004,7628900
9519,2017-12-12,39.25,40.18,39.009997999999996,39.290001000000004,39.290001000000004,10735600
9520,2017-12-13,39.349998,39.990002000000004,39.110001000000004,39.529999,39.529999,6082500
9521,2017-12-14,39.799999,41.59,39.75,40.009997999999996,40.009997999999996,19515700
9522,2017-12-15,40.32,40.779999,39.209998999999996,40.52,40.52,11767700
9523,2017-12-18,40.57,42.09,40.509997999999996,41.669998,41.669998,9344700
9524,2017-12-19,41.470001,41.98,41.200001,41.240002000000004,41.240002000000004,5987000
9525,2017-12-20,41.34,41.779999,41.169998,41.220001,41.220001,5456300
9526,2017-12-21,41.169998,42.18,41.049999,41.959998999999996,41.959998999999996,4620600
9527,2017-12-22,41.919998,42.200001,41.73,42.049999,42.049999,4022300
9528,2017-12-26,42.119999,42.529999,42.029999,42.27,42.27,2538200
9529,2017-12-27,42.150002,42.240002000000004,41.84,42.0,42.0,2218500
9530,2017-12-28,42.0,42.139998999999996,41.59,41.860001000000004,41.860001000000004,2100200
9531,2017-12-29,42.0,42.529999,41.860001000000004,42.310001,42.310001,4334900
9532,2018-01-02,42.349998,43.77,42.279999,43.110001000000004,43.110001000000004,6752900
9533,2018-01-03,42.849998,43.470001,42.669998,43.139998999999996,43.139998999999996,6735500
9534,2018-01-04,43.34,44.860001000000004,42.919998,44.310001,44.310001,8232600
9535,2018-01-05,44.59,44.970001,44.209998999999996,44.540001000000004,44.540001000000004,5325200
9536,2018-01-08,44.5,45.009997999999996,44.119999,44.560001,44.560001,6912000
9537,2018-01-09,44.599998,45.599998,44.209998999999996,44.290001000000004,44.290001000000004,6205100
9538,2018-01-10,44.419998,44.790001000000004,43.439999,44.389998999999996,44.389998999999996,4638500
9539,2018-01-11,44.91,46.759997999999996,44.91,46.709998999999996,46.709998999999996,8970500
9540,2018-01-12,46.700001,47.189999,46.240002000000004,46.900002,46.900002,5816200
9541,2018-01-16,46.700001,47.25,46.599998,46.639998999999996,46.639998999999996,5412700
9542,2018-01-17,46.450001,47.040001000000004,46.369999,46.779999,46.779999,4744000
9543,2018-01-18,46.32,46.630001,45.689999,46.509997999999996,46.509997999999996,6317300
9544,2018-01-19,46.59,46.959998999999996,45.049999,46.73,46.73,7894700
9545,2018-01-22,46.720001,47.689999,46.599998,47.639998999999996,47.639998999999996,4730600
9546,2018-01-23,47.470001,47.82,46.830002,46.849998,46.849998,5140900
9547,2018-01-24,46.970001,47.169998,45.630001,46.119999,46.119999,5956200
9548,2018-01-25,46.419998,46.779999,45.799999,45.990002000000004,45.990002000000004,5793600
9549,2018-01-26,46.200001,46.59,46.02,46.200001,46.200001,4821100
9550,2018-01-29,45.799999,46.639998999999996,45.73,45.98,45.98,4021200
9551,2018-01-30,44.599998,44.700001,43.880001,44.02,44.02,7271500
9552,2018-01-31,43.880001,44.189999,42.509997999999996,42.849998,42.849998,8731400
9553,2018-02-01,42.650002,43.5,42.349998,43.049999,43.049999,4732500
9554,2018-02-02,42.630001,43.009997999999996,41.849998,42.099998,42.099998,4230600
9555,2018-02-05,41.610001000000004,41.84,39.900002,40.330002,40.330002,6924800
9556,2018-02-06,39.700001,41.59,39.549999,40.98,40.98,6434500
9557,2018-02-07,40.52,41.080002,39.950001,40.450001,40.450001,5188500
9558,2018-02-08,40.669998,41.34,39.220001,39.25,39.25,8111800
9559,2018-02-09,39.27,39.73,38.099998,39.279999,39.279999,7204400
9560,2018-02-12,39.599998,41.470001,39.59,40.599998,40.599998,8377900
9561,2018-02-13,40.290001000000004,40.98,40.110001000000004,40.41,40.41,4266000
9562,2018-02-14,40.169998,41.59,39.990002000000004,41.34,41.34,4471700
9563,2018-02-15,41.869999,41.950001,40.880001,41.650002,41.650002,3216900
9564,2018-02-16,41.75,42.459998999999996,41.709998999999996,42.139998999999996,42.139998999999996,3417200
9565,2018-02-20,42.119999,42.16,40.82,41.34,41.34,5560900
9566,2018-02-21,41.380001,42.029999,40.91,41.209998999999996,41.209998999999996,3447500
9567,2018-02-22,41.490002000000004,42.040001000000004,41.060001,41.279999,41.279999,3582000
9568,2018-02-23,41.689999,42.0,41.16,41.450001,41.450001,3371200
9569,2018-02-26,41.57,41.889998999999996,40.91,41.779999,41.779999,3217500
9570,2018-02-27,41.75,41.959998999999996,40.869999,41.110001000000004,41.110001000000004,4335500
9571,2018-02-28,41.43,41.43,40.299999,40.32,40.32,5143700
9572,2018-03-01,41.599998,43.040001000000004,40.66,40.689999,40.689999,10688100
9573,2018-03-02,40.349998,41.200001,39.549999,40.970001,40.970001,7072400
9574,2018-03-05,40.549999,41.779999,40.169998,41.540001000000004,41.540001000000004,4599900
9575,2018-03-06,43.09,44.18,42.5,43.23,43.23,8017400
9576,2018-03-07,42.939999,43.209998999999996,42.310001,42.490002000000004,42.490002000000004,5815000
9577,2018-03-08,42.540001000000004,42.880001,41.779999,42.009997999999996,42.009997999999996,4317900
9578,2018-03-09,42.43,42.560001,41.799999,42.509997999999996,42.509997999999996,5582400
9579,2018-03-12,42.759997999999996,43.080002,42.369999,42.779999,42.779999,5910000
9580,2018-03-13,43.040001000000004,43.32,42.209998999999996,42.349998,42.349998,3463000
9581,2018-03-14,42.52,42.689999,41.57,42.02,42.02,3158000
9582,2018-03-15,42.18,42.32,41.59,41.669998,41.669998,2484700
9583,2018-03-16,41.790001000000004,42.400002,41.650002,41.73,41.73,7309000
9584,2018-03-19,41.549999,41.700001,40.380001,40.799999,40.799999,4479400
9585,2018-03-20,40.82,41.080002,40.02,40.41,40.41,3174200
9586,2018-03-21,40.419998,41.48,40.139998999999996,41.16,41.16,3190800
9587,2018-03-22,40.619999,41.0,39.790001000000004,39.869999,39.869999,3961500
9588,2018-03-23,39.919998,40.040001000000004,38.799999,38.869999,38.869999,3522700
9589,2018-03-26,39.52,39.959998999999996,38.580002,39.860001000000004,39.860001000000004,4109900
9590,2018-03-27,40.130001,40.25,39.360001000000004,39.529999,39.529999,3593800
9591,2018-03-28,40.009997999999996,40.709998999999996,39.759997999999996,40.5,40.5,5646700
9592,2018-03-29,40.580002,41.450001,40.27,41.169998,41.169998,4118100
9593,2018-04-02,40.860001000000004,40.869999,39.150002,39.540001000000004,39.540001000000004,4484300
9594,2018-04-03,39.93,40.610001000000004,39.389998999999996,40.389998999999996,40.389998999999996,2685000
9595,2018-04-04,39.91,40.950001,39.700001,40.799999,40.799999,3007400
9596,2018-04-05,40.93,40.990002000000004,40.259997999999996,40.450001,40.450001,2267800
9597,2018-04-06,40.279999,40.610001000000004,39.07,39.52,39.52,3107500
9598,2018-04-09,39.790001000000004,40.68,39.349998,39.849998,39.849998,4637200
9599,2018-04-10,40.419998,41.939999,40.400002,41.52,41.52,5769900
9600,2018-04-11,41.130001,41.880001,39.470001,40.389998999999996,40.389998999999996,6875400
9601,2018-04-12,40.790001000000004,41.560001,40.549999,41.259997999999996,41.259997999999996,4450500
9602,2018-04-13,41.0,41.009997999999996,39.740002000000004,40.619999,40.619999,4683300
9603,2018-04-16,41.02,41.360001000000004,40.41,40.720001,40.720001,2099100
9604,2018-04-17,40.91,41.07,40.669998,40.98,40.98,2280600
9605,2018-04-18,41.110001000000004,41.23,40.41,40.740002000000004,40.740002000000004,2461200
9606,2018-04-19,40.82,41.240002000000004,40.34,40.810001,40.810001,2736300
9607,2018-04-20,40.720001,40.990002000000004,40.43,40.720001,40.720001,3430300
9608,2018-04-23,40.790001000000004,40.990002000000004,40.5,40.779999,40.779999,2930500
9609,2018-04-24,40.900002,41.200001,39.849998,40.25,40.25,4932800
9610,2018-04-25,40.080002,40.150002,38.439999,38.939999,38.939999,6332800
9611,2018-04-26,39.099998,39.639998999999996,38.57,39.5,39.5,3230300
9612,2018-04-27,39.459998999999996,39.91,39.209998999999996,39.34,39.34,2982500
9613,2018-04-30,39.470001,39.790001000000004,38.75,38.759997999999996,38.759997999999996,3564200
9614,2018-05-01,38.560001,39.09,38.369999,38.779999,38.779999,4197500
9615,2018-05-02,38.630001,38.650002,36.669998,36.77,36.77,8679700
9616,2018-05-03,36.779999,37.25,34.950001,36.049999,36.049999,9445300
9617,2018-05-04,35.380001,36.07,35.380001,35.98,35.98,4371000
9618,2018-05-07,36.099998,36.470001,35.759997999999996,36.110001000000004,36.110001000000004,3960400
9619,2018-05-08,36.0,36.16,35.119999,35.369999,35.369999,5100200
9620,2018-05-09,35.610001000000004,37.18,35.400002,36.720001,36.720001,6111600
9621,2018-05-10,36.689999,38.240002000000004,36.540001000000004,37.900002,37.900002,4443600
9622,2018-05-11,37.889998999999996,38.580002,37.599998,38.41,38.41,4469000
9623,2018-05-14,38.32,38.880001,38.0,38.259997999999996,38.259997999999996,3232600
9624,2018-05-15,38.09,38.700001,37.91,38.5,38.5,3328800
9625,2018-05-16,38.459998999999996,39.240002000000004,38.299999,39.18,39.18,3943900
9626,2018-05-17,39.200001,40.459998999999996,39.029999,40.080002,40.080002,6222200
9627,2018-05-18,40.259997999999996,40.259997999999996,39.549999,39.66,39.66,4590500
9628,2018-05-21,39.82,40.130001,39.34,39.549999,39.549999,2594500
9629,2018-05-22,39.740002000000004,40.07,39.130001,39.209998999999996,39.209998999999996,2819900
9630,2018-05-23,38.970001,39.709998999999996,38.84,39.630001,39.630001,3892500
9631,2018-05-24,39.619999,39.889998999999996,38.939999,39.330002,39.330002,3329900
9632,2018-05-25,39.369999,39.889998999999996,39.189999,39.380001,39.380001,2235300
9633,2018-05-29,38.950001,39.200001,38.389998999999996,38.68,38.68,3913800
9634,2018-05-30,38.93,39.700001,38.73,39.48,39.48,2392200
9635,2018-05-31,39.290001000000004,39.389998999999996,38.290001000000004,38.459998999999996,38.459998999999996,7378700
9636,2018-06-01,38.82,39.810001,38.509997999999996,38.84,38.84,4987900
9637,2018-06-04,39.049999,39.189999,38.299999,38.5,38.5,4958700
9638,2018-06-05,40.5,41.599998,39.950001,39.98,39.98,12468200
9639,2018-06-06,40.009997999999996,40.75,39.349998,40.48,40.48,6429200
9640,2018-06-07,40.580002,41.279999,40.540001000000004,41.009997999999996,41.009997999999996,6865500
9641,2018-06-08,41.009997999999996,41.529999,40.880001,41.360001000000004,41.360001000000004,4245400
9642,2018-06-11,41.349998,42.299999,41.299999,41.77,41.77,3339200
9643,2018-06-12,41.77,42.07,41.610001000000004,41.860001000000004,41.860001000000004,2655300
9644,2018-06-13,42.040001000000004,42.5,41.639998999999996,41.669998,41.669998,4841300
9645,2018-06-14,40.869999,40.990002000000004,38.799999,39.509997999999996,39.509997999999996,13978400
9646,2018-06-15,39.700001,39.860001000000004,38.740002000000004,39.0,39.0,7885300
9647,2018-06-18,38.68,38.919998,37.959998999999996,38.580002,38.580002,5207700
9648,2018-06-19,38.049999,38.779999,37.93,38.73,38.73,3030100
9649,2018-06-20,38.82,39.119999,38.560001,38.869999,38.869999,3196300
9650,2018-06-21,38.93,39.02,38.330002,38.630001,38.630001,2094600
9651,2018-06-22,38.950001,38.990002000000004,38.099998,38.310001,38.310001,4842100
9652,2018-06-25,38.290001000000004,38.439999,37.419998,38.110001000000004,38.110001000000004,3271600
9653,2018-06-26,38.060001,38.75,37.950001,38.290001000000004,38.290001000000004,3153000
9654,2018-06-27,38.18,38.490002000000004,37.380001,37.450001,37.450001,4337100
9655,2018-06-28,37.27,37.27,35.889998999999996,36.330002,36.330002,6176200
9656,2018-06-29,36.5,36.759997999999996,36.09,36.139998999999996,36.139998999999996,3526600
9657,2018-07-02,36.029999,36.75,35.560001,36.630001,36.630001,4579400
9658,2018-07-03,36.709998999999996,36.970001,35.84,35.959998999999996,35.959998999999996,1817200
9659,2018-07-05,36.139998999999996,36.610001000000004,35.810001,36.279999,36.279999,3764700
9660,2018-07-06,36.48,36.919998,36.119999,36.630001,36.630001,2355600
9661,2018-07-09,36.790001000000004,37.400002,36.75,37.110001000000004,37.110001000000004,2667300
9662,2018-07-10,37.209998999999996,37.27,36.52,36.669998,36.669998,2728500
9663,2018-07-11,36.529999,36.529999,36.02,36.150002,36.150002,2319000
9664,2018-07-12,36.41,36.52,36.07,36.220001,36.220001,2324400
9665,2018-07-13,36.169998,36.740002000000004,36.119999,36.580002,36.580002,2381700
9666,2018-07-16,36.540001000000004,36.540001000000004,36.240002000000004,36.400002,36.400002,1749400
9667,2018-07-17,36.110001000000004,36.580002,36.02,36.369999,36.369999,2392700
9668,2018-07-18,36.369999,36.369999,35.82,35.919998,35.919998,4063500
9669,2018-07-19,35.810001,35.919998,35.209998999999996,35.639998999999996,35.639998999999996,3065700
9670,2018-07-20,35.610001000000004,36.02,35.400002,35.529999,35.529999,3152300
9671,2018-07-23,35.41,35.869999,35.32,35.68,35.68,2438500
9672,2018-07-24,35.709998999999996,36.470001,35.650002,36.290001000000004,36.290001000000004,4233600
9673,2018-07-25,36.34,36.709998999999996,36.110001000000004,36.580002,36.580002,2622600
9674,2018-07-26,36.709998999999996,36.900002,36.009997999999996,36.099998,36.099998,3190000
9675,2018-07-27,36.200001,36.560001,35.950001,36.220001,36.220001,2561800
9676,2018-07-30,36.189999,36.790001000000004,36.099998,36.66,36.66,3237800
9677,2018-07-31,36.759997999999996,37.84,36.5,37.310001,37.310001,5987900
9678,2018-08-01,37.23,37.950001,36.98,37.5,37.5,4318000
9679,2018-08-02,37.09,37.200001,36.330002,36.52,36.52,4068900
9680,2018-08-03,36.689999,38.790001000000004,36.529999,38.450001,38.450001,6194700
9681,2018-08-06,38.439999,38.490002000000004,37.349998,37.73,37.73,4614600
9682,2018-08-07,37.779999,38.939999,37.740002000000004,38.540001000000004,38.540001000000004,5160600
9683,2018-08-08,36.5,39.57,35.049999,39.23,39.23,23559200
9684,2018-08-09,38.560001,38.73,36.470001,36.610001000000004,36.610001000000004,12875200
9685,2018-08-10,36.509997999999996,37.509997999999996,36.360001000000004,37.209998999999996,37.209998999999996,5647300
9686,2018-08-13,37.84,39.52,37.240002000000004,37.540001000000004,37.540001000000004,8555500
9687,2018-08-14,37.59,38.84,37.43,38.52,38.52,5101400
9688,2018-08-15,38.189999,38.459998999999996,37.720001,37.82,37.82,4397600
9689,2018-08-16,37.84,38.09,37.310001,37.849998,37.849998,9088900
9690,2018-08-17,37.700001,38.400002,37.619999,38.150002,38.150002,3276100
9691,2018-08-20,38.16,38.799999,38.16,38.41,38.41,2767700
9692,2018-08-21,38.34,38.98,38.060001,38.75,38.75,3215700
9693,2018-08-22,38.650002,38.849998,38.419998,38.57,38.57,2462200
9694,2018-08-23,38.389998999999996,38.52,37.709998999999996,37.860001000000004,37.860001000000004,2572200
9695,2018-08-24,38.799999,38.849998,38.290001000000004,38.689999,38.689999,4527500
9696,2018-08-27,38.790001000000004,39.09,38.66,38.880001,38.880001,3015800
9697,2018-08-28,38.799999,39.330002,38.529999,39.189999,39.189999,2934200
9698,2018-08-29,38.990002000000004,39.400002,38.700001,39.27,39.27,1745900
9699,2018-08-30,39.119999,39.549999,39.07,39.330002,39.330002,2493800
9700,2018-08-31,39.200001,39.48,38.860001000000004,39.130001,39.130001,2167400
9701,2018-09-04,39.02,39.259997999999996,38.75,39.16,39.16,2039100
9702,2018-09-05,39.119999,39.490002000000004,38.75,39.48,39.48,3066400
9703,2018-09-06,39.34,39.48,38.779999,38.93,38.93,2787800
9704,2018-09-07,38.720001,38.720001,37.98,38.240002000000004,38.240002000000004,2404700
9705,2018-09-10,38.419998,38.610001000000004,37.860001000000004,37.990002000000004,37.990002000000004,1838600
9706,2018-09-11,37.860001000000004,37.970001,37.290001000000004,37.639998999999996,37.639998999999996,1754000
9707,2018-09-12,37.720001,37.950001,37.41,37.709998999999996,37.709998999999996,3689500
9708,2018-09-13,37.880001,38.34,37.630001,38.040001000000004,38.040001000000004,3691600
9709,2018-09-14,37.919998,37.970001,37.27,37.48,37.48,2432000
9710,2018-09-17,37.650002,37.950001,37.080002,37.209998999999996,37.209998999999996,3185900
9711,2018-09-18,37.189999,38.060001,37.099998,37.810001,37.810001,4107700
9712,2018-09-19,37.990002000000004,38.919998,37.939999,38.240002000000004,38.240002000000004,4104200
9713,2018-09-20,38.360001000000004,38.889998999999996,38.209998999999996,38.73,38.73,3252000
9714,2018-09-21,39.200001,39.59,38.59,38.990002000000004,38.990002000000004,5187300
9715,2018-09-24,38.700001,39.119999,37.779999,38.189999,38.189999,2549100
9716,2018-09-25,38.189999,38.41,37.580002,37.619999,37.619999,2673200
9717,2018-09-26,37.549999,37.959998999999996,37.02,37.110001000000004,37.110001000000004,4731800
9718,2018-09-27,37.009997999999996,37.599998,36.91,37.07,37.07,2631500
9719,2018-09-28,37.060001,37.25,36.259997999999996,36.599998,36.599998,6681800
9720,2018-10-01,36.830002,37.25,36.380001,36.48,36.48,4783000
9721,2018-10-02,36.41,37.610001000000004,36.299999,37.139998999999996,37.139998999999996,6162000
9722,2018-10-03,37.330002,37.439999,36.57,36.599998,36.599998,4110400
9723,2018-10-04,36.419998,36.68,35.529999,36.029999,36.029999,4583200
9724,2018-10-05,35.580002,35.880001,34.77,35.290001000000004,35.290001000000004,7284500
9725,2018-10-08,35.150002,35.580002,34.98,35.310001,35.310001,3916700
9726,2018-10-09,34.5,35.18,33.09,34.610001000000004,34.610001000000004,14016100
9727,2018-10-10,34.5,35.240002000000004,34.330002,34.580002,34.580002,6017300
9728,2018-10-11,34.48,34.48,32.259997999999996,32.599998,32.599998,7471000
9729,2018-10-12,33.07,33.23,31.540001,32.110001000000004,32.110001000000004,8076100
9730,2018-10-15,32.110001000000004,32.810001,31.879998999999998,32.369999,32.369999,4692000
9731,2018-10-16,32.66,33.25,32.41,33.110001000000004,33.110001000000004,3836100
9732,2018-10-17,32.810001,33.299999,32.560001,33.02,33.02,3310000
9733,2018-10-18,33.0,33.150002,32.189999,32.419998,32.419998,4501800
9734,2018-10-19,32.52,33.09,32.150002,32.209998999999996,32.209998999999996,5702300
9735,2018-10-22,32.279999,32.450001,31.370001000000002,31.66,31.66,4393200
9736,2018-10-23,31.25,32.48,30.76,32.110001000000004,32.110001000000004,5398600
9737,2018-10-24,32.110001000000004,32.450001,30.440001000000002,30.530001000000002,30.530001000000002,5741600
9738,2018-10-25,30.540001,31.049999,30.33,31.01,31.01,4710600
9739,2018-10-26,30.610001,31.98,30.35,31.290001,31.290001,7274000
9740,2018-10-29,31.610001,31.83,30.66,31.18,31.18,3880600
9741,2018-10-30,31.129998999999998,31.709999,30.76,31.309998999999998,31.309998999999998,4725200
9742,2018-10-31,31.57,31.799999,31.120001000000002,31.25,31.25,4785600
9743,2018-11-01,31.41,32.59,31.309998999999998,32.43,32.43,3906600
9744,2018-11-02,32.560001,32.790001000000004,31.33,31.68,31.68,5083500
9745,2018-11-05,31.66,31.85,31.030001000000002,31.370001000000002,31.370001000000002,7640800
9746,2018-11-06,34.860001000000004,37.560001,34.75,36.43,36.43,26087600
9747,2018-11-07,36.849998,36.849998,35.93,36.549999,36.549999,8031600
9748,2018-11-08,36.209998999999996,37.310001,35.779999,37.150002,37.150002,5604900
9749,2018-11-09,36.919998,37.060001,36.43,36.950001,36.950001,4300400
9750,2018-11-12,36.939999,36.939999,35.82,35.939999,35.939999,4262900
9751,2018-11-13,36.110001000000004,36.459998999999996,35.68,35.759997999999996,35.759997999999996,4186000
9752,2018-11-14,35.869999,36.09,34.02,34.23,34.23,7307400
9753,2018-11-15,34.380001,35.220001,34.029999,35.139998999999996,35.139998999999996,5067100
9754,2018-11-16,34.939999,35.450001,34.720001,34.919998,34.919998,4183000
9755,2018-11-19,34.849998,35.16,34.32,34.599998,34.599998,3097600
9756,2018-11-20,34.5,35.07,33.439999,33.91,33.91,6017800
9757,2018-11-21,33.799999,33.990002000000004,33.029999,33.380001,33.380001,3685700
9758,2018-11-23,33.169998,33.799999,32.900002,33.490002000000004,33.490002000000004,1313500
9759,2018-11-26,33.790001000000004,33.880001,33.34,33.470001,33.470001,3364900
9760,2018-11-27,33.27,33.59,33.029999,33.490002000000004,33.490002000000004,3074400
9761,2018-11-28,33.509997999999996,34.040001000000004,33.029999,34.040001000000004,34.040001000000004,3785400
9762,2018-11-29,33.830002,34.450001,33.610001000000004,34.040001000000004,34.040001000000004,3160000
9763,2018-11-30,34.130001,34.459998999999996,33.330002,33.860001000000004,33.860001000000004,3521000
9764,2018-12-03,34.189999,34.459998999999996,33.439999,34.099998,34.099998,3444500
9765,2018-12-04,34.139998999999996,34.349998,32.709998999999996,32.959998999999996,32.959998999999996,4421600
9766,2018-12-06,32.490002000000004,32.689999,31.389999,31.84,31.84,7640900
9767,2018-12-07,31.82,32.0,30.450001,30.549999,30.549999,5866700
9768,2018-12-10,30.49,30.51,29.1,30.299999,30.299999,5804300
9769,2018-12-11,30.610001,30.76,29.309998999999998,29.620001000000002,29.620001000000002,5226300
9770,2018-12-12,30.049999,30.690001000000002,30.0,30.41,30.41,4796600
9771,2018-12-13,30.51,30.719998999999998,29.83,30.040001,30.040001,3410100
9772,2018-12-14,29.67,29.959999,28.969998999999998,29.049999,29.049999,3440900
9773,2018-12-17,29.1,29.42,28.65,28.84,28.84,4466500
9774,2018-12-18,28.98,29.389999,28.5,28.83,28.83,4617600
9775,2018-12-19,28.93,29.09,27.59,27.719998999999998,27.719998999999998,5573700
9776,2018-12-20,27.58,27.82,26.860001,27.360001,27.360001,6541700
9777,2018-12-21,27.440001000000002,27.860001,26.18,26.459999,26.459999,9944800
9778,2018-12-24,26.360001,26.82,26.030001000000002,26.209999,26.209999,3063900
9779,2018-12-26,26.540001,27.76,26.09,27.709999,27.709999,5416400
9780,2018-12-27,27.190001000000002,27.440001000000002,26.299999,27.43,27.43,4868000
9781,2018-12-28,27.48,27.780001000000002,27.139999,27.27,27.27,3840500
9782,2018-12-31,27.309998999999998,27.58,26.98,27.4,27.4,3982400
9783,2019-01-02,26.91,28.16,26.870001000000002,27.92,27.92,3768200
9784,2019-01-03,27.83,28.18,27.17,27.23,27.23,4914900
9785,2019-01-04,27.67,28.879998999999998,27.549999,28.84,28.84,5373800
9786,2019-01-07,28.780001000000002,30.129998999999998,28.65,29.75,29.75,5246100
9787,2019-01-08,29.99,30.450001,29.639999,29.870001000000002,29.870001000000002,5093300
9788,2019-01-09,29.91,29.99,28.360001,28.940001000000002,28.940001000000002,7505300
9789,2019-01-10,28.85,29.200001,28.629998999999998,29.110001,29.110001,3228600
9790,2019-01-11,28.889999,29.58,28.809998999999998,29.549999,29.549999,3606500
9791,2019-01-14,29.24,29.709999,29.01,29.51,29.51,2644100
9792,2019-01-15,29.52,29.75,29.17,29.35,29.35,3621900
9793,2019-01-16,29.34,29.629998999999998,29.17,29.26,29.26,3088200
9794,2019-01-17,29.120001000000002,29.549999,28.75,29.549999,29.549999,4706800
9795,2019-01-18,29.76,29.940001000000002,29.280001000000002,29.59,29.59,3881000
9796,2019-01-22,29.26,29.26,28.35,28.889999,28.889999,5411100
9797,2019-01-23,28.450001,28.889999,28.02,28.059998999999998,28.059998999999998,6422700
9798,2019-01-24,28.059998999999998,28.450001,27.76,28.209999,28.209999,5500900
9799,2019-01-25,28.65,29.25,28.49,29.040001,29.040001,6407100
9800,2019-01-28,28.75,28.9,28.389999,28.530001000000002,28.530001000000002,3417200
9801,2019-01-29,28.459999,28.870001000000002,28.35,28.77,28.77,2735000
9802,2019-01-30,28.73,30.940001000000002,28.51,30.82,30.82,10376400
9803,2019-01-31,30.809998999999998,30.99,29.68,29.950001,29.950001,9747700
9804,2019-02-01,30.02,30.84,30.0,30.76,30.76,4223200
9805,2019-02-04,30.6,30.84,30.23,30.83,30.83,2964100
9806,2019-02-05,30.790001,31.299999,30.690001000000002,31.08,31.08,2838100
9807,2019-02-06,30.950001,31.209999,30.83,30.969998999999998,30.969998999999998,2471200
9808,2019-02-07,30.85,31.08,30.23,30.35,30.35,3454600
9809,2019-02-08,30.18,30.48,29.85,30.469998999999998,30.469998999999998,2512600
9810,2019-02-11,30.530001000000002,31.09,30.48,31.040001,31.040001,2904100
9811,2019-02-12,31.469998999999998,31.83,31.290001,31.74,31.74,3817500
9812,2019-02-13,31.040001,32.049999,30.719998999999998,31.25,31.25,5020700
9813,2019-02-14,31.23,31.74,31.01,31.52,31.52,2987500
9814,2019-02-15,31.91,31.91,31.59,31.84,31.84,2944000
9815,2019-02-19,31.91,32.099998,31.709999,32.099998,32.099998,2566300
9816,2019-02-20,31.959999,32.23,31.52,31.620001000000002,31.620001000000002,3233500
9817,2019-02-21,31.57,31.74,30.9,31.059998999999998,31.059998999999998,2727300
9818,2019-02-22,31.08,31.379998999999998,30.98,31.26,31.26,4018800
9819,2019-02-25,31.51,31.75,30.9,30.969998999999998,30.969998999999998,4930100
9820,2019-02-26,30.99,31.58,30.530001000000002,30.620001000000002,30.620001000000002,8246000
9821,2019-02-27,27.379998999999998,29.059998999999998,26.0,26.01,26.01,25114700
9822,2019-02-28,26.15,26.780001000000002,26.049999,26.389999,26.389999,11487100
9823,2019-03-01,26.58,27.549999,26.450001,27.450001,27.450001,8121800
9824,2019-03-04,27.379998999999998,28.559998999999998,27.35,28.08,28.08,10434100
9825,2019-03-05,28.030001000000002,28.24,27.15,27.389999,27.389999,7548700
9826,2019-03-06,28.110001,28.57,27.049999,27.059998999999998,27.059998999999998,7698000
9827,2019-03-07,27.030001000000002,27.190001000000002,26.629998999999998,26.82,26.82,4374600
9828,2019-03-08,26.610001,26.860001,26.35,26.610001,26.610001,4461500
9829,2019-03-11,26.690001000000002,27.370001000000002,26.620001000000002,27.16,27.16,4653100
9830,2019-03-12,27.27,27.65,27.24,27.370001000000002,27.370001000000002,4512200
9831,2019-03-13,27.469998999999998,27.629998999999998,27.18,27.469998999999998,27.469998999999998,7292800
9832,2019-03-14,27.629998999999998,28.549999,27.290001,28.0,28.0,10251000
9833,2019-03-15,28.0,28.209999,27.57,28.09,28.09,9702500
9834,2019-03-18,28.09,28.549999,27.93,28.18,28.18,6708600
9835,2019-03-19,28.280001000000002,28.799999,28.190001000000002,28.620001000000002,28.620001000000002,6807300
9836,2019-03-20,28.719998999999998,29.09,28.540001,28.709999,28.709999,5919400
9837,2019-03-21,28.57,29.299999,28.48,29.25,29.25,5119000
9838,2019-03-22,29.02,29.120001000000002,28.32,28.690001000000002,28.690001000000002,5578300
9839,2019-03-25,28.67,28.67,27.940001000000002,28.32,28.32,6143800
9840,2019-03-26,28.379998999999998,28.83,27.969998999999998,28.18,28.18,6004200
9841,2019-03-27,28.190001000000002,28.59,27.83,28.25,28.25,4802100
9842,2019-03-28,28.16,28.440001000000002,27.950001,28.24,28.24,5558500
9843,2019-03-29,28.290001,28.559998999999998,28.15,28.34,28.34,4364000
9844,2019-04-01,28.629998999999998,28.879998999999998,28.389999,28.469998999999998,28.469998999999998,4094100
9845,2019-04-02,28.459999,28.51,27.540001,27.610001,27.610001,5482700
9846,2019-04-03,27.690001000000002,27.719998999999998,26.620001000000002,26.98,26.98,8373000
9847,2019-04-04,27.01,27.639999,27.01,27.42,27.42,4425600
9848,2019-04-05,27.469998999999998,27.82,27.459999,27.629998999999998,27.629998999999998,3279500
9849,2019-04-08,27.57,27.85,27.309998999999998,27.77,27.77,2298700
9850,2019-04-09,27.629998999999998,27.709999,27.07,27.120001000000002,27.120001000000002,3234400
9851,2019-04-10,27.09,27.34,26.969998999999998,27.219998999999998,27.219998999999998,3010400
9852,2019-04-11,27.190001000000002,27.43,26.85,27.01,27.01,2362600
9853,2019-04-12,27.040001,27.41,26.799999,26.969998999999998,26.969998999999998,2987800
9854,2019-04-15,26.99,27.1,26.59,26.93,26.93,5084700
9855,2019-04-16,27.18,27.27,26.82,27.07,27.07,3200400
9856,2019-04-17,27.25,27.25,26.440001000000002,26.73,26.73,4293000
9857,2019-04-18,26.83,27.18,26.57,26.85,26.85,3806700
9858,2019-04-22,26.700001,26.860001,26.459999,26.719998999999998,26.719998999999998,2694800
9859,2019-04-23,26.719998999999998,27.08,26.42,26.6,26.6,5564900
9860,2019-04-24,26.67,26.790001,26.33,26.440001000000002,26.440001000000002,3212900
9861,2019-04-25,26.35,26.790001,26.07,26.68,26.68,3710300
9862,2019-04-26,26.76,27.07,26.51,27.040001,27.040001,3645100
9863,2019-04-29,27.07,27.360001,26.889999,27.25,27.25,4998800
9864,2019-04-30,27.32,27.52,26.809998999999998,26.99,26.99,4850600
9865,2019-05-01,26.950001,27.5,26.860001,27.07,27.07,7177800
9866,2019-05-02,27.110001,27.91,27.110001,27.68,27.68,5493500
9867,2019-05-03,27.700001,28.15,27.700001,28.01,28.01,4864700
9868,2019-05-06,27.620001000000002,28.459999,27.379998999999998,28.26,28.26,7222700
9869,2019-05-07,26.700001,26.950001,21.52,21.530001000000002,21.530001000000002,51179900
9870,2019-05-08,21.59,22.49,21.23,21.889999,21.889999,20281100
9871,2019-05-09,21.799999,23.190001000000002,21.620001000000002,22.76,22.76,14385000
9872,2019-05-10,22.620001000000002,22.98,21.76,22.17,22.17,7795600
9873,2019-05-13,21.290001,21.440001000000002,19.73,20.08,20.08,16383700
9874,2019-05-14,20.120001000000002,20.58,20.120001000000002,20.41,20.41,6488300
9875,2019-05-15,20.15,20.190001000000002,19.4,20.049999,20.049999,9991900
9876,2019-05-16,20.120001000000002,20.51,19.889999,20.209999,20.209999,8423100
9877,2019-05-17,20.040001,20.07,19.629998999999998,19.639999,19.639999,5354700
9878,2019-05-20,19.639999,19.77,19.139999,19.42,19.42,6743600
9879,2019-05-21,19.51,19.969998999999998,19.450001,19.67,19.67,7061900
9880,2019-05-22,19.52,19.75,19.15,19.65,19.65,7192400
9881,2019-05-23,19.459999,19.540001,18.93,19.17,19.17,7282700
9882,2019-05-24,19.25,19.48,18.93,18.98,18.98,5052500
9883,2019-05-28,18.9,18.92,17.709999,17.870001000000002,17.870001000000002,17399900
9884,2019-05-29,17.76,18.09,17.25,18.0,18.0,12998900
9885,2019-05-30,17.98,18.24,17.129998999999998,17.209999,17.209999,7451800
9886,2019-05-31,17.110001,17.17,16.629998999999998,16.799999,16.799999,11146900
9887,2019-06-03,16.91,17.459999,16.9,17.190001000000002,17.190001000000002,8696900
9888,2019-06-04,17.459999,18.01,17.450001,17.82,17.82,9038200
9889,2019-06-05,17.93,18.129998999999998,17.309998999999998,17.77,17.77,6843600
9890,2019-06-06,17.76,17.9,17.32,17.450001,17.450001,5265100
9891,2019-06-07,17.549999,17.68,17.200001,17.4,17.4,6906000
9892,2019-06-10,17.49,17.91,17.41,17.57,17.57,4801000
9893,2019-06-11,17.98,18.059998999999998,17.48,17.51,17.51,4933100
9894,2019-06-12,17.459999,17.540001,16.91,17.16,17.16,4721400
9895,2019-06-13,17.200001,17.389999,17.030001000000002,17.379998999999998,17.379998999999998,3694300
9896,2019-06-14,17.41,17.51,16.91,17.02,17.02,4399700
9897,2019-06-17,17.040001,17.59,16.959999,17.27,17.27,5107600
9898,2019-06-18,17.5,17.959999,17.27,17.75,17.75,5347700
9899,2019-06-19,17.91,18.450001,17.75,18.1,18.1,8359600
9900,2019-06-20,18.4,18.65,18.08,18.209999,18.209999,6978000
9901,2019-06-21,18.34,18.35,17.74,18.32,18.32,10868500
9902,2019-06-24,18.41,18.43,17.77,17.959999,17.959999,6961500
9903,2019-06-25,18.309998999999998,18.780001000000002,18.139999,18.65,18.65,10356300
9904,2019-06-26,18.74,18.84,18.5,18.66,18.66,5787400
9905,2019-06-27,18.76,19.23,18.690001000000002,18.969998999999998,18.969998999999998,5708000
9906,2019-06-28,19.1,19.15,18.889999,19.040001,19.040001,6604000
9907,2019-07-01,19.34,19.639999,19.27,19.440001000000002,19.440001000000002,6876900
9908,2019-07-02,19.530001000000002,19.620001000000002,19.139999,19.35,19.35,6633700
9909,2019-07-03,19.49,19.74,19.41,19.68,19.68,4133700
9910,2019-07-05,19.67,19.780001000000002,19.27,19.49,19.49,4749200
9911,2019-07-08,19.41,19.540001,19.02,19.27,19.27,5286200
9912,2019-07-09,19.200001,19.68,18.85,19.620001000000002,19.620001000000002,5089700
9913,2019-07-10,19.1,19.190001000000002,18.549999,19.129998999999998,19.129998999999998,8275400
9914,2019-07-11,19.1,19.34,18.66,19.040001,19.040001,4673400
9915,2019-07-12,19.110001,19.379998999999998,18.860001,19.219998999999998,19.219998999999998,3314100
9916,2019-07-15,19.049999,19.18,18.870001000000002,18.969998999999998,18.969998999999998,4299400
9917,2019-07-16,18.959999,19.0,18.4,18.43,18.43,6043600
9918,2019-07-17,18.450001,18.450001,17.709999,17.91,17.91,7003700
9919,2019-07-18,17.83,17.959999,17.629998999999998,17.85,17.85,7272800
9920,2019-07-19,17.860001,18.25,17.66,18.1,18.1,6100600
9921,2019-07-22,18.139999,18.23,17.77,18.049999,18.049999,4202500
9922,2019-07-23,18.18,18.379998999999998,18.02,18.34,18.34,5236600
9923,2019-07-24,18.309998999999998,18.969998999999998,18.299999,18.91,18.91,7262200
9924,2019-07-25,18.959999,18.969998999999998,18.299999,18.440001000000002,18.440001000000002,6439200
9925,2019-07-26,18.52,18.620001000000002,18.370001000000002,18.459999,18.459999,3602900
9926,2019-07-29,20.950001,21.879998999999998,19.700001,20.780001000000002,20.780001000000002,61207800
9927,2019-07-30,20.709999,21.700001,20.58,21.43,21.43,18440600
9928,2019-07-31,21.440001000000002,21.440001000000002,20.620001000000002,20.9,20.9,12073200
9929,2019-08-01,20.799999,21.190001000000002,20.049999,20.32,20.32,10840200
9930,2019-08-02,20.360001,20.450001,19.65,19.84,19.84,6574500
9931,2019-08-05,19.530001000000002,19.68,19.09,19.35,19.35,8660800
9932,2019-08-06,19.469998999999998,19.48,17.66,18.200001,18.200001,15592800
9933,2019-08-07,17.879998999999998,18.6,17.309998999999998,18.49,18.49,9715700
9934,2019-08-08,18.43,19.1,18.08,19.09,19.09,7113400
9935,2019-08-09,19.049999,19.620001000000002,18.83,19.48,19.48,6412500
9936,2019-08-12,19.24,19.450001,19.049999,19.129998999999998,19.129998999999998,6010400
9937,2019-08-13,19.110001,19.75,18.93,19.719998999999998,19.719998999999998,5424600
9938,2019-08-14,19.379998999999998,19.43,17.959999,18.040001,18.040001,10822700
9939,2019-08-15,18.23,18.25,17.58,17.610001,17.610001,6434900
9940,2019-08-16,17.879998999999998,18.610001,17.68,18.530001000000002,18.530001000000002,5901400
9941,2019-08-19,18.77,19.42,18.77,19.190001000000002,19.190001000000002,5653900
9942,2019-08-20,19.18,19.809998999999998,18.99,19.09,19.09,5730200
9943,2019-08-21,19.190001000000002,19.35,18.870001000000002,19.09,19.09,3855800
9944,2019-08-22,19.09,19.370001000000002,18.92,19.040001,19.040001,3578200
9945,2019-08-23,18.889999,19.1,18.26,18.34,18.34,5126200
9946,2019-08-26,18.540001,18.9,18.440001000000002,18.790001,18.790001,4198700
9947,2019-08-27,19.01,19.01,18.370001000000002,18.67,18.67,5534500
9948,2019-08-28,18.51,19.26,18.49,19.15,19.15,4127300
9949,2019-08-29,19.35,19.99,19.299999,19.9,19.9,5856500
9950,2019-08-30,20.07,20.08,19.309998999999998,19.469998999999998,19.469998999999998,3444600
9951,2019-09-03,19.27,19.58,18.709999,19.27,19.27,6235000
9952,2019-09-04,19.59,20.9,19.290001,19.74,19.74,5517900
9953,2019-09-05,19.940001000000002,20.309998999999998,19.719998999999998,20.219998999999998,20.219998999999998,5043000
9954,2019-09-06,20.280001000000002,20.530001000000002,19.85,20.52,20.52,4312200
9955,2019-09-09,20.57,21.219998999999998,20.450001,21.190001000000002,21.190001000000002,5957800
9956,2019-09-10,21.0,21.889999,20.91,21.879998999999998,21.879998999999998,6377700
9957,2019-09-11,21.860001,22.559998999999998,21.59,22.530001000000002,22.530001000000002,6653900
9958,2019-09-12,22.559998999999998,22.57,21.68,22.24,22.24,5394100
9959,2019-09-13,22.469998999999998,22.9,21.66,21.690001000000002,21.690001000000002,5401400
9960,2019-09-16,21.43,22.049999,21.43,21.799999,21.799999,2968500
9961,2019-09-17,21.549999,21.790001,21.059998999999998,21.43,21.43,3610500
9962,2019-09-18,21.370001000000002,21.540001,21.049999,21.290001,21.290001,3623900
9963,2019-09-19,21.32,21.450001,20.91,21.0,21.0,4191100
9964,2019-09-20,20.610001,21.389999,20.6,21.0,21.0,7744700
9965,2019-09-23,20.959999,21.17,20.629998999999998,20.860001,20.860001,4809100
9966,2019-09-24,20.719998999999998,20.75,19.42,19.93,19.93,9971800
9967,2019-09-25,19.870001000000002,20.32,19.799999,20.120001000000002,20.120001000000002,3101900
9968,2019-09-26,20.18,20.18,19.51,19.76,19.76,4004800
9969,2019-09-27,19.74,20.02,19.110001,19.290001,19.290001,8576900
9970,2019-09-30,19.27,19.870001000000002,19.030001000000002,19.780001000000002,19.780001000000002,5559800
9971,2019-10-01,19.77,20.219998999999998,18.809998999999998,18.83,18.83,5293900
9972,2019-10-02,18.799999,18.799999,18.1,18.530001000000002,18.530001000000002,6518900
9973,2019-10-03,18.559998999999998,18.870001000000002,18.280001000000002,18.83,18.83,4197200
9974,2019-10-04,18.82,19.16,18.57,18.91,18.91,3325000
9975,2019-10-07,18.700001,19.18,18.6,18.84,18.84,3247200
9976,2019-10-08,18.639999,18.74,18.290001,18.379998999999998,18.379998999999998,3780100
9977,2019-10-09,18.58,18.66,18.360001,18.43,18.43,4779100
9978,2019-10-10,18.440001000000002,18.84,18.32,18.469998999999998,18.469998999999998,4287200
9979,2019-10-11,18.790001,19.16,18.66,18.9,18.9,4411200
9980,2019-10-14,18.74,18.9,18.440001000000002,18.52,18.52,4003200
9981,2019-10-15,18.52,19.030001000000002,18.48,18.83,18.83,5232100
9982,2019-10-16,18.98,19.18,18.620001000000002,18.74,18.74,3754600
9983,2019-10-17,18.799999,19.059998999999998,18.719998999999998,18.879998999999998,18.879998999999998,3111800
9984,2019-10-18,18.879998999999998,18.92,18.27,18.33,18.33,6161900
9985,2019-10-21,18.49,18.51,18.110001,18.15,18.15,8331000
9986,2019-10-22,18.309998999999998,18.469998999999998,18.030001000000002,18.309998999999998,18.309998999999998,6414100
9987,2019-10-23,18.33,18.690001000000002,18.01,18.52,18.52,4910300
9988,2019-10-24,18.610001,18.610001,18.030001000000002,18.25,18.25,5133200
9989,2019-10-25,18.25,18.799999,18.15,18.700001,18.700001,5436900
9990,2019-10-28,18.75,19.27,18.719998999999998,18.969998999999998,18.969998999999998,5874100
9991,2019-10-29,19.16,19.700001,18.77,19.59,19.59,6863100
9992,2019-10-30,19.49,19.58,19.219998999999998,19.41,19.41,3248100
9993,2019-10-31,19.43,19.43,18.889999,19.15,19.15,6156300
9994,2019-11-01,19.33,19.969998999999998,19.23,19.68,19.68,5490900
9995,2019-11-04,19.99,20.07,19.68,19.74,19.74,6695600
9996,2019-11-05,19.9,20.389999,17.75,17.790001,17.790001,21074600
9997,2019-11-06,17.84,17.93,17.08,17.17,17.17,13599300
9998,2019-11-07,17.209999,17.42,16.969998999999998,17.01,17.01,9571600
9999,2019-11-08,16.959999,17.629998999999998,16.790001,17.610001,17.610001,6777300
10000,2019-11-11,17.43,17.57,17.0,17.24,17.24,6185400
10001,2019-11-12,17.5,17.780001000000002,17.17,17.530001000000002,17.530001000000002,8484200
10002,2019-11-13,17.49,17.49,17.15,17.27,17.27,7223300
10003,2019-11-14,17.15,17.33,16.870001000000002,17.26,17.26,7901100
10004,2019-11-15,17.360001,17.83,17.25,17.700001,17.700001,5209900
10005,2019-11-18,17.719998999999998,17.809998999999998,17.16,17.23,17.23,8967500
10006,2019-11-19,17.33,17.43,17.16,17.27,17.27,5311400
10007,2019-11-20,17.129998999999998,17.530001000000002,17.059998999999998,17.24,17.24,7004800
10008,2019-11-21,17.27,17.639999,17.02,17.370001000000002,17.370001000000002,7110100
10009,2019-11-22,17.51,17.65,17.23,17.34,17.34,5236000
10010,2019-11-25,17.51,18.18,17.5,18.059998999999998,18.059998999999998,8276600
10011,2019-11-26,17.99,18.360001,17.82,18.299999,18.299999,7328600
10012,2019-11-27,18.32,18.780001000000002,18.25,18.780001000000002,18.780001000000002,5243100
10013,2019-11-29,18.559998999999998,18.98,18.559998999999998,18.780001000000002,18.780001000000002,3866900
10014,2019-12-02,18.9,19.01,18.620001000000002,18.66,18.66,5758600
10015,2019-12-03,18.51,18.620001000000002,18.16,18.530001000000002,18.530001000000002,4461500
10016,2019-12-04,18.530001000000002,19.0,18.530001000000002,18.879998999999998,18.879998999999998,5034300
10017,2019-12-05,19.049999,19.07,18.639999,18.9,18.9,4667500
10018,2019-12-06,19.02,19.35,19.01,19.290001,19.290001,5057600
10019,2019-12-09,19.280001000000002,19.34,19.0,19.02,19.02,7869500
10020,2019-12-10,19.059998999999998,19.08,18.57,18.700001,18.700001,4090100
10021,2019-12-11,18.73,18.950001,18.629998999999998,18.809998999999998,18.809998999999998,3224000
10022,2019-12-12,18.799999,19.700001,18.709999,19.68,19.68,6196000
10023,2019-12-13,19.639999,19.780001000000002,19.110001,19.139999,19.139999,5177900
10024,2019-12-16,19.34,19.610001,19.01,19.030001000000002,19.030001000000002,8078600
10025,2019-12-17,18.969998999999998,19.0,18.58,18.83,18.83,6859400
10026,2019-12-18,18.9,19.030001000000002,18.65,18.870001000000002,18.870001000000002,4638600
10027,2019-12-19,18.969998999999998,19.440001000000002,18.85,19.379998999999998,19.379998999999998,6430500
10028,2019-12-20,19.41,19.950001,19.280001000000002,19.790001,19.790001,21987500
10029,2019-12-23,19.74,19.950001,19.4,19.92,19.92,5726100
10030,2019-12-24,19.870001000000002,20.09,19.809998999999998,19.84,19.84,1731000
10031,2019-12-26,19.809998999999998,20.16,19.52,19.58,19.58,4547200
10032,2019-12-27,19.549999,19.84,19.52,19.719998999999998,19.719998999999998,4754400
10033,2019-12-30,19.66,19.799999,19.379998999999998,19.43,19.43,4534900
10034,2019-12-31,19.360001,20.139999,19.23,20.1,20.1,5154700
10035,2020-01-02,20.1,20.65,20.049999,20.65,20.65,8870500
10036,2020-01-03,20.33,20.5,20.1,20.200001,20.200001,7957300
10037,2020-01-06,20.200001,20.91,20.120001000000002,20.870001000000002,20.870001000000002,9540600
10038,2020-01-07,20.91,21.23,20.58,21.17,21.17,8041200
10039,2020-01-08,21.219998999999998,21.450001,20.719998999999998,21.219998999999998,21.219998999999998,6933300
10040,2020-01-09,20.959999,21.27,20.610001,20.93,20.93,6310700
10041,2020-01-10,20.99,21.15,20.74,20.85,20.85,4624300
10042,2020-01-13,20.92,20.940001000000002,20.43,20.780001000000002,20.780001000000002,4314800
10043,2020-01-14,20.690001000000002,21.34,20.68,21.200001,21.200001,5985600
10044,2020-01-15,21.049999,22.4,21.02,22.049999,22.049999,8858800
10045,2020-01-16,22.25,22.34,21.76,21.969998999999998,21.969998999999998,6116000
10046,2020-01-17,22.02,22.17,21.559998999999998,21.66,21.66,6404400
10047,2020-01-21,21.67,21.799999,21.5,21.65,21.65,5655300
10048,2020-01-22,21.540001,21.889999,21.540001,21.790001,21.790001,5058800
10049,2020-01-23,21.639999,22.280001000000002,21.389999,22.139999,22.139999,4799200
10050,2020-01-24,22.35,22.35,21.51,21.85,21.85,5702600
10051,2020-01-27,21.040001,21.48,20.879998999999998,21.16,21.16,7017300
10052,2020-01-28,21.559998999999998,22.049999,21.530001000000002,21.84,21.84,7098200
10053,2020-01-29,21.83,22.59,21.83,22.1,22.1,6037200
10054,2020-01-30,21.870001000000002,22.110001,21.610001,21.92,21.92,3750900
10055,2020-01-31,21.74,21.889999,21.24,21.42,21.42,6219900
10056,2020-02-03,21.540001,21.959999,21.5,21.620001000000002,21.620001000000002,4269900
10057,2020-02-04,21.969998999999998,22.389999,21.83,22.26,22.26,4565300
10058,2020-02-05,22.6,23.059998999999998,22.51,22.85,22.85,7690100
10059,2020-02-06,23.059998999999998,23.110001,22.469998999999998,22.85,22.85,5282500
10060,2020-02-07,22.799999,23.0,22.450001,22.77,22.77,3854700
10061,2020-02-10,22.67,22.93,22.540001,22.620001000000002,22.620001000000002,3391700
10062,2020-02-11,22.68,22.84,22.23,22.35,22.35,5104600
10063,2020-02-12,22.639999,23.1,22.09,22.16,22.16,6510000
10064,2020-02-13,22.09,22.15,21.290001,21.639999,21.639999,7530000
10065,2020-02-14,21.73,22.1,21.49,21.9,21.9,3871100
10066,2020-02-18,21.790001,21.879998999999998,20.98,21.280001000000002,21.280001000000002,4444900
10067,2020-02-19,21.280001000000002,21.360001,20.790001,20.9,20.9,5771500
10068,2020-02-20,20.84,20.98,20.67,20.93,20.93,6363700
10069,2020-02-21,20.84,21.309998999999998,20.68,21.15,21.15,4939700
10070,2020-02-24,20.43,20.92,20.059998999999998,20.309998999999998,20.309998999999998,8250500
10071,2020-02-25,20.5,20.68,19.629998999999998,19.9,19.9,6321600
10072,2020-02-26,20.08,20.290001,19.209999,19.540001,19.540001,5156000
10073,2020-02-27,19.24,19.5,18.35,18.68,18.68,7667700
10074,2020-02-28,17.82,18.09,16.57,17.190001000000002,17.190001000000002,16177300
10075,2020-03-02,17.23,17.719998999999998,16.790001,17.48,17.48,8359100
10076,2020-03-03,17.709999,17.75,16.25,16.290001,16.290001,10890500
10077,2020-03-04,16.620001000000002,17.040001,16.110001,16.83,16.83,10527100
10078,2020-03-05,16.25,16.57,15.86,16.030001000000002,16.030001000000002,10850500
10079,2020-03-06,15.45,15.53,14.65,15.4,15.4,18763400
10080,2020-03-09,14.26,15.16,13.82,14.38,14.38,7741000
10081,2020-03-10,14.84,15.13,14.0,15.08,15.08,7579600
10082,2020-03-11,14.58,14.98,14.21,14.47,14.47,10583800
10083,2020-03-12,13.28,14.06,13.05,13.26,13.26,8777000
10084,2020-03-13,14.1,15.12,13.57,15.05,15.05,9134800
10085,2020-03-16,13.0,15.48,12.75,15.04,15.04,6569000
10086,2020-03-17,15.48,16.780001000000002,15.05,15.57,15.57,7640300
10087,2020-03-18,14.52,16.059998999999998,13.25,14.18,14.18,7367900
10088,2020-03-19,14.11,15.47,13.63,14.87,14.87,8762200
10089,2020-03-20,16.16,17.0,14.94,15.25,15.25,22350000
10090,2020-03-23,15.95,16.48,15.04,15.74,15.74,13186200
10091,2020-03-24,16.4,16.860001,14.2,15.14,15.14,12575200
10092,2020-03-25,15.0,15.44,13.53,14.93,14.93,13273700
10093,2020-03-26,14.88,16.200001,14.88,15.54,15.54,6579700
10094,2020-03-27,15.17,15.39,14.28,14.88,14.88,6296800
10095,2020-03-30,15.21,15.38,14.43,15.07,15.07,6234300
10096,2020-03-31,15.07,15.8,14.84,14.91,14.91,7529800
10097,2020-04-01,14.59,14.87,14.03,14.26,14.26,6768100
10098,2020-04-02,14.11,14.52,13.6,13.92,13.92,7659400
10099,2020-04-03,13.85,14.36,13.68,13.74,13.74,8137100
10100,2020-04-06,14.14,14.65,13.76,14.04,14.04,9635500
10101,2020-04-07,14.38,15.1,14.04,14.37,14.37,8622700
10102,2020-04-08,14.57,15.26,14.45,15.14,15.14,5861300
10103,2020-04-09,15.45,16.540001,15.45,16.08,16.08,9792000
10104,2020-04-13,16.23,16.24,15.55,16.059998999999998,16.059998999999998,3914400
10105,2020-04-14,16.299999,16.49,16.049999,16.35,16.35,4936300
10106,2020-04-15,15.76,15.85,15.13,15.46,15.46,4773200
10107,2020-04-16,15.54,15.66,14.79,15.5,15.5,6746100
10108,2020-04-17,15.9,16.18,15.56,16.110001,16.110001,6430500
10109,2020-04-20,16.139999,16.25,15.52,15.86,15.86,4269800
10110,2020-04-21,15.65,15.73,15.11,15.13,15.13,4235500
10111,2020-04-22,15.33,15.42,14.78,14.91,14.91,5530400
10112,2020-04-23,15.12,15.58,15.06,15.3,15.3,3913100
10113,2020-04-24,15.41,15.78,15.3,15.76,15.76,3712100
10114,2020-04-27,15.87,16.25,15.78,16.139999,16.139999,5336900
10115,2020-04-28,16.49,16.9,16.24,16.440001000000002,16.440001000000002,7026300
10116,2020-04-29,16.700001,17.540001,16.559998999999998,17.32,17.32,5509500
10117,2020-04-30,17.1,17.25,16.59,16.77,16.77,5824100
10118,2020-05-01,16.66,16.67,15.88,16.129998999999998,16.129998999999998,3686900
10119,2020-05-04,16.110001,16.559998999999998,15.74,16.52,16.52,6109100
10120,2020-05-05,16.6,17.110001,16.530001000000002,16.57,16.57,7236800
10121,2020-05-06,16.66,17.18,16.559998999999998,16.860001,16.860001,7219900
10122,2020-05-07,17.18,17.540001,17.110001,17.32,17.32,8201600
10123,2020-05-08,17.68,17.780001000000002,17.299999,17.57,17.57,7248100
10124,2020-05-11,17.73,17.85,16.879998999999998,16.950001,16.950001,12830200
10125,2020-05-12,17.09,17.48,16.16,16.23,16.23,6471500
10126,2020-05-13,16.459999,16.459999,15.45,15.54,15.54,9179300
10127,2020-05-14,15.38,15.58,14.92,15.22,15.22,7518200
10128,2020-05-15,15.07,15.3,14.8,15.16,15.16,6983200
10129,2020-05-18,15.6,16.610001,15.59,16.459999,16.459999,8534700
10130,2020-05-19,16.459999,16.459999,15.84,16.049999,16.049999,4154700
10131,2020-05-20,16.219998999999998,16.35,16.09,16.32,16.32,4980900
10132,2020-05-21,16.200001,16.34,15.72,16.0,16.0,5301600
10133,2020-05-22,15.97,15.97,15.44,15.64,15.64,4932200
10134,2020-05-26,15.93,16.35,15.91,16.139999,16.139999,6236000
10135,2020-05-27,16.4,17.200001,16.08,17.16,17.16,10340600
10136,2020-05-28,17.290001,17.49,16.85,17.25,17.25,6453700
10137,2020-05-29,17.15,17.370001000000002,16.620001000000002,17.07,17.07,8152300
10138,2020-06-01,17.01,17.83,17.0,17.620001000000002,17.620001000000002,6108000
10139,2020-06-02,17.459999,17.700001,17.25,17.48,17.48,4638900
10140,2020-06-03,17.530001000000002,17.75,17.459999,17.540001,17.540001,3244700
10141,2020-06-04,17.32,17.700001,17.26,17.700001,17.700001,4732300
10142,2020-06-05,18.15,18.719998999999998,17.540001,17.67,17.67,7859900
10143,2020-06-08,18.0,19.24,17.889999,18.780001000000002,18.780001000000002,10387700
10144,2020-06-09,19.0,19.02,18.219998999999998,18.450001,18.450001,8717100
10145,2020-06-10,18.440001000000002,18.450001,17.190001000000002,17.32,17.32,8972300
10146,2020-06-11,16.809998999999998,17.0,16.24,16.299999,16.299999,11618000
10147,2020-06-12,16.709999,16.91,15.65,15.94,15.94,7870400
10148,2020-06-15,15.45,16.120001000000002,15.29,15.9,15.9,7847500
10149,2020-06-16,16.379998999999998,16.6,15.88,16.129998999999998,16.129998999999998,6877000
10150,2020-06-17,16.530001000000002,16.6,15.89,15.97,15.97,5063400
10151,2020-06-18,16.84,17.02,16.200001,16.33,16.33,7755100
10152,2020-06-19,16.620001000000002,16.77,15.99,16.16,16.16,9406100
10153,2020-06-22,16.08,16.5,15.84,16.459999,16.459999,5221100
10154,2020-06-23,16.530001000000002,16.629998999999998,16.040001,16.24,16.24,5370400
10155,2020-06-24,15.99,16.200001,15.64,16.02,16.02,6634000
10156,2020-06-25,15.93,16.41,15.76,16.379998999999998,16.379998999999998,4332700
10157,2020-06-26,16.290001,16.35,15.55,15.89,15.89,6905200
10158,2020-06-29,16.0,16.200001,15.78,15.99,15.99,2857000
10159,2020-06-30,15.97,16.16,15.63,16.08,16.08,6161700
10160,2020-07-01,16.02,16.27,15.7,15.76,15.76,4226300
10161,2020-07-02,16.0,16.16,15.76,15.93,15.93,4869600
10162,2020-07-06,16.1,16.57,15.98,16.540001,16.540001,6473100
10163,2020-07-07,16.33,16.549999,15.95,16.110001,16.110001,5491200
10164,2020-07-08,16.07,16.26,15.88,16.190001000000002,16.190001000000002,6575600
10165,2020-07-09,16.18,16.32,15.79,15.88,15.88,4951300
10166,2020-07-10,15.83,16.139999,15.67,16.1,16.1,2853100
10167,2020-07-13,16.26,16.49,15.97,16.129998999999998,16.129998999999998,3986200
10168,2020-07-14,16.309998999999998,16.540001,16.09,16.52,16.52,4716100
10169,2020-07-15,16.67,17.09,16.67,16.98,16.98,5459400
10170,2020-07-16,16.870001000000002,17.01,16.67,16.84,16.84,3104000
10171,2020-07-17,16.950001,17.309998999999998,16.700001,16.809998999999998,16.809998999999998,6276300
10172,2020-07-20,16.75,16.9,16.530001000000002,16.65,16.65,3322500
10173,2020-07-21,16.65,16.82,16.309998999999998,16.370001000000002,16.370001000000002,4738800
10174,2020-07-22,16.42,16.799999,16.41,16.57,16.57,3331900
10175,2020-07-23,16.52,16.6,16.02,16.08,16.08,6387200
10176,2020-07-24,16.02,16.120001000000002,15.76,15.96,15.96,4166500
10177,2020-07-27,15.86,16.26,15.72,16.219998999999998,16.219998999999998,2763900
10178,2020-07-28,16.469998999999998,16.59,16.129998999999998,16.16,16.16,2807700
10179,2020-07-29,16.040001,17.120001000000002,15.87,17.0,17.0,9217500
10180,2020-07-30,16.690001000000002,16.690001000000002,16.299999,16.33,16.33,3486700
10181,2020-07-31,16.299999,16.360001,15.88,16.110001,16.110001,2986500
10182,2020-08-03,16.16,16.469998999999998,15.95,16.360001,16.360001,3025100
10183,2020-08-04,16.42,16.57,16.25,16.32,16.32,3751900
10184,2020-08-05,16.42,17.129998999999998,16.23,16.9,16.9,6507000
10185,2020-08-06,17.26,17.690001000000002,16.15,16.42,16.42,5959900
10186,2020-08-07,16.209999,16.42,16.01,16.360001,16.360001,3873700
10187,2020-08-10,16.360001,16.57,16.27,16.360001,16.360001,2160400
10188,2020-08-11,16.6,16.860001,16.559998999999998,16.639999,16.639999,5807600
10189,2020-08-12,16.700001,16.809998999999998,16.07,16.18,16.18,4920800
10190,2020-08-13,16.23,16.549999,16.049999,16.139999,16.139999,4371800
10191,2020-08-14,16.0,16.299999,15.91,16.190001000000002,16.190001000000002,4435500
10192,2020-08-17,16.23,16.52,15.95,16.25,16.25,3282200
10193,2020-08-18,16.379998999999998,16.41,15.99,16.190001000000002,16.190001000000002,6874800
10194,2020-08-19,16.23,17.030001000000002,16.16,16.51,16.51,6349200
10195,2020-08-20,16.33,16.450001,16.09,16.34,16.34,5958400
10196,2020-08-21,16.360001,16.440001000000002,15.85,15.99,15.99,5361300
10197,2020-08-24,16.040001,16.360001,15.97,16.33,16.33,5328700
10198,2020-08-25,16.49,16.540001,15.93,16.030001000000002,16.030001000000002,5185800
10199,2020-08-26,15.97,16.469998999999998,15.88,16.309998999999998,16.309998999999998,4717400
10200,2020-08-27,16.32,16.459999,16.15,16.18,16.18,3048900
10201,2020-08-28,16.16,16.26,16.059998999999998,16.23,16.23,2333800
10202,2020-08-31,16.200001,16.51,16.01,16.379998999999998,16.379998999999998,5010600
10203,2020-09-01,16.299999,16.34,15.42,15.5,15.5,9444100
10204,2020-09-02,15.5,15.89,15.33,15.71,15.71,5851300
10205,2020-09-03,15.76,16.200001,15.35,15.46,15.46,5809700
10206,2020-09-04,15.64,15.92,15.39,15.81,15.81,8787500
10207,2020-09-08,15.81,15.91,15.53,15.64,15.64,5113500
10208,2020-09-09,15.69,15.73,15.06,15.25,15.25,7411200
10209,2020-09-10,15.27,15.44,15.02,15.06,15.06,6296300
10210,2020-09-11,15.15,15.62,15.05,15.33,15.33,5763800
10211,2020-09-14,15.46,15.84,15.29,15.77,15.77,4235000
10212,2020-09-15,15.87,16.23,15.7,15.95,15.95,3920600
10213,2020-09-16,16.02,16.219998999999998,15.4,16.0,16.0,8702000
10214,2020-09-17,15.86,16.219998999999998,15.61,16.16,16.16,3781200
10215,2020-09-18,16.16,16.190001000000002,15.61,15.73,15.73,6494100
10216,2020-09-21,15.45,15.46,14.61,14.78,14.78,6813400
10217,2020-09-22,14.75,14.95,14.49,14.82,14.82,5310900
10218,2020-09-23,14.82,14.88,14.31,14.37,14.37,5600300
10219,2020-09-24,14.29,14.43,14.02,14.21,14.21,4530500
10220,2020-09-25,14.11,14.48,14.09,14.42,14.42,2902200
10221,2020-09-28,14.64,14.84,14.57,14.64,14.64,4504300
