,Date,Open,High,Low,Close,Adj Close,Volume
0,2017-06-22,19.0,19.190001000000002,18.5,19.0,17.538363,3224300
1,2017-06-23,19.0,19.450001,18.9,19.290001,17.806053,711600
2,2017-06-26,19.280001000000002,19.336,19.02,19.25,17.769130999999998,458200
3,2017-06-27,19.18,19.35,19.1,19.15,17.676819000000002,245100
4,2017-06-28,19.200001,19.299999,19.120001000000002,19.25,17.769130999999998,184000
5,2017-06-29,19.139999,19.450001,19.1,19.25,17.769130999999998,343700
6,2017-06-30,19.129998999999998,19.35,18.32,19.15,17.676819000000002,453900
7,2017-07-03,19.200001,19.25,19.15,19.25,17.769130999999998,33400
8,2017-07-05,19.290001,19.450001,19.200001,19.4,17.907587,83700
9,2017-07-06,19.4,19.450001,19.0,19.360001,17.870667,150300
10,2017-07-07,19.27,19.5,19.25,19.41,17.916819,137700
11,2017-07-10,19.5,19.5,19.299999,19.41,17.916819,98900
12,2017-07-11,19.370001000000002,19.6,19.120001000000002,19.540001,18.036821,188800
13,2017-07-12,19.6,19.66,19.360001,19.5,17.999899,86500
14,2017-07-13,19.59,19.59,19.5,19.540001,18.036821,43900
15,2017-07-14,19.67,19.700001,19.459999,19.690001000000002,18.175282,91500
16,2017-07-17,19.620001000000002,19.75,19.5,19.639999,18.129123999999997,118700
17,2017-07-18,19.4,19.67,19.0,19.610001,18.101435000000002,198000
18,2017-07-19,19.530001000000002,19.67,19.43,19.5,17.999899,81200
19,2017-07-20,19.209999,19.780001000000002,19.120001000000002,19.75,18.230665,296100
20,2017-07-21,19.700001,20.0,19.469998999999998,19.85,18.322975,577000
21,2017-07-24,19.690001000000002,19.819,19.18,19.23,17.750668,122400
22,2017-07-25,19.120001000000002,19.27,18.99,18.99,17.529129,192700
23,2017-07-26,18.98,19.1,18.799999,18.84,17.390667,121000
24,2017-07-27,18.75,19.0,18.02,18.309998999999998,16.901443,254600
25,2017-07-28,18.110001,18.83,18.1,18.25,16.846056,165400
26,2017-07-31,18.299999,18.915001,18.299999,18.6,17.169135999999998,140500
27,2017-08-01,18.450001,18.700001,18.18,18.48,17.058365,164800
28,2017-08-02,18.34,18.879998999999998,18.23,18.5,17.076822,115100
29,2017-08-03,18.65,19.23,18.559998999999998,18.780001000000002,17.335287,108000
30,2017-08-04,18.65,18.940001000000002,18.52,18.610001,17.178362,97800
31,2017-08-07,18.629998999999998,19.040001,18.4,18.969998999999998,17.510668,124200
32,2017-08-08,19.0,19.110001,18.59,18.92,17.464516,146400
33,2017-08-09,18.73,19.030001000000002,18.6,18.719998999999998,17.279898,174400
34,2017-08-10,18.870001000000002,19.129998999999998,18.790001,18.9,17.446054,182400
35,2017-08-11,18.75,19.129998999999998,18.709999,18.83,17.381439,126100
36,2017-08-14,18.91,19.49,18.85,19.0,17.538363,103600
37,2017-08-15,18.860001,19.48,18.82,19.200001,17.722977,92700
38,2017-08-16,19.25,19.58,19.23,19.41,17.916819,99700
39,2017-08-17,19.57,19.73,19.4,19.59,18.08297,60900
40,2017-08-18,19.41,19.75,19.41,19.6,18.092207000000002,54200
41,2017-08-21,19.620001000000002,19.66,19.17,19.42,17.926054,90300
42,2017-08-22,19.35,19.530001000000002,19.15,19.17,17.695282000000002,113600
43,2017-08-23,19.299999,19.540001,19.052,19.280001000000002,17.796823999999997,108500
44,2017-08-24,19.389999,19.530001000000002,19.177,19.32,17.833744,90400
45,2017-08-25,19.52,19.66,19.33,19.370001000000002,17.879898,98000
46,2017-08-28,19.32,19.67,19.32,19.59,18.08297,101300
47,2017-08-29,19.540001,19.690001000000002,19.4,19.59,18.08297,74300
48,2017-08-30,19.65,19.73,19.299999,19.65,18.138363000000002,71300
49,2017-08-31,19.52,19.85,19.49,19.65,18.138363000000002,190100
50,2017-09-01,19.6,19.84,19.57,19.629998999999998,18.119896,161000
51,2017-09-05,19.790001,19.809998999999998,19.365,19.73,18.212201999999998,248300
52,2017-09-06,19.715,19.818001000000002,19.549999,19.780001000000002,18.258357999999998,195500
53,2017-09-07,19.65,19.700001,19.25,19.4,17.907587,144400
54,2017-09-08,19.35,19.66,19.32,19.450001,17.953743,132700
55,2017-09-11,19.549999,19.67,19.33,19.58,18.073742000000003,88700
56,2017-09-12,19.65,19.74,19.459999,19.67,18.156822000000002,109900
57,2017-09-13,19.59,19.74,19.402,19.440001000000002,17.944511,153800
58,2017-09-14,19.280001000000002,19.66,19.280001000000002,19.6,18.092207000000002,177300
59,2017-09-15,19.629998999999998,19.639999,19.209999,19.24,17.759897,1251500
60,2017-09-18,19.139999,19.360001,19.110001,19.139999,17.667591,199000
61,2017-09-19,19.190001000000002,19.41,19.040001,19.4,17.907587,348700
62,2017-09-20,19.42,19.42,19.0,19.27,17.787594,238000
63,2017-09-21,19.299999,19.549999,19.24,19.27,17.787594,148000
64,2017-09-22,19.23,19.440001000000002,19.059998999999998,19.1,17.630669,112500
65,2017-09-25,19.139999,19.35,18.610001,18.77,17.326057000000002,132400
66,2017-09-26,18.879998999999998,18.9,18.549999,18.73,17.289133,167700
67,2017-09-27,18.75,18.889999,18.66,18.719998999999998,17.279898,149600
68,2017-09-28,18.67,18.67,18.26,18.33,16.919905,263300
69,2017-09-29,18.15,18.66,18.15,18.639999,17.354698000000003,132200
70,2017-10-02,18.75,18.84,18.51,18.780001000000002,17.48505,97200
71,2017-10-03,18.75,18.92,18.65,18.75,17.457113,63700
72,2017-10-04,18.719998999999998,18.868,18.6,18.73,17.438498000000003,55900
73,2017-10-05,18.75,18.84,18.620001000000002,18.67,17.382633,55900
74,2017-10-06,18.6,18.712,18.549999,18.65,17.364012,67200
75,2017-10-09,18.683001,18.700001,18.309998999999998,18.360001,17.094009,53700
76,2017-10-10,18.5,18.85,18.25,18.77,17.475739,81100
77,2017-10-11,18.76,18.76,18.459999,18.549999,17.270903,38500
78,2017-10-12,18.57,18.67,18.24,18.360001,17.094009,75400
79,2017-10-13,18.389999,18.42,18.16,18.290001,17.028837,58300
80,2017-10-16,18.299999,18.555,18.190001000000002,18.309998999999998,17.047459,80100
81,2017-10-17,18.32,18.719998999999998,18.16,18.700001,17.410564,79200
82,2017-10-18,18.559998999999998,19.01,18.559998999999998,18.799999,17.503666,44100
83,2017-10-19,18.74,19.02,18.43,18.530001000000002,17.252285,42500
84,2017-10-20,18.620001000000002,18.85,18.27,18.379998999999998,17.112625,38000
85,2017-10-23,18.34,18.639999,18.27,18.41,17.14056,51100
86,2017-10-24,18.35,18.67,18.309998999999998,18.5,17.224354,67800
87,2017-10-25,18.540001,18.66,18.049999,18.639999,17.354698000000003,70300
88,2017-10-26,18.67,18.700001,18.25,18.4,17.131248,89500
89,2017-10-27,18.48,18.68,18.33,18.5,17.224354,48700
90,2017-10-30,18.450001,18.5,18.33,18.370001000000002,17.103319,49900
91,2017-10-31,18.379998999999998,18.379998999999998,17.9,17.969998999999998,16.730904000000002,127300
92,2017-11-01,17.889999,18.049999,17.809998999999998,17.98,16.740211,87300
93,2017-11-02,18.049999,18.110001,17.799999,17.93,16.693659,33700
94,2017-11-03,17.84,18.1,17.77,18.02,16.777456,48100
95,2017-11-06,17.98,18.129998999999998,17.83,17.969998999999998,16.730904000000002,41100
96,2017-11-07,17.950001,18.049999,17.27,17.360001,16.16296,165500
97,2017-11-08,17.4,18.014999,17.360001,17.799999,16.572623999999998,108300
98,2017-11-09,17.65,18.07,17.302999,17.9,16.665726,66400
99,2017-11-10,17.65,18.280001000000002,17.639999,17.84,16.609865,57200
100,2017-11-13,17.83,18.030001000000002,17.549999,17.709999,16.488827,78500
101,2017-11-14,17.67,18.15,17.645,17.67,16.45159,58300
102,2017-11-15,17.629998999999998,18.040001,17.59,17.85,16.619175,87000
103,2017-11-16,17.82,18.389999,17.82,18.129998999999998,16.879868,65000
104,2017-11-17,18.110001,18.33,18.084999,18.200001,16.945044,82400
105,2017-11-20,18.25,18.472,18.083,18.280001000000002,17.019526000000003,77000
106,2017-11-21,18.360001,18.76,18.145,18.379998999999998,17.112625,65500
107,2017-11-22,18.450001,18.790001,18.209999,18.469998999999998,17.196421,101900
108,2017-11-24,18.49,18.690001000000002,18.35,18.43,17.159184,22800
109,2017-11-27,18.43,18.82,18.43,18.58,17.29884,133000
110,2017-11-28,18.709999,18.709999,18.34,18.49,17.215046,146600
111,2017-11-29,18.549999,18.639999,18.41,18.549999,17.270903,74200
112,2017-11-30,18.549999,18.65,18.25,18.299999,17.038142999999998,150700
113,2017-12-01,18.290001,18.370001000000002,17.99,18.1,16.851936,84600
114,2017-12-04,18.17,18.440001000000002,17.68,17.799999,16.572623999999998,140000
115,2017-12-05,17.799999,17.993999,17.67,17.75,16.52607,77000
116,2017-12-06,17.709999,17.950001,17.68,17.73,16.507448,90600
117,2017-12-07,17.75,18.07,17.75,17.940001000000002,16.702969,64600
118,2017-12-08,17.93,18.0,17.67,17.68,16.460897,115400
119,2017-12-11,17.57,18.0,17.57,17.75,16.52607,160200
120,2017-12-12,17.83,18.23,17.82,18.0,16.758831,91700
121,2017-12-13,17.92,18.299999,17.92,18.110001,16.861248,251300
122,2017-12-14,18.17,18.25,17.77,17.889999,16.656416,223700
123,2017-12-15,17.879998999999998,18.16,17.879998999999998,18.01,16.768143,263300
124,2017-12-18,18.129998999999998,18.35,18.040001,18.059998999999998,16.81469,170900
125,2017-12-19,18.0,18.08,17.85,17.870001000000002,16.637793,246800
126,2017-12-20,17.940001000000002,18.25,17.940001000000002,18.030001000000002,16.786762,149900
127,2017-12-21,18.1,18.139999,17.83,17.870001000000002,16.637793,172400
128,2017-12-22,17.860001,17.9,17.565001000000002,17.57,16.35848,126500
129,2017-12-26,17.57,17.92,17.48,17.67,16.45159,134100
130,2017-12-27,17.67,17.825001,17.629998999999998,17.73,16.507448,151500
131,2017-12-28,17.52,18.09,17.5,17.65,16.573176999999998,173900
132,2017-12-29,17.65,17.950001,17.43,17.6,16.526229999999998,237300
133,2018-01-02,17.68,18.02,17.65,17.959999,16.864262,145000
134,2018-01-03,17.93,18.177999,17.93,17.950001,16.854879,204200
135,2018-01-04,18.030001000000002,18.129998999999998,17.93,17.93,16.836095999999998,216300
136,2018-01-05,17.91,18.056,17.690001000000002,17.75,16.667076,105800
137,2018-01-08,17.690001000000002,18.0,17.690001000000002,17.92,16.826706,179100
138,2018-01-09,17.969998999999998,18.15,17.809998999999998,17.84,16.751585000000002,197900
139,2018-01-10,17.790001,17.99,17.719998999999998,17.799999,16.714025,152100
140,2018-01-11,17.790001,18.0,17.76,17.92,16.826706,131700
141,2018-01-12,18.0,18.0,17.870001000000002,17.93,16.836095999999998,131100
142,2018-01-16,17.959999,18.040001,17.57,17.73,16.648296,217400
143,2018-01-17,17.885,17.950001,17.76,17.83,16.742193,107900
144,2018-01-18,17.889999,17.889999,17.77,17.790001,16.704639,126800
145,2018-01-19,17.76,17.93,17.739,17.809998999999998,16.723415,132100
146,2018-01-22,17.780001000000002,17.924999,17.59,17.68,16.601349,124800
147,2018-01-23,17.629998999999998,18.0,17.629998999999998,17.790001,16.704639,141500
148,2018-01-24,17.75,18.01,17.75,17.959999,16.864262,92500
149,2018-01-25,18.0,18.02,17.809998999999998,17.84,16.751585000000002,134300
150,2018-01-26,17.870001000000002,17.969998999999998,17.620001000000002,17.74,16.657688,111500
151,2018-01-29,17.73,17.879998999999998,17.559998999999998,17.74,16.657688,105900
152,2018-01-30,17.639999,17.809998999999998,17.59,17.6,16.526229999999998,90700
153,2018-01-31,17.6,17.754998999999998,17.5,17.610001,16.535622,75300
154,2018-02-01,17.620001000000002,17.620001000000002,17.389999,17.42,16.357214000000003,195500
155,2018-02-02,17.33,17.33,16.959999,17.07,16.028566,142800
156,2018-02-05,16.969998999999998,17.216,16.540001,16.57,15.559066,102500
157,2018-02-06,16.440001000000002,16.93,16.365,16.799999,15.775035999999998,99800
158,2018-02-07,16.77,16.825001,16.540001,16.67,15.652967000000002,118200
159,2018-02-08,16.719998999999998,16.719998999999998,16.25,16.26,15.267980999999999,47300
160,2018-02-09,16.42,16.709999,16.268,16.530001000000002,15.521507999999999,62000
161,2018-02-12,16.459999,16.82,16.24,16.68,15.662359,93200
162,2018-02-13,16.58,16.92,16.42,16.809998999999998,15.784426000000002,55500
163,2018-02-14,16.700001,16.99,16.65,16.790001,15.765648,57200
164,2018-02-15,16.809998999999998,16.995001000000002,16.809998999999998,16.889999,15.859545,41200
165,2018-02-16,16.73,16.879998999999998,16.26,16.32,15.324322,108100
166,2018-02-20,16.219998999999998,16.389999,15.79,16.139999,15.155303,107000
167,2018-02-21,16.15,16.525,15.96,16.309998999999998,15.314932,97400
168,2018-02-22,16.48,16.559998999999998,16.280001000000002,16.41,15.408828,70700
169,2018-02-23,16.469998999999998,16.65,16.24,16.6,15.587237,79600
170,2018-02-26,16.9,17.4,16.700001,17.33,16.272699,156600
171,2018-02-27,17.299999,17.940001000000002,17.299999,17.629998999999998,16.554398000000003,133900
172,2018-02-28,17.700001,17.865,17.280001000000002,17.42,16.357214000000003,161200
173,2018-03-01,17.35,17.469998999999998,16.76,17.08,16.037956,69300
174,2018-03-02,17.0,17.049999,16.74,16.959999,15.925276,34300
175,2018-03-05,17.0,17.02,16.540001,16.83,15.803206,42500
176,2018-03-06,16.879998999999998,16.93,16.610001,16.790001,15.765648,31400
177,2018-03-07,16.629998999999998,16.93,16.610001,16.85,15.821987,37800
178,2018-03-08,16.65,17.200001,16.65,17.07,16.028566,46800
179,2018-03-09,17.059998999999998,17.120001000000002,16.860001,17.08,16.037956,37500
180,2018-03-12,17.1,17.219998999999998,16.76,17.01,15.972223999999999,72600
181,2018-03-13,17.110001,17.219998999999998,16.889999,17.01,15.972223999999999,41700
182,2018-03-14,16.99,17.370001000000002,16.639999,17.309998999999998,16.253922,114800
183,2018-03-15,17.32,17.32,16.893998999999997,17.219998999999998,16.169413,29900
184,2018-03-16,17.18,17.215,16.93,17.09,16.047342,92300
185,2018-03-19,17.049999,17.1,16.51,16.690001000000002,15.671748000000001,129900
186,2018-03-20,16.66,17.1,16.559998999999998,16.700001,15.681139000000002,67800
187,2018-03-21,16.700001,17.120001000000002,16.530001000000002,16.68,15.662359,54900
188,2018-03-22,16.540001,17.32,16.540001,16.809998999999998,15.784426000000002,55900
189,2018-03-23,16.790001,16.870001000000002,16.08,16.129998999999998,15.145912,56200
190,2018-03-26,16.35,16.75,16.059998999999998,16.469998999999998,15.465167999999998,49300
191,2018-03-27,16.52,16.621,16.0,16.07,15.089573999999999,43100
192,2018-03-28,15.91,16.360001,15.65,15.88,15.051661,196500
193,2018-03-29,15.91,16.25,15.64,15.99,15.155923000000001,80400
194,2018-04-02,15.99,16.25,15.57,15.63,14.8147,39700
195,2018-04-03,15.66,16.24,15.63,16.16,15.317054999999998,88300
196,2018-04-04,16.01,16.629998999999998,16.01,16.469998999999998,15.610884,22700
197,2018-04-05,16.52,16.690001000000002,16.450001,16.51,15.648798999999999,40500
198,2018-04-06,16.42,16.700001,16.42,16.540001,15.677234,51500
199,2018-04-09,16.75,17.129998999999998,16.565001000000002,16.75,15.876276999999998,192000
200,2018-04-10,16.82,17.01,16.76,16.860001,15.980542000000002,26900
201,2018-04-11,16.799999,17.4,16.799999,17.1,16.208019,20700
202,2018-04-12,17.129998999999998,17.309998999999998,16.809998999999998,17.01,16.122717,21900
203,2018-04-13,16.959999,17.299999,16.959999,17.18,16.283846,21800
204,2018-04-16,17.25,17.459999,16.969998999999998,17.389999,16.482897,39300
205,2018-04-17,17.219998999999998,18.02,17.0,17.85,16.918901,74600
206,2018-04-18,17.799999,17.860001,17.575001,17.65,16.729332,36400
207,2018-04-19,17.620001000000002,18.049999,17.4,17.4,16.492373999999998,41300
208,2018-04-20,17.389999,17.66,17.27,17.49,16.577681,20600
209,2018-04-23,17.530001000000002,17.65,17.395,17.43,16.520805,12900
210,2018-04-24,17.450001,18.040001,17.26,17.959999,17.023159,33300
211,2018-04-25,17.93,17.93,17.26,17.42,16.511332,71000
212,2018-04-26,17.530001000000002,18.24,17.309998999999998,18.120001000000002,17.174818,52300
213,2018-04-27,18.440001000000002,18.440001000000002,18.040001,18.190001000000002,17.241167,77200
214,2018-04-30,18.299999,18.299999,17.891001,17.950001,17.013687,77100
215,2018-05-01,17.93,18.0,17.68,17.700001,16.776728,54200
216,2018-05-02,17.870001000000002,18.0,17.700001,17.950001,17.013687,53200
217,2018-05-03,17.93,17.93,17.24,17.35,16.444981,64100
218,2018-05-04,17.32,17.700001,17.23,17.389999,16.482897,96400
219,2018-05-07,17.620001000000002,18.23,17.559998999999998,17.860001,16.928379,196500
220,2018-05-08,17.84,17.959999,17.52,17.9,16.96629,141300
221,2018-05-09,17.93,18.280001000000002,17.875,18.0,17.061076999999997,118300
222,2018-05-10,18.049999,18.129998999999998,17.879998999999998,18.0,17.061076999999997,128900
223,2018-05-11,18.15,18.41,17.790001,18.0,17.061076999999997,97200
224,2018-05-14,18.040001,18.450001,18.01,18.4,17.440212,117100
225,2018-05-15,18.34,18.48,18.02,18.1,17.155860999999998,54300
226,2018-05-16,18.09,18.495001000000002,18.09,18.379998999999998,17.421253,56000
227,2018-05-17,18.35,18.42,18.120001000000002,18.379998999999998,17.421253,27500
228,2018-05-18,18.41,18.469998999999998,18.190001000000002,18.360001,17.402296,41400
229,2018-05-21,18.370001000000002,18.448999,18.264999,18.4,17.440212,30600
230,2018-05-22,18.440001000000002,18.504998999999998,18.299999,18.389999,17.430733,96600
231,2018-05-23,18.33,18.870001000000002,18.33,18.620001000000002,17.648735000000002,59200
232,2018-05-24,18.690001000000002,18.98,18.66,18.940001000000002,17.952044,26700
233,2018-05-25,18.92,19.16,18.68,18.889999,17.904648,21900
234,2018-05-29,18.719998999999998,19.15,18.719998999999998,19.07,18.075264,28300
235,2018-05-30,19.08,19.65,19.055,19.25,18.245872,88200
236,2018-05-31,19.219998999999998,19.34,18.950001,19.18,18.179527,32600
237,2018-06-01,19.17,19.264999,18.584,18.690001000000002,17.715084,29200
238,2018-06-04,18.790001,18.98,18.73,18.92,17.933086,29700
239,2018-06-05,18.889999,19.559998999999998,18.889999,19.459999,18.444917999999998,49900
240,2018-06-06,19.52,19.57,19.077999,19.370001000000002,18.359614999999998,192000
241,2018-06-07,19.34,19.360001,19.1,19.24,18.236395,40500
242,2018-06-08,19.219998999999998,19.33,18.690001000000002,18.77,17.790909,25400
243,2018-06-11,18.77,19.040001,18.540001,18.92,17.933086,42000
244,2018-06-12,18.879998999999998,19.219998999999998,18.742001000000002,19.02,18.027872,28400
245,2018-06-13,19.040001,19.200001,18.75,18.969998999999998,17.980476,35400
246,2018-06-14,18.99,19.15,18.700001,19.07,18.075264,19300
247,2018-06-15,19.049999,19.129998999999998,18.719998999999998,18.77,17.790909,45000
248,2018-06-18,18.76,19.0,18.530001000000002,18.93,17.942567999999998,33800
249,2018-06-19,18.889999,19.200001,18.68,19.040001,18.046829000000002,26100
250,2018-06-20,19.1,19.219998999999998,18.84,19.120001000000002,18.122652,41400
251,2018-06-21,19.110001,19.32,19.09,19.190001000000002,18.189001,62900
252,2018-06-22,19.200001,19.4,18.98,19.34,18.331177,274800
253,2018-06-25,19.360001,19.360001,18.85,18.940001000000002,17.952044,44600
254,2018-06-26,18.91,19.200001,18.85,19.120001000000002,18.122652,187700
255,2018-06-27,19.17,19.32,19.08,19.139999,18.141610999999997,192000
256,2018-06-28,19.02,19.35,18.98,19.129998999999998,18.275351999999998,56600
257,2018-06-29,19.25,19.25,18.85,18.969998999999998,18.122503,37700
258,2018-07-02,18.9,19.200001,18.889999,19.15,18.294462,94400
259,2018-07-03,19.25,19.309998999999998,19.030001000000002,19.1,18.246696,22700
260,2018-07-05,19.200001,20.17,19.16,19.84,18.953636,55900
261,2018-07-06,19.9,20.0,19.65,19.809998999999998,18.924974,35300
262,2018-07-09,19.85,19.85,19.530001000000002,19.709999,18.829439,54300
263,2018-07-10,19.75,19.84,19.530001000000002,19.610001,18.733912,42900
264,2018-07-11,19.52,19.59,19.33,19.379998999999998,18.514187,32500
265,2018-07-12,19.43,19.48,19.309998999999998,19.370001000000002,18.504633,27800
266,2018-07-13,19.299999,19.389999,18.950001,19.030001000000002,18.179819000000002,47800
267,2018-07-16,19.040001,19.040001,18.783001000000002,18.85,18.007866,43500
268,2018-07-17,18.82,18.999001,18.559998999999998,18.719998999999998,17.883671,68300
269,2018-07-18,18.709999,18.709999,18.43,18.5,17.673502,30600
270,2018-07-19,18.459999,18.780001000000002,18.4,18.610001,17.778586999999998,84500
271,2018-07-20,18.65,18.68,18.41,18.469998999999998,17.64484,37500
272,2018-07-23,18.49,18.540001,18.07,18.42,17.597076,50100
273,2018-07-24,18.51,18.51,18.190001000000002,18.379998999999998,17.558861,17600
274,2018-07-25,18.379998999999998,18.469998999999998,18.110001,18.32,17.501542999999998,24100
275,2018-07-26,18.5,18.5,18.110001,18.24,17.425117,14300
276,2018-07-27,18.17,18.190001000000002,17.565001000000002,17.68,16.890137,50500
277,2018-07-30,17.76,18.1,17.620001000000002,17.9,17.100309,22100
278,2018-07-31,18.049999,18.17,17.73,17.799999,17.004776,34700
279,2018-08-01,17.83,17.83,17.16,17.450001,16.670412,30100
280,2018-08-02,17.389999,17.618999,17.17,17.290001,16.517559,20900
281,2018-08-03,17.26,17.35,16.940001000000002,17.07,16.307388,21600
282,2018-08-06,17.07,17.41,16.99,17.360001,16.584432999999997,19800
283,2018-08-07,17.379998999999998,17.6,17.32,17.42,16.641752,18700
284,2018-08-08,17.809998999999998,17.809998999999998,17.0,17.309998999999998,16.536665,58100
285,2018-08-09,17.32,17.389999,17.15,17.23,16.460238,17300
286,2018-08-10,17.15,17.577999,17.07,17.139999,16.37426,28600
287,2018-08-13,17.26,17.379998999999998,17.15,17.27,16.498451,43500
288,2018-08-14,17.280001000000002,17.290001,17.07,17.17,16.402924,30100
289,2018-08-15,17.129998999999998,17.26,16.82,16.860001,16.106773,18800
290,2018-08-16,16.870001000000002,17.139999,16.870001000000002,16.91,16.154535,10600
291,2018-08-17,16.879998999999998,17.056,16.82,16.85,16.097217999999998,9600
292,2018-08-20,16.82,16.945999,16.6,16.639999,15.896598999999998,13600
293,2018-08-21,16.65,16.93,16.610001,16.629998999999998,15.887042999999998,13500
294,2018-08-22,16.610001,16.790001,16.48,16.49,15.7533,50000
295,2018-08-23,16.5,16.73,16.5,16.540001,15.801066,9400
296,2018-08-24,16.530001000000002,16.66,16.129998999999998,16.209999,15.485807999999999,38900
297,2018-08-27,16.280001000000002,16.629,16.280001000000002,16.370001000000002,15.638660999999999,42400
298,2018-08-28,16.48,16.77,16.360001,16.67,15.925258,19100
299,2018-08-29,16.6,16.66,16.219998999999998,16.48,15.743745,36300
300,2018-08-30,16.4,16.715,16.360001,16.48,15.743745,26400
301,2018-08-31,16.450001,16.65,16.370001000000002,16.5,15.762851999999999,24200
302,2018-09-04,16.5,16.74,16.209999,16.34,15.610001,35600
303,2018-09-05,16.33,16.568001000000002,16.280001000000002,16.43,15.695981,20200
304,2018-09-06,16.41,16.48,16.219998999999998,16.299999,15.571786999999999,174800
305,2018-09-07,16.35,17.040001,16.35,16.98,16.221407,34200
306,2018-09-10,16.99,17.120001000000002,16.91,17.049999,16.28828,16600
307,2018-09-11,17.049999,17.094998999999998,16.780001000000002,16.790001,16.039898,22200
308,2018-09-12,16.82,16.844998999999998,16.780001000000002,16.780001000000002,16.030344,15800
309,2018-09-13,16.809998999999998,17.08,16.780001000000002,17.059998999999998,16.297832,22900
310,2018-09-14,17.08,17.950001,17.01,17.76,16.96656,68400
311,2018-09-17,17.9,18.587,17.841,18.09,17.281817999999998,40300
312,2018-09-18,18.15,18.299999,17.92,17.969998999999998,17.167179,46900
313,2018-09-19,18.049999,18.219998999999998,17.940001000000002,17.959999,17.157621,29900
314,2018-09-20,18.01,18.690001000000002,17.92,18.43,17.60663,33500
315,2018-09-21,18.59,18.889999,18.58,18.82,17.979206,126900
316,2018-09-24,18.99,19.34,18.860001,18.91,18.065186999999998,81600
317,2018-09-25,18.93,19.059998999999998,18.65,18.969998999999998,18.122503,33200
318,2018-09-26,19.0,19.0,18.6,18.66,17.826353,25800
319,2018-09-27,18.5,18.6,18.360001,18.530001000000002,17.845617,26600
320,2018-09-28,18.530001000000002,18.809998999999998,18.530001000000002,18.73,18.038229,19100
321,2018-10-01,18.870001000000002,18.870001000000002,18.469998999999998,18.6,17.913033,35700
322,2018-10-02,18.6,18.790001,18.42,18.66,17.970812,20800
323,2018-10-03,18.66,18.84,18.42,18.450001,17.76857,17800
324,2018-10-04,18.33,18.57,18.0,18.110001,17.441128,40000
325,2018-10-05,18.049999,18.087999,17.75,17.959999,17.296663,31900
326,2018-10-08,17.790001,18.24,17.790001,17.959999,17.296663,23000
327,2018-10-09,18.07,18.190001000000002,17.76,17.809998999999998,17.152206,13300
328,2018-10-10,17.809998999999998,18.129998999999998,17.705,17.73,17.075160999999998,17500
329,2018-10-11,17.709999,18.002001,17.0,17.1,16.468431,45500
330,2018-10-12,17.08,17.320999,16.926001,17.02,16.391385999999997,63200
331,2018-10-15,16.92,16.92,16.51,16.709999,16.092834,43400
332,2018-10-16,16.73,17.25,16.700001,17.01,16.381754,16400
333,2018-10-17,17.01,17.379998999999998,16.99,17.049999,16.420279,18200
334,2018-10-18,16.98,17.01,16.629998999999998,16.67,16.054312,34100
335,2018-10-19,16.67,16.82,16.35,16.57,15.958004,48500
336,2018-10-22,16.57,17.02,16.57,16.9,16.275816,20700
337,2018-10-23,16.799999,17.040001,16.676001,17.02,16.391385999999997,19800
338,2018-10-24,16.858,17.440001000000002,16.858,16.950001,16.323973000000002,35100
339,2018-10-25,17.049999,17.75,16.943001000000002,17.450001,16.805504,68200
340,2018-10-26,17.309998999999998,17.959999,17.309998999999998,17.5,16.853657000000002,37600
341,2018-10-29,17.59,17.709999,17.17,17.17,16.535849,29800
342,2018-10-30,17.15,17.642,17.15,17.51,16.863287,23100
343,2018-10-31,17.67,18.139999,17.360001,17.98,17.315929,43700
344,2018-11-01,18.02,18.27,17.719998999999998,18.07,17.402604999999998,25600
345,2018-11-02,18.139999,18.139999,17.76,17.879998999999998,17.219622,22200
346,2018-11-05,17.85,18.190001000000002,17.85,17.98,17.315929,19000
347,2018-11-06,18.15,18.700001,18.049999,18.389999,17.710783,29400
348,2018-11-07,18.59,18.6,18.25,18.48,17.797462,15300
349,2018-11-08,18.43,18.73,18.43,18.709999,18.018967,6600
350,2018-11-09,18.66,18.719998999999998,18.360001,18.43,17.74931,7600
351,2018-11-12,18.35,18.584999,18.309998999999998,18.440001000000002,17.75894,8600
352,2018-11-13,18.450001,19.0,18.299999,18.959999,18.259731,26300
353,2018-11-14,19.0,19.0,18.606001000000003,18.700001,18.009335999999998,25500
354,2018-11-15,18.389999,18.870001000000002,18.389999,18.809998999999998,18.115274,20500
355,2018-11-16,18.190001000000002,19.01,18.190001000000002,18.93,18.230844,32500
356,2018-11-19,18.92,19.299999,18.77,18.9,18.201952,41500
357,2018-11-20,18.629998999999998,19.014999,18.629998999999998,18.91,18.211582,19000
358,2018-11-21,18.9,19.18,18.9,18.950001,18.250104999999998,9800
359,2018-11-23,18.92,19.209999,18.705,19.129998999999998,18.423451999999997,5700
360,2018-11-26,19.200001,19.24,19.101999,19.200001,18.49087,10700
361,2018-11-27,19.200001,19.51,19.200001,19.32,18.606438,18100
362,2018-11-28,19.49,19.66,19.120001000000002,19.6,18.876099,30800
363,2018-11-29,19.530001000000002,19.93,19.530001000000002,19.75,19.020554999999998,19500
364,2018-11-30,19.77,19.98,19.709999,19.74,19.010923000000002,18300
365,2018-12-03,19.809998999999998,19.809998999999998,18.9,19.139999,18.433086,25100
366,2018-12-04,19.299999,19.334999,18.66,18.66,17.970812,13600
367,2018-12-06,18.66,18.98,18.610001,18.959999,18.259731,32700
368,2018-12-07,19.0,19.4,18.809998999999998,19.01,18.307886,25500
369,2018-12-10,18.99,19.299999,18.85,19.219998999999998,18.51013,17100
370,2018-12-11,19.4,19.49,18.66,19.030001000000002,18.327145,56000
371,2018-12-12,19.42,19.42,19.030001000000002,19.110001,18.404194,25200
372,2018-12-13,19.01,19.32,18.82,19.120001000000002,18.413822,22500
373,2018-12-14,19.129998999999998,19.4,18.995001000000002,19.23,18.51976,24200
374,2018-12-17,19.25,19.5,18.85,19.09,18.384933,25800
375,2018-12-18,19.200001,19.459999,18.959999,19.16,18.452347,34200
376,2018-12-19,19.15,19.85,19.059998999999998,19.5,18.779791,44000
377,2018-12-20,19.450001,19.700001,19.129998999999998,19.190001000000002,18.481239000000002,41600
378,2018-12-21,19.09,19.549999,19.09,19.549999,18.827942,60300
379,2018-12-24,19.549999,19.549999,19.040001,19.040001,18.336781,20600
380,2018-12-26,19.219998999999998,19.219998999999998,18.48,18.879998999999998,18.182688,47000
381,2018-12-27,18.74,19.120001000000002,18.41,18.9,18.201952,48900
382,2018-12-28,19.0,19.370001000000002,18.91,19.17,18.609673,37500
383,2018-12-31,19.200001,19.209999,18.66,18.809998999999998,18.260197,42800
384,2019-01-02,18.709999,18.709999,18.34,18.34,17.803936,52600
385,2019-01-03,18.33,18.450001,17.629998999999998,17.889999,17.367085,35700
386,2019-01-04,17.91,18.334,17.76,17.809998999999998,17.289427,28900
387,2019-01-07,17.700001,17.860001,17.52,17.58,17.066151,100500
388,2019-01-08,17.73,18.120001000000002,17.6,17.6,17.085564,18300
389,2019-01-09,17.620001000000002,17.860001,17.143,17.379998999999998,16.87199,20500
390,2019-01-10,17.360001,17.74,17.153999,17.35,16.842873,18500
391,2019-01-11,17.280001000000002,17.49,17.094998999999998,17.32,16.813747,37200
392,2019-01-14,17.32,17.407,17.030001000000002,17.040001,16.541933,20100
393,2019-01-15,17.040001,17.143998999999997,16.93,17.01,16.51281,93400
394,2019-01-16,17.15,17.459999,17.079,17.309998999999998,16.804039000000003,53700
395,2019-01-17,17.309998999999998,17.43,16.865,17.23,16.726377,47300
396,2019-01-18,17.26,17.379998999999998,17.01,17.360001,16.852579000000002,20300
397,2019-01-22,17.549999,17.549999,17.01,17.030001000000002,16.532225,42400
398,2019-01-23,17.030001000000002,17.379998999999998,16.950001,17.01,16.51281,38200
399,2019-01-24,16.941,16.99,16.690001000000002,16.77,16.279825,30600
400,2019-01-25,16.950001,16.950001,16.530001000000002,16.6,16.114794,38000
401,2019-01-28,16.559998999999998,16.659,16.530001000000002,16.59,16.105087,22200
402,2019-01-29,16.620001000000002,16.77,16.6,16.73,16.240993,66200
403,2019-01-30,16.700001,17.799999,16.693001000000002,17.77,17.250595,37300
404,2019-01-31,17.65,17.879998999999998,17.48,17.639999,17.124392999999998,30700
405,2019-02-01,17.639999,17.76,17.389999,17.76,17.240887,15300
406,2019-02-04,18.15,18.48,18.024,18.309998999999998,17.774811,23000
407,2019-02-05,18.309998999999998,18.368999,18.01,18.26,17.726274,9900
408,2019-02-06,18.209999,18.35,18.209999,18.299999,17.765102,6300
409,2019-02-07,18.24,18.280001000000002,18.049999,18.08,17.551533,9700
410,2019-02-08,18.02,18.200001,18.02,18.09,17.561243,8200
411,2019-02-11,18.120001000000002,18.43,18.120001000000002,18.34,17.803936,11300
412,2019-02-12,18.35,18.469998999999998,18.280001000000002,18.32,17.784519,10300
413,2019-02-13,18.32,18.77,18.32,18.75,18.20195,19700
414,2019-02-14,18.700001,19.129998999999998,18.559998999999998,18.950001,18.396105,18200
415,2019-02-15,19.1,19.497,19.02,19.040001,18.483477,28700
416,2019-02-19,19.040001,19.389999,19.040001,19.18,18.619381,22800
417,2019-02-20,19.18,19.5,19.103001000000003,19.16,18.599970000000003,30000
418,2019-02-21,19.08,19.440001000000002,19.08,19.440001000000002,18.871783999999998,25300
419,2019-02-22,19.440001000000002,19.950001,19.440001000000002,19.82,19.240675,28400
420,2019-02-25,19.780001000000002,19.98,19.57,19.57,18.99798,25200
421,2019-02-26,19.67,19.700001,19.16,19.200001,18.638798,19400
422,2019-02-27,19.200001,19.200001,18.969998999999998,19.08,18.522305,13500
423,2019-02-28,19.530001000000002,19.530001000000002,19.110001,19.15,18.59026,30400
424,2019-03-01,19.18,19.309998999999998,18.860001,18.99,18.434936999999998,103300
425,2019-03-04,19.040001,19.16,18.950001,19.129998999999998,18.570841,46900
426,2019-03-05,19.047001,19.579,19.0,19.27,18.706753,34000
427,2019-03-06,19.27,19.68,19.16,19.25,18.687334,23900
428,2019-03-07,19.35,19.48,19.209999,19.32,18.755291,22800
429,2019-03-08,19.299999,19.440001000000002,19.200001,19.25,18.687334,11000
430,2019-03-11,19.59,19.59,19.205,19.27,18.706753,16700
431,2019-03-12,19.48,19.65,19.4,19.450001,18.881489000000002,17700
432,2019-03-13,19.67,19.92,19.6,19.809998999999998,19.230967,13400
433,2019-03-14,19.799999,19.99,19.790001,19.93,19.34746,19400
434,2019-03-15,19.940001000000002,20.639999,19.91,20.639999,20.036707,87900
435,2019-03-18,20.639999,21.190001000000002,20.459999,20.690001000000002,20.085245,43500
436,2019-03-19,20.6,20.73,20.440001000000002,20.690001000000002,20.085245,19400
437,2019-03-20,20.58,20.84,20.299999,20.610001,20.007586,30200
438,2019-03-21,20.700001,21.17,20.65,20.9,20.28911,24300
439,2019-03-22,20.82,20.961,20.049999,20.16,19.570738000000002,59400
440,2019-03-25,20.0,20.360001,19.4,20.290001,19.696938,89400
441,2019-03-26,20.280001000000002,20.879998999999998,20.280001000000002,20.73,20.124077,26400
442,2019-03-27,20.74,21.129998999999998,20.719998999999998,21.01,20.395895,19400
443,2019-03-28,20.93,21.41,20.867001000000002,21.280001000000002,20.806547,26200
444,2019-03-29,21.43,21.870001000000002,21.309998999999998,21.809998999999998,21.324753,44900
445,2019-04-01,21.84,22.120001000000002,21.35,21.75,21.266088,47500
446,2019-04-02,21.780001000000002,21.889999,21.549999,21.870001000000002,21.383419,19000
447,2019-04-03,21.93,22.74,21.879998999999998,22.219998999999998,21.725632,42800
448,2019-04-04,22.280001000000002,22.308001,21.809998999999998,22.08,21.588749,18400
449,2019-04-05,22.18,22.84,22.129998999999998,22.700001,22.194954,39000
450,2019-04-08,22.700001,22.77,22.171,22.299999,21.803854,56800
451,2019-04-09,22.4,22.52,22.190001000000002,22.309998999999998,21.813631,13100
452,2019-04-10,22.25,22.732,22.25,22.67,22.165623,29100
453,2019-04-11,22.709999,23.110001,22.610001,22.82,22.312282999999997,20000
454,2019-04-12,22.780001000000002,23.200001,22.65,23.139999,22.625162,20400
455,2019-04-15,23.17,23.290001,22.905001000000002,23.08,22.5665,19700
456,2019-04-16,23.23,23.34,22.780001000000002,22.82,22.312282999999997,29900
457,2019-04-17,22.9,22.9,22.450001,22.690001000000002,22.185175,25300
458,2019-04-18,22.620001000000002,23.559998999999998,22.620001000000002,23.17,22.654497,33900
459,2019-04-22,23.209999,23.41,22.82,23.299999,22.781607,48600
460,2019-04-23,23.41,25.02,23.4,24.879998999999998,24.32645,56300
461,2019-04-24,24.870001000000002,25.23,24.379998999999998,24.549999,24.003792,67400
462,2019-04-25,25.25,25.59,23.993,25.43,24.864214,59200
463,2019-04-26,25.43,26.280001000000002,25.34,25.700001,25.128206,160200
464,2019-04-29,25.799999,26.075001,25.52,25.639999,25.069542000000002,47900
465,2019-04-30,25.59,25.66,24.98,25.23,24.668663000000002,43500
466,2019-05-01,25.32,25.389999,24.91,25.1,24.541559,59400
467,2019-05-02,25.0,25.26,24.74,24.9,24.346006,33800
468,2019-05-03,25.0,25.35,24.9,25.309998999999998,24.746883,36700
469,2019-05-06,25.200001,26.879998999999998,25.17,26.620001000000002,26.027739999999998,50400
470,2019-05-07,26.790001,27.17,25.91,26.25,25.66597,34900
471,2019-05-08,26.26,26.440001000000002,26.099001,26.23,25.646416000000002,25100
472,2019-05-09,26.07,27.190001000000002,25.969998999999998,27.190001000000002,26.58506,90100
473,2019-05-10,26.9,27.530001000000002,26.732,27.379998999999998,26.77083,78700
474,2019-05-13,27.16,27.83,27.07,27.68,27.064156,31800
475,2019-05-14,27.690001000000002,27.690001000000002,27.23,27.459999,26.849049,64300
476,2019-05-15,27.4,27.5,27.299999,27.48,26.868605,29300
477,2019-05-16,27.5,28.120001000000002,27.280001000000002,27.99,27.367256,40500
478,2019-05-17,27.84,28.5,27.700001,28.32,27.689916999999998,48500
479,2019-05-20,28.24,28.68,27.91,28.200001,27.572585999999998,52000
480,2019-05-21,28.33,28.719998999999998,28.049999,28.32,27.689916999999998,56600
481,2019-05-22,28.389999,29.379998999999998,28.389999,29.209999,28.560112,54500
482,2019-05-23,29.209999,29.209999,28.459999,29.02,28.374342,49000
483,2019-05-24,29.040001,29.440001000000002,29.0,29.17,28.521006,35300
484,2019-05-28,29.34,29.48,28.959999,29.0,28.354788,41600
485,2019-05-29,28.950001,28.959999,28.09,28.440001000000002,27.807246999999997,45000
486,2019-05-30,28.440001000000002,28.58,27.34,27.799999,27.181484,91200
487,2019-05-31,27.719998999999998,27.860001,26.24,27.290001,26.682833000000002,99500
488,2019-06-03,27.4,27.530001000000002,26.965,27.5,26.888159,103700
489,2019-06-04,27.65,31.08,27.65,30.889999,30.202735999999998,169100
490,2019-06-05,30.6,30.91,29.73,29.940001000000002,29.273874,101400
491,2019-06-06,30.209999,30.77,29.790001,29.99,29.322762,47900
492,2019-06-07,30.040001,30.200001,29.629998999999998,29.84,29.176096,89700
493,2019-06-10,29.76,29.790001,28.33,28.48,27.846353999999998,72400
494,2019-06-11,28.719998999999998,28.719998999999998,27.9,28.01,27.386814,103000
495,2019-06-12,28.110001,28.68,28.0,28.639999,28.002796000000004,62400
496,2019-06-13,28.76,29.280001000000002,28.76,28.879998999999998,28.237453000000002,42000
497,2019-06-14,29.0,29.950001,29.0,29.52,28.863215999999998,33400
498,2019-06-17,29.52,29.68,28.690001000000002,28.719998999999998,28.081015,57200
499,2019-06-18,28.860001,29.209999,28.07,28.1,27.474809999999998,41800
500,2019-06-19,28.01,29.25,27.610001,29.18,28.530783000000003,49300
501,2019-06-20,29.299999,29.495001000000002,28.540001,28.65,28.012575,45000
502,2019-06-21,28.450001,28.879998999999998,27.700001,28.610001,27.973465,74000
503,2019-06-24,28.610001,29.040001,27.99,28.75,28.11035,51300
504,2019-06-25,28.700001,29.08,28.18,28.440001000000002,27.807246999999997,64100
505,2019-06-26,28.530001000000002,28.6,27.93,28.33,27.699694,46100
506,2019-06-27,28.219998999999998,29.41,28.219998999999998,29.059998999999998,28.570776000000002,84300
507,2019-06-28,29.059998999999998,30.57,29.01,30.200001,29.691585999999997,160700
508,2019-07-01,30.469998999999998,30.6,29.48,30.290001,29.780072999999998,61700
509,2019-07-02,30.32,30.959999,30.1,30.49,29.976702000000003,63200
510,2019-07-03,30.66,31.219998999999998,30.51,31.200001,30.674751,32800
511,2019-07-05,31.129998999999998,31.25,30.440001000000002,30.99,30.468287,34000
512,2019-07-08,30.950001,31.68,30.919001,31.469998999999998,30.940203000000004,43200
513,2019-07-09,31.469998999999998,32.57,31.450001,32.23,31.687407,66400
514,2019-07-10,32.237,33.215,32.237,32.630001,32.080673,65200
515,2019-07-11,32.650002,32.824001,31.514999,32.220001,31.67758,45100
516,2019-07-12,32.32,32.990002000000004,32.049999,32.52,31.97253,43900
517,2019-07-15,32.599998,32.84,32.049999,32.200001,31.657915000000003,82100
518,2019-07-16,32.169998,32.82,31.9,32.119999,31.579259999999998,124900
519,2019-07-17,32.25,32.540001000000004,31.41,31.620001000000002,31.087683000000002,57700
520,2019-07-18,31.559998999999998,31.879998999999998,30.75,31.74,31.205659999999998,46800
521,2019-07-19,31.85,33.810001,31.85,32.98,32.424786,328000
522,2019-07-22,33.029999,33.316002000000005,32.5,32.880001,32.326469,97200
523,2019-07-23,32.939999,33.220001,32.650002,33.16,32.601749,47600
524,2019-07-24,33.240002000000004,33.439999,32.759997999999996,33.41,32.847546,47100
525,2019-07-25,33.669998,33.799999,33.0,33.0,32.44445,60900
526,2019-07-26,32.439999,34.040001000000004,32.209998999999996,33.279999,32.719727,118800
527,2019-07-29,33.369999,34.139998999999996,33.130001,33.549999,32.985188,71400
528,2019-07-30,32.5,33.700001,32.23,33.349998,32.788551,77900
529,2019-07-31,33.349998,33.509997999999996,32.445,32.869999,32.316635,67300
530,2019-08-01,32.75,33.82,32.75,33.52,32.955696,112600
531,2019-08-02,33.75,33.889998999999996,33.200001,33.52,32.955696,68600
532,2019-08-05,33.509997999999996,33.650002,32.18,32.580002,32.031517,115300
533,2019-08-06,32.580002,33.0,32.27,32.82,32.267475,39900
534,2019-08-07,32.0,32.692001,29.200001,29.370001000000002,28.875559000000003,662400
535,2019-08-08,29.690001000000002,30.370001000000002,28.5,28.93,28.442965,1563700
536,2019-08-09,28.610001,30.040001,28.610001,29.209999,28.718252000000003,370500
537,2019-08-12,29.25,29.445,28.549999,29.360001,28.865726000000002,108900
538,2019-08-13,29.35,29.540001,28.780001000000002,29.129998999999998,28.639597,129800
539,2019-08-14,28.9,28.91,27.870001000000002,28.5,28.020204999999997,197600
540,2019-08-15,28.469998999999998,28.85,27.809998999999998,28.530001000000002,28.049702000000003,145600
541,2019-08-16,28.66,29.26,28.245001000000002,28.85,28.364313,142900
542,2019-08-19,28.99,29.33,28.6,28.950001,28.462628999999996,135300
543,2019-08-20,29.08,29.23,28.799999,28.93,28.442965,145000
544,2019-08-21,28.940001000000002,29.120001000000002,28.530001000000002,28.82,28.334818,116100
545,2019-08-22,28.84,29.09,28.540001,28.700001,28.216839,149400
546,2019-08-23,28.690001000000002,28.700001,27.610001,27.799999,27.331989,299100
547,2019-08-26,28.15,28.82,27.98,28.620001000000002,28.138184000000003,210000
548,2019-08-27,28.889999,29.115,28.643998999999997,28.73,28.246332000000002,169400
549,2019-08-28,28.639999,29.23,28.559998999999998,29.0,28.511786999999998,201700
550,2019-08-29,29.08,29.299999,28.809998999999998,28.870001000000002,28.383978000000003,155000
551,2019-08-30,29.0,29.32,28.58,29.299999,28.806738,141200
552,2019-09-03,29.32,29.58,28.809998999999998,28.91,28.423303999999998,130200
553,2019-09-04,28.969998999999998,29.190001000000002,28.67,28.85,28.364313,88200
554,2019-09-05,28.809998999999998,28.99,28.299999,28.709999,28.226667,134600
555,2019-09-06,28.610001,28.67,27.610001,27.67,27.204178000000002,179500
556,2019-09-09,27.799999,27.9,26.610001,27.219998999999998,26.761753000000002,150400
557,2019-09-10,27.1,27.700001,26.610001,27.639999,27.174683,124300
558,2019-09-11,27.67,28.83,27.419001,28.77,28.285659999999996,155000
559,2019-09-12,29.0,29.450001,28.700001,28.889999,28.403639000000002,175000
560,2019-09-13,28.950001,30.620001000000002,28.950001,30.43,29.917710999999997,128700
561,2019-09-16,30.620001000000002,31.0,29.969998999999998,30.02,29.514615999999997,106300
562,2019-09-17,29.969998999999998,30.254998999999998,29.26,30.07,29.56377,151100
563,2019-09-18,30.26,30.4,29.6,29.940001000000002,29.435963,100300
564,2019-09-19,30.040001,30.26,29.42,29.85,29.347478999999996,93400
565,2019-09-20,29.950001,30.0,29.219998999999998,29.58,29.082022,482900
566,2019-09-23,29.84,30.08,29.67,30.02,29.514615999999997,152800
567,2019-09-24,30.17,30.275,29.799999,29.959999,29.455624,92000
568,2019-09-25,29.9,30.059998999999998,29.652,30.0,29.494951,87300
569,2019-09-26,30.0,30.59,29.49,29.91,29.406469,82800
570,2019-09-27,29.940001000000002,30.530001000000002,29.709999,30.02,29.514615999999997,115500
571,2019-09-30,29.959999,30.799999,29.620001000000002,30.5,29.986534000000002,206700
572,2019-10-01,30.58,31.620001000000002,30.379998999999998,31.41,30.881214,156200
573,2019-10-02,31.290001,32.130001,31.16,32.049999,31.667719,123800
574,2019-10-03,32.23,33.32,32.09,33.200001,32.804005,139400
575,2019-10-04,33.200001,33.955002,33.200001,33.59,33.189353999999994,105800
576,2019-10-07,34.330002,34.720001,33.869999,34.32,33.910645,530600
577,2019-10-08,34.470001,35.110001000000004,34.009997999999996,34.029999,33.624103999999996,158000
578,2019-10-09,34.02,34.41,33.91,34.25,33.84148,88300
579,2019-10-10,34.25,34.98,34.25,34.290001000000004,33.881001,80900
580,2019-10-11,34.34,35.0,34.029999,34.27,33.861244,107000
581,2019-10-14,34.400002,34.720001,34.040001000000004,34.279999,33.871124,102400
582,2019-10-15,34.220001,34.73,34.183997999999995,34.389998999999996,33.979813,119300
583,2019-10-16,34.439999,34.439999,33.91,34.16,33.752552,113400
584,2019-10-17,34.099998,34.52,33.939999,34.099998,33.693267999999996,110400
585,2019-10-18,34.080002,34.16,33.869999,33.98,33.574699,103800
586,2019-10-21,33.93,34.459998999999996,33.93,34.400002,33.989689,116100
587,2019-10-22,34.490002000000004,34.772999,33.849998,34.080002,33.673508,125800
588,2019-10-23,34.209998999999996,34.290001000000004,33.700001,34.110001000000004,33.703148,144700
589,2019-10-24,34.330002,34.487999,33.849998,33.91,33.505531,226700
590,2019-10-25,33.799999,34.074001,32.25,33.540001000000004,33.139946,177600
591,2019-10-28,33.540001000000004,34.209998999999996,33.490002000000004,33.709998999999996,33.307919,84300
592,2019-10-29,33.75,34.849998,33.688999,34.669998,34.25647,146600
593,2019-10-30,34.75,34.77,34.27,34.709998999999996,34.29599,66900
594,2019-10-31,34.599998,34.651001,34.02,34.580002,34.167545000000004,98100
595,2019-11-01,34.599998,34.599998,33.810001,34.279999,33.871124,85200
596,2019-11-04,34.599998,34.599998,33.299999,33.439999,33.041134,134000
597,2019-11-05,33.419998,33.419998,31.83,32.849998,32.458179,252300
598,2019-11-06,32.75,33.490002000000004,32.099998,33.23,32.833641,166800
599,2019-11-07,33.279999,34.18,32.77,33.98,33.574699,168200
600,2019-11-08,34.0,34.23,33.549999,33.75,33.347439,182600
601,2019-11-11,33.990002000000004,34.619999,33.821999,34.43,34.019329,292200
602,2019-11-12,34.419998,34.915001000000004,34.060001,34.639998999999996,34.226822,247900
603,2019-11-13,34.709998999999996,36.169998,34.709998999999996,35.419998,34.99752,197500
604,2019-11-14,35.509997999999996,36.310001,35.419998,36.279999,35.847263,180800
605,2019-11-15,36.52,36.75,35.080002,35.43,35.007404,162100
606,2019-11-18,35.639998999999996,36.02,35.52,35.93,35.501446,85900
607,2019-11-19,35.0,35.349998,34.049999,34.599998,34.187305,563000
608,2019-11-20,36.27,37.740002000000004,35.41,36.360001000000004,35.926311,1683600
609,2019-11-21,36.259997999999996,37.720001,36.259997999999996,37.419998,36.973667,331200
610,2019-11-22,37.529999,38.189999,37.299999,37.939999,37.487465,392300
611,2019-11-25,38.0,39.779999,38.0,38.41,37.951862,295400
612,2019-11-26,41.0,41.5,40.41,41.07,40.580132,1746400
613,2019-11-27,41.200001,41.439999,40.919998,40.959998999999996,40.471447,821800
614,2019-11-29,40.93,41.779999,40.57,40.849998,40.362759000000004,502600
615,2019-12-02,41.130001,41.23,39.283001,39.66,39.186951,3241300
616,2019-12-03,39.48,42.290001000000004,39.48,42.130001,41.627491,661800
617,2019-12-04,41.990002000000004,42.799999,41.830002,42.470001,41.963436,476500
618,2019-12-05,42.459998999999996,43.009997999999996,42.189999,42.73,42.220333000000004,229600
619,2019-12-06,42.77,42.874001,41.669998,41.869999,41.370585999999996,397600
620,2019-12-09,41.869999,42.169998,41.48,41.84,41.340953999999996,367100
621,2019-12-10,41.759997999999996,42.369999,41.514998999999996,41.66,41.163094,151600
622,2019-12-11,41.59,41.68,40.98,41.110001000000004,40.619656,268200
623,2019-12-12,41.02,41.224998,39.799999,39.849998,39.374683000000005,308700
624,2019-12-13,39.900002,40.259997999999996,38.880001,39.02,38.554588,334000
625,2019-12-16,39.049999,39.294998,37.950001,38.650002,38.188999,378400
626,2019-12-17,38.709998999999996,38.869999,38.294998,38.560001,38.100075,186300
627,2019-12-18,38.52,39.717999,38.52,39.400002,38.930054,302500
628,2019-12-19,39.400002,39.75,38.73,39.0,38.534824,144000
629,2019-12-20,39.0,40.169998,38.98,39.75,39.275883,427900
630,2019-12-23,39.700001,39.720001,38.490002000000004,39.169998,38.702793,135500
631,2019-12-24,39.130001,39.700001,39.080002,39.540001000000004,39.068386,79000
632,2019-12-26,39.610001000000004,39.689999,39.049999,39.52,39.048621999999995,82600
633,2019-12-27,39.700001,39.917,39.02,39.810001,39.335163,119100
634,2019-12-30,39.689999,40.200001,39.348,39.970001,39.493256,119200
635,2019-12-31,39.900002,40.57,39.869999,40.299999,39.819321,173300
636,2020-01-02,40.27,40.27,38.939999,39.419998,39.101172999999996,174700
637,2020-01-03,39.41,40.470001,39.25,40.34,40.013733,150400
638,2020-01-06,40.200001,40.66,40.060001,40.400002,40.07325,128400
639,2020-01-07,40.330002,40.330002,39.700001,39.830002,39.507858,104400
640,2020-01-08,39.849998,40.400002,39.759997999999996,40.25,39.924458,155400
641,2020-01-09,40.330002,41.27,40.200001,40.689999,40.360901,121200
642,2020-01-10,40.689999,41.009997999999996,40.48,40.580002,40.251793,136500
643,2020-01-13,40.66,41.57,40.66,41.279999,40.946125,183400
644,2020-01-14,41.220001,41.23,40.645,40.970001,40.638638,126200
645,2020-01-15,40.959998999999996,41.950001,40.91,41.349998,41.01556,439200
646,2020-01-16,41.450001,42.290001000000004,41.369999,41.59,41.25362,290700
647,2020-01-17,41.669998,42.93,41.669998,42.009997999999996,41.670219,245900
648,2020-01-21,42.349998,44.939999,42.330002,43.950001,43.594536,425700
649,2020-01-22,44.200001,44.599998,43.615002000000004,43.790001000000004,43.435829,244000
650,2020-01-23,43.73,45.18,43.700001,45.119999,44.755074,317500
651,2020-01-24,45.23,45.419998,44.619999,45.259997999999996,44.89394,197500
652,2020-01-27,45.080002,46.0,44.615002000000004,45.41,45.042725,249500
653,2020-01-28,45.82,47.396,45.791,47.07,46.689301,236800
654,2020-01-29,47.220001,47.400002,46.380001,46.720001,46.342129,245400
655,2020-01-30,46.529999,47.099998,45.369999,45.560001,45.191517,122400
656,2020-01-31,45.77,46.139998999999996,44.580002,44.959998999999996,44.596363000000004,130200
657,2020-02-03,45.0,46.610001000000004,45.0,46.23,45.856094,310800
658,2020-02-04,46.32,48.220001,46.150002,48.02,47.631617999999996,237700
659,2020-02-05,48.299999,48.98,47.549999,48.779999,48.385467999999996,229000
660,2020-02-06,48.849998,49.935001,48.849998,49.619999,49.218678000000004,234200
661,2020-02-07,49.759997999999996,50.779999,49.560001,49.720001,49.317867,183500
662,2020-02-10,50.07,51.220001,50.029999,51.110001000000004,50.696628999999994,238800
663,2020-02-11,51.419998,52.41,51.029999,51.259997999999996,50.845409000000004,280600
664,2020-02-12,51.349998,51.645,50.119999,51.57,51.152905,255600
665,2020-02-13,51.299999,56.23,50.793999,52.630001,52.204334,486800
666,2020-02-14,52.959998999999996,53.716,51.5,53.0,52.571339,153000
667,2020-02-18,53.0,53.650002,51.549999,52.32,51.896839,254000
668,2020-02-19,52.419998,53.209998999999996,51.880001,53.0,52.571339,200600
669,2020-02-20,53.0,55.48,52.889998999999996,55.099998,54.65435,196800
670,2020-02-21,55.240002000000004,56.849998,55.200001,56.68,56.221577,275500
671,2020-02-24,55.549999,57.369999,55.27,55.91,55.457802,259100
672,2020-02-25,56.32,58.400002,55.984001,56.900002,56.439795999999994,281700
673,2020-02-26,56.720001,58.73,56.439999,57.41,56.945671,249200
674,2020-02-27,56.860001000000004,57.5,54.490002000000004,54.790001000000004,54.346863,271300
675,2020-02-28,52.900002,54.720001,51.009997999999996,54.619999,54.178233999999996,555700
676,2020-03-02,54.900002,56.487999,53.698002,55.52,55.070961,294900
677,2020-03-03,55.77,58.759997999999996,55.509997999999996,58.400002,57.92766999999999,283900
678,2020-03-04,59.009997999999996,64.120003,59.009997999999996,63.919998,63.40301899999999,446400
679,2020-03-05,63.490002000000004,66.699997,63.150002,65.739998,65.208298,417900
680,2020-03-06,64.66999799999999,66.623001,63.0,64.239998,63.720428000000005,444900
681,2020-03-09,61.68,63.134997999999996,58.880001,59.900002,59.41553100000001,393500
682,2020-03-10,60.110001000000004,62.130001,57.009997999999996,61.16,60.665344,416200
683,2020-03-11,60.099998,60.779999,53.0,56.0,55.547077,397700
684,2020-03-12,49.009997999999996,51.950001,45.900002,46.459998999999996,46.084236,392700
685,2020-03-13,48.029999,51.610001000000004,45.84,51.139998999999996,50.726383,302100
686,2020-03-16,45.619999,45.990002000000004,38.849998,41.549999,41.213943,379700
687,2020-03-17,42.049999,50.130001,40.369999,49.349998,48.950859,430300
688,2020-03-18,42.43,48.0,41.66,46.91,46.530594,650900
689,2020-03-19,46.0,52.304001,44.736,47.34,46.957115,309900
690,2020-03-20,48.0,54.720001,46.560001,52.0,51.579426,788200
691,2020-03-23,52.950001,54.939999,48.415001000000004,52.66,52.234089000000004,256500
692,2020-03-24,55.400002,58.700001,52.75,56.57,56.112460999999996,273900
693,2020-03-25,58.029999,59.91,53.419998,57.110001000000004,56.648098,280000
694,2020-03-26,55.0,64.720001,54.669998,62.360001000000004,61.85564,303300
695,2020-03-27,61.52,64.769997,59.470001,61.23,60.734776000000004,404100
696,2020-03-30,61.040001000000004,63.5,60.009997999999996,63.450001,63.097576000000004,197900
697,2020-03-31,63.099998,63.5,60.919998,63.23,62.878799,189100
698,2020-04-01,58.419998,59.665001000000004,49.57,50.529999,50.249336,535400
699,2020-04-02,49.549999,51.169998,45.91,47.369999,47.106888,258400
700,2020-04-03,47.009997999999996,47.189999,42.490002000000004,42.810001,42.57222,352100
701,2020-04-06,44.849998,52.060001,44.630001,49.009997999999996,48.737782,251800
702,2020-04-07,50.450001,53.41,50.011002000000005,51.599998,51.313393,268700
703,2020-04-08,51.93,53.360001000000004,51.700001,52.75,52.457005,127500
704,2020-04-09,53.709998999999996,58.639998999999996,53.709998999999996,58.439999,58.115402,163300
705,2020-04-13,58.549999,58.549999,52.810001,53.139998999999996,52.844841,164400
706,2020-04-14,54.0,58.740002000000004,53.189999,58.310001,57.986126,183900
707,2020-04-15,56.799999,57.825001,49.009997999999996,51.509997999999996,51.223892,282100
708,2020-04-16,51.470001,54.990002000000004,51.16,54.529999,54.227118999999995,151700
709,2020-04-17,56.060001,56.73,53.610001000000004,54.220001,53.918842000000005,135600
710,2020-04-20,53.0,53.369999,50.588001,51.16,50.875839,92300
711,2020-04-21,49.16,51.200001,48.624001,50.919998,50.637169,124800
712,2020-04-22,52.41,53.130001,51.465,52.610001000000004,52.317783,121300
713,2020-04-23,52.610001000000004,52.990002000000004,48.799999,49.84,49.563171000000004,174200
714,2020-04-24,49.869999,50.07,46.599998,48.59,48.320114000000004,208600
715,2020-04-27,48.810001,52.240002000000004,48.633998999999996,50.330002,50.050449,136200
716,2020-04-28,52.07,52.66,50.75,51.34,51.054836,116300
717,2020-04-29,53.59,59.220001,52.099998,57.16,56.842514,214700
718,2020-04-30,56.34,57.869999,55.035,57.759997999999996,57.439178000000005,159200
719,2020-05-01,55.619999,55.990002000000004,50.319,52.389998999999996,52.099007,211400
720,2020-05-04,51.209998999999996,52.77,51.101002,51.939999,51.651505,102100
721,2020-05-05,52.709998999999996,55.189999,52.060001,52.77,52.476898,111100
722,2020-05-06,52.849998,53.41,50.77,50.91,50.627228,82100
723,2020-05-07,51.98,53.02,51.395,51.5,51.213951,88700
724,2020-05-08,52.0,52.880001,51.209998999999996,51.470001,51.184115999999996,129400
725,2020-05-11,50.599998,50.77,49.224998,50.009997999999996,49.732224,146300
726,2020-05-12,50.029999,50.029999,47.349998,48.009997999999996,47.743336,106000
727,2020-05-13,48.470001,48.5,45.02,46.939999,46.679279,130600
728,2020-05-14,46.060001,48.619999,45.470001,46.84,46.579834000000005,162100
729,2020-05-15,47.470001,48.580002,46.669998,48.349998,48.081447999999995,64700
730,2020-05-18,49.990002000000004,51.349998,49.389998999999996,49.869999,49.593002,143900
731,2020-05-19,49.599998,50.68,47.900002,48.060001,47.793056,147400
732,2020-05-20,49.220001,50.650002,48.314999,50.509997999999996,50.229446,129600
733,2020-05-21,50.040001000000004,51.119999,49.509997999999996,50.200001,49.921169,69600
734,2020-05-22,50.299999,51.220001,49.610001000000004,51.029999,50.746559000000005,63300
735,2020-05-26,52.099998,54.755001,52.099998,53.790001000000004,53.491234,142100
736,2020-05-27,54.779999,55.0,50.224998,53.16,52.864727,151700
737,2020-05-28,53.5,55.360001000000004,53.080002,54.110001000000004,53.809456000000004,115300
738,2020-05-29,53.810001,55.119999,52.509997999999996,54.790001000000004,54.48568,225500
739,2020-06-01,54.799999,55.756001,53.939999,54.75,54.4459,146900
740,2020-06-02,54.939999,56.93,54.799999,56.099998,55.788399,153600
741,2020-06-03,57.0,61.43,57.0,60.849998,60.512016,267200
742,2020-06-04,60.060001,61.060001,59.400002,60.240002000000004,59.905407,98000
743,2020-06-05,62.43,62.993,60.59,61.259997999999996,60.919739,148100
744,2020-06-08,62.279999,62.540001000000004,60.049999,60.689999,60.35290500000001,144800
745,2020-06-09,59.990002000000004,64.470001,59.990002000000004,62.529999,62.182686,264000
746,2020-06-10,62.540001000000004,63.27,60.865002000000004,61.490002000000004,61.148464000000004,142600
747,2020-06-11,59.130001,60.669998,58.241001000000004,59.18,58.851292,159000
748,2020-06-12,61.68,62.490002000000004,60.450001,61.25,60.90979399999999,169000
749,2020-06-15,60.950001,65.269997,60.580002,64.089996,63.734016000000004,239400
750,2020-06-16,65.989998,66.480003,64.58000200000001,65.18,64.81796999999999,174600
751,2020-06-17,65.5,67.18,65.345001,66.010002,65.64335600000001,199200
752,2020-06-18,65.309998,66.16999799999999,64.295998,66.0,65.633415,201700
753,2020-06-19,66.650002,66.709999,63.049999,64.58000200000001,64.221298,452300
754,2020-06-22,64.559998,66.0,64.125,65.019997,64.658852,217600
755,2020-06-23,65.349998,65.800003,61.57,62.43,62.08324399999999,248300
756,2020-06-24,61.720001,63.16,58.619999,60.389998999999996,60.054568999999994,206100
757,2020-06-25,59.950001,60.779999,58.73,59.790001000000004,59.457905000000004,167300
758,2020-06-26,59.689999,59.689999,54.860001000000004,54.939999,54.634842000000006,729500
759,2020-06-29,55.450001,57.799999,54.877998,55.849998,55.704041000000004,168800
760,2020-06-30,56.139998999999996,57.985001000000004,56.139998999999996,57.490002000000004,57.33975600000001,132600
761,2020-07-01,57.48,59.23,56.869999,58.799999,58.646328000000004,135400
762,2020-07-02,59.93,59.93,56.73,56.970001,56.821114,140300
763,2020-07-06,58.310001,58.310001,55.439999,55.759997999999996,55.614273,162600
764,2020-07-07,55.099998,55.900002,53.549999,53.650002,53.509792000000004,99100
765,2020-07-08,53.75,53.93,52.310001,53.700001,53.559658,100400
766,2020-07-09,53.919998,53.919998,51.43,52.459998999999996,52.322899,185500
767,2020-07-10,52.59,53.080002,51.709998999999996,52.77,52.63209200000001,91600
768,2020-07-13,53.560001,54.41,51.810001,51.869999,51.73444,125100
769,2020-07-14,52.0,53.189999,51.509997999999996,53.119999,52.981173999999996,81900
770,2020-07-15,54.25,54.849998,52.860001000000004,53.099998,52.961227,99200
771,2020-07-16,52.900002,53.93,51.639998999999996,52.470001,52.332874,131300
772,2020-07-17,52.66,53.400002,52.09,52.560001,52.422638,64300
773,2020-07-20,52.380001,53.150002,51.764998999999996,52.75,52.612141,67800
774,2020-07-21,53.57,53.779999,52.189999,52.59,52.45256,82800
775,2020-07-22,52.240002000000004,54.060001,52.139998999999996,53.779999,53.63945,87500
776,2020-07-23,52.990002000000004,53.779999,48.75,50.650002,50.517632,421800
777,2020-07-24,50.25,50.619999,48.299999,48.700001,48.572727,235000
778,2020-07-27,49.799999,49.799999,47.509997999999996,48.189999,48.064056,203500
779,2020-07-28,47.959998999999996,49.77,47.549999,48.59,48.463013000000004,88600
780,2020-07-29,48.860001000000004,50.509997999999996,48.860001000000004,50.450001,50.318153,72800
781,2020-07-30,49.580002,51.330002,49.165001000000004,50.209998999999996,50.078777,126200
782,2020-07-31,50.18,50.59,48.610001000000004,50.43,50.298206,127600
783,2020-08-03,50.549999,50.549999,48.619999,48.93,48.802124,106600
784,2020-08-04,48.700001,50.419998,47.812,50.169998,50.038883,123300
785,2020-08-05,50.509997999999996,50.91,49.564999,50.82,50.687187,88600
786,2020-08-06,50.669998,51.540001000000004,50.401001,50.779999,50.647289,108800
787,2020-08-07,50.73,51.811001,50.34,51.07,50.936531,175300
788,2020-08-10,51.150002,52.59,50.900002,51.849998,51.714493,260000
789,2020-08-11,52.959998999999996,54.738997999999995,52.779999,52.880001,52.741802,195300
790,2020-08-12,53.34,54.110001000000004,52.330002,52.84,52.701907999999996,126500
791,2020-08-13,52.419998,54.0,52.419998,53.34,53.2006,109400
792,2020-08-14,53.23,54.0,52.759997999999996,53.689999,53.549682999999995,118500
793,2020-08-17,54.0,54.0,53.27,53.75,53.609528000000005,112800
794,2020-08-18,53.75,53.75,51.639998999999996,51.830002,51.69455,91300
795,2020-08-19,51.700001,51.700001,49.779999,50.32,50.188492,162200
796,2020-08-20,49.950001,52.013,49.700001,51.57,51.435226,108400
797,2020-08-21,51.439999,51.610001000000004,50.200001,51.450001,51.315540000000006,123500
798,2020-08-24,51.98,51.98,50.82,51.75,51.614754,131500
799,2020-08-25,51.82,53.509997999999996,51.040001000000004,53.509997999999996,53.370155000000004,190800
800,2020-08-26,53.439999,54.580002,53.09,53.439999,53.300339,143600
801,2020-08-27,53.5,55.130001,53.377998,53.830002,53.689319999999995,133100
802,2020-08-28,54.02,55.439999,53.549999,55.18,55.035793000000005,119700
803,2020-08-31,55.32,55.91,55.049999,55.470001,55.325035,235300
804,2020-09-01,55.099998,55.669998,53.919998,54.330002,54.188015,161000
805,2020-09-02,54.18,54.830002,53.794998,54.650002,54.507179,128900
806,2020-09-03,54.650002,58.130001,54.650002,57.389998999999996,57.240013,386500
807,2020-09-04,57.549999,58.689999,56.509997999999996,58.43,58.277297999999995,245100
808,2020-09-08,58.529999,58.529999,56.23,56.32,56.172813,205900
809,2020-09-09,56.790001000000004,59.59,56.790001000000004,59.389998999999996,59.234787,278500
810,2020-09-10,59.049999,59.75,56.990002000000004,57.189999,57.040535,193700
811,2020-09-11,57.330002,58.619999,57.009997999999996,58.310001,58.157612,210700
812,2020-09-14,58.549999,59.790001000000004,58.549999,59.32,59.16497,294300
813,2020-09-15,59.68,61.639998999999996,59.389998999999996,61.560001,61.399119999999996,201600
814,2020-09-16,62.400002,63.970001,61.970001,63.290001000000004,63.124596,418300
815,2020-09-17,62.639998999999996,63.139998999999996,57.625,58.02,57.86837,394400
816,2020-09-18,58.330002,58.551998,56.639998999999996,57.09,56.9408,1081200
817,2020-09-21,56.369999,56.990002000000004,52.400002,52.650002,52.512405,325500
818,2020-09-22,52.68,54.049999,52.060001,53.77,53.629478000000006,209300
819,2020-09-23,53.77,54.57,52.685001,53.200001,53.060966,159600
820,2020-09-24,53.360001000000004,56.110001000000004,52.98,55.91,55.763881999999995,248100
821,2020-09-25,55.549999,57.48,54.259997999999996,57.130001,56.980698,177400
822,2020-09-28,57.959998999999996,62.259997999999996,57.869999,62.080002,61.917759,277900
